Event,Site,Date,Round,White,Black,Result,ECO,Moves
FIDE-Wch k.o.,Groningen,1997.12.09,1.1,"Aleksandrov, Aleksej","Gulko, Boris F",1/2-1/2,E55,d4 e6 c4 Nf6 Nc3 Bb4 e3 O-O Nf3 c5 Bd3 d5 O-O dxc4 Bxc4 Nbd7 Qe2 b6 Bd2 cxd4 exd4 Bb7 Bd3 Rc8 Rfd1 Bxc3 bxc3 Qc7 c4 Rfe8 Rac1 e5 Nxe5 Nxe5 dxe5 Rxe5 Be3 Rce8 h3 Qc6 Qf1 Ra5 Rc2 Ne4 Bc1 Rae5 Bf4 Rf5 Bxe4 Rxe4 Rd6 Re1 Rxc6 Rxf1+ Kxf1 Bxc6
FIDE-Wch k.o.,Groningen,1997.12.09,1.1,"Alterman, Boris","Wells, Peter K",1-0,E48,d4 Nf6 c4 e6 Nc3 Bb4 e3 O-O Bd3 d5 Ne2 dxc4 Bxc4 e5 O-O exd4 exd4 Nc6 h3 Bf5 a3 Bd6 Bg5 h6 Bh4 Be7 Re1 Ne4 Bxe7 Nxe7 Nf4 Nf6 Nh5 Nxh5 Qxh5 Bg6 Qg4 Kh8 Rad1 c6 h4 Ng8 d5 Nf6 Qf4 Bh5 dxc6 Bxd1 cxb7 Rb8 Rxd1 Qe7 Ba6 Qe6 Rd6 Qe1+ Kh2 Qe7 Nd5 Nxd5 Rxd5 Qe6 Rd6 Qe7 b4 Kg8 Rc6 Rxb7 Bxb7 Qxb7 Rc5 Rc8 Rxc8+ Qxc8 a4 Qa6 b5 Qb6 Qe3 Qc7+ g3 h5 Qe8+ Kh7 Qe4+ g6 Qf4 Qb7 a5 Kg8 Qb4
FIDE-Wch k.o.,Groningen,1997.12.09,1.1,"Adianto, Utut",Wang Zili,1-0,D00,d4 Nf6 Bg5 g6 Bxf6 exf6 e3 d5 c4 dxc4 Bxc4 Bd6 Nc3 O-O Nf3 Nd7 O-O Nb6 Bb3 Re8 e4 c5 e5 cxd4 exd6 dxc3 bxc3 Be6 Qd4 Rc8 Rfe1 Rc6 Rad1 Bxb3 Rxe8+ Qxe8 axb3 Qd8 c4 h6 h3 Kg7 h4 h5 c5 Nd7 b4 a5 Re1 axb4 Re7 Rxc5 Ng5 Kg8 Nxf7 Qb6 Qe3 Rc8 Qh6
FIDE-Wch k.o.,Groningen,1997.12.09,1.1,"Chernin, Alexander","Istratescu, Andrei",1/2-1/2,E60,Nf3 Nf6 b3 g6 Bb2 Bg7 g3 O-O Bg2 d6 d4 c5 c4 cxd4 Nxd4 a6 Nc3 e6 O-O Qc7 Rc1 Rd8 Qd2 Nbd7 Rfd1 Nc5 Nc2 Nce4 Qd3 Nxc3 Bxc3 Rb8 Be5 Ne8 Bxg7 Kxg7 Qd4+ Nf6 c5 d5 f4 Re8 Ne3 Qe7 Ng4 h5 Ne5 Bd7 h3 Bc6 g4 Kg8 Rd3 hxg4 hxg4 Nd7 g5 Nxe5 Qxe5 Qf8 Kf2 Qg7 Rh1 Qxe5 fxe5 b6 Rdh3 Kf8 Rc1 Ke7 Rh7 bxc5 Rxc5 Rec8 Rh3 Rb5 Rhc3 Kd7 Bf3 Rxc5 Rxc5 Kc7 Rc1 Kb6 Ke3
FIDE-Wch k.o.,Groningen,1997.12.09,1.1,"Christiansen, Larry Mark","Andersson, Ulf",1/2-1/2,C02,e4 e6 d4 d5 e5 c5 c3 Nc6 Nf3 Nge7 Bd3 cxd4 cxd4 Nf5 Bxf5 exf5 Nc3 Be6 h4 h6 Kf1 Qd7 Bd2 Be7 Ne2 O-O-O Kg1 Kb8 Nf4 g5 hxg5 hxg5 Rxh8 Rxh8 Nxe6 fxe6 Bxg5 Bxg5 Nxg5 Qg7 f4 Qh6 Nh3 Rg8 Ng5 Qh4 Qd2 Nxd4 Rf1 a6 a4 Qg4 Rf2 a5 Qd3 Rg6 g3 Nc6 Rh2 Rxg5 fxg5 Qxg5 Rh8+ Ka7 Qc3 Qg7 Re8 Qd7 Rf8 Kb6 Rf6 Qe7 Kg2 Kc7 Qd2 d4 g4 fxg4 Qf4 Qc5 Qxg4 Qd5+ Qf3 Qxe5 Qf4 Qxf4 Rxf4 Kd6 Rf7 b6 Rb7 Kc5 Rc7 Kd5 Rd7+ Ke4 Rd6 Nb4 Rxe6+ Kd3 Rd6 Kc2 Kg1
FIDE-Wch k.o.,Groningen,1997.12.09,1.1,"Barua, Dibyendu","Hracek, Zbynek",1/2-1/2,B70,e4 c5 Nf3 Nc6 d4 cxd4 Nxd4 Nf6 Nc3 d6 Be2 g6 O-O Bg7 Nb3 O-O Kh1 a6 f4 b5 Bf3 Bd7 a4 b4 Ne2 Rc8 a5 Bg4 Bxg4 Nxg4 Qd3 e6 h3 Nf6 Be3 Qc7 Ng3 Nb8 Rf2 Qc4 Rd1 Qxd3 Rxd3 d5 exd5 Nxd5 Bc5 Rfd8 f5 Bxb2 fxe6 fxe6 Ne4 Be5 Bd4 Nc6 Bxe5 Nxe5 Rd4 Nc6 Rd3 Ne5 Rd4 Rc4 Nec5 Rxd4 Nxd4 Nc7 Ndxe6 Nxe6 Nxe6 Rc8 Rf4
FIDE-Wch k.o.,Groningen,1997.12.09,1.1,"Giorgadze, Giorgi","Bacrot, Etienne",1/2-1/2,E46,d4 Nf6 c4 e6 Nc3 Bb4 e3 O-O Ne2 Re8 a3 Bf8 d5 d6 g3 exd5 cxd5 c5 dxc6 bxc6 Bg2 d5 O-O Nbd7 Nd4 Bb7 Re1 c5 Nde2 Qb6 Nf4 d4 Ncd5 Nxd5 Nxd5 Qd6 e4 Qb8 Bf4 Bd6 Qg4 Re6 Qh5
FIDE-Wch k.o.,Groningen,1997.12.09,1.1,"Glek, Igor V","Nijboer, Friso",1-0,A08,e4 c5 Nf3 e6 g3 Nc6 Bg2 Nf6 d3 d5 Nbd2 Be7 O-O b5 a4 bxa4 Rxa4 O-O exd5 exd5 d4 Nd7 Re1 Nb6 Ra1 c4 c3 a5 Ne5 Nxe5 dxe5 Be6 Nf1 a4 Ne3 Ra5 f4 Bc5 Kh1 d4 cxd4 Bxd4 Qc2 Nd5 f5 Nb4 Qd2 Nd3 fxe6 fxe6 Re2 Rxe5 Qc2 Qb6 Nxc4 Nf2+ Kg1 Nh3+ Kh1 Nf2+ Kg1 Ng4+ Kh1 Rh5 Bf3 Qc7 Bf4 e5 Nxe5 Qxc2 Rxc2 Nxe5 Bxh5 Nd3 Rxa4
FIDE-Wch k.o.,Groningen,1997.12.09,1.1,"Fominyh, Alexander","Tkachiev, Vladislav",0-1,E63,d4 Nf6 Nf3 g6 c4 Bg7 g3 O-O Bg2 d6 O-O Nc6 Nc3 a6 h3 e5 d5 Ne7 e4 b5 Nd2 c6 dxc6 Nxc6 b3 Rb8 Bb2 Be6 Nd5 Nd4 Kh1 Qd7 Kh2 Rfc8 Rc1 Qd8 Ba1 Nd7 Re1 h5 Bxd4 exd4 Nf3 bxc4 bxc4 Bxd5 exd5 Qf6 Qd2 Nc5 g4 hxg4 hxg4 d3 Rb1 Rxb1 Rxb1 Re8 Kg1 Qc3 Qf4 Ne4 Bf1 d2 c5 Qc2 Nxd2 Qc1
FIDE-Wch k.o.,Groningen,1997.12.09,1.1,"Hansen, Curt","Miladinovic, Igor",1-0,B48,e4 c5 Nf3 Nc6 d4 cxd4 Nxd4 Qc7 Nc3 e6 Be3 a6 Bd3 Nf6 O-O h5 h3 b5 Nxc6 Qxc6 a3 Bb7 Re1 h4 Qd2 Rc8 Rad1 b4 axb4 Bxb4 Bd4 Rh5 Qf4 Kf8 Bxf6 gxf6 Qxf6 e5 Qxc6 Rxc6 Be2 Rg5 Rxd7 Bc8 Rd3 a5 Rc1 Bxc3 bxc3 Ba6 Rd2 Bxe2 Rxe2 Rxc3 Ra1 Rxh3 Rxa5 Rc3 Kh2 Rc6 Rd2 Kg7 Rad5 Rcg6 f3 Rg3 Rf2 f6 c4 Kh6 c5 Kh5 Rd7 Rg8 c6 R3g7 Rfd2 Kg6 Kh3 Rc8 Rxg7+ Kxg7
FIDE-Wch k.o.,Groningen,1997.12.09,1.1,"Hjartarson, Johann","Sulskis, Sarunas",1/2-1/2,D36,c4 Nf6 Nc3 e6 Nf3 d5 d4 Be7 Bg5 O-O e3 Nbd7 cxd5 exd5 Qc2 Re8 Bd3 c6 O-O-O a5 h3 a4 Kb1 b5 g4 g6 Rdg1 a3 b3 b4 Bxf6 Nxf6 Na4 Ba6 Ne5 Bxd3 Nxd3 Rxa4 bxa4 c5 Nxc5 Bxc5 Qxc5 Ne4 Qc2 Qf6 Rc1 Qxf2 Qxf2 Nxf2 Rhf1 Ne4 Kc2 Nc3 Kb3 Rxe3 Rce1 Rxh3 Re7 Nxa2+ Kxa2 Rh2+ Kb1 b3 Rb7 Rb2+ Ka1 Ra2+ Kb1
FIDE-Wch k.o.,Groningen,1997.12.09,1.1,"Gretarsson, Helgi Ass","Illescas Cordoba, Miguel",1/2-1/2,D93,d4 Nf6 c4 g6 Nc3 d5 Bf4 Bg7 Nf3 O-O e3 c5 dxc5 Ne4 Be5 Bxe5 Nxe5 Nxc3 bxc3 Qa5 Qd4 Nc6 Nxc6 bxc6 Be2 Rd8 O-O Be6 cxd5 Rxd5 Qb4 Qxc5 Bf3 a5 Qb7 Rdd8 Qxc6 Qxc6 Bxc6 Rac8 Bb5 Rxc3 a4 g5 h3 Kg7 Rac1 Rdc8
FIDE-Wch k.o.,Groningen,1997.12.09,1.1,"Kortschnoj, Viktor","Hernandez, Gilberto",1-0,A53,Nf3 d6 d4 Bg4 e3 Nf6 c4 Nbd7 Nc3 e5 Be2 Be7 e4 c6 Be3 O-O O-O a6 a3 Re8 d5 cxd5 cxd5 Rc8 Nd2 Bxe2 Qxe2 Qc7 Rfc1 Qb8 a4 Rc7 a5 h6 g3 Nh7 h4 Nhf6 Kg2 Rec8 Ra4 Nc5 Rc4 Ncd7 Rb4 Nc5 Ra1 Rf8 Rc4 Rfc8 Ra3 h5 f3 g6 b4 Ncd7 b5 Rxc4 Nxc4 axb5 Nxb5 Kg7 Na7 Rc7 Qa2 Qf8 Nb6 Nxb6 axb6 Rd7 Nc6 Ne8 Ra7
FIDE-Wch k.o.,Groningen,1997.12.09,1.1,"Kotronias, Vasilios","Milov, Vadim",1/2-1/2,C92,e4 e5 Nf3 Nc6 Bb5 a6 Ba4 Nf6 O-O Be7 Re1 b5 Bb3 d6 c3 O-O h3 Qd7 d4 Re8 Nbd2 Bf8 Bc2 Bb7 a4 g6 d5 Ne7 c4 c6 b3 Nh5 Nf1 Ng7 Bd3 cxd5 cxd5 f5 Ne3 Kh8 axb5 axb5 Rxa8 Rxa8 Ng5 fxe4 Bxe4 Nef5 Ng4 Be7 Nf7+ Kg8 Ngh6+ Nxh6 Nxh6+ Kh8 Bd2 Nh5 Ng4 Bd8 Be3 Ba5 Rf1 Bc3 Qf3 Qe7 Bh6 b4 Rd1 Kg8 g3 Qf7 Qe3 Bc8 Bg5 Bxg4 hxg4 Nf6 Bf3 Nd7 Be2 Nc5 Bc4 Bd4 Rxd4 exd4 Qxd4 Qf3 Bh6 Ra7 Be3 Re7 Qf4 Qxf4 Bxf4 Re4 Bxd6 Rxc4 bxc4 b3 Be5 Nd3 Bd4 Kf7 f4 b2 Bxb2 Nxb2 c5 Na4 c6 Ke7 Kg2 Nb6 c7 Kd7 Kh3 Nxd5 Kh4 Nxc7 Kg5 Ke6 Kh6 Nd5 Kxh7 Kf7 Kh6 Kf6 g5+ Kf7 Kh7 Ne3 Kh8
FIDE-Wch k.o.,Groningen,1997.12.09,1.1,"Hoeksema, Hendrik Pieter","Nenashev, Alexander",1/2-1/2,E08,d4 Nf6 c4 e6 g3 Bb4+ Bd2 Be7 Bg2 d5 Nf3 O-O O-O c6 Qc2 b6 Bf4 Bb7 Nbd2 Nbd7 Rac1 Rc8 Ne5 c5 dxc5 Bxc5 Nd3 Qe7 Nxc5 Nxc5 b4 Ncd7 Qb2 h6 a3 Ba8 cxd5 Nxd5 Nf3 Nxf4 gxf4 Nf6 Rxc8 Rxc8 Rc1 Rxc1+ Qxc1 Bxf3 Bxf3 g6 Qc3 Ne8 e3 Nd6 Qe5 f6 Qc3 Kg7 a4 g5 fxg5 hxg5 Qc6 Nf7 Qc3 Ne5 Be2 Qd6 a5 Nc6 axb6 axb6 b5 Ne5 f3 Ng6 Qc6 Qd2 Kf2 Ne5 Qe4 Qd6 h4 gxh4 Qxh4 Qc5 Qe4 f5 Qb7+ Kf6 Qh7 Ng6 f4 e5 fxe5+ Qxe5 Qh6 Qb2 Qh1 Ne5 Qh6+ Ng6 Qh1 Ne5 Qh6+ Ng6
FIDE-Wch k.o.,Groningen,1997.12.09,1.1,"Malaniuk, Vladimir P","Hamdouchi, Hichem",1-0,A03,f4 d5 Nf3 g6 d3 Nf6 g3 b6 Bg2 Bb7 O-O Bg7 Qe1 O-O h3 Nc6 g4 Qd6 Qf2 e5 fxe5 Nxe5 Nxe5 Qxe5 Nc3 c6 Bf4 Qe6 e3 h5 g5 Nd7 d4 f6 gxf6 Nxf6 Qg3 Ne4 Nxe4 dxe4 Kh2 c5 c3 Rad8 h4 Bc8 Rf2 Kh7 Raf1 Rde8 a3 Rf7 Bg5 Rxf2 Rxf2 cxd4 cxd4 Qc4 Qb8 Qa4 Rf7 Qc2 Qxa7
FIDE-Wch k.o.,Groningen,1997.12.09,1.1,"Milos, Gilberto","Murshed, Niaz",1-0,B47,e4 c5 Nf3 e6 d4 cxd4 Nxd4 Nc6 Nc3 Qc7 Be2 a6 O-O Nf6 Kh1 Bb4 Bg5 Bxc3 Bxf6 gxf6 bxc3 d6 Qd2 Bd7 Rad1 Ke7 f4 Rac8 Nb3 Rcd8 Qe1 Na5 Nd4 h5 Qh4 Nc6 Nf3 Rhg8 Nd2 Na5 e5 dxe5 Ne4 Rg6 Bxh5 Rh6 Nxf6 Rxf6 fxe5 Qxe5 Rde1 Qxc3 Rf3 Qxe1+ Qxe1 Rxf3 Bxf3 Nc6 Qh4+ f6 Qh7+ Kd6 Qg7 f5 h4
FIDE-Wch k.o.,Groningen,1997.12.09,1.1,"Luther, Thomas","Portisch, Lajos",1/2-1/2,C66,e4 e5 Nf3 Nc6 Bb5 Nf6 O-O Be7 Re1 d6 d4 exd4 Nxd4 Bd7 Nc3 O-O Nf3 Ne5 Bxd7 Nxf3+ Qxf3 Nxd7 Nd5 Nb6 Bd2 Nxd5 exd5 Bf6 Bc3 Bxc3 Qxc3 Qd7 Re3 Rae8 Rae1 Rxe3 Rxe3 Re8 h3 Rxe3 Qxe3 c5 dxc6 bxc6 c4 c5 a3 a5 Qd2 Qc7 g3 g6 h4 h5 Qc3 Qb6 Kf1 Qa6 Kg1 Qb6 Kf1 Qa6 Kg1
FIDE-Wch k.o.,Groningen,1997.12.09,1.1,"Petursson, Margeir","Oll, Lembit",0-1,E04,d4 Nf6 c4 e6 Nf3 d5 g3 dxc4 Bg2 Nc6 O-O Rb8 a4 a6 a5 b5 axb6 cxb6 Bf4 Bd6 Ne5 Ne7 e4 O-O Bg5 b5 Nc3 Bb7 Bxf6 gxf6 Ng4 Ng6 h4 b4 Ne2 f5 exf5 Bxg2 Kxg2 exf5 Nh6+ Kh8 Nxf5 Rb5 d5 Be5 h5 Ne7 Nxe7 Qxe7 Qc2 Rc8 Qf5 Rd8 Rxa6 Rbxd5 Nf4 Bxf4 Qxf4 Rxh5 Qxc4 Qd7 g4 Rh4 Kg3 Rxg4+ Qxg4 Qd3+ Kh2 Qxa6 Qh4 Rd6 Qxb4 Rh6+ Kg2 Qg6+ Kf3 Qd3+
FIDE-Wch k.o.,Groningen,1997.12.09,1.1,"Rublevsky, Sergei","Spraggett, Kevin",1-0,B18,e4 c6 d4 d5 Nd2 dxe4 Nxe4 Bf5 Nc5 b6 Nb3 e6 Nf3 Bd6 g3 Ne7 Bg2 h6 Qe2 Nd7 Ne5 Rc8 O-O O-O Rd1 Bb8 c4 Qe8 Bd2 Nxe5 dxe5 c5 Bc3 Rd8 f4 Qa4 Nd2 Bc2 Re1 Bd3 Qf2 Bh7 b3 Qa6 Ne4 Rd7 Rad1 Rfd8 Qe2 Nf5 g4 Nd4 Qf2 Qc8 Rd2 Nc6 Red1 Rxd2 Rxd2 Rxd2 Qxd2 Ne7 h3 Bc7 Kf2 a5 a3 Bg6 Nd6 Qd8 Ke2 h5 Nb5 Qxd2+ Bxd2 Bd8 b4 axb4 axb4 cxb4 Bxb4 hxg4 hxg4 Bc2 Nd6 Ng6 Ke3 Be7 Bc3 f6 Be4 Bxe4 Kxe4 fxe5 Bxe5 Nf8 f5 exf5+ Nxf5 Bf6 Bc7 Nd7 Nd6 Bh4 Kf5 Bf2 g5 Kf8 Ne4 Be3 Ke6 Nc5+ Nxc5 bxc5 g6 Kg8 Bd6 Bf2 Kd5 Be3 Bxc5 Bd2 Bd4 Bb4 Be5 Kh8 Bd6
FIDE-Wch k.o.,Groningen,1997.12.09,1.1,Peng Xiaomin,"Almasi, Zoltan",1/2-1/2,C67,e4 e5 Nf3 Nc6 Bb5 Nf6 O-O Nxe4 d4 Nd6 Bxc6 dxc6 dxe5 Nf5 Qxd8+ Kxd8 Rd1+ Ke8 Nc3 Ne7 Nd4 Ng6 Ne4 Be7 f4 Bg4 Rd3 Rd8 h3 Bd7 Be3 c5 Ne2 b6 c4 h5 Rad1 h4 N2c3 Bf5 Kf2 Rxd3 Rxd3 Rh5 b3 Bxe4 Nxe4 Rf5 g4 hxg3+ Kxg3 Rh5 Nc3 Bd8 Kg4 Rh4+ Kg3 Rh8 Kg4 Rh4+ Kg3 Rh8 Kg4 Rh4+ Kg3 Rh8
FIDE-Wch k.o.,Groningen,1997.12.09,1.1,"Shaked, Tal","Morovic Fernandez, Ivan",1/2-1/2,C45,e4 e5 Nf3 Nc6 d4 exd4 Nxd4 Nf6 Nxc6 bxc6 e5 Qe7 Qe2 Nd5 c4 Nb6 Nd2 Bb7 b3 O-O-O Bb2 c5 O-O-O d6 exd6 Qxd6 Qg4+ Kb8 Be2 h5 Qg3 Qh6 Bf3 h4 Qg4 Bc8 Qe4 Bd6 Bc3 Rhe8 Qc2 Qg5 Kb2 Bf5 Qc1 Bd3 Rhe1 Rxe1 Rxe1 Bxh2 Ne4 Qxc1+ Kxc1 Bf4+ Kb2 Bxe4 Rxe4 g5 Bf6 Rg8 Re7 g4 Be4 Nc8 Rxf7 Nd6 Re7 h3 Bd5 Rf8 Bg7 Re8 Rxe8+ Nxe8 Bc3 g3 gxh3 gxf2 Bg2 Nd6 Kc2 Ne4 Bg7 Ng3 Kd3 Bd6 h4 Kc8 b4 Kd7 bxc5 Bxc5 Be5 f1=Q+ Bxf1 Nxf1 Bf4 Bd6 Bxd6 Kxd6 h5 Ke5
FIDE-Wch k.o.,Groningen,1997.12.09,1.1,"Slobodjan, Roman","Leko, Peter",1-0,B83,e4 c5 Nf3 d6 d4 cxd4 Nxd4 Nf6 Nc3 e6 Be2 Be7 O-O O-O Be3 Nc6 f4 e5 Nb3 exf4 Bxf4 Be6 Kh1 d5 e5 Ne4 Nxe4 dxe4 Qc1 Qc7 Qe3 Nb4 Qg3 Rfd8 c3 Nd3 Nd4 Qb6 Be3 Bc5 b3 Rac8 Rad1 Qa6 Bg5 Re8 Bf6 Bf8 c4 Kh8 Bg5 Qxa2 Bxd3 exd3 Nxe6 Rxe6 Rxd3 Qe2 Rdf3 Rc7 h3 Kg8 Qg4 Re8 Qd4 h6 Bf4 b6 Qd5 Re6 Bg3 Rce7 Kh2 Rxe5 Bxe5 Qxe5+ Qxe5 Rxe5 Rxf7 Bd6 Kh1 a5 Rd7 Re6 Rd1 Bg3 R7d3 Bf2 g3 Bc5 Kg2 a4 bxa4 Re2+ Kf3 Rc2 Re1 Rxc4 Re4 Rc1 Kg4 Kh7 h4 Rf1 Rd7 Ra1 Rf4 Kg8 Kf5 Re1 Rg4 Bf8 Re4
FIDE-Wch k.o.,Groningen,1997.12.09,1.1,"Seirawan, Yasser","Anastasian, Ashot",1/2-1/2,D10,d4 d5 c4 c6 Nc3 Nf6 e3 a6 Bd3 b5 b3 Bg4 Nge2 Nbd7 O-O e6 f3 Bh5 Nf4 Bd6 Nxh5 Nxh5 f4 Nhf6 c5 Bc7 Bd2 O-O a4 Ba5 Qb1 Bb4 Rf2 g6 Nd1 Bxd2 Rxd2 Qa5 b4 Qc7 Rda2 Rab8 axb5 axb5 Ra7 Rb7 Qa2 Rfb8 Ra6 Kg7 Nc3 h5 Qe2 Qc8 Qf3 Rc7 Nb1 Ng8 Nd2 Ne7 Qe2 Qd8 Nf3 Rcc8 Qa2 Nf5 Bxf5 exf5 Ra7 Rc7 Rxc7 Qxc7 Qa5 Qc8 h3 Rb7 Qa8 Rb8 Qa6 Qc7 Kf2 Rb7 Qa5 Qc8 Ke2 Rb8 Ra2 Rb7 Qa6 Qc7 Qa3 Kh7 Ne1 Kg7 Nd3 Kf8 Kd2 Kg7 Kd1 Kf8 Kc2 Kg7 Qc3 Qd8 Ra6 Rc7 Qa1 Qe7 Qa5 Nf6 Ne5 Ne4 Qa1 Qh4 Qf1 Qg3 Nf3 f6 Qe2 g5 fxg5 Nxg5 Nd2 f4
FIDE-Wch k.o.,Groningen,1997.12.09,1.1,"Sokolov, Andrei","Kobese, Watu",1-0,C82,e4 e5 Nf3 Nc6 Bb5 a6 Ba4 Nf6 O-O Nxe4 d4 b5 Bb3 d5 dxe5 Be6 c3 Bc5 Qd3 O-O Nbd2 f5 exf6 Nxf6 a4 Rb8 axb5 axb5 Ng5 Ne5 Qg3 Qd6 Bc2 Bd7 Nb3 Bb6 Bf4 Rbe8 Nd4 Nh5 Bxe5 Rxe5 Bxh7+ Kh8 Qh4 Qh6 Ndf3 Ree8 Rae1 Rxe1 Rxe1 Rf4 g4 g6 h3 Bc5 b4 Bd6 Ne5 Bxe5 Rxe5 Qg7 Rxd5 Nf6 Bxg6+ Kg8 Bf7+
FIDE-Wch k.o.,Groningen,1997.12.09,1.1,"Sutovskij, Emil","Garcia, Gildardo",0-1,C91,e4 e5 Nf3 Nc6 Bb5 a6 Ba4 Nf6 O-O Be7 Re1 b5 Bb3 d6 c3 O-O d4 Bg4 d5 Na5 Bc2 c6 h3 Bc8 dxc6 Qc7 Nbd2 Qxc6 Nf1 Nc4 Ng3 Re8 a4 Bb7 Qe2 d5 axb5 axb5 Rxa8 Bxa8 exd5 Qxd5 Bg5 h6 Bxf6 Bxf6 Be4 Qe6 Bxa8 Rxa8 Nh5 Ra2 Qe4 Rxb2 Nd4 Qb6 Ra1 Bd8 Nc6 Qxf2+ Kh2 Re2 Qg4 Bg5 Ne7+ Kh7 Nf5 Bf4+ Nxf4 Qxf4+ Qxf4 exf4 Ra7 f3 Rxf7 Rxg2+ Kh1 Ne5
FIDE-Wch k.o.,Groningen,1997.12.09,1.1,"Smyslov, Vassily","Morozevich, Alexander",0-1,D12,d4 d5 Nf3 Nf6 c4 c6 e3 Bf5 Qb3 Qc7 cxd5 cxd5 Bb5+ Nc6 Bd2 e6 O-O Bd6 Bb4 O-O Bxd6 Qxd6 Nbd2 Rfc8 Rfc1 Rab8 Qa4 Nd7 Bxc6 bxc6 Nb3 Rc7 Qa5 f6 Qd2 Be4 Ne1 c5 f3 Bg6 dxc5 Nxc5 Nxc5 Rxc5 Rxc5 Qxc5 Rc1 Qb5 b3 Qa6 Kf2 h6 Rc5 Qd6 Qa5 Rb7 h3 Kh7 Nc2 Rb6 Qc3 e5 b4 Qd7 a3 Qa4 Ne1 Qd1 Qc1 Qb3 Ra5 Qa2+ Kg3 Rb7 Qc6 Rf7 Rxd5 Qxa3 Nc2 Qc1 Rc5 Qd2 e4 f5 Qa8 fxe4 Rc8 Bf5 Rh8+ Kg6 Qc6+ Kh5 Qe8 Bg6 Qd8 Qxd8 Rxd8 exf3 Ne3 fxg2 Nxg2 Be4 Re8 Rf5 Kh2 Bxg2 Kxg2 Kh4 b5 Rg5+ Kf2 Kxh3 Re7 Rf5+ Ke3 g5 Rxa7 e4 b6 Rb5 b7 Rb4 Kd2 g4 Kc3 Rb6
FIDE-Wch k.o.,Groningen,1997.12.09,1.1,"Van der Wiel, John TH","Ehlvest, Jaan",1/2-1/2,B42,e4 c5 Nf3 e6 d4 cxd4 Nxd4 a6 Bd3 Bc5 Nb3 Ba7 O-O Nc6 Qg4 Nf6 Qxg7 Rg8 Qh6 Ne5 Be2 d5 Bg5 Neg4 Bxf6 Nxf6 exd5 Qxd5 g3 Qf5 N1d2 Ng4 Bxg4 Rxg4 c3 Bd7 Nd4 Bxd4
FIDE-Wch k.o.,Groningen,1997.12.09,1.1,"Umgaev, Alexander","Bologan, Viktor",0-1,E97,d4 Nf6 c4 g6 Nc3 Bg7 e4 d6 Nf3 O-O Be2 e5 O-O Nc6 d5 Ne7 b4 Nh5 Re1 Nf4 Bf1 a5 Ba3 Bg4 h3 Bxf3 Qxf3 axb4 Bxb4 c5 dxc6 Nxc6 a3 Ne6 Nb5 Ncd4 Qd1 Nc5 Bc3 h5 Ra2 Nce6 Bb4 Ra6 Nxd4 exd4 c5 dxc5 Bxa6 bxa6 Bd2 c4 Bb4 Re8 Rc2 a5 Rxc4 axb4 axb4 Qg5 Qf3 Bf8 e5 Rb8 Qb3 Rb5 g3 h4 Kh2 Qd2 Rf1 hxg3+ Qxg3 Rxb4 Rc6 Bh6 Kg1 Qf4 Ra1 Qxg3+ fxg3 Rb2 Ra8+ Kg7 Rcc8 Be3+ Kf1 Rf2+ Ke1 d3
FIDE-Wch k.o.,Groningen,1997.12.10,1.3,"Chernin, Alexander","Istratescu, Andrei",1-0,A26,Nf3 Nf6 c4 g6 g3 Bg7 Nc3 O-O Bg2 d6 O-O Nc6 d3 h6 a3 e5 Rb1 a5 Nd2 Ne7 b4 axb4 axb4 d5 b5 Be6 cxd5 Nfxd5 Bb2 Nxc3 Bxc3 Nd5 Ba1 Ra2 Nc4 Re8 Re1 f6 Qb3 Ra8 Qc2 Bf7 Red1 Qe7 Bb2 f5 Ra1 Rxa1 Bxa1 Qb4 Rb1 Qc5 Qc1 e4 Bxg7 Kxg7 dxe4 fxe4 e3 Nf6 Bf1 b6 Qc3 Rd8 Rc1 Rd5 Qa1 Qe7 Qb2 Rc5 Nd2 Rxc1 Qxc1 Qb4 Qc2 Kf8 h3 Bd5 Qc1 Ke8 Nb1 Kd8 Nc3 Kc8 Nxd5 Nxd5 Qc6 Ne7 Qe8+ Kb7 Bg2 g5 Kh2 Ka7 Qd7 Kb8 Qe6 Nc8 Qxe4 Qxe4 Bxe4 Nd6 Bc6 Kc8 f4 Kd8 Kg2 Ke7 e4 Ke6 Kf3 Kf7 e5 Nc8 Ke4 gxf4 gxf4 Ne7 Bd7 Ng6 f5 Nf8 Bc6 Nh7 Bd5+ Ke7 f6+
FIDE-Wch k.o.,Groningen,1997.12.10,1.3,"Christiansen, Larry Mark","Andersson, Ulf",1/2-1/2,C11,e4 e6 d4 d5 Nc3 Nf6 Bg5 dxe4 Nxe4 Be7 Bxf6 gxf6 Nf3 b6 Bc4 Bb7 Qe2 c6 O-O-O Qc7 Kb1 Nd7 Rhe1 O-O-O Ba6 Bxa6 Qxa6+ Kb8 Qe2 Rhe8 c3 Bf8 g3 h6 Ned2 Bg7 Nc4 f5 a4 Nf6 Nfe5 Re7 Qc2 Ka8 f3 Nd5 Nd3 c5 dxc5 bxc5 Nf4 Nb6 Nxb6+ axb6 Qe2 Red7 Ng2 Qc6 a5 bxa5 Ne3 Ka7 Rxd7+ Rxd7 Rd1 Rxd1+ Qxd1 Be5 Qe2 Bc7 Nc2 f4 g4 Qa6 c4 Qc6 Na3 Kb7 Nb5 Qd7 Kc2 Qc6 h4 f6 Qd3 Kb6 Qh7 Bb8 Qh8 Kb7 Qg7+ Kb6 Qxf6 Qxf3 Qxe6+ Kb7 Nc3 Qg2+ Kb3 Qc6 Qf7+ Qc7 Qf5 Qb6+ Kc2 Qd6 Ne4 Qd4 Qd5+ Qxd5 cxd5 c4 g5 hxg5 hxg5 f3 g6 Be5 d6 Kc6 b3 cxb3+ Kxb3 f2 Nxf2 Kxd6 Ng4 Bg7
FIDE-Wch k.o.,Groningen,1997.12.10,1.3,"Hansen, Curt","Miladinovic, Igor",0-1,D02,d4 d5 Nf3 Nc6 Bf4 Bf5 e3 e6 Bd3 Nge7 O-O Bxd3 Qxd3 Ng6 Bg3 Bd6 Bxd6 cxd6 Nbd2 O-O c3 Rc8 Rfc1 e5 Qb5 e4 Ne1 Nge7 Qxb7 Na5 Qa6 f5 Nc2 Nc4 Nxc4 dxc4 Nb4 f4 exf4 Rxf4 Re1 d5 Qe6+ Kh8 Qe5 Rf5 Qg3 a5 Nc2 Ng6 h4 Nxh4 Ne3 Rh5 b3 Rc6 bxc4 Rg6 Ng4 h6 Rab1 Kh7 f3 exf3 Rb8 Rxg4 Qxg4 Qxb8 cxd5 Qb2 Qe4+ Rf5
FIDE-Wch k.o.,Groningen,1997.12.10,1.3,"Barua, Dibyendu","Hracek, Zbynek",1/2-1/2,B85,e4 c5 Nf3 Nc6 d4 cxd4 Nxd4 Qc7 Nc3 e6 Be2 a6 O-O Nf6 Be3 Be7 Kh1 O-O f4 d6 a4 Re8 Bf3 Bd7 Nb3 b6 g4 Bc8 g5 Nd7 Bg2 Bb7 Rf3 Nb4 Rh3 g6 Qd2 Bf8 Rd1 Rac8 Nc1 b5 axb5 axb5 N1e2 Nxc2 Qxc2 b4 Bd4 bxc3 Bxc3 Bc6 Nd4 Ba8 Qf2 e5 Nf3 Bxe4 Qh4 h5 gxh6 Be7 h7+ Kh8 Qe1 Bxf3 Rxf3 Bf6 fxe5 Bxe5 Rxf7 Bxc3 Qxc3+ Qxc3 bxc3 Ne5 Rf6 Rxc3
FIDE-Wch k.o.,Groningen,1997.12.10,1.3,"Aleksandrov, Aleksej","Gulko, Boris F",1/2-1/2,E55,d4 e6 c4 Nf6 Nc3 Bb4 e3 O-O Nf3 c5 Bd3 d5 O-O dxc4 Bxc4 Nbd7 Qe2 b6 Rd1 cxd4 exd4 Bb7 Ne5 Bxc3 bxc3 Rc8 Bg5 Qc7 Nxd7 Nxd7 Bb5 a6 Bxa6 Bxa6 Qxa6 Ra8 Qd3 Ra3 Rdc1 Rfa8 Rc2 Qc6 Be7 R3a4 c4 Rc8 Rac1 Qa8 a3 h6 h3 Ra7 Qe2 Nb8 Bb4 Nc6 Bc3 Ne7 Bb2 Rac7 h4 Qa4 h5 Nd5 g3 Rc6 Kg2 R6c7 c5 Rc6 Qd3 Qa8 Qf3 Qa4 Re2 bxc5 dxc5 Rxc5 Rxc5 Rxc5 Re4 Qc2 Bd4 Rc4 Rg4 f6 Ba7 Rxg4 Qxg4 Qc6 Qf3 Qa4 Bc5 Qc4 Bd6 Qc6 Bb4 Qc4 Bd2 Kf7 Kh2 Qd4 Be1 Qc4 Kg2 Qc1 Bb4 Qc4 Bd2 Qc2 Be1 Qc4 Bd2 Qc2 Be1 Qc4 Bd2 Qc2 Be1 Qc4 Bd2
FIDE-Wch k.o.,Groningen,1997.12.10,1.2,"Zvjaginsev, Vadim","Benjamin, Joel",1/2-1/2,D27,Nf3 d5 d4 Nf6 c4 dxc4 e3 e6 Bxc4 c5 O-O a6 a4 Nc6 Nc3 cxd4 exd4 Be7 Bg5 O-O Qd2 b6 Rad1 Bb7 Ne5 Nb4 f4 Ne4 Nxe4 Bxe4 Rde1 Bd5 Bxd5 Nxd5 Nc6 Qd6 Nxe7+ Nxe7 Bxe7 Qxe7 f5 Qd6 f6 Rfd8 Re4 g6 Rf3 Qf8 Rh3 Rd5 Reh4 h5 g4 Qd8 gxh5 g5 Rg3
FIDE-Wch k.o.,Groningen,1997.12.10,1.2,"Wells, Peter K","Alterman, Boris",1/2-1/2,E20,d4 Nf6 c4 e6 Nc3 Bb4 Nf3 c5 g3 cxd4 Nxd4 O-O Bg2 d5 cxd5 Nxd5 Qb3 Na6 O-O Nxc3 bxc3 Be7 Rd1 Nc5 Qc4 Bd7 Be3 Rc8 Nc6 Bxc6 Rxd8 Rfxd8 Bxc6 Rxc6 a4 Rd5 Rb1 Nd7 Qb3 b6 c4 Rdd6 Qb5 Rc8 a5 Rdc6 Qa6 R6c7 Rd1 Nc5 Qb5 Rc6 axb6 axb6 Ra1 Bf8 Ra7 Ne4 Qh5 R6c7 Rxc7 Rxc7 Qb5 Nd6 Qxb6 Rxc4 Bf4 Nf5 Qd8 Rd4 Qa8 Ne7 h4 h5 Kg2 Ng6 Bc1 Rd1 Bg5 Rd5 e4 Rc5 Qe8 Rc4 f3 Rc7 Qb8 Rc2+ Kf1 f6 Qe8 Kh7 Be3 Rc3 Ke2 Be7 g4 Bc5 Bd2 Rc2 Kd1 Rb2 gxh5 Nxh4 Qxe6 Rb1+ Kc2 Rg1 h6 Rg2 Kd3 Rg3 hxg7 Kxg7 Be1 Rxf3+ Kc4 Bf2 Qd7+ Kh8 Bc3 Kg8 Qe6+ Kg7 e5 fxe5 Bxe5+ Kf8 Bf6 Rf4+ Kb5 Nf5 Qc8+ Kf7 Be5 Ne7 Qc7 Rf5 Kc4 Bh4 Kd3 Bf6 Qc4+ Kg6 Bf4 Rd5+ Ke2 Rd4 Qc2+ Kf7 Kf3 Rd5 Qb3 Kg6 Kg4 Rd4 Qb1+ Kg7 Qg1 Ng6 Kh5 Rd5+ Kg4 Rd4
FIDE-Wch k.o.,Groningen,1997.12.10,1.3,"Bacrot, Etienne","Giorgadze, Giorgi",1/2-1/2,D38,d4 d5 c4 e6 Nf3 Nf6 Nc3 Bb4 Bg5 Nbd7 cxd5 exd5 Qc2 O-O a3 Be7 e3 c5 dxc5 Nxc5 Bd3 h6 Bh4 Be6 O-O Rc8 Nd4 Nfe4 Bxe4 Nxe4 Bxe7 Qxe7 Nde2 Qg5 Qd3 Rfd8 Nf4 Nxc3 bxc3 Rc4 Rfc1 Rdc8 a4 Qe5 Ra3 R8c5 Qd2 Qd6 a5 Rb5 Raa1 a6 Ne2 Rcc5 c4 Rb3 Nd4 dxc4 Nxb3 Rd5 Nd4 Rh5 f4 Bd5 Rab1 Qe7 Nf3 Be4 Ra1 Rd5 Nd4 Bd3 Rc3 Qe4 Raa3 g5 Rxd3 cxd3 Rxd3 Rxa5 Nb3 Rb5 fxg5 Rxg5 g3 Rf5 Nd4 Rf6 Rc3 b5 Qc2 Qe5 Qd3 h5 Rc6 h4 gxh4 b4 Rxf6 Qxf6 Qe4 a5 Qa8+ Kh7 Qxa5 Qxh4 Qf5+ Kg8 Qc8+ Kh7 Qc2+ Kg8 Qf2 Qh5 Qg2+ Kf8 Qa8+ Kg7 Qf3 Qc5 Kg2 b3 Qg3+ Kh7 Qh4+ Kg7 Qg4+ Kf8 Qf4 Qb6 Nxb3 Qxb3 h4 Qd5+ Kg3 Qh1 Kg4 Qg2+ Kf5 Qg6+ Ke5 Qe6+ Kd4 Qb6+ Kd3 Qb3+ Ke2 Qc2+ Kf3 Qd1+ Kg2 Qe2+ Kg3 Qd1 Qb8+ Kg7 Qb2+ Kg6 Kf2 Qh1 Qc2+ f5 Kg3 Qg1+ Kf3 Qg4+ Kf2 Qxh4+ Kg2 Qg4+ Kf2
FIDE-Wch k.o.,Groningen,1997.12.10,1.2,Wang Zili,"Adianto, Utut",0-1,B12,e4 c6 d4 d5 e5 Bf5 Nf3 e6 Be2 Nd7 O-O h6 b3 Ne7 c4 Ng6 Na3 Nf4 Bxf4 Bxa3 Bd3 Bg4 Rb1 Be7 h3 Bh5 Qe2 O-O Qe3 Bg6 Rbd1 Re8 Nh2 Nf8 Bg3 Qa5 Qe2 Rad8 f4 c5 cxd5 Rxd5 f5 exf5 Bxf5 Qb6 Qc4 Red8 Bxg6 Qxg6 Bf2 Ne6 Ng4 cxd4 Be1 h5 Nh2 d3 Nf3 b5 Qc1 Rc5 Qe3 Rc2 Bf2 Bc5 Qe1 Nf4 Nh4 Qg3 e6 Nxh3+
FIDE-Wch k.o.,Groningen,1997.12.10,1.2,"Tkachiev, Vladislav","Fominyh, Alexander",1/2-1/2,A30,Nf3 Nf6 c4 c5 g3 d5 cxd5 Nxd5 Bg2 Nc6 d4 cxd4 Nxd4 Ndb4 Nxc6 Qxd1+ Kxd1 Nxc6 Nc3 Bd7 Be3 Rd8 Ke1 g6 Rc1 Bg7 f4 O-O Kf2 e5 Rhd1 exf4 gxf4 Rfe8 Ne4 Bg4 Rd6 Rxd6 Nxd6 Re7 h3 Be6 b3 Bb2 Rd1 Rd7 Rb1 Bf6 Nxb7 Bh4+ Kg1 Bf5 Rc1 Nd4 Kf1 Nxe2 Kxe2 Bd3+ Kf3 Rxb7 Kg4 Re7 Bd4 Rd7 Rc8+ Rd8 Rxd8+ Bxd8 Bxa7 f5+ Kg3 Be7 h4 h6 Bd5+ Kh7 Kf3 Bd8 Bf2 Be7 a4 Bb4 Bb6
FIDE-Wch k.o.,Groningen,1997.12.10,1.2,"Sulskis, Sarunas","Hjartarson, Johann",1/2-1/2,C95,e4 e5 Nf3 Nc6 Bb5 a6 Ba4 Nf6 O-O Be7 Re1 b5 Bb3 d6 c3 O-O h3 Nb8 d4 Nbd7 Nbd2 Bb7 Bc2 Re8 Nf1 Bf8 Ng3 g6 a4 c5 d5 c4 Bg5 h6 Be3 Nc5 Qd2 h5 Bg5 Be7 Bh6 Nh7 Ra3 Rb8 Rea1 Bc8 axb5 axb5 R1a2 Bb7 Be3 Bf6 Qe1 Qc7 Qa1 Rec8 Nf1 Bd8 N1d2 Nf6 Kh2 Qe7 Bg5 Qc7 Kg1 Nfd7 Ra5 Bxg5 Nxg5 Qb6 Qd1 Nf6 Qf3 Kg7 Qe3 Ra8 b4 cxb3 Nxb3 Rxa5 Rxa5 b4 cxb4 Qxb4 Qd2 Qxd2 Nxd2 Ba6 Ba4 Rb8 Nb3 Nxb3 Rxa6 Nc5 Ra7 Nfxe4 Nxf7 Rb1+ Kh2 Rb7 Rxb7 Nxb7 Bc2 Nf6 Ng5 Nc5 Ne6+ Nxe6 dxe6 Nd5 h4 Kf6 Kg3 Nf4 e7 Kxe7 Kf3 Kf6 g3 Ne6 Ke4 Nd4 Bd3 Nc6 Bc4 Ne7 Bb3 Nf5 Ba2 Ke7 Bc4 Nh6 f4 exf4 Kxf4 Kf6 Bb3 Nf5 Ba2 Ne7 g4 hxg4 Kxg4 Nf5 Kh3 Ne3 Kg3 d5 Kf4 Nc4 Bb3 Nb6 Ba2 Nc4
FIDE-Wch k.o.,Groningen,1997.12.10,1.2,"Spraggett, Kevin","Rublevsky, Sergei",0-1,A29,c4 e5 Nc3 Nf6 Nf3 Nc6 g3 d5 cxd5 Nxd5 Bg2 Nb6 O-O Be7 d3 O-O a3 Be6 Be3 f5 Rc1 Bf6 b4 Nd4 Bxd4 exd4 Na4 Bd5 Nc5 Qe7 Nb3 Rad8 Bh3 Be6 Na5 c6 Re1 Qf7 Qc2 Rfe8 Bg2 Nd5 e3 dxe3 fxe3 Nb6 Kh1 Rd7 e4 Red8 Re3 fxe4 dxe4 Qh5 Rce1 Qb5 Bf1 Qh5 Nb3 Bg4 Bg2 Bg5 Nxg5 Qxg5 Qc5 Qg6 e5 Rd1 Be4 Qe6 Qc2 Nc4 Bxh7+ Kh8 Kg2 Nxe3+ Rxe3 Bh3+
FIDE-Wch k.o.,Groningen,1997.12.10,1.2,"Oll, Lembit","Petursson, Margeir",1/2-1/2,A54,d4 Nf6 Nf3 d6 g3 Nbd7 Bg2 e5 c4 Be7 Nc3 O-O O-O c6 Qc2 Qc7 b3 Re8 Bb2 Bf8 dxe5 dxe5 Ne4 h6 Nfd2 Nh7 c5 f5 Qc4+ Kh8 Qf7 Qd8 Qxf5 Nxc5 Qh5 Re6 Rad1 g6
FIDE-Wch k.o.,Groningen,1997.12.10,1.2,"Nijboer, Friso","Glek, Igor V",1-0,B12,e4 c6 d4 d5 e5 c5 dxc5 e6 Be3 Nh6 c3 Nf5 Bd4 Bd7 Nf3 Nc6 Qd2 f6 b4 a5 exf6 gxf6 b5 Ncxd4 cxd4 e5 Nc3 e4 g4 Ne7 Ng1 Bxg4 Qf4 f5 h3 Bh5 b6 Bg7 Bb5+ Kf7 Nge2 Rg8 O-O-O Bf6 Rhg1 Rg6 Kb1 a4 Qe3 Ra5 Bxa4 Bxe2 Qxe2 Rxg1 Rxg1 Bxd4 Qh5+ Ke6 Be8 Rxc5 Qf7+ Kd6 Nb5+ Rxb5+ Bxb5 Qxb6 Qe8 Nc6 a4 Qc5 Qf8+ Ne7 Rc1 Qb4+ Kc2 Qb2+ Kd1 Qb3+ Rc2 Qb1+ Kd2 Ke6 Be8 Qb4+ Ke2 Bf6 Bf7+ Ke5 Qb8+ Qd6 Qxb7 d4 Kd1 Bh4 a5 Qa3 Qb6 Qd3+ Kc1 Qf1+ Kb2 d3 Qe6+ Kf4 Qh6+ Kf3 Qxh4 dxc2 Qg3+ Ke2 Qe3+ Kd1 Bh5+
FIDE-Wch k.o.,Groningen,1997.12.10,1.2,"Nenashev, Alexander","Hoeksema, Hendrik Pieter",1-0,E20,d4 Nf6 c4 e6 Nc3 Bb4 Nf3 c5 g3 d5 cxd5 Nxd5 Bd2 cxd4 Nxd5 Bxd2+ Qxd2 Qxd5 Qxd4 Qxd4 Nxd4 Bd7 Bg2 Nc6 Nxc6 Bxc6 Bxc6+ bxc6 O-O-O Ke7 Rd4 Rhc8 Rhd1 Rc7 Rg4 g6 Rb4 e5 Rd3 f5 Ra4 Rd8 Rxd8 Kxd8 Ra5 Re7 Kd2 Kc8 e4 Kb7 exf5 Kb6 b4 gxf5 Ke3 h5 h4 Re6 a3 Re7 f4 Rg7 fxe5 Rxg3+ Kf4 Rg4+ Kxf5 Rxh4 e6 Rh1 e7
FIDE-Wch k.o.,Groningen,1997.12.10,1.2,"Murshed, Niaz","Milos, Gilberto",0-1,D36,d4 Nf6 c4 e6 Nc3 d5 cxd5 exd5 Bg5 Be7 Qc2 O-O e3 Re8 Bd3 Nbd7 Nf3 Nf8 O-O c6 Rae1 Ne4 Bxe7 Qxe7 Bxe4 dxe4 Nd2 f5 d5 Bd7 f3 exf3 Nxf3 cxd5 Nd4 Qc5 Nxf5 Ng6 Kh1 Be6 Qb3 d4
FIDE-Wch k.o.,Groningen,1997.12.10,1.2,"Morozevich, Alexander","Smyslov, Vassily",1-0,B18,e4 c6 d4 d5 Nd2 dxe4 Nxe4 Bf5 Nc5 b6 Nb3 e6 Nf3 Nd7 g3 Ngf6 Bg2 Rc8 O-O Bd6 Nbd2 b5 b3 O-O Bb2 c5 c4 Bd3 Re1 bxc4 Nxc4 Bxc4 bxc4 cxd4 Nxd4 Bc5 Qe2 Qb6 Red1 Qa6 Nb5 Be7 a4 Rfd8 a5 Nc5 Bc3 Ne8 Rxd8 Bxd8 Rd1 Na4 Be1 Bxa5 Rd7 Bxe1 Rxa7 Qb6 Rxa4 Ba5 Qa2 Be1 Kf1
FIDE-Wch k.o.,Groningen,1997.12.10,1.2,"Van der Sterren, Paul","Krasenkow, Michal",1/2-1/2,A85,d4 d5 c4 e6 Nc3 c6 e3 f5 Nf3 Nf6 Be2 Bd6 O-O Ne4 Ne5 O-O f3 Nxc3 bxc3 b6 a4 Ba6 Ba3 c5 f4 Bxe5 fxe5 Bxc4 Bxc4 dxc4 dxc5 bxc5 Bxc5 Qxd1 Rfxd1 Rc8 Bd6 Na6 Rab1 Nc7 Bxc7 Rxc7 Rd6 Kf7 Rb5 Ke7 Ra5 Rb8 Raa6 Rb3 Rxe6+ Kf7 Rec6 Rxc6 Rxc6 Rxc3 Kf2 Rc2+ Kf3 g6 Rc7+ Ke6 Rxh7 Kxe5 h4 Ra2 Rxa7 c3 g3 Kd6 Ra8 Kd7 Ra7+ Kd6 Ra8 Kc5 Kf4
FIDE-Wch k.o.,Groningen,1997.12.10,1.3,"Milov, Vadim","Kotronias, Vasilios",1/2-1/2,E73,d4 Nf6 c4 g6 Nc3 Bg7 e4 d6 Be2 O-O Bg5 h6 Be3 c5 dxc5 Qa5 Bd2 Qxc5 Nf3 Bg4 Be3 Qa5 Nd2 Bxe2 Qxe2 Nc6 O-O Rfc8 a3 Kh7 Rac1 a6 Rfd1 e6 h3 Ne5 f4 Ned7 Qd3 Qc7 b4 b6 Re1 Rd8 Bf2 Rac8 Qf3 Qc6 Qd3 Qc7 Qe2 Nh5 Qf3 Qb7 Red1 b5 g4 Nhf6 e5 Qxf3 Nxf3 dxe5 cxb5 axb5 fxe5 Ne8 Nxb5 Nxe5 Nxe5 Bxe5 a4 Nf6 a5 Nd5 Rxc8 Rxc8 Na7 Rc2 Bd4 Bh2+ Kf1 Nxb4 Nb5 Ra2 Ra1 Rxa1+ Bxa1 Na6 Ke2 g5 Bd4 Kg6 Bb6 f5 Nd4 fxg4 hxg4 h5
FIDE-Wch k.o.,Groningen,1997.12.10,1.2,"Miladinovic, Igor","Hansen, Curt",1-0,A45,d4 Nf6 Bg5 e6 e3 h6 Bh4 c5 c3 cxd4 cxd4 g5 Bg3 Ne4 Nc3 Nxg3 hxg3 d5 Bd3 Bg7 Rc1 Nc6 a3 Bd7 f4 Qe7 Nf3 f5 Nxg5 O-O-O Nf3 Kb8 Na4 Rc8 Nc5 Rc7 Kf2 Rhc8 Rc3 Be8 Qc2 h5 Rc1 Bf6 b4 Nd8 b5 Ka8 Qb3 b6 Na6 Rxc3 Rxc3 Rxc3 Qxc3 Kb7 Qb3 Qd6 Nb4 Nf7 Ne5 Bxe5 dxe5 Qc5 Na6 Qe7 Bxf5 Nxe5 fxe5 Qf7 e4 exf5 exd5 f4 e6 Qf6 Kg1 Qe5 gxf4 Qe1+ Kh2 Qh4+ Qh3 Qxf4+ Qg3 Qxg3+ Kxg3 Bxb5 a4 Bxa4 d6 Kc8 Kf4 Bb5 Ke5 Bxa6 d7+ Kc7 Kf6 Kd8 e7+ Kxd7 Kf7
FIDE-Wch k.o.,Groningen,1997.12.10,1.2,"Lerner, Konstantin Z","Rozentalis, Eduardas",0-1,E20,c4 e6 Nc3 Nf6 d4 Bb4 f3 d5 a3 Bxc3+ bxc3 c6 e3 b6 cxd5 cxd5 Bb5+ Nbd7 a4 a6 Bd3 O-O Ne2 e5 O-O Re8 Ng3 Qc7 Qb3 Bb7 Bd2 Rac8 Rae1 e4 Be2 Qc6 Rf2 Rc7 Ref1 Nf8 Rb1 N8d7 fxe4 Nxe4 Nxe4 Rxe4 Bd3 Re7 Rbf1 Nf8 Rf3 Bc8 Rg3 Nd7 Rb1 h6 Rf3 Bb7 Bf5 Bc8 Bd3 Bb7 Be1 Rc8 Bh4 Ree8 Rc1 Qd6 e4 dxe4 Qxf7+ Kh8 Rg3 Rg8 Be7 Qc7 Be2 Nf6 Rh3 Nd5 Bg4 Qxe7 Qxe7 Nxe7 Bxc8 Rxc8 Rh5 Nd5 Re5 Nxc3 Rc2 Kh7 a5 b5 Rc5 Rxc5 dxc5 b4 Rb2 Nd5
FIDE-Wch k.o.,Groningen,1997.12.10,1.2,"Leko, Peter","Slobodjan, Roman",1/2-1/2,C89,e4 e5 Nf3 Nc6 Bb5 a6 Ba4 Nf6 O-O Be7 Re1 b5 Bb3 O-O c3 d5 exd5 Nxd5 Nxe5 Nxe5 Rxe5 c6 d3 Bd6 Re1 Qh4 g3 Qh3 Re4 Qd7 Nd2 Bb7 Re1 c5 Ne4 Be7 a4 b4 Bg5 Bxg5 Nxg5 bxc3 bxc3 Qc6 Qf3 Rad8 d4 cxd4 cxd4 h6 Ne4 Ba8 Rad1 Qb6 Nc5 Nf6 Qf5 Rd6 Re7 Nd5 Re5 Nf6 Rd3 Qb4 Qf4 Rfd8 Qd2 Qb6 a5 Qc7 f3 Rb8 Qe1 Qd8 Qc3 Rb5 Bc4 Rb1+ Kf2 Qc8 Kg2 Nd5 Qd2 Ra1 Rb3 g5 h3 Kg7 Kh2 Qc7 Qb2 Rxa5 Qe2 Ra1 Re8 Bc6 Qe5+ f6 Ne6+ Rxe6 Qxe6 Bxe8 Qxd5 Ra2+ Kh1 Ra1+ Kg2 Ra2+ Kf1 Ra1+ Kf2 Ra2+ Ke3 Qe7+ Qe6 Qxe6+ Bxe6 Kf8 f4 gxf4+ gxf4 Ke7 f5 Ra1 Rb7+ Kd6 Rb8 Bc6 Rf8 Ra3+ Kf4 Rd3 Rxf6 Rxd4+ Kg3 Ke5 Rxh6 Be4 Bc8 Bd3 Re6+ Kxf5 Rxa6+ Kg5 h4+ Kh5 Rc6 Bg6 Rc5+ Kh6 Bg4 Rd3+ Kf2 Rd4 Kf3 Rd3+ Kf4 Rd4+
FIDE-Wch k.o.,Groningen,1997.12.10,1.5,"Portisch, Lajos","Luther, Thomas",1/2-1/2,D45,d4 e6 c4 Nf6 Nf3 d5 Nc3 c6 e3 Nbd7 Qc2 Bd6 b3 O-O Be2 b6 O-O Bb7 Bb2 Re8 Bd3 a6 Rfe1 Qc7 e4 dxe4 Nxe4 Nxe4 Bxe4 f5 Bd3 c5 d5 Nf8 h3 exd5 cxd5 Bxd5 Ng5 h6 Bc4 Bxc4 Qxc4+ Kh8 Qh4 Kg8 Qc4+ Kh8 Qh4 Kg8 Qc4+
FIDE-Wch k.o.,Groningen,1997.12.10,1.2,"Istratescu, Andrei","Chernin, Alexander",1/2-1/2,C07,e4 e6 d4 d5 Nd2 c5 exd5 Qxd5 Ngf3 cxd4 Bc4 Qd8 O-O a6 Nb3 Nc6 Nbxd4 Nxd4 Qxd4 Qxd4
FIDE-Wch k.o.,Groningen,1997.12.10,1.2,"Illescas Cordoba, Miguel","Gretarsson, Helgi Ass",0-1,D17,d4 d5 c4 c6 Nf3 Nf6 Nc3 dxc4 a4 Bf5 Ne5 Na6 f3 Nd7 Nxc4 e5 e4 exd4 Ne2 Bb4+ Kf2 Bg6 Nxd4 Qf6 e5 Nxe5 Nxe5 Qxe5 f4 Qe4 Bxa6 O-O-O Be3 Rhe8 Qd3 Qxd3 Bxd3 Bxd3 Rhd1 Be4 Rac1 Rd5 Nf3 Rxd1 Rxd1 b6 Ng5 Bd5 g4 f6 Nf3 Bb3 Ra1 Kb7 Nd4 Bd5 Nf5 g6 Ng3 Bd6 a5 c5 Ne2 Bc4 Nc3 Bc7 axb6 axb6 h4 Rd8 g5 f5 Rh1 Kc6 h5 b5 hxg6 hxg6 Rh7 Bb6 Rg7 Rd6 Nb1 Bd5 Nc3 Bb3 Ke2 b4 Nb1 Bc4+ Ke1 Bd5 Kd2 c4 Bxb6 Kxb6 Ke3 c3 bxc3 Ba2 cxb4 Bxb1 Rf7 Ba2 Rf6 Rxf6 gxf6 Kb5
FIDE-Wch k.o.,Groningen,1997.12.10,1.2,"Hracek, Zbynek","Barua, Dibyendu",1/2-1/2,C43,e4 e5 Nf3 Nf6 d4 Nxe4 Bd3 d5 Nxe5 Nc6 Nxc6 bxc6 O-O Be7 Nc3 Nxc3 bxc3 O-O Re1 Re8 Qh5 g6 Qf3 Be6 Bh6 Rb8 Rab1 Rb6 Bf4 Bd6 Qg3 Bxf4 Qxf4 Qd6 g3 Qxf4 gxf4 Kg7 Rb3 a5 f5 gxf5 Bxf5 Rg8 Bxe6 Kf6+
FIDE-Wch k.o.,Groningen,1997.12.10,1.2,"Hernandez, Gilberto","Kortschnoj, Viktor",1/2-1/2,C11,e4 e6 d4 d5 Nc3 Nf6 Bg5 dxe4 Nxe4 Nbd7 Nf3 Be7 Nxf6+ Bxf6 h4 O-O Qe2 c5 Qe3 Qa5+ c3 cxd4 Nxd4 Qe5 O-O-O Qxe3+ Bxe3 a6 g4 Bd8 g5 Bc7 Be2 Re8 h5 Nf8 Nb3 e5 Nc5 b6 Bf3 Rb8 Ne4 Bb7 h6 Red8 Kc2 Rxd1 Rxd1 Ne6 a4 Bc6 b3 Rd8 Rh1 a5 Rh3 Nf4 Rg3 Bd7 Bg4 Bc6 Bf3 Bd7 hxg7 Bf5 Kb2 Kxg7 Rg1 Nd5 Bc1 Nf4 Be3 Nd5 Bd2 Nf4 Kc2 h6 gxh6+ Kxh6 Be3 Bg6 Kb2 Kg7 Bxf4 exf4 Bh5 Re8 Bxg6 fxg6 f3 Rd8 Kc2 Be5 Rg5 Re8 Rg2 Kf7 Kd3 Rc8 Rg5 Bc7 Kd4 Rh8 Kd5 Rh3 Rg4 Ke7 Nd2 Rh5+ Kd4 Kf6 Ne4+ Kg7 Rg5 Rxg5 Nxg5 Kf6 Ne4+ Kf5 b4 g5 b5 g4 fxg4+ Kxg4 c4 f3 c5 bxc5+ Kxc5 Kf5 Kd5 Kf4 Nf2 Bb6 Nd1 f2 Nxf2 Bxf2 Kc6 Ke5 b6 Bxb6
FIDE-Wch k.o.,Groningen,1997.12.10,1.2,"Hamdouchi, Hichem","Malaniuk, Vladimir P",0-1,C76,e4 e5 Nf3 Nc6 Bb5 a6 Ba4 d6 c3 Bd7 d4 g6 O-O Bg7 d5 Nce7 Bxd7+ Qxd7 c4 h6 Nc3 f5 exf5 gxf5 Nh4 Bf6 f4 e4 Qe1 b5 g4 bxc4 Nxf5 Nxf5 gxf5 Qxf5 Nxe4 Kf7 Ng3 Qxd5 Be3 Re8 Rd1 Qc6 Kf2 h5 Qe2 h4 Nf5 Qe4 Nd4 d5 Nf3 Nh6 Ne5+ Bxe5 fxe5 Ng4+ Ke1+ Ke6 Bf4 Qxe2+ Kxe2 Nxe5 Kd2 Kd7 Kc3 c6 Bg5 Rh5 Bf6 h3 Rf4 Re6 Rg1 c5 Rg7+ Kc6 Ra7 d4+ Kd2 Kd5
FIDE-Wch k.o.,Groningen,1997.12.10,1.2,"Gulko, Boris F","Aleksandrov, Aleksej",1/2-1/2,E32,c4 Nf6 Nc3 e6 d4 Bb4 Qc2 O-O a3 Bxc3+ Qxc3 b6 Bg5 Bb7 e3 c5 dxc5 bxc5 f3 Nc6 Nh3 h6 Bh4 Ne4 Bxd8 Nxc3 Bc7 Rfc8 Bd6 Na4 b3 Nb6 Be2 Na5 Rb1 Ba6 e4 f6 Kf2 g5 Bg3 Nc6 Ng1 Nd4 h4 d5 cxd5 Nxe2 Nxe2 exd5 hxg5 hxg5 exd5
FIDE-Wch k.o.,Groningen,1997.12.10,1.2,"Granda Zuniga, Julio E","Kurajica, Bojan",1-0,E11,d4 Nf6 Nf3 e6 c4 Bb4+ Nbd2 b6 a3 Bxd2+ Bxd2 h6 g3 Bb7 Bg2 O-O O-O d6 b4 Nbd7 Bc3 Qe7 Qb3 Ne4 Bb2 f5 Rad1 Qf7 Ne1 a5 b5 e5 f3 Nef6 Qc2 exd4 Rxd4 Nh7 Rf4 Qe6 Bh3 g6 Rh4 g5 Qc3 Qg6 Rd4 Nc5 Qc2 Rae8 Rf2 Re7 g4 Ne6 gxf5 Qh5 fxe6
FIDE-Wch k.o.,Groningen,1997.12.10,1.2,"Garcia, Gildardo","Sutovskij, Emil",1/2-1/2,B40,e4 c5 Nc3 e6 Nf3 a6 g3 b5 Bg2 Bb7 d4 b4 Na4 cxd4 Nxd4 Nf6 Bg5 Qa5 Bxf6 gxf6 c3 f5 O-O fxe4 cxb4 Bxb4 a3 Be7 Re1 d5 b4 Qd8 f3 e3 Nc5 Qb6 Rxe3 Nc6 Rc1 O-O Nxc6 Bxc6 Qd4 Rfb8 Qg4+ Kh8 Qd4+ Kg8 Qg4+ Kh8 Qd4+
FIDE-Wch k.o.,Groningen,1997.12.10,1.2,"Ehlvest, Jaan","Van der Wiel, John TH",1-0,B32,e4 c5 Nf3 Nc6 d4 cxd4 Nxd4 e5 Nb5 d6 c4 Be7 N1c3 a6 Na3 Be6 Bd3 Bg5 Nc2 Bxc1 Rxc1 Nge7 O-O Ng6 Nd5 Nf4 Qf3 Bxd5 cxd5 Ne7 g3 Nxd3 Qxd3 O-O Ne3 Rc8 a4 Rxc1 Rxc1 Qd7 a5 f5 exf5 Nxf5 Nxf5 Qxf5 Qxf5 Rxf5 Rc8+ Rf8 Rc4 Rf3 Rc8+ Rf8 Rc3 g5 h3 Kg7 Kf1 Kf6 Ke2 e4 Rc7 Rb8 Ke3 b6 Rxh7 bxa5 Kxe4 Rb4+ Kf3 Rxb2 Rh6+ Ke5 Rg6 Kxd5 Rxg5+ Kc6 Rxa5 Kb6 Ra1 Rb3+ Kg4 d5 h4 d4 h5 d3 h6 Kc5 h7 Rb8 Kf5 Kc4 g4
FIDE-Wch k.o.,Groningen,1997.12.10,1.2,"Bologan, Viktor","Umgaev, Alexander",1-0,B12,e4 c6 d4 d5 e5 c5 dxc5 Nc6 Bf4 e6 Nd2 Bxc5 Nb3 Bb6 Qg4 Kf8 Nf3 f5 Qg3 Nge7 h4 Ng6 h5 Nxf4 Qxf4 Bc7 Nfd4 Qf6 Nxc6 bxc6 g3 Qe7 O-O-O Rb8 c3 Ke8 Qa4 Bb6 Nd4 Bd7 Qc2 a5 f4 a4 Be2 a3 b3 c5 Nb5 Bxb5 Bxb5+ Kf7 c4 Ba5 Bc6 d4 g4 Rhc8 Bf3 fxg4 Be4 Ke8 Rdg1 Kd7 Rxg4 g6 hxg6 hxg6 Rgh4 Rg8 Bg2 Kc7 Qe4 Rb6 Rh7 Rg7 Rxg7 Qxg7 Qa8
FIDE-Wch k.o.,Groningen,1997.12.10,1.2,"Bacrot, Etienne","Giorgadze, Giorgi",1/2-1/2,D55,d4 d5 c4 e6 Nf3 Nf6 Nc3 Be7 Bg5 h6 Bxf6 Bxf6 e3 O-O Rc1 a6 cxd5 exd5 Bd3 c6 h3 Nd7 O-O Be7 a3 Bd6 Re1 Nf6 Ne5 c5 Qf3 Be6 Bf5 Bxe5 dxe5 Nd7 Bxe6 fxe6 Qg4 Qe7 f4 Rae8
FIDE-Wch k.o.,Groningen,1997.12.10,1.2,"Andersson, Ulf","Christiansen, Larry Mark",1/2-1/2,D73,Nf3 g6 d4 Nf6 g3 Bg7 Bg2 d5 c4 dxc4 Na3 Nc6 Nxc4 Be6 b3 O-O Bb2 Bd5 Rc1 a5 a3 a4 b4 Na7 O-O Nb5 e3 Nd6 Ncd2 c6 Qe2 Nfe4 Nxe4 Bxe4 Rfd1 e6 Bf1 Bd5 Ne5 Qe7 Nd3 f5 Nc5 g5 Bg2 g4 e4
FIDE-Wch k.o.,Groningen,1997.12.10,1.2,"Anastasian, Ashot","Seirawan, Yasser",1/2-1/2,A11,Nf3 Nf6 g3 d5 Bg2 c6 O-O Bg4 c4 e6 cxd5 cxd5 Qb3 Bxf3 Bxf3 Qd7 Nc3 Nc6 Bg2 Be7 d3 O-O Bd2 Rac8 Rfc1 Rfd8 Qd1 h6 a3 Bd6 b4 Be5 Rab1 Ne8 Na4 b6 e3 Nd6 Qb3 Ne7 Nb2 Rxc1+ Rxc1 Rc8 Rxc8+ Nexc8 d4 Bf6 a4 Qc7 b5 Be7 Qc3 Qxc3 Bxc3 Ne4 Bxe4 dxe4 Nc4 f6 Nd2 f5 Nc4 g5 h3 h5 Kg2 g4 h4 Bd6 Kf1 Kf7 Ke2 Ke8 Kd2 Kd7 Kc2 Ne7 Kb3 Kc7 Bb4 Bxb4 Kxb4 Nd5+ Kb3 Ne7 Ne5 Kd6 a5 Kc7 a6 Kd6 Kc4 Kc7
FIDE-Wch k.o.,Groningen,1997.12.10,1.2,"Almasi, Zoltan",Peng Xiaomin,1-0,C88,e4 e5 Nf3 Nc6 Bb5 a6 Ba4 Nf6 O-O Be7 Re1 b5 Bb3 O-O a4 b4 d3 d6 a5 Be6 Nbd2 Rb8 Bc4 Qc8 Nf1 Bxc4 dxc4 h6 Ne3 Qe6 Nd5 Bd8 Qd3 Ne7 Bd2 c5 Nxe7+ Bxe7 Nh4 Rfd8 Nf5 Bf8 Rad1 Kh7 Ne3 g6 c3 b3 Nd5 Bg7 Re3 Nxd5 cxd5 Qc8 c4 f5 Qe2 Rf8 Ra1 fxe4 Ra3 Qb7 Rxe4 h5 Ra1 Rf7 Qd3 Rbf8 f3 Bh6 Bxh6 Kxh6 Ra3 Rb8 Re3 Rf4 Rxb3 Qxb3 Qxb3 Rxb3 Rxb3 Rxc4 Rb6 Rb4 Rxd6 Rxb2 Rxa6 c4 d6 Rb5 Ra8 c3 d7 c2 Rc8 Rd5 Rxc2 Rxd7 Ra2 Ra7 a6 Kg5 Kf2
FIDE-Wch k.o.,Groningen,1997.12.10,1.3,"Kurajica, Bojan","Granda Zuniga, Julio E",0-1,D12,d4 d5 c4 c6 e3 Nf6 Nf3 Bf5 cxd5 cxd5 Nc3 e6 Ne5 Nfd7 g4 Bg6 Nxg6 hxg6 Bg2 Nc6 e4 dxe4 Bxe4 Nf6 Bg2 Be7 Be3 Qa5 a3 Rd8 g5 Nd5 Bxd5 exd5 Qf3 Bb4 Rc1 Bxc3+ Rxc3 Qb5 b4 a5 Qe2 Qxe2+ Kxe2 axb4 axb4 Rh4 Rd3 Kd7 Kf3 Ra8 Kg3 Re4 Rc1 Ra4 f3 Re8 Rc5 Ne7 Bf4 Rc8 Rb5 Kc6 Rc5+ Kd7 Rb5 Kc6 Rc5+ Kd7 Rb5 Ra7 Be5 Rc4 Bb8 Kc6 Rc5+ Rxc5 bxc5 Ra4 Be5 Nf5+ Kg4 Rb4 Kh3 Kb5 Rd2 Kc4 Kg4 Kc3 Ra2 Nxd4 Bxg7 Kb3 Rd2 Nf5+ f4 Nxg7 Rxd5 Ne6 Rd7 Rxf4+ Kg3 Nxc5 Rxb7+ Nxb7 Kxf4 Nd6 Ke5 Ne8 Kd5 Kc3 Kc6 f5 gxf6 Nxf6 Kd6 Kd4 Ke6 Nh5 Kf7 Nf4 Kf6 Ke4 h3 Kf3 Kg5 Kg3 h4 Kf3
FIDE-Wch k.o.,Groningen,1997.12.10,1.3,"Luther, Thomas","Portisch, Lajos",1/2-1/2,C65,e4 e5 Nf3 Nc6 Bb5 Nf6 Qe2 Bc5 c3 O-O O-O Re8 d3 h6 h3 d6 Be3 Bd7 Bxc5 dxc5 Bc4 Nh5 Qe3 b6 Nbd2 Qf6 Kh2 Nf4 Ng1 Na5 g3 Nxc4 Nxc4 Ng6 Qf3 Qxf3 Nxf3 Bb5 Rfd1 Rad8 a4 Bc6 Ne3 a5 c4 Nf8 Nd5 Rd7 Kg2 f6 Ng1 Ne6 Ne2 Rf8 f3 Bb7 Kf2 f5 Kg2 g6 h4 h5 Ng1 Nd4 Nh3 Bxd5 exd5 Nc2 Ng5 Nxa1 Rxa1 Re8 Re1 Rde7 Ne6 Rxe6 dxe6 Rxe6 f4 e4 dxe4 fxe4 Kf2 Kf7 Rd1 e3+ Ke2 Kf6 Rd3 Kf5 Rxe3 Rd6 Kf3 Rd2 b3 Rb2 Re5+ Kf6 Re3 Kf5 Re5+ Kf6 Re3
FIDE-Wch k.o.,Groningen,1997.12.10,1.3,"Shaked, Tal","Morovic Fernandez, Ivan",1/2-1/2,C45,e4 e5 Nf3 Nc6 d4 exd4 Nxd4 Nf6 Nxc6 bxc6 e5 Qe7 Qe2 Nd5 Nd2 Nb6 c4 Bb7 b3 O-O-O Bb2 d5 O-O-O Qe6 Qe3 Bb4 cxd5 cxd5 Nf3 Kb8 Bd3 Rhe8 Ng5 Qe7 f4 d4 Bxd4 Bxg2 Rhg1 Rxd4 Qxd4 Bc5 Qc3 Nd5 Qc4 Nb6 Qc2 Bxg1 Rxg1 Bb7 Be4 Nd5 Bxd5 Bxd5 Rd1 c6 Qc3 f6 exf6 gxf6 Nf3 Qe3+ Qxe3 Rxe3 Nd4 Re4 f5 Rh4 Rd2 Kc7 Nc2 Kd6 Ne3 Ke5 Kb2 Ke4 Nxd5 cxd5 b4 d4 a4 Rf4 Kc2 Rxf5 Re2+ Kd5 Re7 Kc4 Rc7+ Kxb4 Rxa7 Rh5 Kd3 Rxh2 Kxd4 h5 Rf7 h4 Rxf6 h3 Rh6 Rh1 Ke3 Kxa4 Kf2
FIDE-Wch k.o.,Groningen,1997.12.10,1.3,"Nijboer, Friso","Glek, Igor V",1/2-1/2,B43,e4 c5 Nf3 a6 Nc3 e6 d4 cxd4 Nxd4 b5 Bd3 Qb6 Nb3 Qc7 O-O Bb7 Qe2 d6 a4 b4 Na2 Nf6 Bf4 Nc6 a5 Be7 c3 bxc3 Nxc3 O-O Rfc1 Qd8 Rd1 Nd7 Be3 Nce5 Bb1 Rb8 Nd2 Re8 f4 Ng6 Nc4 d5 exd5 exd5 Nxd5 Bxd5 Rxd5 Qc7 Bxg6 hxg6 Rad1 Nf6 Re5 Qc6 Nb6 Bd6 Rxe8+ Rxe8 Qc4 Qxc4 Nxc4 Bxf4 Bxf4 Re4 b3 Rxf4 Rd6 Re4 Rxa6 Ng4 g3 Re2 Ra8+ Kh7 h3 Nh2 a6 Nf3+ Kf1 Ra2 a7 Nd4 Rd8 Ra1+ Kf2 Ra2+ Nd2 Nxb3 a8=Q Rxa8 Rxa8 Nxd2 Ke3 Nc4+ Kd4 Nd6 g4 f6 Rf8 Nb5+ Kc5 Nc3 Re8 f5 Kd4 Ne4 Rxe4 fxe4 Kxe4 g5 Ke5 Kg6 Ke6 Kh7 Kf5
FIDE-Wch k.o.,Groningen,1997.12.10,1.3,"Seirawan, Yasser","Anastasian, Ashot",1-0,A36,c4 c5 g3 g6 Bg2 Bg7 Nc3 Nc6 e4 e5 Nge2 Nge7 a3 d6 Rb1 a5 O-O O-O d3 Rb8 Be3 Bd7 Qd2 Nd4 b4 axb4 axb4 b6 b5 Ra8 Qb2 Bg4 f3 Bc8 Bg5 Nxe2+ Qxe2 Bb7 Bh3 h6 Be3 Bc8 Bxc8 Qxc8 Ra1 Qb7 Qb2 f5 Rxa8 Rxa8 Ra1 Rf8 Kg2 g5 Bf2 h5 Qa2 Qd7 Qa7 Qe6 Qb7 h4 Ra7 h3+ Kf1 Rf7 Qd7 Qh6 Qe8+ Bf8 Nd5 Qe6 Rxe7 Rxe7 Nxe7+ Qxe7 Qxe7 Bxe7 exf5 Kf7 g4 d5 Bg3 Bd6 cxd5 Kf6 Ke2 Kf7 Ke3 Ke7 Ke4 Kf6 Be1 Bb8 d6 Bxd6 Kd5 Bb8 Bc3
FIDE-Wch k.o.,Groningen,1997.12.10,1.3,"Zvjaginsev, Vadim","Benjamin, Joel",1/2-1/2,A17,c4 Nf6 Nf3 e6 Nc3 Bb4 g4 h6 Rg1 d6 h4 e5 g5 hxg5 hxg5 Ng4 Nd5 Bc5 d4 Bb6 Nxb6 axb6 Qd3 Nc6 Qe4 f5 gxf6 Qxf6 dxe5 dxe5 Rxg4 Bf5 Rh4 Bxe4 Rxh8+ Ke7 Bg5 Rxh8 Bxf6+ gxf6 Bg2 Nd4 Nxd4 Bxg2 Nf5+ Ke6 Ng3 f5 f3 f4 Kf2 fxg3+ Kxg2 Rh2+ Kxg3 Rxe2 b3 c5 Rh1 Kd6 Rh6+ Kc7 Re6 Rxa2 Rxe5 Rb2 Re3 b5 cxb5 Kb6 f4 Kxb5 f5 Rd2 f6 Rd8 Re7 b6 Re4 Rf8 Rf4 Kc6 Kg4 Kd5 Kf5 b5 Kg6 c4 Rf5+ Ke6 f7 cxb3 Rxb5 Rxf7 Rb6+ Kd5 Kxf7 Kc4 Ke6 Kc3 Kd5 b2 Ke4 Kc2 Rxb2+
FIDE-Wch k.o.,Groningen,1997.12.10,1.3,"Sulskis, Sarunas","Hjartarson, Johann",1/2-1/2,C16,e4 e6 d4 d5 e5 Bb4+ Nc3 b6 Qg4 Bf8 Bg5 Qd7 Bb5 Nc6 Nf3 h6 Bd2 Bb7 O-O a6 Ba4 Nge7 Ne2 g6 c3 Nf5 h4 h5 Qf4 Bh6 Ng5 O-O-O Rfe1 Kb8 Ng3 Qe7 Nxf5 gxf5 g3 Na7 Rad1 a5 Qf3 Rdg8 Qxh5 Rg6 Qf3 c5 Bf4 Ka8 Bc2 Nc6 a3 Rc8 Bb1 Ba6 Kg2 Bc4 Qe3 Bb3 Rd2 a4 Bd3 Na5 Qf3 Ka7 Rh1 cxd4 cxd4 Nc4 Re2 Rh8 Bc2 Na5 Bxb3 Nxb3 Qd3 Rc8 Rc2 Rxc2 Qxc2 Kb7 Rd1 Rg8 Rd3 Rc8 Qd1 f6 exf6 Qxf6 Re3 Rc6 Re5 Qg6 Re2 Bxg5 Bxg5 Rc4 Be3 f4 Bxf4 Nxd4 Re5 Nf5 h5 Qg7 Rxe6 Rxf4 Qxd5+ Ka7 Rg6 Rxf2+ Kxf2 Qxb2+ Kf3 Qb3+ Ke4 Nxg3+ Rxg3 Qxg3 Qd7+ Kb8 Qe8+ Kb7 Qe7+ Ka6 Kf5 Qf3+ Kg6 Qd3+ Kg7 Qc3+ Kf7 Qf3+ Kg6 Qd3+ Kh6 Qd2+ Kg7 Qc3+
FIDE-Wch k.o.,Groningen,1997.12.10,1.3,"Yermolinsky, Alex","Kindermann, Stefan",1-0,E99,d4 Nf6 c4 g6 Nc3 Bg7 e4 d6 Be2 O-O Nf3 e5 O-O Nc6 d5 Ne7 Ne1 Nd7 Be3 f5 f3 f4 Bf2 g5 Rc1 Ng6 c5 Nxc5 b4 Na6 Nb5 Bd7 Nxa7 h5 a4 Bh6 Rc4 Rf7 Nb5 Rg7 Kh1 Nf8 g3 fxg3 Bxg3 Ng6 Nd3 Kh7 Rg1 Rf7 Bf2 Be8 Nc3 Nb8 Qc2 c6 a5 Qf6 Na4 cxd5 exd5 Bxa4 Qxa4 Nd7 Rc7 Ndf8 Qc2 Kh8 Be3 Nf4 Nxf4 gxf4 Bf2 Re8 Rxf7 Qxf7 Qe4 Rc8 b5 Bg7 a6 bxa6 bxa6 Nd7 a7 Nf6 Qf5 Ra8 Bd3 Qxd5 Rxg7 Kxg7 Qg6+ Kf8 Qxf6+ Kg8 Qg6+ Kf8 Qe4
FIDE-Wch k.o.,Groningen,1997.12.10,1.4,"Giorgadze, Giorgi","Bacrot, Etienne",1/2-1/2,A08,Nf3 Nf6 g3 d5 Bg2 c5 O-O g6 d3 Bg7 Nbd2 O-O e4 Nc6 c3 e5 Re1 h6 exd5 Nxd5 Nc4 Re8 a4 b6 Nfd2 f5 a5 Rb8 axb6 axb6 Qb3 Be6 Qb5 Qc7 Nf1 Bf7 Nfe3 Nde7 Ra6 Na7 Qa4 Nac8 Nd5 Qd8 Nce3 b5 Nxe7+ Rxe7 Qa5 Qd7 Bc6 Qxd3 Rd1 Qe2 Ra8 Rxa8 Qxa8 Kh7 Qxc8 f4 Qg4 Qxg4 Nxg4 h5 Nxe5 Rxe5 gxf4 Re7 Bxb5 c4 Bc6 h4 h3 Rc7 Bf3 Be6 Bg4 Bf5 Be3 Bd3 Ra1 Bh6 Bf3 Rf7 Bd5 Rd7 Ra5 Bg7 Be6 Rb7 Ra7 Rxb2 Bd4 Rb1+ Kg2 Be4+ f3 Rb2+ Kg1 Rb1+ Kf2 Rb7 Rxb7 Bxb7 Bxg7 Kxg7 Bxc4 Bc8 Kg2 Bf5 Bd5 Kf6 c4 Ke7 c5 Kd7 Be4 Kc7 Kf2 Bxh3 Bxg6 Kc6 Bh5 Be6 Bg4 Bb3 Kg2 Kxc5 Kh3 Kd6 Kxh4 Ke7 Kg5 Kf7 Kf5 Kf8
FIDE-Wch k.o.,Groningen,1997.12.10,1.4,"Anastasian, Ashot","Seirawan, Yasser",0-1,A07,Nf3 Nf6 g3 d5 Bg2 c6 O-O Bg4 d3 Nbd7 Nbd2 e5 e4 Bd6 h3 Bxf3 Qxf3 O-O exd5 Nxd5 Re1 Re8 Nc4 Bc7 Bd2 N5b6 Na5 Rb8 b4 Nf6 Nb3 Nbd7 Rad1 Bd6 c4 Qc7 Bc3 Bf8 a3 g6 Qe2 Re6 Qc2 Rbe8 d4 exd4 Rxe6 Rxe6 Nxd4 Re8 Bd2 Nh5 Bc1 Bg7 Ne2 Ne5 Be3 a5 Qb3 axb4 axb4 Rd8 Rxd8+ Qxd8 b5 Qa5 Nd4 c5 Nf3 b6 Qd1 Nxc4 Qd8+ Bf8 Bh6 Ng7 Kh2 Qxb5 Ng5 Qe8 Qf6 Nh5 Qc3 Bxh6 Ne4 b5
FIDE-Wch k.o.,Groningen,1997.12.10,1.4,"Andersson, Ulf","Christiansen, Larry Mark",1/2-1/2,A41,Nf3 d6 d4 Bg4 e4 e6 Bd3 Nf6 Nbd2 Be7 h3 Bh5 Nf1 d5 Ng3 Bg6 Qe2 dxe4 Nxe4 O-O O-O Nbd7 Rd1 c6 c4 Qc7 b3 a5 Bb2 a4 Bc3 axb3 axb3 Nxe4 Bxe4 Bf6 Bxg6 hxg6 Qb2 Qf4 Rxa8 Rxa8 Ra1 Rxa1+ Qxa1 Qb8 g3 Be7 Kg2 Bf8 Bd2 Bd6 Qa2 e5 dxe5 Nxe5 Nxe5 Bxe5 Be3 Bf6 Qd2 Qd8 g4 Qxd2 Bxd2 Be7 Kf3 Kf8 Ke4 Ke8 Bc3 f6 f4 Kf7 f5 g5 Kd4 Ke8 Ba5 Bd6 Bb6 Bh2 Ke4 Bd6 Bf2 Kd7 h4 gxh4 Bxh4 Be7 Bf2 Bd6 Be3 Be7 Kf3 Ke8 Kg3 Kf7 Kh4 g6 Kg3 gxf5 gxf5 Bd6+ Kf3 Ke8 Bd4 Be7 Ke4 Kd7 Bc3 Bd8 b4 Be7 b5 Bd8 Bb4 Bc7 Bc5 Bg3 Bd4 Ke7 bxc6 bxc6 Kd3 Bh4
FIDE-Wch k.o.,Groningen,1997.12.10,1.4,"Hjartarson, Johann","Sulskis, Sarunas",1-0,A29,c4 Nf6 Nc3 e5 Nf3 Nc6 g3 Bb4 Bg2 O-O Nd5 Nxd5 cxd5 Nd4 Nxd4 exd4 Qc2 d6 O-O a5 e3 Bc5 b3 Qf6 Bb2 Bf5 d3 Qh6 Bxd4 Bxd4 exd4 Rac8 Rae1 Qf6 Qc3 b5 Re3 b4 Qc4 Rfe8 Rfe1 Kf8 Qb5 Red8 Rf3 Re8 Ree3 Qg5 Qxa5 Bg4 Rf4 Rxe3 fxe3 c5 h4 Qg6 dxc5 Bh3 Bxh3 Qxg3+ Bg2 Qxe3+ Rf2 Kg8 Qxb4 g5 Qg4 Qxc5 Qxg5+ Kf8 Qf6 Ke8
FIDE-Wch k.o.,Groningen,1997.12.10,1.4,"Glek, Igor V","Nijboer, Friso",0-1,A08,e4 c5 Nf3 e6 g3 Nc6 Bg2 Nf6 d3 d5 Nbd2 Be7 O-O O-O Re1 b5 exd5 exd5 Nf1 Bb7 h3 Re8 g4 Qc7 Ne3 d4 Nf5 Bf8 Bg5 Nd5 Qd2 Nce7 Nxe7+ Bxe7 Bxe7 Nxe7 Nh4 Bxg2 Nxg2 Ng6 Rxe8+ Rxe8 Re1 Rxe1+ Qxe1 Qc6 f4 f6 Kf2 Kf7 Qe4 Qxe4 dxe4 Ne7 Ne1 Nc6 c3 dxc3 bxc3 Ke6 Ke3 g5 Nf3 gxf4+ Kxf4 a5 g5 Ne5 Nd2 fxg5+ Kxg5 b4 cxb4 axb4 Kh6 c4 Kxh7 c3 Nb3 Nf3 Kg6 Ke5 Kh5 Kxe4 Kg4 Nd4 Nc1 Ke3 h4 Kd2 h5 Kxc1 h6 Nc6 h7 Ne5+ Kf5 Nf7 Kf6 Nh8 Kg7 c2 Kxh8 Kb1 Kg8 c1=Q h8=Q Qc8+
FIDE-Wch k.o.,Groningen,1997.12.10,1.4,"Gulko, Boris F","Aleksandrov, Aleksej",1/2-1/2,A05,g3 Nf6 Nf3 b5 Bg2 Bb7 O-O e6 b3 Be7 c4 bxc4 bxc4 c5 Nc3 O-O Rb1 Bc6 d3 d6 Bd2 Nbd7 Ng5 Bxg2 Kxg2 Qc7 Qa4 Rfb8 f4 h6 Nf3 Nb6 Qc2 Qc6 e4 Nbd7 Rxb8+ Rxb8 Rb1 Rxb1 Qxb1 Bd8 Qb5 Qc7 Qa4 Qb8 Nb5 Bb6 Qa6 Ne8 a4 Kf8 a5 Nc7 Nxc7 Bxc7 Qb5 Ke7 Bc3 g6 Nd2 Qa8 Kf2 a6 Qb3 h5 Nf3 Qb8 Qxb8 Nxb8 Nd2
FIDE-Wch k.o.,Groningen,1997.12.10,1.4,"Kindermann, Stefan","Yermolinsky, Alex",1-0,C02,e4 c6 d4 d5 e5 c5 dxc5 e6 Nf3 Bxc5 Bd3 Nc6 O-O Nge7 Bf4 Ng6 Bg3 O-O c4 dxc4 Bxc4 b6 Qe2 Bb7 Rd1 Qe7 Nc3 Rad8 Nb5 Na5 Bd3 Bxf3 Qxf3 a6 Nd6 Nxe5 Bxe5 Bxd6 Bc3 Nb7 Bxa6 Nc5 Bb5 Qc7 g3 Be5 Rac1 Bxc3 Qxc3 Rxd1+ Rxd1 Rd8 Rd4 Rxd4 Qxd4 g6 h4 h5 b4 Nb7 Qd7 Qxd7 Bxd7 Kf8 Bc6 Nd6 a4 Ke7 a5 bxa5 bxa5 Kd8 a6 Nc8 Bb7 Na7 Kg2 Kc7 Kf3 Nb5 Kf4 f6 Be4 e5+ Ke3 f5 Bd5 Nc3 Bf7 Kb6 Bxg6 Nd5+ Kd3 Nf6 Bxf5 Kxa6 Bg6 Kb6 Bxh5 Nxh5 Ke4 Kc6 Kxe5 Kd7 g4 Ng7 h5 Ke7 f4 Ne6 g5 Nc5 Kf5 Kf7 h6 Nd3 g6+ Kg8 Kg5 Nc5 Kf5 Nd3 Ke4 Nf2+ Kf3 Nd3 f5
FIDE-Wch k.o.,Groningen,1997.12.10,1.4,"Hracek, Zbynek","Barua, Dibyendu",1/2-1/2,C43,e4 e5 Nf3 Nf6 d4 Nxe4 Bd3 d5 Nxe5 Nc6 Nxc6 bxc6 O-O Be7 Nd2 Nxd2 Bxd2 O-O Re1 Re8 Qf3 Bf8 Rxe8 Qxe8 Re1 Be6 c4 Qd7 c5 Rb8 b3 g6 Qf4 Bg7 Ba5 Re8 Bxc7 Bxd4 Qxd4 Qxc7 b4 Qb8 h4 Bd7 Rxe8+ Qxe8 Kf1 Qb8 g3 Qe8 Qe3 Qxe3 fxe3 Kg7 Ba6 Kf6 Ke2 Ke5 Bb7 d4 Kd3 dxe3 Kxe3 Kd5 Ba6 h6 a3 g5 hxg5 hxg5 Bf1 f5 Ba6 Ke5 Bb7 Kd5 Ba6 Be8 Bc8 Ke5 Bb7 Kd5
FIDE-Wch k.o.,Groningen,1997.12.10,1.4,"Istratescu, Andrei","Chernin, Alexander",1-0,A42,e4 g6 d4 Bg7 c4 d6 Nc3 Nc6 Be3 e5 d5 Nce7 Qd2 f5 f3 Nf6 Bd3 a6 h3 f4 Bf2 O-O Nge2 g5 O-O-O Ng6 c5 Bd7 Kb1 Qe7 cxd6 cxd6 Nc1 Rfc8 Nb3 Qd8 a4 Bf8 a5 Be7 Rc1 Be8 Na2 Qd7 Qb4 Kg7 Rhd1 h5 Nd2 Rxc1+ Rxc1 Rc8 Nc4 g4 hxg4 hxg4 Nc3 Rc7 Bb6 Rc8 Ba7 Rc7 Bb6 Rc8 Bf2 Rc7 b3 Bf8 Bb6 Rc8 Ba7 Qe7 Nb6 Rd8 Nca4 Nh4 Nc8 Qd7 Nab6 Qf7 Bb8 gxf3 gxf3 Kg8 Bc7 Rxc8 Nxc8 Nxf3 Bxd6 Bh6 Ne7+ Kh7 Nf5 Bg5 Rh1+ Kg6 Qc3 Ng4 Be2 Nfh2 Bxg4 Nxg4 Qh3 Nf6 Ne7+ Kg7
FIDE-Wch k.o.,Groningen,1997.12.10,1.4,"Morovic Fernandez, Ivan","Shaked, Tal",1/2-1/2,C19,e4 e6 d4 d5 Nc3 Bb4 e5 c5 a3 Bxc3+ bxc3 Ne7 a4 Nbc6 Nf3 Qa5 Qd2 Bd7 Be2 Rc8 dxc5 Ng6 O-O Ncxe5 Nd4 O-O Ba3 Bc6 Nb5 Ra8 Nd6 Nc4 Bxc4 dxc4 Qd4 e5 Qxc4 Nf4 Rfe1 Nxg2 Rxe5 Qd8 Nf5 Re8 Rxe8+ Qxe8 Qd4 f6 Qc4+ Kf8 Qg4 Qg6 Qxg6 hxg6 Nd4 Nf4 a5 a6 Bc1 Nd5 Bd2 Re8 c4 Nc7 Rb1 Re4 c3 Rg4+ Kf1 Be4 f3 Bxb1 fxg4 Bd3+ Kf2 Bxc4 c6 bxc6 Nxc6 Nd5 Nb4
FIDE-Wch k.o.,Groningen,1997.12.10,1.4,"Kotronias, Vasilios","Milov, Vadim",0-1,B42,e4 c5 Nf3 e6 d4 cxd4 Nxd4 a6 Bd3 Bc5 Nb3 Ba7 Qe2 Nc6 Be3 d6 Nc3 Nge7 O-O e5 Rad1 O-O Nd5 Be6 Bxa7 Rxa7 Qe3 b5 c3 Rb7 f4 exf4 Nxf4 Bxb3 axb3 Ne5 Be2 Qb6 Qxb6 Rxb6 b4 Rc8 Rd4 g6 Rfd1 Rcc6 Ra1 Kg7 Rf1 Rc8 Ra1 Rcc6 Ra2 Rc8 Rd1 Ra8 Rda1 Ra7 Nd5 Nxd5 exd5 Nc4 Bxc4 bxc4 Ra5 Kf6 Kf2 Ke5 Re1+ Kf5 Kf3 Rb5 g4+ Kf6 Rea1 Re7 Rxb5 axb5 Ra5 Ke5 Rxb5 f5 gxf5 Rf7 Ke3 Rxf5 Rb7 Rh5 Rc7 Rh3+ Kf2 Rxh2+ Kg3 Rxb2 Rxc4 Kxd5 Rc7 h5 Rg7 Rb3 Rxg6 Rxc3+ Kf2 h4 Rg5+ Kc6 b5+ Kb6 Rd5 Kc7 Rh5 h3 Kg1 Rd3 Kf2 h2 Kg2 Rd2+ Kf3 Kb6 Ke3 Rg2 Kf3 Rb2 Kg3 d5 Kf3 Kc5 Ke3 Kc4 b6 d4+ Kf3 d3 b7 Rxb7 Rxh2 Kc3 Rh8 Rf7+ Ke3 Re7+ Kf3 Rc7 Rd8 Kc2 Kg3
FIDE-Wch k.o.,Groningen,1997.12.10,1.4,"Miladinovic, Igor","Hansen, Curt",1/2-1/2,E94,d4 d6 Nf3 g6 c4 Bg7 e4 Nd7 Nc3 e5 d5 a5 Be2 Ngf6 O-O O-O Qc2 Nc5 Bg5 h6 Be3 b6 Nd2 Ng4 Bxg4 Bxg4 a3 a4 Bxc5 bxc5 Nxa4 Qg5 f3 Bd7 Nc3 h5 Nb5 Bh6 Rad1 Qh4 Rfe1 Bxd2 Qxd2 Bxb5 cxb5 Rfb8 Re3 Rxb5 Qc2 Rab8 b3 Qg5 Rc3 h4 Kf2 R8b7 Rdd3 Kg7 Qe2 Qf4 g3 hxg3+ hxg3 Qh6 Kg1 Rb8 Qh2 Qg5 Qh4 Qxh4 gxh4 Rh8 Rc4 Rxh4 b4 cxb4 axb4 Rh8 Ra3 Rb7 Rac3 Rc8 Kf2 Kf6 Kg3 Ke7 Kg4 Kd7 Kg5 Ke7 f4 exf4 Kxf4 Kf6 Rf3 g5+ Kg4+ Kg6 e5 dxe5 Rc6+ Kg7 d6 Rxb4+ Kxg5 Rb6 Rxb6 cxb6 Kf5 Re8 d7 Rd8 Rd3 Kf8 Kf6 e4 Rh3 Kg8 Rg3+ Kh7 Rh3+ Kg8 Rg3+ Kf8 Rh3
FIDE-Wch k.o.,Groningen,1997.12.10,1.5,"Christiansen, Larry Mark","Andersson, Ulf",1/2-1/2,C11,e4 e6 d4 d5 Nc3 Nf6 Bg5 dxe4 Nxe4 Be7 Bxf6 gxf6 Nf3 b6 Bc4 Bb7 Qe2 c6 O-O-O Qc7 Kb1 Nd7 Rhe1 O-O-O Ba6 Bxa6 Qxa6+ Kb8 Qe2 Rhg8 g3 f5 Ned2 Bf6 c3 c5 Nc4 cxd4 Nxd4 Nc5 f3 a6 Ne3 b5 Nec2 Kb7 Rd2 Na4 Red1 Nb6 Rd3 Rd7 g4 fxg4 fxg4 Bxd4 Rxd4 Rxd4 Rxd4 Rd8 Qe4+ Kc8 Qxh7 Rxd4 Nxd4 Qf4 Qg8+ Kd7 Qh7 Qf2 Kc1 Qf1+ Kc2 Nc4 Qd3 Qxd3+ Kxd3 Nxb2+ Ke4 Na4 Ne2 Nc5+ Kd4 Kd6 h4 e5+ Ke3 Ke6 Ng3 Na4 Kd2 Nc5 h5 Kf6 Ke3 Kg7 g5 Ne6 Ne4 Nf4 h6+ Kg6 Kf3 Nd5 Kg4 a5 a3 b4 cxb4 axb4 axb4 Nxb4 Nc5 f6 gxf6 Nd5 f7 Nf6+ Kf3 Kxf7 Ne4 Nxe4
FIDE-Wch k.o.,Groningen,1997.12.10,1.4,"Portisch, Lajos","Luther, Thomas",1/2-1/2,D21,d4 e6 c4 d5 Nf3 dxc4 Qa4+ Nd7 Nc3 a6 Qxc4 b5 Qd3 Bb7 e4 Ngf6 a3 c5 e5 Nd5 Ne4 cxd4 Qxd4 Rc8 Bg5 Qb6 Qxb6 N5xb6 Nd6+ Bxd6 exd6 f6 Be3 Kf7 Rd1 Rhd8 Bd3 Nc4 Bxc4 Rxc4 Ke2 e5 Rd2 Ke6 Rhd1 Nc5 Bxc5 Rxc5 Ne1 Bd5 b4 Bc4+ Ke3 Rc6 d7 Ke7 f4 exf4+ Kxf4 Be6 Nd3 Rc4+ Kg3 Rxd7 Nc5 Rc3+ Kf2 Rxd2+ Rxd2 Bc8 Ra2 Kf7 a4 bxa4 Rxa4 Rc4 Kg3 Kg6 h3 h5 Nxa6 h4+ Kh2 Bxa6 Rxa6 Rxb4 Ra5 Kh6 Kg1 Rb2 Rc5 g6 Ra5 f5 Rc5 Kg5 Ra5 Re2 Ra6 Kh5 Rf6 Re5 Kf2 Ra5 Rb6 g5 Rb8 g4 Rh8+ Kg5 hxg4 fxg4 Rg8+ Kf4 Rf8+ Rf5 Ra8 Kg5+ Kg1 g3 Rg8+ Kf4 Ra8 Rd5 Ra4+ Ke3 Ra3+ Rd3 Rxd3+ Kxd3 Kf1 Ke3 Kg1 Kf4 Kf1 Kg4 Kg1 h3 gxh3+ Kxh3 Kh1 g2+ Kg1 Kg3
FIDE-Wch k.o.,Groningen,1997.12.10,1.5,"Bacrot, Etienne","Giorgadze, Giorgi",1/2-1/2,D38,d4 d5 c4 e6 Nf3 Nf6 Nc3 Bb4 Bg5 Nbd7 cxd5 exd5 Qc2 O-O a3 Be7 e3 c5 Be2 b6 O-O Bb7 Rfd1 Rc8 Ne5 cxd4 Nxd7 Qxd7 Rxd4 Ne4 Qxe4 Bxg5 Nxd5 Rfe8 Qd3 Qc6 Bf3 Qc2 Qxc2 Rxc2 Nb4 Rc7 Bxb7 Rxb7 Rc1 Bf6 Rd2 Kf8 Kf1 h5 Ke2 g6 Nd5 Be5 h3 Rd8 Rcd1 Rc8 f4 Bg7 e4 h4 Kf3 Re8 Rc1 Rd7 b3 f5 e5 g5 fxg5 Bxe5 Rcd1 Rg7 Nf6 Ree7 Rd8+ Kf7 Nd5 Rb7 Re1 Bh2 Ree8 Rxg5 Rf8+ Ke6 Kf2 Bg3+ Kf1 Bd6 Rf6+ Kxd5 Rdxd6+ Kc5 Rc6+ Kb5 Rce6 Rc7 Re5+ Ka6 Rexf5 Rc1+ Ke2 Rxg2+ Kd3 Ra1 a4 Rg3+ Rf3 Rh1 Rxg3 hxg3 Rg6 Rxh3 Rg7 Ka5 Kc4 Rh4+ Kc3
FIDE-Wch k.o.,Groningen,1997.12.10,1.5,"Istratescu, Andrei","Chernin, Alexander",1-0,C00,e4 e6 d3 d5 Nd2 Nc6 Ngf3 Nf6 g3 Bc5 Bg2 dxe4 dxe4 e5 O-O O-O c3 a5 h3 b6 Qa4 Bb7 Re1 Qe8 Qc2 Ba6 Bf1 Bxf1 Nxf1 Qe6 Kg2 h6 b3 Rfd8 Bb2 Ne7 a3 Nc8 b4 Bf8 c4 Nd7 Red1 axb4 axb4 Rxa1 Bxa1 Bxb4 Nxe5 Bd6 Nxd7 Rxd7 Ne3 Bf8 Re1 Ne7 Re2 Qc6 Ng4 Ng6 Ne3 Ne7 Nd5 b5 cxb5 Qxb5 Nf4 c5 Re1 c4 Qe2 Qc6 Kg1 Rd8 Bc3 Re8 h4 Kh7 e5 Ng6 Nxg6 fxg6 h5 gxh5 Qxh5 g6 Qg4 Bg7 Re4 Qd5 Qe2 Rc8 Rd4 Qe6 Rd6 Qe8 Qe4 Rc7 Qd5 Re7 f4 Qa4 Qe4 Qe8 Qxc4 Qb8 Qd3 Qe8 Qd5 Qa4 Rd8 Re8 Rd7 Qc2 Rxg7+ Kxg7 Qd7+
FIDE-Wch k.o.,Groningen,1997.12.10,1.5,"Gulko, Boris F","Aleksandrov, Aleksej",0-1,A13,c4 Nf6 g3 e6 Bg2 d5 Nf3 dxc4 Qa4+ Nbd7 Qxc4 a6 O-O b5 Qc2 Bb7 b3 c5 Bb2 Be7 d3 O-O a4 Nd5 Nbd2 Nb4 Qc1 Nf6 Qb1 h6 Rc1 Qb6 Be5 Ng4 Bc3 Nd5 Bb2 Rac8 h3 Ngf6 Ne5 Rfd8 Ndf3 Nb4 axb5 axb5 Bc3 Nfd5 Bb2 Ra8 Rxa8 Rxa8 d4 Nf6 Rd1 Be4 Qc1 Bc2 Rd2 Bxb3 Nxf7 Bd5 N7e5 c4 Rd1 Qb7 Ng6 Bd6 Nf4 Bxf4 Qxf4 Na2 Nh4 c3 Bc1 Bxg2 Nxg2 b4 Qd6 c2 Re1 Qa6 Qe7 Nxc1 Rxc1 b3 Nf4 b2 Rf1 Re8
FIDE-Wch k.o.,Groningen,1997.12.10,1.5,"Hracek, Zbynek","Barua, Dibyendu",1-0,C43,e4 e5 Nf3 Nf6 d4 Nxe4 Bd3 d5 Nxe5 Nc6 Nxc6 bxc6 O-O Bd6 c4 O-O c5 Be7 Nc3 f5 f3 Ng5 Ne2 Ne6 Qa4 Bd7 Nf4 Bf6 Nxe6 Bxe6 Re1 Qd7 Bf4 Rab8 b3 a5 Be5 Rb4 Qxa5 Rxd4 Qc3 Rh4 a4 d4 Qc2 Bd5 a5 Qf7 a6 Bxe5 Rxe5 Qh5 h3 Qg5 a7 Ra8 Qe2 Qd8 Re1
FIDE-Wch k.o.,Groningen,1997.12.10,1.2,"Morovic Fernandez, Ivan","Shaked, Tal",1/2-1/2,C19,e4 e6 d4 d5 Nc3 Bb4 e5 c5 a3 Bxc3+ bxc3 Ne7 a4 Nbc6 Nf3 Qa5 Qd2 Bd7 Ba3 cxd4 cxd4 Qxd2+ Kxd2 Nf5 Rb1 b6 c3 Na5 Bb4 Nc4+ Bxc4 dxc4 a5 Bc6 Ne1 f6 exf6 gxf6 Rg1 Kf7 Nc2 e5 dxe5 Rad8+ Kc1 fxe5 Ra1 Rhg8 axb6 axb6 Ra7+ Rd7 Rxd7+ Bxd7 g3 h5 Rd1 Bc6 Ne3 Nxe3 fxe3 Rg6 Rd8 Rf6
FIDE-Wch k.o.,Groningen,1997.12.10,1.2,"Milov, Vadim","Kotronias, Vasilios",1/2-1/2,E73,d4 Nf6 c4 g6 Nc3 Bg7 e4 d6 Be2 O-O Bg5 h6 Be3 c5 dxc5 Qa5 Bd2 Qxc5 Nf3 Bg4 Be3 Qa5 Nd2 Bxe2 Qxe2 Nc6 O-O Rfc8 a3 Nd7 Rfc1 Kh7 Rab1 Qd8 b4 a5 b5 Nd4 Bxd4 Bxd4 Na4 Nc5 Nxc5 dxc5 e5 Qd7 Nf3 Qf5 Qc2 Rd8 Qxf5 gxf5 Kf1 e6 Rc2 f6 exf6 Bxf6 Ke2 e5 Nd2 e4 a4 b6 f3 Rd4 fxe4 fxe4 Nf1 Bg5 Ne3 Bxe3 Kxe3 Rf8 Re1 Kg6 Ree2 Rf1 Red2 Re1+ Re2 Ra1 Kf4 Kf6 Rc3 Rf1+ Kg4 Rf5 h4 Rf3 gxf3 exf3+ Kg3 fxe2 Kf2 Rxh4 Rd3 Rh2+ Ke1 Ke7 Re3+ Kd6 Rd3+ Ke5 Rd5+ Ke4 Rd6 h5 Rxb6 Kd3 Rd6+ Kxc4 b6 h4 Rh6 Kd3 Rd6+ Ke3 Re6+ Kd4 Rd6+ Kc3 Rd5 Kc4 Rh5 h3 b7 Rh1+ Kxe2 Rb1 Rh4+ Kd5 Rh5+ Kc6 Rxh3 Kxb7 Rh5 Kc6 Kd3 Rb3+ Kc2 Re3 Rg5 Re4 Kb3 Rb4+ Ka3 Re4 Kb3 Kd6 Rh5 Re5 Rh8 Kc6 Rc8+ Kb6 Rb8+ Kc7 Ra8 Kb7 Rh8 Re4 Rh6 Rb4+ Ka3 c4 Rh5 Rb3+ Ka2 Kb6 Rg5 Rb4 Rg6+ Kc5 Rg5+ Kd4 Rxa5 Kc3 Rh5 Rxa4+ Kb1 Rb4+ Kc1 Kb3 Rh2 c3 Rh8
FIDE-Wch k.o.,Groningen,1997.12.10,1.2,"Kobese, Watu","Sokolov, Andrei",1/2-1/2,B80,e4 c5 Nf3 e6 d4 cxd4 Nxd4 Nc6 Nc3 d6 g3 Nf6 Bg2 Bd7 O-O Nxd4 Qxd4 Qc7 Nd1 Be7 Ne3 O-O a4 Bc6 Bd2 Rfd8 Bc3 Ne8 Rfe1 Bf6 Qd3 Rac8 a5 a6 Bxf6 Nxf6 Qd4 d5 e5 Nd7 f4 Bb5 f5 Qxe5 Qxe5 Nxe5 fxe6 fxe6 Nxd5 exd5 Rxe5 Rxc2 Bxd5+ Kh8 Bxb7 Rxb2 Rxb5 Rxb5 Bxa6 Rb2 Bf1 Ra8 a6 g6 Bg2 Ra7 h4 Kg7 Kh2 h5 Kh3 Kh6 Ra3 Rb6 Bf1 Rb2 Bg2 Rb6 Bf1 Rb2 Bg2
FIDE-Wch k.o.,Groningen,1997.12.10,1.5,"Shaked, Tal","Morovic Fernandez, Ivan",1-0,C26,e4 e5 Nf3 Nc6 Nc3 Nf6 g3 d5 exd5 Nxd5 Bg2 Nxc3 bxc3 Bd6 O-O O-O Rb1 Rb8 d4 h6 Re1 Qf6 Nd2 exd4 Bxc6 Bc5 Bg2 Bf5 Nb3 d3 cxd3 Bxf2+ Kxf2 Bxd3+ Qf3 Qxf3+ Bxf3 Bxb1 Ba3 Bxa2 Bxf8 Bxb3 Ba3 Be6 Bc1 c6 Be3 b6 Ra1 Rb7 Bxc6 Rc7 Be4 f5 Bg2 g5 Bd4 Kf7 Ke3 Bc4 Kd2 f4 gxf4 gxf4 Bf3 Kf8 Rg1 b5 Rg6 a5 Rxh6 Rf7 Rf6 a4 Rxf7+ Kxf7 Be5 a3 Kc2 Ke6 Bxf4 Kf5 Bd6 a2 Kb2 Kg5 Bg3 Kf5 h4 Kg6 Bf4 Kf5 Be3 Bf7 Be2 Ke4 Bd2
FIDE-Wch k.o.,Groningen,1997.12.10,1.5,"Yermolinsky, Alex","Kindermann, Stefan",0-1,A80,d4 f5 Nc3 Nf6 Bg5 d5 Bxf6 exf6 e3 Be6 Bd3 Nc6 a3 Qd7 Nf3 Bd6 Nb5 Be7 O-O Nd8 Nc3 Nf7 Ne2 Nd6 b3 O-O Nf4 Bf7 Qe2 g5 Nxd5 Bxd5 c4 Be4 c5 Bxd3 Qxd3 Ne4 Ne1 g4 b4 c6 f3 Ng5 Ra2 Rae8 fxg4 fxg4 Raf2 Bd8 Nc2 Ne4 Rf5 Kh8 d5 cxd5 Rxd5 Qe6 Rd7 b6 Rxa7 bxc5 bxc5 f5 Nd4 Qd5 c6 Bb6 Rd7 Qe5 Qb3 Bc7 g3 Nc5 Qc3 Nxd7 cxd7 Qxe3+ Qxe3 Rxe3
FIDE-Wch k.o.,Groningen,1997.12.10,1.6,"Andersson, Ulf","Christiansen, Larry Mark",1/2-1/2,D77,Nf3 Nf6 d4 g6 g3 d5 Bg2 Bg7 O-O O-O c4 dxc4 Na3 Nc6 Nxc4 Be6 Nce5 Bd5 Bf4 e6 a3 Qe7 Rc1 Rfd8 Nxc6 Bxc6 Rxc6 bxc6 Ne5 c5 Bxa8 Rxa8 dxc5 Nd5 Nd3 Nxf4 gxf4 Rd8 Qa4 e5 Qe4 Rd4 Qa8+ Rd8 Qe4 Rd4
FIDE-Wch k.o.,Groningen,1997.12.10,1.6,"Giorgadze, Giorgi","Bacrot, Etienne",1/2-1/2,E46,d4 Nf6 c4 e6 Nc3 Bb4 e3 O-O Ne2 Re8 g3 d5 Bg2 dxc4 O-O c6 Qc2 Nbd7 Ne4 Nb6 Nxf6+ Qxf6 e4 e5 Be3 exd4 Bxd4 Qe7 a4 Be6 Nf4 Rad8 Be3 Ba5 Rfd1 h6 h3 Qf6 Bf1 c3 b3 Bb4 a5 Rxd1 Rxd1 Bxa5 Bd4 Qe7 Ra1 Qb4 Nxe6 Rxe6 Be3 Rxe4 Bc5 Qxc5 Qxe4 g6 Rd1 Nd5 Bc4 Bb6 Qf3 a5 Rc1 Qa3 Rc2 Bd4 Bxd5 cxd5 Qxd5 Bf6 Qxb7 Qa1+ Kg2 Qb1 Rxc3 Bxc3 Qc8+ Kh7 Qxc3 Qe4+
FIDE-Wch k.o.,Groningen,1997.12.10,1.6,"Luther, Thomas","Portisch, Lajos",1-0,C45,e4 e5 Nf3 Nc6 d4 exd4 Nxd4 Bc5 Nxc6 Qf6 Qd2 dxc6 Bd3 Be6 O-O Qe7 Qe2 Nf6 Be3 Bxe3 Qxe3 Ng4 Qg3 h5 h3 h4 Qf4 g5 Qd2 Ne5 Qa5 Qd6 Be2 b6 Qa4 Rg8 Rd1 Qc5 Qd4 Qxd4 Rxd4 g4 Bxg4 Bxg4 hxg4 Rxg4 Kh2 Ke7 Nd2 Rag8 Rg1 Rf4 f3 a5 Ra4 c5 Ra3 Rd8 Nf1 Nc4 Rc3 Rd4 b3 Ne5 Ne3 h3 Nd5+ Rxd5 exd5 hxg2 Kxg2 Kd6 Re3 Rd4 Rge1 Ng6 c4 Nf4+ Kg3 Nh5+ Kf2 Nf4 Kg3 Nh5+ Kf2 Nf4 Kf1 c6 Re4 cxd5 Rxd4 cxd4 cxd5 Kxd5 Re7 f6 Ke1 Nd3+ Kd2 Ne5 f4 Ng6 Rd7+ Ke4 Rd6 b5 Rxf6 Nxf4 Ra6 b4 Rxa5 Nd5 Ra8 Nc3 Re8+ Kd5 Ra8 Ne4+ Kc2 Nc3 Kd3 Kc5 Ra5+ Kb6 Rh5 Nxa2 Kxd4 Kc6 Kc4 Kb6 Rh2 Nc3 Kxb4
FIDE-Wch k.o.,Groningen,1997.12.10,1.7,"Bacrot, Etienne","Giorgadze, Giorgi",0-1,D38,d4 d5 c4 e6 Nf3 Nf6 Nc3 Bb4 Bg5 Nbd7 cxd5 exd5 Qc2 O-O a3 Bxc3+ bxc3 c5 e3 Qa5 Bd3 cxd4 Nxd4 Ne4 Be7 Re8 Bb4 Qb6 a4 Ndc5 Bxc5 Qxc5 O-O Bd7 c4 Rac8 cxd5 Qxd5 Qb2 Nc5 Bc2 b6 Rfd1 Qg5 Nf3 Qe7 Rd4 Qf6 Qb1 g6 Rf4 Qc3 Ra2 Bxa4 h4 Bxc2 Rxc2 Qb3 Qc1 Rcd8 Nd4 Qd5 Qa1 a5 Qb1 Rd6 Rc1 a4 Nb5 Rd7 Nc3 Qa8 Rc4 Qa6 Rd4 Rxd4 exd4 Nb3 Rd1 Qc4 Ne4 Qe6 Nc3 Qc6 Qd3 a3 d5 Qf6 Ne4 Rxe4 Qxb3 Qd6 Ra1 Rxh4 Rxa3 Qh2+ Kf1 Qh1+ Ke2 Qxg2 Ra8+ Kg7 Re8 Qg4+ f3 Qd4
FIDE-Wch k.o.,Groningen,1997.12.10,1.7,"Christiansen, Larry Mark","Andersson, Ulf",1/2-1/2,C11,e4 e6 d4 d5 Nc3 Nf6 Bg5 dxe4 Nxe4 Be7 Bxf6 gxf6 Nf3 b6 Bc4 Bb7 Qe2 c6 O-O-O Qc7 Kb1 Nd7 Rhe1 O-O-O Ba6 Bxa6 Qxa6+ Kb8 Qe2 Rhg8 g3 f5 Ned2 Bf6 Nc4 b5 Ncd2 a6 Nb3 c5 c4 cxd4 cxb5 e5 bxa6 Qb6 Qc2 d3 Rxd3 e4 Rd5 exf3 Red1 Ne5 Qxf5 Rxd5 Rxd5 Rd8 Rxe5 Bxe5 Qxe5+ Qc7 a7+ Kb7 Nc5+ Kb6 Na4+ Kb7 Nc5+ Kb6 Na4+ Kb7 Nc5+ Kb6 Nd7+ Qxd7 Qb8+
FIDE-Wch k.o.,Groningen,1997.12.10,1.8,"Andersson, Ulf","Christiansen, Larry Mark",1/2-1/2,A31,d4 Nf6 Nf3 c5 c4 cxd4 Nxd4 e5 Nc2 d5 cxd5 Qxd5 Qxd5 Nxd5 e4 Nb4 Nxb4 Bxb4+ Bd2 Bxd2+ Kxd2 Be6 Nc3 Nc6 Bb5 O-O-O+ Ke3 Nd4 Bd3 Kb8 Ne2 Nxe2 Bxe2 Rd6 b3 Rc8 Rhc1 Rdc6 Rxc6 Rxc6 Bd3 Kc7 g3 f6 f4 Rc5 f5 Bf7 g4 Kd6 Rd1 Ke7 h4 h6 Rd2 a5 Rg2 b5 g5 hxg5 hxg5 fxg5 Rxg5 Kf6 Rg2 b4 Rc2 Rxc2 Bxc2 g6 fxg6 Kxg6 Bd3 Kf6 Bb5 Ke7 Bd3 Kd6 Be2 Kc5 Bd3 Be6 Be2 a4 Bd1 a3 Bc2 Bg4 Kd3 Be6 Ke3 Kd6 Kf3 Ke7 Kg3 Kf6 Kh4 Bd7 Bd3 Kg6 Bc4 Kh6 Bd3 Kg6 Bc4 Kf6 Bd3 Be6 Bc2
FIDE-Wch k.o.,Groningen,1997.12.10,1.9,"Christiansen, Larry Mark","Andersson, Ulf",0-1,B85,e4 c5 Nf3 e6 d4 cxd4 Nxd4 Nc6 Nc3 a6 Be2 d6 O-O Nf6 Be3 Be7 f4 O-O a4 Qc7 Kh1 Nxd4 Qxd4 e5 Qd2 exf4 Rxf4 Be6 a5 Rac8 Bb6 Qb8 Rf2 Rxc3 Qxc3 Nxe4 Qe3 Nxf2+ Qxf2 Bf6 c3 Be5 Bf3 Bd7 h3 Bc6 Bxc6 bxc6 Rf1 Qb7 Qe2 h6 Qd3 Re8 b3 Re6 c4 c5 Qd5 Qxd5 cxd5 Rf6 Rxf6 Bxf6 Kg1 Kf8 Kf2 Ke8 Ke2 Bd8 Bxd8 Kxd8 Ke3 Ke7 Ke4 Kf6 h4 h5 Kf4 g6 Ke4 g5 g3 Kg6 Ke3 gxh4 gxh4 Kf5 Kf3 Ke5 Ke3 f5
FIDE-Wch k.o.,Groningen,1997.12.11,2.1,"Adams, Michael","Giorgadze, Giorgi",1-0,C95,e4 e5 Nf3 Nc6 Bb5 a6 Ba4 Nf6 O-O Be7 Re1 b5 Bb3 O-O h3 d6 c3 Nb8 d4 Nbd7 Nbd2 Bb7 Bc2 Re8 Nf1 Bf8 Ng3 g6 a4 c5 d5 c4 Bg5 h6 Be3 Nc5 Qd2 h5 Bg5 Be7 Ra3 Rb8 Rea1 h4 Bxh4 Nfxe4 Nxe4 Nxe4 Bxe4 Bxh4 axb5 axb5 Ra5 Bc8 Ra7 Bf6 h4 Re7 h5 Bf5 Qc2 Qc8 hxg6 fxg6 Nd2 Kf8 R7a6 Qd7 Nf1 Rf7 Ng3 Be7 Ra7 Rb7 Rxb7 Qxb7 Bxf5 gxf5 Nxf5 Qxd5 Qd2 Qc6 Qh6+ Ke8 Qe6
FIDE-Wch k.o.,Groningen,1997.12.11,2.1,"Andersson, Ulf","Milov, Vadim",1-0,E02,d4 Nf6 Nf3 d5 c4 e6 g3 dxc4 Qa4+ Nbd7 Bg2 a6 Nc3 Rb8 Qxc4 b5 Qd3 Bb7 O-O c5 dxc5 Bxc5 Bf4 Rc8 Rad1 b4 Na4 Be7 Ne5 Bxg2 Kxg2 Qa5 Nxd7 Qxa4 Nxf6+ Bxf6 b3 Qc6+ Qf3 Qxf3+ Kxf3 Rc3+ Kg2 a5 Rd6 g5 Be3 a4 bxa4 O-O a5 Ra8 a6 Ra3 a7 Rxa2 Rd7 Kg7 Rb7 Rxe2 Rd1 b3 Rb8
FIDE-Wch k.o.,Groningen,1997.12.11,2.1,"Azmaiparashvili, Zurab","Slobodjan, Roman",1/2-1/2,A29,c4 e5 Nc3 Nf6 Nf3 Nc6 g3 Bc5 Bg2 d6 d3 a6 Bg5 h6 Bxf6 Qxf6 O-O Qd8 a3 Nd4 Ne1 Ba7 e3 Ne6 Nc2 O-O d4 Ng5 f4 exd4 exd4 Nh7 Qd3 Rb8 Rad1 Bd7 b4 c6 h3 Qc7 Kh2 b5 c5 d5 Rde1 Rbe8 a4 Nf6 axb5 axb5 Re5
FIDE-Wch k.o.,Groningen,1997.12.11,2.1,"Luther, Thomas","Akopian, Vladimir",1/2-1/2,B97,e4 c5 Nf3 d6 d4 cxd4 Nxd4 Nf6 Nc3 a6 Bg5 e6 f4 Qb6 Qd2 Qxb2 Rb1 Qa3 f5 Nc6 fxe6 fxe6 Nxc6 bxc6 Be2 Be7 O-O O-O Rb3 Qc5+ Be3 Qe5 Bd4 Qa5 Bb6 Qe5 Bd4 Qa5 Bb6 Qe5
FIDE-Wch k.o.,Groningen,1997.12.11,2.1,"Aleksandrov, Aleksej","Hjartarson, Johann",1/2-1/2,E42,d4 Nf6 c4 e6 Nc3 Bb4 e3 c5 Ne2 cxd4 exd4 O-O a3 Be7 d5 exd5 cxd5 Re8 d6 Bf8 g3 b6 Bg2 Nc6 b4 Bb7 O-O Rb8 Nb5 a5 Nc7 Re5 b5 Na7 Bxb7 Rxb7 Bf4 Bxd6 Qxd6 Rxe2 Rac1 Qe7 Qxe7 Rxe7 Rfe1 Rxe1+ Rxe1 a4 g4 h6 f3 Nc8 h4 Kh7 Bh2 Ra7 Kf2 d6 Na6 Rd7 Rc1 Na7 Nc7 h5 g5 Ng8 Ke2 Ne7 Bg1 Nac8 Kd3 d5 Na8 Rb7 Bh2 Ra7 Nc7 Nf5 Rc6 Nfe7 Rc1 Nf5 Rc6 Nxh4 Nxd5 Ne7 Nxe7 Rxe7 Bd6 Re6 Bc7 Re7 Bxb6 Nxf3 Rc7 Re1 Bf2 Rb1 b6 h4 Rxf7 Ne5+ Kc2 Rxb6 Rf4 Rc6+ Kd1 Rc4 Rxh4+ Rxh4 Bxh4 Nc4 Kc2 Nxa3+ Kc3 Nb5+ Kb4 a3 Bg3 a2 Be5 Nd6
FIDE-Wch k.o.,Groningen,1997.12.11,2.1,"Van Wely, Loek","Miladinovic, Igor",1/2-1/2,D07,d4 d5 c4 Nc6 cxd5 Qxd5 e3 e5 Nc3 Bb4 Bd2 Bxc3 Bxc3 exd4 Ne2 Nf6 Nxd4 O-O Nb5 Qg5 Nxc7 Bg4 Qb3 Rad8 Qxb7 Qc5 Bb5 Rd6 Na6 Qd5 O-O Bc8 Qc7 Qxb5 Qxd6 Ne4 Qf4 Nxc3 bxc3 Bxa6 Rfd1 Qc4 Qxc4 Bxc4 a3 Rc8 Rab1 Kf8 f3 Rc7 Kf2 Ke7 g4 h6 h4 Ne5 Rb8 Nd7 Ra8 Be6 Rd4 Nb6 Rg8 g6 Rh8 Rxc3 Rxh6 Rc2+ Kg3 Nc4 Rh8 Rc3 h5 gxh5 gxh5 Nxe3 Ra4 Nf5+ Kf4 Kf6 h6 Nh4 Rg8 Rxf3+ Ke4 Rh3 Rxa7 Nf5 Rh8 Nxh6 a4 Kg5 a5 f5+ Kd4 f4 Rg7+ Kf6 Rgh7 Nf5+ Ke4 Ng3+ Kd4 Ne2+ Kc5 Rc3+ Kd6 Rd3+ Kc7 Nd4 a6 Rc3+ Kb6 Ke5
FIDE-Wch k.o.,Groningen,1997.12.11,2.1,"Tkachiev, Vladislav","Salov, Valery",1/2-1/2,E11,d4 Nf6 c4 e6 Nf3 Bb4+ Bd2 Qe7 Nc3 Bxc3 Bxc3 Ne4 Qc2 Nxc3 Qxc3 d6 Rc1 O-O c5 Nd7 e3 Nf6 Be2 Bd7 O-O Bc6 Nd2
FIDE-Wch k.o.,Groningen,1997.12.11,2.1,"Svidler, Peter","Adianto, Utut",1-0,C82,e4 e5 Nf3 Nc6 Bb5 a6 Ba4 Nf6 O-O Nxe4 d4 b5 Bb3 d5 dxe5 Be6 Nbd2 Nc5 c3 Be7 Bc2 Bg4 Re1 O-O Nf1 Re8 h3 Bh5 Ng3 Bg6 Nf5 Ne4 Nxe7+ Rxe7 Bf4 Qd7 Nh4 Nc5 Nxg6 hxg6 Be3 Ne6 f4 d4 Be4 Rd8 Bf2 Ree8 Qg4 Ne7 h4 c5 Rad1 Nd5 f5 gxf5 Qxf5 Nf8 Qf3 Qe6 cxd4 cxd4 Bxd4 Ne7 a3 Rd7 Bc3 Red8 Rxd7 Rxd7 h5 Nh7 Qg3 Qb6+ Kh2 Qh6 Qg4 Nf8 Rf1 Ne6 Rf6 Qe3 h6 Ng5 e6 fxe6 Qxg5
FIDE-Wch k.o.,Groningen,1997.12.11,2.1,"Sokolov, Ivan","Epishin, Vladimir",1-0,E42,d4 Nf6 c4 e6 Nc3 Bb4 e3 c5 Ne2 cxd4 exd4 O-O a3 Be7 Nf4 d5 cxd5 Nxd5 Ncxd5 exd5 Bd3 Bg5 O-O Nc6 Re1 Qd6 Ne6 Bxe6 Bxg5 Qd7 Rc1 Rfe8 Bb5 Bf5 Rxe8+ Rxe8 b4 Rc8 Be3 a6 Ba4 Qd8 Bb3 Na7 Rc5 Be6 Qh5 Rxc5 dxc5 Nc6 Bc2 h6 Bxh6 gxh6 Qxh6 Qd7 Bh7+ Kh8 f4 d4 f5 d3 fxe6 Qd4+ Kf1 Qa1+ Kf2 Ne5 Bxd3+ Kg8 Bh7+ Kh8 Bg6+
FIDE-Wch k.o.,Groningen,1997.12.11,2.1,"Almasi, Zoltan","Polgar, Judit",1/2-1/2,B22,e4 c5 c3 Nf6 e5 Nd5 Nf3 e6 d4 cxd4 cxd4 b6 a3 Be7 Nbd2 O-O Ne4 f5 exf6 Nxf6 Bd3 Bb7 Nxf6+ Bxf6 O-O Bd5 Ne5 Bxe5 dxe5 Qh4 f4 Nc6 Be3 Ne7 Qe1 Qh5 Qe2 Qf7 a4 Nf5 a5 Rab8 axb6 axb6 Ra6 Qe7 Rxb6 Rxb6 Bxb6 Qb4 Qf2 Rc8 Bxf5 exf5 Bd4 Rc6 Bc3 Qc4 Qd2 Rg6 Rf2 h5 h3 h4 Kh2 Ba8 Bb4 Qb3 Qc3 Qd5 Qc8+ Kh7 Qc2 Qf7 Be1 Be4 Qd1 Qc4 Bc3 Qc5 Re2 Qc6 Rd2 Kh6 Rd6 Qxd6 Qxd6 Rxd6 exd6 Kg6 Be1 Kh5 Ba5 Bc6 Bd8 Bd5 b4 Bc6 g3 hxg3+ Kxg3 Kg6 h4 Ba4 Be7 Bc6 Kf2 Kh7 Ke3 g6 Kd4 Kg7 Kc5 Bf3 Kb6 Kf7 Kc7 Bc6 Kb6 Bf3 Bg5 Ke6 Kc7 Bc6 Bh6 Bb5 Bg7 Bc6 Be5 Bb5 Kb6
FIDE-Wch k.o.,Groningen,1997.12.11,2.1,"Short, Nigel D","Kortschnoj, Viktor",1/2-1/2,C11,e4 e6 d4 d5 Nc3 Nf6 e5 Nfd7 f4 c5 Nf3 Nc6 Be3 cxd4 Nxd4 Bc5 Qd2 Bxd4 Bxd4 Nxd4 Qxd4 Qb6 Qxb6 Nxb6 a4 a5 Kd2 Bd7 b3 Ke7 Re1 Rag8 h4 h6 Bd3 g5 hxg5 hxg5 g3 Bc6 Rxh8 Rxh8 Ne2 Nd7 Nd4 Rh3 Rg1 gxf4 gxf4 Rh4 Ke3 Rh3+ Kf2 Nc5 Rg3 Rxg3 Kxg3 Nxd3 cxd3 f6 Kf3 fxe5 fxe5 Bd7 Ke3 Kf7 Kf4
FIDE-Wch k.o.,Groningen,1997.12.11,2.1,"Rublevsky, Sergei","Shaked, Tal",1/2-1/2,C06,e4 e6 d4 d5 Nd2 Nf6 Bd3 c5 e5 Nfd7 c3 Nc6 Ne2 Qb6 Nf3 cxd4 cxd4 f6 exf6 Nxf6 O-O Bd6 Bd2 O-O Bc3 Bd7 Ng3 Bf4 Ne5 Be8 Kh1 Nxe5 dxe5 Nd7 Re1 Qxf2 Rf1 Qb6 Bd4 Qb4 Nf5 Bg5 Bc3 Qc5 Qg4 exf5 Bxf5 d4 Bxd4 Qe7 Bc3 Nxe5 Bxe5 Qxe5 Bxh7+ Kxh7 Rxf8 Rd8 Raf1 Qe7 Qh3+ Bh6 Qb3 Qe4 h3 Rd2 Qg8+ Kg6 R8f6+ Kg5 R6f3 Qe2 Rg3+ Kh4 Rg4+ Qxg4 hxg4 Bc6 Rg1 Rd3 Re1 Rd2 Qc4 Bxg2+ Kg1 Bd5 Qc3 Rg2+ Kf1 Rxg4 b3 Bc6 Re7 a6 a4 Rg3 Qd4+ Rg4 Qf2+ Kh3 Re5 Rf4 Rh5+ Kg4 Rh4+ Kf5 Rxf4+ Bxf4 Qc5+ Be5 Qc2+ Be4 Qc8+ Kf6 Ke2 Bc6 Qd8+ Kf5 Qe7 g5 Qf7+ Bf6 Qh5 Be5 Ke3 Bf4+ Kf2 Ke5 Qg4 Kd4 Qe6 Bd5 Qb6+ Ke5 Qc7+ Kd4 Qd7 Ke5 b4 Bc6 Qe7+ Kf5 Qc5+ Ke6 Qc4+ Bd5 Qc8+ Ke5 Qe8+ Kf5 Qd7+ Ke5 Qe7+ Kf5 Ke2 Be4 Qd7+ Ke5 Qe7+ Kf5 Qd7+ Ke5 b5 axb5 axb5 Kf6 Qe8 Kf5 Qe7 Bd5 Kd3 Bf3 Qd7+ Ke5 Qh3 g4 Qh5+ Kf6 Kd4 Bg3 Ke3 Be5 Qh6+ Kf5 Qf8+ Ke6 Qc5 Kf5 Qe7 Bf4+ Kf2 Be5 Qf7+ Kg5 Qe6 Kf4 Qc4+ Kf5 Qg8 Bd4+ Kf1 b6 Qf7+ Ke4 Qe6+ Kd3 Ke1 Bc5 Qb3+ Ke4 Kd2 Kf4 Ke1 Ke4
FIDE-Wch k.o.,Groningen,1997.12.11,2.1,"Rozentalis, Eduardas","Tiviakov, Sergei",0-1,B22,e4 c5 c3 d5 exd5 Qxd5 d4 e6 Nf3 Nf6 Be3 cxd4 cxd4 Be7 Nc3 Qd6 Bd3 Nc6 a3 O-O Qc2 g6 O-O b6 Rad1 Bb7 Rfe1 Ng4 Be4 Rac8 Qe2 Nxe3 Qxe3 Bf6 d5 Na5 dxe6 Qxe6 Nd4 Qe7 Ndb5 Bxe4 Nxe4 Bxb2 Qf3 Rc6 a4 Re6 Re2 Bg7 Rde1 a6 Nbc3 Rd8 g3 Nc6 Re3 Nd4 Qd1 h6 Qb1 Kh7 h4 Nf5 R3e2 Nd4 Re3 f5 Nd2 Rxe3 Rxe3 Qf6 h5 f4 hxg6+ Qxg6 Qxg6+ Kxg6 Rd3 fxg3 Rxg3+ Kf7 Nde4 b5 axb5 axb5 Kf1 b4 Na4 b3 Nb2 Rb8 Nd6+ Kf8 Re3 Nf5 Nxf5 Bxb2 Re1 Ba3 Rb1 b2 Nd4 Rc8 Nb3 Rc3 Nd2 Rc1+
FIDE-Wch k.o.,Groningen,1997.12.11,2.1,"Nikolic, Predrag","Anand, Viswanathan",0-1,D43,d4 d5 c4 c6 Nc3 Nf6 Nf3 e6 Bg5 h6 Bxf6 Qxf6 e3 Nd7 Bd3 dxc4 Bxc4 g6 O-O Bg7 b4 O-O Rc1 Qe7 Qb3 Nb6 Bd3 Rd8 Ne4 Nd5 a3 Bd7 Nc5 Be8 Bb1 b6 Nd3 a5 Rc4 axb4 axb4 Rdb8 e4 Nc7 Rfc1 Nb5 Nde5 Rd8 Nxc6 Bxc6 Rxc6 Ra3 Qc4 Nxd4 Nxd4 Rxd4 Rc8+ Kh7 Qc6 Rd2 Rc7 Qd8 g3 Rf3 Rf1 Rdxf2 Rxf2 Qd1+ Kg2 Rxf2+ Kxf2 Bd4+
FIDE-Wch k.o.,Groningen,1997.12.11,2.1,"Nijboer, Friso","Khalifman, Alexander",0-1,C88,e4 e5 Nf3 Nc6 Bb5 a6 Ba4 Nf6 O-O Be7 Re1 b5 Bb3 O-O a4 Bb7 d3 d6 c3 Nb8 axb5 axb5 Rxa8 Bxa8 Na3 c6 Ng5 h6 Nh3 Nbd7 f4 Bb7 Nf2 Bc8 d4 Qa5 Nc2 c5 Ne3 c4 Nf5 Re8 Nxe7+ Rxe7 Bc2 Re8 g4 b4 dxe5 dxe5 cxb4 Qxb4 f5 Nc5 h4 c3 g5 hxg5 hxg5 Nh7 bxc3 Qxc3 Re3 Qd4 Rh3 Qxd1+ Bxd1 Bb7 Bc2 Ra8 g6 Ra1 gxh7+ Kh8 Rc3 Rxc1+ Kh2 Bxe4 Nxe4 Nxe4 Rc8+ Kxh7 f6 g6 Kg2 Re1 Rc7 Ng5 Bb3 Re2+ Kg1 Kh6 Bxf7 Nxf7 Rxf7 Kg5 Rf8 Kf5 Kf1 Re4 Kg2 Ke6 f7 Ke7 Ra8 Kxf7 Ra6 Rg4+ Kf3 Rf4+ Kg3 Rf6 Ra1 Ke6 Kg4 Rf4+ Kg5 Rd4 Ra5 Rd1 Kxg6 Rg1+ Kh5 Kf5 Kh4 Kf4 Kh3 e4 Kh2 Rg8
FIDE-Wch k.o.,Groningen,1997.12.11,2.1,"Nenashev, Alexander","Dreev, Alexey",1/2-1/2,D48,d4 d5 c4 c6 Nf3 Nf6 Nc3 e6 e3 Nbd7 Bd3 dxc4 Bxc4 b5 Bd3 Bb7 O-O a6 e4 c5 d5 Qc7 Bc2 Bd6 dxe6 fxe6 Ng5 Nf8 f4 O-O-O Qe2 h6 Nf3 Bxf4 e5 Bxf3 Qxf3 Bxe5 Qa8+ Kd7 Qxa6 Bxh2+ Kh1 Ke7 Be3 Qe5 Rf3 N8d7 Re1 Qd6 Qxb5 Rb8 Qe2 Bg3 Rd1 Qe5 Bb3 Rb4 Bxe6 Qxe6 Rxg3 Kf7 Qc2 Rg4 Rxg4 Nxg4 Qe4 Nxe3 Qxe6+ Kxe6 Re1
FIDE-Wch k.o.,Groningen,1997.12.11,2.1,"Morozevich, Alexander","Oll, Lembit",0-1,B13,e4 c6 d4 d5 exd5 cxd5 Bd3 Nc6 c3 Nf6 Bf4 Bg4 Qb3 Qd7 Nd2 e6 Ngf3 Bxf3 Nxf3 Bd6 Bxd6 Qxd6 Qxb7 Rb8 Qa6 O-O Bb5 Rb6 Qa4 Ne7 b3 Ne4 Rc1 Rc8 Bd3 Ng6 Ne5 Nc5 dxc5 Qxe5+ Kd2 Rxc5 g3 Qb8 f4 Ne7 h4 Rc8 h5 h6 Rc2 Nc6 Kc1 e5 Rd1 e4 Ba6 Rd8 Be2 Qd6 Kb1 Qf6 Qa3 d4 cxd4 Nxd4 Rcd2 Rbd6 Qb4 Kh7 Bg4 e3 Rd3 a5 Qc5 Rd5 Qc4 Nb5 Qxb5 Rxb5 Rxd8 a4 R8d6 Qe7 Be2 Rb8 Rd7 Qa3 Bd3+ Kg8 Bc4 axb3 Bxf7+ Kf8 Bxb3 e2
FIDE-Wch k.o.,Groningen,1997.12.11,2.1,"Milos, Gilberto","Kindermann, Stefan",1-0,C18,e4 e6 d4 d5 Nc3 Bb4 e5 c5 a3 Bxc3+ bxc3 Ne7 h4 Qa5 Bd2 cxd4 cxd4 Qa4 c3 Qxd1+ Rxd1 Nbc6 h5 h6 Bd3 Bd7 Ne2 Na5 Rb1 b6 g4 Nc4 Bc1 Rc8 f3 Rf8 Kf2 Bc6 g5 hxg5 Bxg5 Nf5 Bxf5 exf5 Rbg1 Rh8 Bc1 Rh7 Nf4 Bb7 h6 gxh6 Nh5 Ke7 Nf6 Rhh8 Rg7 Na5 Bxh6 Rxc3 Nh7 Rc2+ Kg3 Kd7 Rxf7+ Kc8 Bg7 Rd8 e6 Re2 e7 Re8 Be5 Kd7 Nf6+ Ke6 Rhh7
FIDE-Wch k.o.,Groningen,1997.12.11,2.1,"Bareev, Evgeny","Malaniuk, Vladimir P",1-0,A81,d4 f5 g3 Nf6 Bg2 g6 Nf3 Bg7 O-O O-O b4 Ne4 c4 e6 Bb2 b6 Nc3 Bb7 Rc1 a5 b5 d6 Ne1 Nxc3 Bxc3 Bxg2 Nxg2 Nd7 Nf4 Qe7 d5 Nc5 dxe6 Nxe6 Bxg7 Kxg7 Nd5 Qf7 Rc3 Kg8 Re3 Rae8 Qa1 Ng7 Qc3 Nh5 Rxe8 Rxe8 Re1 Re6 e3 Nf6 Nxf6+ Qxf6 Qxf6 Rxf6 f4 Kf7 Kf2 Ke6 e4 Kd7 Ke3 Rf7 Kd4 fxe4 Rxe4 h5 a4 Rf8 h3 Rf7 g4 hxg4 hxg4 Rh7 f5 gxf5 gxf5 Rf7 Rf4 Ke7 Kd5 Kf6 Rf1 Re7 Kc6 Rh7 Rf3 Re7 Rf2 Rh7 Rf1 Rg7 Rf2 Rh7 Kb7 Rg7 Rf4 Re7 Rf3 Rh7 Rf2 Rg7 Rf3 Re7 Rf4 Rh7 Rf1 Rg7 Re1 Kxf5 Re8 Rg4 Kxc7 Rxc4+ Kxb6 Rxa4 Kc6 Rb4 b6
FIDE-Wch k.o.,Groningen,1997.12.11,2.1,"Kaidanov, Grigory S","Zvjaginsev, Vadim",1/2-1/2,B88,e4 c5 Nf3 d6 d4 cxd4 Nxd4 Nf6 Nc3 Nc6 Bc4 e6 Bb3 Be7 O-O O-O f4 Bd7 Kh1 Rc8 Nf3 Qa5 Qe1 Qh5 e5 Ng4 exd6 Bxd6 Qd1 Rfd8 Ne4 Be7 h3 Nf6 Ng3 Qb5 Be3
FIDE-Wch k.o.,Groningen,1997.12.11,2.1,"Istratescu, Andrei","Sokolov, Andrei",0-1,B88,e4 c5 Nf3 Nc6 d4 cxd4 Nxd4 e6 Nc3 d6 Be3 Nf6 Bc4 a6 Bb3 Qc7 f4 Be7 Qf3 O-O O-O-O b5 f5 b4 Nce2 Nxd4 Rxd4 exf5 exf5 Bb7 Qh3 a5 Rc4 Qd7 Rh4 a4 Bc4 Rfc8 Kb1 b3 cxb3 d5 Bd3 axb3 axb3 Ba6 Bc1 Qb7 Ra4 Qxb3 Rxa6 Rxa6 Bxa6 Qc2+ Ka1 Ra8
FIDE-Wch k.o.,Groningen,1997.12.11,2.1,"Gretarsson, Helgi Ass","Jussupow, Artur",1/2-1/2,D58,d4 Nf6 c4 e6 Nf3 d5 Nc3 Be7 Bg5 h6 Bh4 O-O e3 b6 Be2 Bb7 Bxf6 Bxf6 cxd5 exd5 b4 c6 O-O a5 b5 c5 Rc1 Nd7 dxc5 Nxc5 Nd4 Rc8 Bg4 Rc7 Na4 Ne4 Qd3 Rc4 Nb2 Rc5 Na4 Bxd4 exd4 Rc4 Nc3 Qc7 Ne2 f5 Bh3 g5 f3 Nd6 f4 g4 Bxg4 fxg4 Qg6+ Kh8 Qxh6+ Kg8 Qg6+ Kh8 Qh6+ Kg8 Qg6+ Kh8
FIDE-Wch k.o.,Groningen,1997.12.11,2.1,"Hracek, Zbynek","Lautier, Joel",0-1,B47,e4 c5 Nc3 e6 Nge2 Nc6 d4 cxd4 Nxd4 Qc7 g3 a6 Bg2 d6 O-O Bd7 a4 Nf6 Nxc6 Bxc6 a5 Be7 Be3 O-O Qe2 Nd7 Rfd1 Rac8 Bd4 Rfe8 Rd2 Bg5 Rdd1 Be7 h4 h6 Rd2 Red8 Nd5 exd5 exd5 Bb5 c4 Bxc4 Qg4 Bf6 Rc2 Qb8 Qd1
FIDE-Wch k.o.,Groningen,1997.12.11,2.1,"Georgiev, Kiril","Alterman, Boris",1/2-1/2,C26,e4 e5 Nf3 Nf6 Nc3 Nc6 g3 Bc5 Bg2 d6 d3 a6 Be3 Bxe3 fxe3 Bg4 O-O Ne7 h3 Bxf3 Rxf3 c6 Qd2 O-O Raf1 Ne8 Qf2 f6 h4 b5 g4 b4 Ne2 d5 Ng3 Nd6 exd5 cxd5 Nh5 Rc8 Bh3 e4 Rg3 Ng6 Rg2 Qe7 Kh1 Qe5 d4 Qe7 Qg3 Rf7 Rgf2 Rcf8 Kh2 a5 Rg1 f5 g5 a4 Rgf1 Kh8 Kh1 Kg8 Kg1 Kh8 Kh1 Kg8 Kg1 Kh8 Kh1
FIDE-Wch k.o.,Groningen,1997.12.11,2.1,"Granda Zuniga, Julio E","Shirov, Alexei",0-1,E94,d4 Nf6 Nf3 g6 c4 Bg7 Nc3 O-O e4 d6 Be2 e5 Be3 c6 O-O exd4 Bxd4 Qe7 Nd2 Re8 Re1 Na6 h3 b6 a3 Bb7 Bd3 Nc5 Bf1 Ne6 Be3 d5 exd5 cxd5 Bd4 Rad8 cxd5 Nxd5 Nxd5 Bxd5 Bxg7 Kxg7 Re5 Qf6 Qe1 Nc7 Rxe8 Rxe8 Qc1 Ne6 Qc3 Qxc3 bxc3 Rc8 c4 Bc6 a4 a5 Nb1 Kf6 Nc3 Ke5 Rb1 Rb8 Nd5 Bxd5 cxd5 Kxd5 Rd1+ Nd4 Rc1 Rb7 g4 Rd7 Kg2 Kd6 f4 Rc7 Rd1 Rc2+ Kg3 Kc5
FIDE-Wch k.o.,Groningen,1997.12.11,2.1,"Bologan, Viktor","Vaganian, Rafael A",0-1,C17,e4 e6 d4 d5 Nc3 Bb4 e5 c5 a3 Ba5 b4 cxd4 Nb5 Bc7 f4 Bd7 Nf3 Bxb5 Bxb5+ Nc6 Nxd4 Ne7 c3 Bb6 Be3 O-O Qd2 Bxd4 cxd4 a5 O-O axb4 a4 b3 g4 f5 exf6 Rxf6 Qd3 Na5 Rae1 h6 Bf2 Rxf4 Rxe6 Nec6 Qg3 Qd7 Qxf4 Qxe6 Bd3 Nc4 Bf5 Qf6 Qf3 Rd8 Qd3 b2 Re1 Qg5 Qe2 Rf8 Qe6+ Kh8 h4 Qf6 Qxd5 Nd2 Be3 b1=Q Bxb1 Nf3+
FIDE-Wch k.o.,Groningen,1997.12.11,2.1,"Beliavsky, Alexander G","Timman, Jan H",1/2-1/2,E17,d4 Nf6 c4 e6 Nf3 b6 g3 Bb7 Bg2 Be7 Nc3 Ne4 Bd2 O-O d5 Nxc3 Bxc3 Bf6 Rc1 c6 O-O cxd5 Ne1 d6 Bxf6 Qxf6 cxd5 e5 Rc7 Bc8 Nd3 Na6 Rc3 Bd7 Qd2 Rfc8 Rfc1 Qd8 b4 Rxc3 Rxc3 Rc8 f4 Rxc3 Qxc3 f6 fxe5 fxe5 Qc4 Nc7 Nf2 Ne8 Bh3 Bxh3 Nxh3 Qc7 Qg4 Nf6 Qe6+ Kf8 Nf2 Qe7 Qc8+ Kf7 e4 Qd7 Qxd7+
FIDE-Wch k.o.,Groningen,1997.12.11,2.1,"Ehlvest, Jaan","Sadler, Matthew",1/2-1/2,B92,e4 c5 Nf3 d6 d4 cxd4 Nxd4 Nf6 Nc3 a6 Be2 e5 Nb3 Be7 O-O Be6 f4 Qc7 g4 h6 g5 hxg5 fxg5 Nh7 h4 Nf8 Nd5 Qd8 Be3 Nbd7 Nxe7 Qxe7 h5 g6 h6 Nh7 Qd2 f6 Na5 Nxg5 Bxg5 fxg5 Nxb7 d5 Qc3 Rb8 Qc7 Qb4 Bxa6 Rxh6 Bb5 Ke7 Bxd7 Rxb7 Qxe5 Qxe4 Qxe6+ Qxe6 Bxe6 Kxe6 Rae1+
FIDE-Wch k.o.,Groningen,1997.12.12,2.2,"Lautier, Joel","Hracek, Zbynek",1/2-1/2,E45,d4 Nf6 c4 e6 Nc3 Bb4 e3 b6 Ne2 Ba6 Ng3 O-O Bd3 c5 O-O cxd4 exd4 d5 cxd5 Bxd3 Qxd3 Nxd5 Nh5 Nc6 Qg3 g6 Nxd5 exd5 Rd1 Be7 Bh6 Re8 Rac1 Rc8 Re1 Qd7 Rcd1 f6 Nf4 Kf7 Qf3 Rcd8 Ne6 Rc8 Nf4 Rcd8 Ne6 Rc8 Nf4
FIDE-Wch k.o.,Groningen,1997.12.12,2.2,"Kortschnoj, Viktor","Short, Nigel D",1/2-1/2,A10,c4 b6 e4 Bb7 Nc3 e5 d3 Nc6 g3 Bc5 Bg2 Nge7 Nf3 O-O O-O a5 Be3 d6 d4 exd4 Nxd4 Nxd4 Bxd4 Nc6 Bxc5 bxc5 e5 dxe5 Na4 Qd6 Qd5 Nd8 Qxc5 Bxg2 Qxd6 cxd6 Kxg2 Ne6 Rad1 Nd4 b3 f6 Rd2 Rab8 Nc3 Rfc8 h4 h5 Rfd1 Rc6 Nb5
FIDE-Wch k.o.,Groningen,1997.12.12,2.2,"Miladinovic, Igor","Van Wely, Loek",0-1,A45,d4 Nf6 Bg5 Ne4 h4 c5 dxc5 Qa5+ Nd2 Nxg5 hxg5 g6 c3 Qxc5 Ngf3 Bg7 e3 a6 a4 d5 a5 Nc6 Ra4 h5 e4 Be6 Bd3 Nxa5 exd5 Bxd5 Ne4 Qc7 Qe2 O-O O-O b5 Raa1 Rfd8 Ned2 Bxf3 Nxf3 Nb3 Rae1 Nc5 Bb1 e6 Qe3 Na4 Re2 Nb6 g3 a5 Nh4 Nc4 Qe4 Nd6 Qf3 Qe7 Qf4 Rac8 Rfe1 Rc4 Qe3 Rg4 f4 Nc4 Qf2 Qc7 Be4 b4 Kh1 bxc3 bxc3 a4 Nf3 a3 Nh2 Bxc3 Nxg4 hxg4 Rc1 Bb2 Rxb2 axb2 Qxb2 Rd1+
FIDE-Wch k.o.,Groningen,1997.12.12,2.2,"Zvjaginsev, Vadim","Kaidanov, Grigory S",1/2-1/2,D45,c4 e6 Nc3 d5 d4 c6 e3 Nf6 Nf3 Nbd7 Qc2 b6 Bd3 Bb7 O-O Be7 b3 Qc7 Bb2 Rc8 Rad1 h6 Qe2 O-O Ne5 Rcd8 f4 Bb4 Rc1 Qb8 cxd5 cxd5 Rc2 Ne4 Nxe4 dxe4 Bc4 Nxe5 fxe5 Rc8 a4 Rc7 Bc3 Bxc3 Rxc3 Qd8 Rfc1 Qe7 Bb5 Rfc8
FIDE-Wch k.o.,Groningen,1997.12.12,2.2,"Vaganian, Rafael A","Bologan, Viktor",1-0,E63,Nf3 d6 d4 Nf6 g3 g6 Bg2 Bg7 O-O O-O c4 Nc6 Nc3 a6 h3 Bd7 e4 e5 dxe5 dxe5 Be3 Qc8 Kh2 Be6 Qe2 h6 Rfd1 a5 Bc5 Re8 Nd5 Nd7 Be3 b6 b3 Nc5 Ne1 Nd4 Bxd4 exd4 Nd3 g5 Qh5 Qd8 Nxc5 bxc5 Ne3 dxe3 Rxd8 Raxd8 Re1 exf2 Re2 Rd1 Rxf2 Red8 Bf3 R1d2 Kg2 Rxf2+ Kxf2 Rd2+ Ke3 Rxa2 Bg4 Bxg4 Qxg4 Ra3 Qc8+ Bf8 e5 Rxb3+ Ke4 Rb1 Qa8 Ra1 Kf5 Kg7 Qf3 Re1 Qc3 Rf1+ Kg4 a4 Kh5 Rf5 e6+ Rf6 exf7 Bd6 Qa1 Kxf7 Qxa4 Rf3 Qd7+ Kf6 Qd8+ Ke5 Kg4 Re3 h4 Kd4 h5 Rxg3+ Kf5 Rf3+ Kg6 g4 Qh8+ Be5 Qd8+ Kxc4 Kxh6 g3 Qd1 Rf8 Qe2+ Kd5 Qg2+ Kd6 Kg5 Rf2 Qg1 Rh2 Qd1+ Bd4 Qf3 g2 Qf8+ Kd5 Qf3+ Kc4 Qe2+ Kc3 Qe1+ Kd3 Qb1+ Kd2 Qa2+ Ke3 Qb3+ Kf2 Qa2+ Kf3 Qf7+ Ke4 Qf5+ Ke3 Qe6+ Kd3 Qb3+ Bc3 Qd5+ Kc2 Qa2+ Kc1 Qa3+ Kd2 Qxc5 Kc2 Qf5+ Kc1 Qc5 Kc2 Qf5+ Kc1 Qc5 Kb2 Qf2+ Kb3 Qg3 Rh1 Qxg2 Rc1 h6 c5 h7 c4 Qf3 Kb2 Qxc3+ Kxc3 h8=Q+ Kc2 Qh7+ Kb2 Qb7+ Kc2 Qe4+ Kb2 Qb7+ Kc2 Qg2+ Kb3 Qd5 Kb2 Qb5+ Ka3 Kf4 c3 Ke3 Rd1 Qc4 Kb2 Qb4+ Kc2 Qa4+ Kc1 Qb3 c2 Qa2
FIDE-Wch k.o.,Groningen,1997.12.12,2.2,"Tiviakov, Sergei","Rozentalis, Eduardas",1/2-1/2,C43,e4 e5 Nf3 Nf6 d4 Nxe4 Bd3 d5 Nxe5 Nd7 Nxd7 Bxd7 O-O Qh4 c4 O-O-O c5 g5 f3 Nf6 Be3 Bg7 g3 Qh5 Nc3 Rhe8 Re1 g4 f4 Ne4 Nxe4 dxe4 Be2 Qg6 Qb3 Bc6 Bc4 Qf5 Red1 Bd5 c6 bxc6 Rac1 Re6 Qa3 Bxc4 Rxc4 Qb5 Rdc1 a6 b4 Red6 Qc3 R8d7 Kf2 Kb7 a3 Qh5 Kg1 Qd5 Rd1 f5 Rc1 Bf6 a4 Kc8 Kf2 Kd8 Ke2 h5 Rc2 Qe6 Rxc6 Rxc6 Qxc6 Qxc6 Rxc6 Bxd4 Rxa6 Bxe3 Kxe3
FIDE-Wch k.o.,Groningen,1997.12.12,2.2,"Timman, Jan H","Beliavsky, Alexander G",0-1,C69,e4 e5 Nf3 Nc6 Bb5 a6 Bxc6 dxc6 O-O f6 d4 Bg4 dxe5 Qxd1 Rxd1 fxe5 Nbd2 O-O-O Re1 Bd6 h3 Bh5 g4 Bf7 Nf1 Rf8 Ng3 Be6 Kg2 g6 Bd2 h5 Ng5 Bd7 f3 c5 Rad1 Ne7 Be3 Nc6 c3 Nd8 b3 Ne6 Nxe6 Bxe6 Bg5 Rf7 Rf1 b5 Rd2 Kb7 Rff2 a5 Nf1 c4 bxc4 Bxc4 Ne3 Be6 Nd5 Rhf8 c4 bxc4 Bh6 hxg4 fxg4 Bxd5 exd5 c3
FIDE-Wch k.o.,Groningen,1997.12.12,2.2,"Sokolov, Andrei","Istratescu, Andrei",1-0,B51,e4 c5 Nf3 d6 Bb5+ Nd7 c3 Nf6 d3 g6 O-O Bg7 Re1 a6 Ba4 b5 Bc2 O-O a4 Bb7 Na3 b4 Nb1 e5 a5 d5 Bg5 h6 Bh4 bxc3 Nxc3 g5 Bg3 d4 Nb1 Ne8 Ba4 Qxa5 Bxd7 Qxa1 Qb3 Qa5 Qxb7 Nf6 Nbd2 Rab8 Qc6 g4 Nc4 Qb4 Nfd2 Qb5 Qxb5 axb5 Nxe5 Rb6 Bf5 Ra8 Nb3 Bf8 Nxg4 Nxg4 Bxg4 Ra4 Rc1 Rb4 Bd1 c4 dxc4 bxc4 Nxd4 Rxb2 Kf1 Rd2 Nf3 Ra2 Be5
FIDE-Wch k.o.,Groningen,1997.12.12,2.2,"Slobodjan, Roman","Azmaiparashvili, Zurab",1/2-1/2,B06,e4 d6 d4 g6 Nc3 Bg7 Be2 c6 f4 Qb6 e5 Nh6
FIDE-Wch k.o.,Groningen,1997.12.12,2.2,"Shirov, Alexei","Granda Zuniga, Julio E",1/2-1/2,B32,e4 c5 Nf3 Nc6 d4 cxd4 Nxd4 Qb6 Nb3 e6 Bd3 Nf6 O-O Be7 c4 Ne5 Nc3 d6 Be3 Qc7 Be2 O-O Rc1 a6 Nd4 b6 b3 Re8 f4 Ned7 Bf3 Bb7 Re1 Rac8 Bf2 Nf8 Qd2 Qb8 f5 N6d7 fxe6 fxe6 Bh5 g6 Bg4 Bf6 Nf3 Rcd8 Rcd1 Qc7 Na4 b5 cxb5 axb5 Rc1 Qb8 Nc3 Nc5 Qf4 Bxc3 Rxc3 e5 Qf6 Nxe4 Rxe4 Bxe4 Ng5 Qb7 h4 Bd5 Rd3 h6 Rxd5 Qxd5 Bf3 e4 Bxe4 Qe5 Qf7+ Kh8 Bd5 Qg7 Qxg7+ Kxg7 Bd4+ Re5 Nf7 Rd7 Nxe5 dxe5 Bxe5+ Kh7 Bc6 Rd1+ Kf2 Rd2+ Ke3 Rxa2 g3 Ra6 Be4 h5 Kd4 Ra1 Bc6 Rb1 Bd6 Ne6+ Ke5 Ng7 b4 Nf5 Bc5 Nxg3 Bxb5 Nf5 Bc6 Nxh4 b5 Nf3+ Bxf3 Rxb5 Kd4 Kh6 Be2 Rb8 Ke3 g5 Kf2 Rb3 Bf3 g4 Be3+ Kg6 Bc6 h4 Bd7 Rb2+ Kf1 g3 Bh3 Kh5 Bg1 Ra2 Bd7 Rb2 Bh3 Rd2 Bc8 Rc2 Bh3 Kg6 Be3 Ra2 Bg1 Ra3 Kg2 Kg5 Bc5 Rd3 Be7+ Kh5 Bc5 Rc3 Bb6 Rc6 Bg1 Rc2+ Kf3 Rc3+ Be3 Ra3 Ke4 Ra8 Kf3 Rf8+ Kg2 Rf7 Bd4 Rf4 Be3 Rb4 Kf3 Kg6 Bf4 Rb2 Kg4 g2 Bh2 Rb3 Kxh4
FIDE-Wch k.o.,Groningen,1997.12.12,2.2,"Shaked, Tal","Rublevsky, Sergei",0-1,B22,e4 c5 c3 Nf6 e5 Nd5 d4 cxd4 Nf3 e6 cxd4 d6 a3 Bd7 Bd3 Bc6 O-O Nd7 b4 a6 Re1 Rc8 Bg5 Be7 Bxe7 Qxe7 Nbd2 O-O Ne4 dxe5 dxe5 Nf4 Bf1 Rfd8 Qd4 Ng6 Qb2 Bd5 g3 Nb6 Rac1 Nc4 Bxc4 Rxc4 Rxc4 Bxc4 h4 h6 h5 Nf8 Nfd2 Bd5 Qc3 Bc6 Qe3 Nd7 f4 Kh8 Nc4 Bd5 Ncd6 f6 Qd4 fxe5 fxe5 Nb8 Nc3 Nc6 Qf4 Rf8 Nxd5 exd5 Nf5 Qe8 g4 Qe6 Kh2 d4 Kg3 d3 Nd4 Rxf4 Nxe6 Re4 Rf1 Nxe5 g5 Rg4+ Kh3 hxg5 Rf5 d2 Rf8+ Kh7 Rd8 Rg1 Nf8+ Kh6
FIDE-Wch k.o.,Groningen,1997.12.12,2.2,"Salov, Valery","Tkachiev, Vladislav",1/2-1/2,E63,d4 Nf6 c4 g6 Nf3 Bg7 g3 O-O Bg2 d6 O-O Nc6 Nc3 a6 Re1 Rb8 Rb1 Na5 b3 b5 cxb5 axb5 b4 Nc4 a4 bxa4 Qxa4 Nd7 b5 Ndb6 Qc2 Bd7 Rb4 c5 bxc6 Bxc6 Qd3 d5 Bf4 Rc8 h4 h5 Ne5 Nxe5 Bxe5 e6 Bxg7 Kxg7 e3 Nc4 Ne2 Qa5 Qc3 Nd6 Ra1 Qd8 Nf4 Bb5 Qb2 Bc4 Bf3 Qe7 Qb1 Nf5 Kh2 Rc7 Rb6 Rd8 Qb4 Qxb4 Rxb4 Kf6 Rb6 Rd6 Rb8 Ne7 Bg2 Rdd7 Rc1 Nf5 Rb6 Ke7 Bf3 Kf6 Bg2 Ke7 Bf3 Nd6 Rc2 Nb7
FIDE-Wch k.o.,Groningen,1997.12.12,2.2,"Sadler, Matthew","Ehlvest, Jaan",1/2-1/2,E52,d4 Nf6 c4 e6 Nc3 Bb4 e3 O-O Bd3 d5 Nf3 b6 O-O Bb7 cxd5 exd5 Ne5 Bd6 f4 c5 Qf3 Nc6 Qh3 g6 Kh1 Re8 Bd2 Bf8 Bb5 Qc8 Bxc6 Bxc6 f5 Bg7 Qh4 Rf8 Rf3 Bb7 Raf1 Qd8 Be1 Ba6 R1f2 Rc8
FIDE-Wch k.o.,Groningen,1997.12.12,2.2,"Polgar, Judit","Almasi, Zoltan",0-1,C89,e4 e5 Nf3 Nc6 Bb5 a6 Ba4 Nf6 O-O Be7 Re1 b5 Bb3 O-O c3 d5 exd5 Nxd5 Nxe5 Nxe5 Rxe5 c6 Bxd5 cxd5 d4 Bd6 Re3 Qh4 h3 Qf4 Re5 Qf6 Re1 Qg6 Qf3 Be6 Be3 Rac8 Nd2 b4 cxb4 Bxb4 a3 Bd6 Rac1 Rc2 b4 Rxc1 Rxc1 Qd3 Rc6 Bb8 a4 Bd7 Rc1 Qa3 Rb1 Be6 b5 Qxa4 b6 Qa3 b7 h6 h4 Qe7 Bf4 Qxh4 Bxb8 Rxb8 Qd3 Qf4 Qc3 Kh7 Rb6 a5 g3 Qg4 Nf3 Bf5 Ne5 Qd1+ Kg2 f6 Nc6 Be4+ f3 Qe2+ Kg1 Bxf3 Rb2 Qd1+ Kf2 Rxb7 Rd2 Rb3
FIDE-Wch k.o.,Groningen,1997.12.12,2.2,"Piket, Jeroen","Topalov, Veselin",1-0,D39,d4 Nf6 Nf3 e6 c4 d5 Nc3 dxc4 e4 Bb4 Bg5 c5 Bxc4 cxd4 Nxd4 Bxc3+ bxc3 Qa5 Bb5+ Bd7 Bxf6 gxf6 Qb3 a6 Be2 Nc6 O-O Qc7 Qa3 Rc8 Rad1 Na5 Qc1 Ke7 Qh6 Bc6 Nxe6 Qe5 Nd4 Rcg8 f4 Qc5 Kh1 Rg6 Qh3 Bxe4 Bf3 Bxf3 Rxf3 Qc7 Nf5+ Kf8 Rfd3 Nc6 Rd7
FIDE-Wch k.o.,Groningen,1997.12.12,2.2,"Oll, Lembit","Morozevich, Alexander",1/2-1/2,E03,d4 Nf6 Nf3 d5 c4 e6 g3 dxc4 Qa4+ Nbd7 Bg2 a6 Qxc4 b5 Qc6 Rb8 Bf4 Bb7 Qxc7 Bb4+ Nbd2 Qxc7 Bxc7 Rc8 Bf4 Rc2 O-O Nd5 Nb3 Rxb2 Bd2 Nc3 Bxc3 Bxc3 Rfc1 b4 Nfd2 Bd5 Bxd5 exd5 Nb1 Rxb3 axb3 Bxa1 Rc8+ Ke7 Rxh8 Bxd4 e3 Be5 Ra8 Nc5 Kf1 Kd7 Ke2 Kc6 Nd2
FIDE-Wch k.o.,Groningen,1997.12.12,2.2,"Adianto, Utut","Svidler, Peter",1/2-1/2,D78,d4 Nf6 Nf3 g6 g3 d5 Bg2 Bg7 O-O c6 Nbd2 O-O c4 Ne4 e3 Nxd2 Nxd2 dxc4 Nxc4 Be6 Qe2 Bd5 Rd1 Bxg2 Kxg2 Na6 b3 c5 Bb2 cxd4 Bxd4 Bxd4 Rxd4 Qc7 Rad1 Rad8 Qf3 Rxd4 Rxd4 Nc5 e4 Ne6 Rd5 Rd8 Ne5 f6 Nc4 Kg7 Qe3 b6 Qd2 Rxd5 Qxd5 Nc5 b4 Na4 Qd4 b5 Ne3 Nb6 h4 h5 f4 Qc1 e5 Nc4 exf6+ exf6 Qxa7+ Kh6 Nxc4 bxc4 Qe7 c3 Qf8+ Kh7 Qf7+ Kh6 Qf8+ Kh7
FIDE-Wch k.o.,Groningen,1997.12.12,2.2,"Malaniuk, Vladimir P","Bareev, Evgeny",0-1,A11,c4 c6 Nf3 d5 e3 Nf6 Nc3 a6 h3 b5 b3 Nbd7 d4 e6 Bd3 Bb4 Bd2 bxc4 bxc4 dxc4 Bxc4 c5 O-O O-O Rb1 Qc7 Be2 Bb7 dxc5 Bxc5 Na4 Be7 Rc1 Qd6 Nb2 Rfc8 Nc4 Qb8 Bc3 Bd5 Nfe5 Ra7 f3 Rac7 Qd2 Qa7 Bd4 Bc5 Bxc5 Qxc5 Nxd7 Nxd7 Kf2 f5 Na5 Qxc1 Rxc1 Rxc1 a3 R1c2 Qb4 Ra2 e4 fxe4 Ke3 exf3 gxf3 Rf8 Nc4 Rb8
FIDE-Wch k.o.,Groningen,1997.12.12,2.2,"Hjartarson, Johann","Aleksandrov, Aleksej",1/2-1/2,C54,e4 e5 Nf3 Nc6 Bc4 Bc5 O-O Nf6 d3 d6 c3 a6 Bb3 Ba7 Nbd2 O-O h3 Be6 Re1 Bxb3 Qxb3 Qd7 Nf1 h6 Ng3 Rfe8 Nh4 d5 Nhf5 dxe4 dxe4 Na5 Qc2 Rad8 Be3
FIDE-Wch k.o.,Groningen,1997.12.12,2.2,"Giorgadze, Giorgi","Adams, Michael",0-1,E46,d4 Nf6 c4 e6 Nc3 Bb4 e3 O-O Ne2 d5 a3 Be7 cxd5 exd5 b4 b6 Nf4 c6 Bd3 Bd6 Nfe2 Re8 Ng3 c5 Nb5 Bxg3 hxg3 a6 Bxh7+ Nxh7 Qh5 axb5 Qxh7+ Kf8 Qh8+ Ke7 Qxg7 Rg8 Qh7 Nd7 dxc5 Nf6 Qh4 Rg4 Qh6 bxc5 Bb2 Ra6 Rd1 cxb4 axb4 Rxb4 Bd4 Rxd4 exd4 Re6+ Kf1 b4 Qd2 Qd6 Rh8 Ne4 Qe3 Kd7 Ra1 Bb7 Kg1 Kc7 Qd3 Rh6 Rxh6 Qxh6 Rb1 Qh1+ Kxh1 Nxf2+ Kg1 Nxd3 Kf1 Ba6 Ke2 b3 Kd2 b2 Rf1 Ne5
FIDE-Wch k.o.,Groningen,1997.12.12,2.2,"Kindermann, Stefan","Milos, Gilberto",0-1,B48,e4 c5 Nf3 e6 d4 cxd4 Nxd4 Nc6 Nc3 Qc7 Be3 a6 Bd3 Nf6 O-O Ne5 h3 Bc5 Kh1 d6 f4 Ng6 Bb5+ axb5 Ndxb5 Qc6 Bxc5 dxc5 e5 Nd5 Nxd5 exd5 Nd6+ Kf8 Qh5 d4 Rae1 Bd7 f5 Nxe5 f6 Qxd6 Rxe5 Rg8 Rd5 Qa6 Rf3 Be6 Rxd4 gxf6 Qxc5+ Ke8 Rd2 Qa5 Qxa5 Rxa5 a3 Rd5 Re2 Ke7 Rb3 Rd7 Rb6 Rg5 a4 Re5 Rf2 f5 Kh2 Kd8 b3 Kc7 Rb4 Re4 Rb5 Red4 c4 Rd2 Kg1 Rxf2 Kxf2 Rd2+ Kf1 Rb2 Kg1 Bd7 Rc5+ Kd6 Rd5+ Ke6 Rd3 Bc6 g3 Be4
FIDE-Wch k.o.,Groningen,1997.12.12,2.2,"Khalifman, Alexander","Nijboer, Friso",1-0,E62,d4 Nf6 Nf3 g6 g3 Bg7 Bg2 O-O O-O d6 c4 Nc6 Nc3 Rb8 Bd2 Bg4 d5 Bxf3 exf3 Ne5 b3 Re8 f4 Ned7 Re1 Nf8 Rc1 a6 Be3 N6d7 b4 e5 dxe6 fxe6 Ba7 Ra8 Be3 Qb8 Ne4 Nf6 Nxf6+ Bxf6 Bd4 Bxd4 Qxd4 Qa7 Qf6 Nd7 Qb2 a5 c5 axb4 cxd6 c5 Rxe6 Rxe6 Bd5 Re8 Qb3 Kf7 Re1 Qa3 Rxe6 Qxb3 Re7+ Kf8 Rf7+ Kg8 Bxb3 b5 Rxd7+ c4 Re7 Kf8 Rxe8+ Kxe8 Bc2 Kd7 f3 Kxd6 Kf2
FIDE-Wch k.o.,Groningen,1997.12.12,2.2,"Jussupow, Artur","Gretarsson, Helgi Ass",1-0,D16,d4 d5 c4 c6 Nf3 Nf6 Nc3 dxc4 a4 Bg4 Ne5 Bh5 h3 Na6 g4 Bg6 Bg2 Nb4 O-O Bc2 Qd2 Bb3 Ne4 Nc2 Nc5 Nd5 Rb1 e6 Nxc4 Bxc4 Qxc2 Bxc5 dxc5 Ba6 b4 b5 cxb6 Qxb6 b5 cxb5 Bxd5 exd5 Ba3 h5 Rb3 Rh6 Re3+ Re6 a5 Qb7 Qc5
FIDE-Wch k.o.,Groningen,1997.12.12,2.2,"Ivanchuk, Vassily","Seirawan, Yasser",1/2-1/2,A29,c4 e5 Nc3 Nc6 Nf3 Nf6 g3 Nd4 Bg2 Nxf3+ Bxf3 Bc5 O-O O-O e3 Bb4 Bg2 Bxc3 bxc3 c6 e4 Re8 a4 d6 d3 Bg4 f3 Bh5 Rb1 b6 a5 Nd7 axb6 axb6 Rf2 f6 Rfb2 Bf7 Be3 Ra6 f4 Qc7 g4 Rea8 g5 exf4 Bxf4 fxg5 Bxg5 Ra2 Be3 Rxb2 Rxb2 Ra3 Rb3 Ra2 Bf1 d5
FIDE-Wch k.o.,Groningen,1997.12.12,2.2,"Anand, Viswanathan","Nikolic, Predrag",1-0,C18,e4 e6 d4 d5 Nc3 Bb4 e5 c5 a3 Bxc3+ bxc3 Qa5 Bd2 Qa4 Qg4 g6 Qd1 cxd4 Rb1 d3 Bxd3 Qxa3 Nf3 Qc5 h4 h6 O-O Nd7 Re1 a6 c4 dxc4 Be4 c3 Be3 Qc4 Bd4 Nc5 Re3 Nxe4 Rxe4 Bd7 Re3 Ne7 Rxc3 Qd5 Rc5 Qe4 Rc7 b5 Bc5 Nd5 Rxd7 Kxd7 Rb4 Qxb4 Bxb4 Rhc8 Bd6 Rc4 Nd2 Rd4 c3 Rd3 c4 Rxd2 Qxd2 bxc4 Qxh6
FIDE-Wch k.o.,Groningen,1997.12.12,2.2,"Garcia, Gildardo","Krasenkow, Michal",1/2-1/2,B30,e4 c5 Nf3 Nc6 Nc3 e5 Bc4 d6 d3 Be7 Nd2 Bg5 Nf1 Bxc1 Rxc1 Nge7 Ne3 O-O a3 Kh8 O-O f5 exf5 Nxf5 Ncd5 Qg5 c3 Nce7 Nxe7 Nxe7 d4 exd4 cxd4 d5 Be2 c4 b3 b5 Qd2 Qf4 Bf3 Rb8 Rfe1 Qd6 bxc4 dxc4 Qb4 Qxb4 axb4 Bb7 d5 Nf5 Ra1 a6 Nxf5 Rxf5 d6 Bxf3 gxf3 Rd5 Rxa6 Rd8 Rc6 Kg8 Re6 Rd7 f4 Kf7 Re5 R7xd6 Rxd6 Rxd6 Rxb5 Rc6 Re5 c3 Re1 Rc4 b5 Rxf4 Rc1 Re4
FIDE-Wch k.o.,Groningen,1997.12.12,2.2,"Epishin, Vladimir","Sokolov, Ivan",1-0,D51,d4 Nf6 c4 e6 Nf3 d5 Nc3 Nbd7 Bg5 h6 Bh4 dxc4 e4 Be7 Qe2 Nb6 Bg3 O-O O-O-O Bd7 Nd2 Na4 Nxc4 Nxc3 bxc3 Ba4 Rd2 b5 Na5 Ba3+ Kb1 c5 Nb7 Qb6 Nxc5 Bxc5 dxc5 Qxc5 f3 Qxc3 Qd3 Qa5 Qe3 Rad8 Be1 Qc7 Be2 Rxd2 Bxd2 Rc8 Rc1 Qb7 Rc3 Ne8 Qd4 a5 Kb2 b4 Rc5 Rxc5 Qxc5 Qc7 Qxc7 Nxc7 Be3 Na8 Ba6 Bc6 Kb3 Kf8 Kc4 Nc7 Kc5 Bd7 Bc4 Ne8 Kb6 a4 Bc5+ Kg8 Bxb4
FIDE-Wch k.o.,Groningen,1997.12.12,2.2,"Dreev, Alexey","Nenashev, Alexander",1-0,D34,d4 d5 c4 e6 Nc3 c5 cxd5 exd5 Nf3 Nc6 g3 Nf6 Bg2 Be7 O-O O-O dxc5 Bxc5 Bg5 d4 Bxf6 Qxf6 Nd5 Qd8 Nd2 a6 Rc1 Ba7 Nf4 Bd7 Ne4 Qe7 Nd5 Qe5 f4 d3+ Kh1 Qxb2 Qxd3 Bg4 Rb1 Qd4 Qxd4 Bxd4 e3 Ba7 Nef6+ gxf6 Nxf6+ Kg7 Nxg4 h5 Bxc6 bxc6 Ne5 Bxe3 Rfe1 Bd2 Re2 Bc3 Rc1 Bd4 Nxc6 Bf6 Kg2 Rfe8 Rxe8 Rxe8 Kf3 Re6 Rc5 Rd6 Nb4 h4 g4 Rd4 Nd5 Bd8 Ne3 Rd3 Rd5 Rxd5 Nxd5 Kg6 h3 Ba5 Ke2 Kg7 a3 Bd8 Kf3 Kg6 Ke4 f6 Kf3 f5 Ne3 fxg4+ Kxg4 a5 a4 Kf7 Kf5 Bb6 Nc4 Bc7 Ne5+ Ke7 Ng6+ Kd6 Nxh4 Kc5 Ng6 Kb4 h4 Kxa4 h5 Kb3 h6 a4 h7 a3 h8=Q a2 Ke4 Bd6 Kd3 Ba3 Qc3+
FIDE-Wch k.o.,Groningen,1997.12.12,2.2,"Alterman, Boris","Georgiev, Kiril",1/2-1/2,E74,d4 Nf6 c4 g6 Nc3 Bg7 e4 d6 Be2 O-O Bg5 c5 dxc5 Qa5 Bd2 Qxc5 Nf3 Bg4 Be3 Qa5 O-O Nc6 Rc1 Rac8 Nd2 Bxe2
FIDE-Wch k.o.,Groningen,1997.12.13,2.4,"Ehlvest, Jaan","Sadler, Matthew",1/2-1/2,D24,Nf3 d5 d4 Nf6 c4 dxc4 Nc3 a6 e4 b5 e5 Nd5 a4 Nb4 Be2 Bf5 O-O Nc2 Ra2 Nb4 Ra1 Nc2 Ra2 Nb4
FIDE-Wch k.o.,Groningen,1997.12.13,2.4,"Epishin, Vladimir","Sokolov, Ivan",1-0,E15,d4 Nf6 c4 e6 Nf3 b6 g3 Ba6 b3 Bb4+ Bd2 Be7 Bg2 Bb7 Nc3 O-O O-O Na6 Re1 c5 e4 cxd4 Nxd4 Nc5 Qe2 d6 Rad1 Qc8 g4 Re8 g5 Nfd7 Be3 Ne5 Ndb5 Rd8 f4 Nc6 f5 a6 Nd4 Nxd4 Rxd4 Re8 Qg4 Bf8 g6 fxg6 fxg6 hxg6 Rd2 Nd7 Qxg6 b5 Bd4 Ne5 Bxe5 dxe5 Rd3 Bc5+ Kh1 Rf8 Rh3 Rf6 Qh7+ Kf7 Qh5+ Kg8 Qh7+ Kf7 Qh5+ Kg8 Qxe5 bxc4 bxc4 Bf2 Rb1 Qd7 Qh5 Rh6 Qg4 Rxh3 Bxh3 Re8 Nd5 Bd4 Qd1 Qf7 Qxd4 exd5 cxd5 Bc8 Bg2 Bg4 Rf1 Qh5 Qc3 Be2 Rf5 Qh4 Kg1 Rb8 Qg3 Qd8 Bh3 Rb1+ Kg2 Qb6 Rf2 Bh5 Be6+ Kh7 Qh4 Kh6 Qf4+ Kh7 Qf5+ Kh6 Qf8 Qd4 Qh8+
FIDE-Wch k.o.,Groningen,1997.12.13,2.4,"Milov, Vadim","Andersson, Ulf",1-0,D35,d4 e6 c4 Nf6 Nc3 d5 cxd5 exd5 Bg5 c6 e3 Be7 Bd3 Nbd7 Nge2 Nh5 Bxe7 Qxe7 g4 Nhf6 Ng3 g6 h4 Nb6 g5 Ng8 Kd2 h6 f4 hxg5 fxg5 Be6 Qf3 O-O-O Nge2 Qd7 a4 Ne7 a5 Nc4+ Bxc4 dxc4 a6 b6 e4 Kb8 Kc2 Nc8 Rad1 Nd6 Qf4 Ka8 Rd2 Qc8 Ra1 Rhe8 Ng3 b5 d5 cxd5 Rad1 Qxa6 Nxd5 Bxd5 Rxd5 Nb7 Qxf7 Qa4+ Kb1 Rc8 Ne2 b4 R1d4 Rf8 Rxc4 Na5 Rxc8+ Rxc8 Rc5 Rxc5 Qf8+ Kb7 Qxc5 Nb3 Qd5+ Kb6 e5 Qa1+ Kc2 Nc5 Nd4 Qa4+ Kd2
FIDE-Wch k.o.,Groningen,1997.12.13,2.4,"Short, Nigel D","Kortschnoj, Viktor",1/2-1/2,C00,e4 e6 Qe2 c5 f4 d5 exd5 Qxd5 Nc3 Qd8 Nf3 Nc6 g3 Nf6 Bg2 Be7 O-O O-O d3 Bd7 Ne4 Rc8 c3 Nd5 Kh1 Qc7 Bd2 Rcd8 Rae1 Bc8 a3 b6 b4 Nf6 b5 Nxe4 dxe4 Na5 c4 Nb3 Bc3 Nd4 Qb2 Bf6 e5 Nxf3 Bxf3 Be7 Rd1 Bb7 Qg2 Bxf3 Qxf3 Rxd1 Rxd1 Rd8 Rxd8+ Qxd8 Kg2 g6 g4 Qd7 Kf1 Kf8 Ke2 Bd8 Qa8 Qc7 a4 Kg7 Kd3 Qe7 h3 Qc7 Kc2 Qe7 Qf3 Kg8 Kb3 Kf8 f5 exf5 gxf5 gxf5 Qxf5 Kg8 Qc8 Kf8 a5 Ke8 Qg4 h6 a6 Qd7 Qf3 Bg5 Kc2 Ke7 Kb3
FIDE-Wch k.o.,Groningen,1997.12.13,2.4,"Tkachiev, Vladislav","Salov, Valery",1-0,A04,e4 c5 Nf3 e6 g3 b6 Bg2 Bb7 d3 d6 O-O Nf6 Re1 Be7 Nbd2 O-O c3 Nbd7 a3 Rc8 b4 b5 Bb2 Nb6 Rc1 a6 c4 bxc4 dxc4 Nfd7 Qb3 Re8 Qd3 Qc7 Red1 Bf8 h4 Bc6 Re1 Red8 Qe3 Rb8 Ba1 Na4 Rb1 Re8 Qf4 h6 e5 d5 cxd5 Bxd5 Ne4 Bxe4 Qxe4 cxb4 axb4 Nc3 Rbc1 Bxb4 Bxc3 Bxc3 Re3 Rb3 Qc2 Qb6 Qd1 Rb2 Rcxc3 Nc5 Qd6
FIDE-Wch k.o.,Groningen,1997.12.13,2.4,"Zvjaginsev, Vadim","Kaidanov, Grigory S",0-1,D46,d4 d5 c4 e6 Nc3 c6 e3 Nf6 Nf3 Nbd7 Qc2 Bd6 Bd3 O-O O-O dxc4 Bxc4 b5 Be2 Bb7 Rd1 Qc7 b3 a6 Ne4 Nxe4 Qxe4 e5 Qh4 Rae8 dxe5 Nxe5 Bb2 Nxf3+ Bxf3 Re6 g3 c5 Bxb7 Qxb7 Qg5 Rg6 Qd5 Qe7 Rac1 h6 Rc2 Kh7 Qf5 Kg8 Qd5 Kh8 Ba3 b4 Bb2 f5 Qf3 f4 exf4 Rxf4 Qh5 Rfg4 Rcd2 R4g5 Qf3 Re6 Kg2 Rgg6 Rd5 a5 Rf5 Kg8 Qa8+ Kh7 Qf3 Kg8 Qa8+ Qe8 Qxe8+ Rxe8 Kf1 Bf8 Bc1 a4 Be3 Rc6 Rc1 Ra8 Rc4 axb3 axb3 Ra1+ Kg2 Rb1 Bxc5 Bxc5 Rcxc5 Rxc5 Rxc5 Rxb3 Rb5 Kf7 Rb6 Ke7 h4 Rb1 Kf3 Kd7 Rb7+ Kc6 Rxg7 b3 Rg8 Kc5 Rb8 Kc4 Rc8+ Kb4 Rb8+ Kc4 Rc8+ Kb5 Rb8+ Ka4 Ra8+ Kb4 Rb8+ Kc3 Rc8+ Kd3 Rd8+ Kc2 Rc8+ Kd2 Rd8+ Kc3 Rc8+ Kb2 Kg4 Rc1 Rb8 Rc5 h5 Kc3 f4 b2 Rb7 Kc2 Kh4 Rc3 Rxb2+ Kxb2 g4 Rf3 f5 Kc3 g5 Rf4+ Kg3 hxg5 h6 Kd4 h7 Rh4 f6 Rxh7 Kg4 Ke5 Kxg5 Rf7
FIDE-Wch k.o.,Groningen,1997.12.13,2.5,"Kaidanov, Grigory S","Zvjaginsev, Vadim",0-1,B53,e4 c5 Nf3 d6 Bb5+ Nc6 d4 cxd4 Qxd4 Bg4 Qd3 Rc8 c4 g6 Nc3 Bg7 O-O Bxf3 Qxf3 Nf6 Rd1 Nd7 Qh3 O-O Bh6 f5 Nd5 Bxh6 Qxh6 fxe4 Qh3 Kh8 Re1 Nc5 b4 Nd3 Rxe4 Nxf2 Qc3+ e5 Re2 Nd4 Rxf2 Rxf2 Kxf2 Qh4+ Qg3 Rf8+ Ke1 Qe4+ Ne3 Qd3
FIDE-Wch k.o.,Groningen,1997.12.13,2.5,"Milov, Vadim","Andersson, Ulf",1/2-1/2,A40,d4 e6 c4 Bb4+ Bd2 Bxd2+ Qxd2 Nf6 Nc3 d5 f3 Nc6 O-O-O O-O e3 Qe7 cxd5 Nxd5 e4 Nxc3 Qxc3 Rd8 f4 Nb4 Kb1 c5 Nf3 cxd4 Rxd4 Rxd4 Nxd4 Bd7 a3 Nc6 Nf3 Qd6 e5 Qd1+ Qc1 Qxc1+ Kxc1 Ne7 Bd3 Bc6 Rf1 Rd8 Rd1 Kf8 Be2 Rc8 Kd2 h6 g3 Nf5 Rc1 Rd8+ Ke1 Nd4 Nxd4 Rxd4 Rd1 Rxd1+ Kxd1 b6 Kd2 Ke7 Kc3 Kd7 Kd4 Ke7 h4 Kd7 b4 Ke7 Bc4 Bf3 Bb5 Bb7 a4 Bf3 a5 Bb7 Be2 Bc6 Kc4 Kd7 g4 Ke7 g5 Kd7 Kd4 Ke7 Ke3 hxg5 fxg5 g6 Kf4 Kd7 Bd3 Ke7 Kg4 Ba4 Be2 Kf8 Kf4 Ke7 Ke3 Bc6 Kd4 Kd7 Ba6 Bd5 Bd3 Bc6 Kc4 Ke7 Kc3 Kf8 Kd4 Ke7 Be2
FIDE-Wch k.o.,Groningen,1997.12.13,2.5,"Sadler, Matthew","Ehlvest, Jaan",1-0,A42,d4 g6 e4 Bg7 c4 d6 Nc3 e5 dxe5 dxe5 Qxd8+ Kxd8 f4 Nc6 Nf3 Nd4 Kf2 exf4 Bxf4 Ne6 Bg3 Bd7 Rd1 Kc8 Bd3 Ne7 Nd5 Re8 e5 Nc5 Nf6 Bxf6 exf6 Nf5 Bf4 Ne4+ Bxe4 Rxe4 g3 Bc6 Rhe1 Rxc4 Ne5 Rc2+ Kg1 b6 Rc1 Rxc1 Rxc1 Bd5 Nxf7 c5 Ne5 Kb7 Rd1 Nd4 Be3 Nf3+ Nxf3 Bxf3 Rd7+ Kc6 Rxh7 Rf8 Bg5 a5 Kf2 Bd5 a3 Rf7 Rh6 Be4 Ke3 Bb1 Rh8 Rd7 Rg8 b5 h4 Kd5 Rg7 Ke6 Rxd7 Kxd7 f7
FIDE-Wch k.o.,Groningen,1997.12.13,2.5,"Short, Nigel D","Kortschnoj, Viktor",1/2-1/2,C00,e4 e6 Qe2 c5 f4 Nc6 Nf3 Nf6 g3 d5 e5 Nd7 Bg2 Nd4 Nxd4 cxd4 O-O Nb8 d3 Nc6 Nd2 Be7 Nf3 Bd7 Kh1 Qb6 c3 O-O Nxd4 Nxd4 cxd4 Qxd4 Be3 Qb4 a3 Qb3 Rfc1 Rfc8 Bd4 Bb5 Bf1 b6 Qd2 Ba6 Kg2 Rab8 Kg1 h6 Bf2 h5 Rc3 Rxc3 Qxc3 Qxc3 bxc3 Rc8 Be1 f6 exf6 Bxf6 d4 Bxf1 Kxf1 Rc4 a4 Kf7 Ke2 Ke7 Bd2 Kd6 Kd3 a5 h3 Kc6 g4 hxg4 hxg4 b5 g5 Be7 Re1 Rxa4 f5 b4 Rxe6+ Kd7 cxb4 axb4 Rg6 Ra3+ Kc2 Ra2+ Kd3 Ra3+ Kc2 Bf8 f6 gxf6 Rxf6 Ra2+ Kd3 Be7 Rb6
FIDE-Wch k.o.,Groningen,1997.12.13,2.6,"Andersson, Ulf","Milov, Vadim",1/2-1/2,A49,Nf3 Nf6 d4 g6 g3 Bg7 Bg2 O-O O-O d6 Re1 Nc6 Nc3 e5 dxe5 dxe5 h3 Qe7 Bg5 Rd8 Qc1 Qf8 e4 Be6 Nd2 h6 Bxf6 Bxf6 Nd5 Bxd5 exd5 Ne7 Nc4 Qg7 Ne3 Nf5 c3 Nd6 Qc2 Re8 c4 e4 c5 Nf5 Bxe4 Nxe3 Rxe3 Bxb2 Rd1 Bd4 Re2 Rad8 Red2 Bc3 Rd3 Rxe4 Qxc3 Qxc3 Rxc3 Re5 d6 Rd7 Kg2 Re6 dxc7 Rxc7 Rb1 Rec6 Rcb3 Rxc5 Rxb7 Rxb7 Rxb7 Ra5 Rb2 Ra3 Re2 a5 h4 Kg7 g4 Kf6 f3 a4 Kg3 Rc3 Re4 Ra3 Re2 Kg7 Kf4 Kf6
FIDE-Wch k.o.,Groningen,1997.12.13,2.6,"Ehlvest, Jaan","Sadler, Matthew",0-1,D94,Nf3 d5 d4 Nf6 c4 c6 e3 g6 Nc3 Bg7 Bd3 O-O h3 c5 O-O cxd4 exd4 dxc4 Bxc4 Nc6 a3 Bd7 d5 Na5 Ba2 Ne8 Bf4 Nd6 Ne5 Rc8 Qe2 Re8 Rfe1 a6 Ne4 Bf5 f3 Qb6+ Kh1 Qb5 Qf2 Bxe4 fxe4 Nac4 Nxc4 Nxc4 Rad1 Qxb2 Re2 Qxa3 e5 Qc5 Qf3 Rcd8 h4 b5 h5 e6 h6 Rxd5 Rxd5 Qxd5 hxg7 Qxf3 gxf3 Kxg7 Kg2 h6 Bg3 Rd8 f4 Rd3 Bh4 Ne3+ Kg1 Ng4 Kg2 Ne3+ Kg1 Ng4 Re4 Rd1+ Be1 Rd3 Bb4 a5 Be7 Rd1+ Kg2 Rd2+ Kg3 Nf2 Re1 Rxa2 Bf6+ Kh7 Kf3 g5 fxg5 hxg5 Rg1 g4+ Ke3 Kg6 Bh4 Nh3
FIDE-Wch k.o.,Groningen,1997.12.13,2.4,"Georgiev, Kiril","Alterman, Boris",1-0,C24,e4 e5 Bc4 Nf6 d3 c6 Nf3 Be7 Bb3 d6 Nbd2 Na6 c3 O-O O-O Be6 Bc2 Nd7 d4 Nc7 h3 Re8 Re1 Bf6 Nf1 g6 Bh6 d5 Ng3 exd4 e5 Be7 cxd4 c5 dxc5 Nxc5 Qd2 Rc8 Be3 Qd7 Red1 Red8 Rac1 Ne8 Nd4 Ng7 Bg5 Rc7 b4 Na6 a3 Rdc8 Bxe7 Qxe7 Nb5 Rd7 Nxa7 Ra8 Qd4 Nb8 Nc8 Qd8 Nb6 Nc6 Qc5 Nxe5 Nxa8 Qxa8 Bb3 Ne8 Qc8 Qxc8 Rxc8 Kf8 Ba4 Re7 Rxe8+ Rxe8 Bxe8 Kxe8 Ne2 Nc4 a4 Nb2 Ra1 Bd7 a5 Ke7 Nd4 Kd6 a6 bxa6 Rxa6+ Kc7 b5 Nc4 f4 Bc8 Rc6+ Kd8 Rc5 Bb7 Nc6+ Kd7 Rxd5+ Nd6 Ne5+ Ke6 Rc5 Bd5 b6 f6 Nc6 Nb7 Nd4+ Kd6 Rc7 h5 Nb5+ Ke6 Nc3
FIDE-Wch k.o.,Groningen,1997.12.13,2.6,"Zvjaginsev, Vadim","Kaidanov, Grigory S",1-0,D46,d4 d5 c4 e6 Nc3 c6 e3 Nf6 Nf3 Nbd7 Qc2 Bd6 Bd3 O-O O-O a6 b3 e5 cxd5 cxd5 e4 exd4 Nxd5 Nxd5 exd5 h6 Nxd4 Nc5 Bb2 Qh4 Nf3 Qh5 Rfe1 Nxd3 Qxd3 Bf5 Qd4 f6 Qh4 Qg6 Nd4 Bd7 Ne6 Rfc8 Re2 Rc2 Rxc2 Qxc2 Qg4 Bf8 Bxf6 Rc8 h3 Qd2 Rd1 Rc1 Rxc1 Qxc1+ Kh2 Qd2 Qg3 Bxe6 dxe6
FIDE-Wch k.o.,Groningen,1997.12.13,2.7,"Andersson, Ulf","Milov, Vadim",0-1,E62,Nf3 Nf6 c4 g6 g3 Bg7 Bg2 O-O O-O d6 Nc3 Nc6 d3 Nh5 d4 e5 d5 Ne7 e4 c5 a3 b6 Bd2 f5 exf5 Bxf5 Ng5 Nf6 Ne6 Bxe6 dxe6 Rc8 Bg5 Nf5 Bh3 Qe7 Bxf6 Bxf6 Qd5 Rce8 Ne4 Qxe6 Bxf5 gxf5 Nxd6 Qxd5 cxd5 Rd8 Nxf5 Rxd5 Ne3 Rd4 Rac1 Kf7 Rc2 Rfd8 Re1 Rd2 Re2 Rxc2 Rxc2 Ke6 Kf1 Rd3 Ke2 e4 Nc4 Rb3 a4 Rb4 a5 b5 Nd2 Kd5 b3 a6 h4 h5 Rc1 Rd4 f3 exf3+ Nxf3 Re4+ Kf2 Kc6 Rc2 Bd8 Re2 Rxe2+ Kxe2 Bxa5 g4 hxg4 Ne5+ Kd5 Nxg4 Kd4 h5 Kc3 Nf6 Kxb3 Ne4 Kc4 h6 Bc7 h7 Be5 Nd6+ Kb3 Nb7 c4 Nc5+ Ka3 Nxa6 b4
FIDE-Wch k.o.,Groningen,1997.12.13,2.6,"Kortschnoj, Viktor","Short, Nigel D",0-1,A10,c4 b6 Nc3 e6 Nf3 Bb7 g3 f5 Bg2 Nf6 O-O Bb4 Qb3 Bxc3 Qxc3 O-O b4 a5 b5 Qe7 a4 d6 d4 Nbd7 Ba3 Ne4 Qc2 e5 dxe5 Nxe5 Nd4 Qf7 Rac1 Rae8 e3 Qh5 Qd1 Qf7 Qc2 Ba8 Ne2 Qh5 f3 Ng5 f4 Bxg2 fxe5 Bxf1 Nf4 Nh3+
FIDE-Wch k.o.,Groningen,1997.12.13,2.4,"Aleksandrov, Aleksej","Hjartarson, Johann",1-0,E52,d4 Nf6 c4 e6 Nc3 Bb4 e3 O-O Nf3 d5 Be2 b6 O-O Bb7 a3 Bd6 b4 dxc4 Bxc4 a5 Rb1 axb4 axb4 Nbd7 Be2 Qe7 Nb5 Be4 Bd3 c6 Nxd6 Qxd6 Bxe4 Nxe4 Qc2 Qd5 Nd2 Nxd2 Bxd2 Ra2 Rb2 Rfa8 Rc1 b5 Be1 Rxb2 Qxb2 Nb6 Ra1 Rxa1 Qxa1 Na4 Qc1 f5 Qc2 Kf7 h3 g6 f3 Ke7 Kf1 Kd7 Bg3 Qc4+ Qxc4 bxc4 Ke2 Kc8 Kd2 Kb7 Kc2 Ka6 Bd6 Kb5 e4 fxe4 fxe4 Kb6 Be5 Ka6 Bc7 Kb5 Bd6 c3 Kb3 c2 Bf4 Nb6 Kxc2 Kc4 Be5 Na4 Kd2 Kxb4 Kd3 Nb2+ Ke2 Nc4 Bg7 Kb3 Kd3 Nb2+ Ke3 Nc4+ Kf4 Kc2 Kg5 Kd3 Kh6 Kxe4 Kxh7 e5 dxe5 Nxe5 Bxe5 Kxe5 Kxg6 c5 h4 c4 h5 c3 h6 c2 h7 c1=Q h8=Q+ Ke6 Qf6+ Kd7 g4 Ke8 Qf7+ Kd8 g5 Qd2 Qf6+ Ke8 Qe6+ Kd8 Qf5 Ke8 Qf7+ Kd8 Qe6 Qc1 Qe5 Qb1+ Qf5 Qc1 Kg7 Ke8 Qe6+ Kd8 g6 Qb1 Kf7 Qb7+ Kg8 Qb1 g7 Qa1 Kf7 Qa7+ Kf6 Qa1+ Qe5 Qf1+ Kg6 Qb1+ Qf5 Qa2 Qf8+ Kd7 Qf7+
FIDE-Wch k.o.,Groningen,1997.12.13,2.3,"Sokolov, Ivan","Epishin, Vladimir",1/2-1/2,E34,d4 Nf6 c4 e6 Nc3 Bb4 Qc2 d5 cxd5 Qxd5 Nf3 Qf5 Qd1 c5 e3 cxd4 exd4 O-O Bd3 Qh5 O-O Nbd7 Ne2 Bd6 Bf4 Bxf4 Nxf4 Qa5 a3 Rd8 Rc1 Nf8 Ne5 Qb6 Rc4 Bd7 Rb4 Qc7 Qf3 Bc6 Rc1 a5 Rbc4 Qb6 Qe2 Bb5 Rc7 Rxd4 Bxb5 Rxf4 Bd3 Rd8 Rxf7 Nd5 Rxf4 Nxf4 Qd2 Qd4 Rc4 Qxe5 Rxf4 Rxd3 Rxf8+ Kxf8 Qxd3 Qe1+ Qf1 Qd2 Qb1 g6 g3 Kf7 b3 b5 Qf1 Qd5 Qc1 Qxb3 Qc7+ Kf6 Qxa5 Qd1+ Kg2 Qd5+ Kg1 Qd1+
FIDE-Wch k.o.,Groningen,1997.12.13,2.4,"Azmaiparashvili, Zurab","Slobodjan, Roman",1/2-1/2,D30,d4 d5 c4 e6 Nf3 c6 Qc2 Nf6 g3 g6 Bg2 Bg7 O-O O-O Rd1 Nbd7 Nbd2 Re8 b3 b6 Bb2 Bb7 e4 dxe4 Nxe4 c5 Nd6 Qc7 Nxb7 Qxb7 Ne5 Qc7 Nxd7 Nxd7 Bxa8 Rxa8 dxc5 Nxc5 Bxg7 Kxg7 Qc3+ e5 Rd5 Re8 Re1 f6 f4 Nd7 Red1 Nf8 fxe5 fxe5 c5 Re6 c6 Kg8 Qc4 Qxc6
FIDE-Wch k.o.,Groningen,1997.12.13,2.3,"Salov, Valery","Tkachiev, Vladislav",0-1,E63,d4 Nf6 c4 g6 Nf3 Bg7 g3 O-O Bg2 d6 O-O Nc6 Nc3 a6 Bg5 h6 Bd2 e5 d5 Nd4 Ne1 Re8 e3 Nf5 Ne4 Nxe4 Bxe4 h5 Bc3 Nh6 Bg2 h4 e4 Ng4 Qe2 hxg3 fxg3 c6 Bf3 Nf6 Ng2 cxd5 cxd5 Bd7 Qf2 Rf8 Ne3 Bh6 Rfe1 Rc8 a4 Kg7 a5 Nh7 Bg2 f5 h4 f4 gxf4 Bxf4 Bf3 Bh3 Rad1 Qf6 Ng2 Rf7 Rd3 Rcf8 Nxf4 Qxf4 Bd2 Qf6 Qg3 Qxf3 Rxf3 Rxf3 Qh2 Rf1+
FIDE-Wch k.o.,Groningen,1997.12.13,2.3,"Sadler, Matthew","Ehlvest, Jaan",1/2-1/2,E58,d4 Nf6 c4 e6 Nc3 Bb4 e3 O-O Bd3 d5 Nf3 c5 O-O Nc6 a3 Bxc3 bxc3 Qc7 cxd5 exd5 Nh4 Qa5 Bb2 Re8 Qe1 Bd7 f3 Ne7 c4 Qxe1 Rfxe1 dxc4 Bxc4 Ned5 Bxd5 Nxd5 e4 Nf4 dxc5 Rac8 Rad1 Ba4 Rd2 Rxc5 Bd4 Ra5 Rc1 Ne6 Nf5 Bc6 Bb2 h5 Kf2 Ra6 Ne3 Rb6 Nc4 Ra6 Ne5 Ba4 Rc4 f6
FIDE-Wch k.o.,Groningen,1997.12.13,2.3,"Kortschnoj, Viktor","Short, Nigel D",1/2-1/2,D53,d4 Nf6 c4 e6 Nf3 d5 Nc3 Be7 Bg5 h6 Bh4 O-O Rc1 dxc4 e3 c5 Bxc4 cxd4 Nxd4 Bd7 Bg3 Nc6 Ndb5 e5 a4 a6 Na3 Bxa3 bxa3 Qe7 Bh4 g5 Bg3 Be6 Bxe6 Qxe6 O-O Rfd8 Qc2 Rac8 Qb1 Rd7 h4 Kg7 Na2 Rdc7 Nb4 Ne7 Rxc7 Rxc7 Qb2 Ng6 Nd3 Re7 hxg5 hxg5 Nc5 Qd5 Rc1 Ne4 Nxe4 Qxe4 Qb4 Qd3 Qc3 Qxc3 Rxc3 Rd7 f3 f6 Kf1 Kf7 Ke2 Ne7 Be1 Nc6 Rc1 Ke6 Bc3 Rc7 Rh1 Ne7 Kd3 Nd5 Ba5 Rc5 Bb4 Rc6 Rb1 Rb6 a5 Rc6 Bd2 Rc7 Rh1 Rd7 Ke2 Ne7 Rh7 Nc6 Rxd7 Kxd7 Kd3 Nd8 Kc4 Kc6 Bb4 Nf7 Be7 Nd6+ Kd3 Ne8 g4 Kd7 Bb4 Nc7 Kc4
FIDE-Wch k.o.,Groningen,1997.12.13,2.3,"Kaidanov, Grigory S","Zvjaginsev, Vadim",0-1,E04,d4 d5 Nf3 Nf6 c4 e6 g3 dxc4 Bg2 Nc6 O-O Rb8 Nc3 b5 e4 Be7 Bf4 O-O a4 a6 axb5 axb5 Qe2 b4 Na4 Ba6 Rfd1 Bb5 Qe1 Ra8 Nc5 Rxa1 Rxa1 Nxd4 Nxd4 Qxd4 Be3 Qxb2 Rb1 Qa3 Qxb4 Qxb4 Rxb4 c6 f3 Nd7 Rxb5 cxb5 Nxd7 Rd8 Ne5 c3 Nc6 Rd1+ Kf2 Ba3 Nd4 Bc5 Ke2 Rb1 Kd3 b4 Nc2 Bxe3 Nxe3 Rb2 Nc2 b3 Ne3 c2 Kd2 Rb1 Nxc2 Rb2
FIDE-Wch k.o.,Groningen,1997.12.13,2.3,"Hjartarson, Johann","Aleksandrov, Aleksej",1/2-1/2,C49,e4 e5 Nf3 Nc6 Bb5 Nf6 Nc3 Bb4 O-O O-O d3 Bxc3 bxc3 d6 Bg5 Qe7 Re1 Nd8 d4 Ne6 Bc1 Rd8 g3 c5 a4 h6 Bf1 Nf8 Nh4 N6h7 Bg2 Qf6 Be3 Ng5 Qd2 Bh3 Bxg5 hxg5 Bxh3 gxh4 d5 Nh7 Qe3 Re8 c4 Re7 Ra3 g6 Rb3 Kg7 a5 Rh8 Reb1 Rb8 Bg2 hxg3 fxg3 Qg5 Qe2 f5 Rf1 Rf8 h4 Qg4 Qxg4 fxg4 Rfb1 Rff7 Bf1 Kh6 Be2 Kh5 Kg2 Nf6 Bd3 Ng8 Be2 Nf6
FIDE-Wch k.o.,Groningen,1997.12.13,2.3,"Andersson, Ulf","Milov, Vadim",1-0,A49,Nf3 Nf6 d4 g6 g3 Bg7 Bg2 O-O O-O d6 Nc3 Na6 e4 c5 e5 Ne8 exd6 Nxd6 dxc5 Nxc5 Be3 Ne6 Qe2 Bd7 Rfd1 Rc8 Nd4 Nxd4 Bxd4 Bxd4 Rxd4 Qb6 Rad1 Be6 Nd5 Bxd5 Rxd5 Qxb2 Qxe7 Nf5 Qg5 Qxc2 R5d2 Qc3 Bxb7 Rce8 Kg2 Re7 Bf3 a5 h4 Rc7 Rd5 h6 Qd2 a4 h5 Qxd2 R1xd2 Kg7 Ra5 Rc4 hxg6 fxg6 Rd7+ Kf6 Ra6+ Kg5 Be2 Rc2 f4#
FIDE-Wch k.o.,Groningen,1997.12.13,2.3,"Alterman, Boris","Georgiev, Kiril",1/2-1/2,A57,d4 Nf6 c4 c5 d5 b5 Nf3 g6 cxb5 a6 b6 Qxb6 Nc3 d6 Nd2 Bg7 e4 O-O Be2 a5 a4 Ba6 Bb5 Ne8 Nc4 Qd8 O-O Nd7 Bf4 Ne5 Bxe5 Bxe5 Bxa6 Rxa6 Nb5 Bg7 Qd2 Nf6 Rfe1 Nd7 Ra3 Ne5 Nxe5 Bxe5 Rh3 Bg7 b3 Ra8 Na3 Rb8 Nc4 Rb4 Kh1 f5 exf5 Rxf5 Qe2 Bf6 Rd3 Kg7 Kg1 Rf4 g3 Rd4 Rxd4 cxd4 Qf3 Qb8 Nxa5 Qb6 Nc6 Rxb3 Qe4 d3 Qe3 Rb1 Rxb1 Qxb1+ Kg2 Qd1 Nd4 h5 a5 Kh7 Nf3 Qa4 Qxd3 Qxa5 Qe4 Qc3 h3 Kg7 g4 hxg4 hxg4 Qc1 Ng1 Qd2 Ne2 Qg5 Kf1 Qe5 Qxe5 Bxe5 Kg2 Kf6 f4 Bb2 g5+ Kf7 Kf3 e6 Ke4 Ke7 Ng1 Bc1 Ne2 Bd2 dxe6 Kxe6 Nd4+ Kf7
FIDE-Wch k.o.,Groningen,1997.12.14,3.1,"Svidler, Peter","Epishin, Vladimir",1-0,B12,e4 c6 d4 d5 e5 Bf5 Nf3 e6 Be2 c5 Be3 cxd4 Nxd4 Ne7 Bg5 Qa5+ Nc3 Bg6 O-O a6 h4 h5 Bd3 Bxd3 cxd3 Nbc6 Nf3 Ng6 d4 Be7 Bxe7 Ngxe7 a3 Nf5 g3 Qb6 Na4 Qa7 Nc5 Nfxd4 Rc1 Nxf3+ Qxf3 Ne7 Rc3 Rc8 Rfc1 Rc6 b4 Qb6 Qf4 Qc7 a4 Ng6 Qd2 Qxe5 b5 axb5 axb5 Rb6 Nd3 Qd6 Rc8+ Kd7 R1c7+ Qxc7 Rxc7+ Kxc7 Qc3+ Kd7 Nc5+ Kd6 Nxb7+ Kd7 Qc5 Rxb7 Qc6+ Ke7 Qxb7+ Kf6 b6 d4 Qc7 d3 Kf1 Ne5 b7
FIDE-Wch k.o.,Groningen,1997.12.14,3.1,"Dreev, Alexey","Sadler, Matthew",1/2-1/2,D20,d4 d5 c4 dxc4 e4 Nf6 e5 Nd5 Bxc4 Nc6 Nc3 Nb6 Bb5 Bd7 Nf3 e6 O-O
FIDE-Wch k.o.,Groningen,1997.12.14,3.1,"Georgiev, Kiril","Milov, Vadim",1/2-1/2,E66,d4 Nf6 c4 g6 Nf3 Bg7 g3 O-O Bg2 d6 O-O Nc6 Nc3 a6 d5 Na5 Nd2 c5 Qc2 Rb8 b3 b5 Rb1 Qc7 Bb2 Bf5 e4 Bd7 h3 bxc4 bxc4 e5 Ne2 Rb4 a3 Ba4 Qd3 Rbb8 Bc3 Nd7 Rxb8 Rxb8 Rb1 Rxb1+ Qxb1 Nb7 Nc1 Qb6 Ncb3 Bh6 Bf1 Bxd2 Nxd2 Qxb1 Nxb1 Bc2 Nd2 Nb6 f4 f6 Kf2 Na4 Ba1 Na5 Ke3 Nb6 Bd3 Bd1 Bc3 Nb7 Be2 Ba4 h4 Kf7 f5 Bc2 Bd3 Bd1 Be2 Bc2 Bd3 Bd1 Be2
FIDE-Wch k.o.,Groningen,1997.12.14,3.1,"Jussupow, Artur","Almasi, Zoltan",1/2-1/2,A46,d4 Nf6 Nf3 e6 Bg5 c5 e3 h6 Bxf6 Qxf6 Nbd2 cxd4 exd4 Nc6 c3 d5 Bd3 Bd6 Qe2 O-O O-O e5 dxe5 Nxe5 Nxe5 Bxe5 Rfe1 Bc7 Qf3 Qg5 Nf1 Be6 h3 Rad8 Rad1 g6 Nd2 d4 Ne4 Qf4 Qxf4 Bxf4 c4 Rc8 b3 Kg7 Re2 Rfd8 Nd2 Bd7 Nf3 Bc6 Ne5 Re8 Nxc6 bxc6 c5 a5 Rde1 Kf8
FIDE-Wch k.o.,Groningen,1997.12.14,3.1,"Khalifman, Alexander","Anand, Viswanathan",1/2-1/2,D46,d4 d5 Nf3 c6 c4 Nf6 Nc3 e6 e3 Nbd7 Qc2 Bd6 Bd3 O-O O-O dxc4 Bxc4 a6 Rd1 b5 Be2 c5 dxc5 Bxc5 Ne4 Be7 Ne5 Nd5 Nc6 Qe8 Nc3 Nxc3 Nxe7+ Qxe7 Qxc3 Bb7 Bd2 Rfc8 Qd4 e5 Bb4
FIDE-Wch k.o.,Groningen,1997.12.14,3.1,"Lautier, Joel","Gelfand, Boris",1/2-1/2,E58,d4 Nf6 c4 e6 Nc3 Bb4 e3 O-O Bd3 c5 Nf3 d5 O-O Nc6 a3 Bxc3 bxc3 Qc7 cxd5 exd5 a4 Re8 Ba3 c4 Bc2 Ne4 Bxe4 Rxe4 Nd2 Re8 e4 Be6 Re1 dxe4 Nxe4 Bd5 Qg4 Re6 Re3 Ne7 Ng3 Ng6 Nf5 Rae8 Rae1 Qf4 Rxe6 fxe6 Qxf4 Nxf4 Ne3 Bc6 a5 e5 Nxc4 exd4 Rxe8+ Bxe8 cxd4 Ne2+ Kh1 Nxd4 Bc5 Nb3 Bxa7 Bf7 Nd6 Nxa5 Bb6
FIDE-Wch k.o.,Groningen,1997.12.14,3.1,"Milos, Gilberto","Shirov, Alexei",1/2-1/2,C78,e4 e5 Nf3 Nc6 Bb5 a6 Ba4 Nf6 O-O b5 Bb3 Bc5 d3 d6 a4 Rb8 axb5 axb5 Be3 O-O Nbd2 h6 Qe2 Nd7 c3 Qf6 g3 Ne7 Nh4 b4 Bc4 bxc3 bxc3 Bb7 Rac1 c6 Bxc5 Nxc5 f4 d5 fxe5 Qe6 Nb3 Na4 exd5 cxd5 Bb5 Qb6+ d4 Bc6 Bxa4 Bxa4 Nc5 Bb5 Qg4 Bxf1 Nd7 Qb2 Rxf1 Qxc3 Nxb8 Rxb8 Qf4 Rf8 Ng2 Nc6 e6 Qxd4+ Qxd4 Nxd4 exf7+ Rxf7 Rxf7 Kxf7 Nf4
FIDE-Wch k.o.,Groningen,1997.12.14,3.1,"Oll, Lembit","Tkachiev, Vladislav",1/2-1/2,D28,d4 d5 Nf3 Nf6 c4 dxc4 e3 e6 Bxc4 c5 O-O a6 Bb3 Nc6 Nc3 b5 Qe2 Na5 dxc5 Nxb3 axb3 Bxc5 e4 Bb7 e5 Nd7 Rd1 Be7 Bf4 O-O Rac1 Rc8 Qe3 Rc7 Nd4 b4 Na4 Rxc1 Rxc1 Qa5 Nc6 Bxc6 Rxc6 Qd5 Qf3 Qxf3 gxf3 g5 Rc7 Rd8 Be3 Kg7 f4 h6 fxg5 hxg5 Kg2 Kg6
FIDE-Wch k.o.,Groningen,1997.12.14,3.1,"Adams, Michael","Tiviakov, Sergei",1-0,B51,e4 c5 Nf3 d6 Bb5+ Nc6 O-O Bd7 Re1 Nf6 c3 a6 Bf1 Bg4 d3 g6 Nbd2 Bg7 h3 Bxf3 Nxf3 O-O d4 cxd4 cxd4 Rc8 Qb3 Rc7 Bf4 Nd7 Rad1 Qb8 h4 e5 dxe5 dxe5 Be3 Qe8 Qa3 Qe7 Qxe7 Nxe7 g3 h6 Rd6 Nc8 Rd2 Nf6 Rdd1 Nxe4 Bxh6 Bxh6 Rxe4 f6 Rc4 Re7 h5 gxh5 Nh4 Rh7 Bh3 Ne7 Be6+ Kh8 Rc7 f5 Rdd7 Bg5 Ng6+
FIDE-Wch k.o.,Groningen,1997.12.14,3.1,"Beliavsky, Alexander G","Rublevsky, Sergei",1/2-1/2,E01,d4 d5 Nf3 e6 g3 c5 Bg2 cxd4 O-O Nf6 Nxd4 e5 Nf3 Nc6 c4 d4 e3 Bc5 exd4 Bxd4 Nxd4 Nxd4 Bg5 O-O Nc3 h6 Bxf6 Qxf6 b3 Qg6 Re1 f6 Nd5 Qf7 f4 Nc6 Qd3 Kh8 Rf1 Be6 Rae1 Qd7 Qe3 Bg4 fxe5 Nxe5 h3 Bf5 Rd1 Rad8 Kh2 b6 Nxf6 Qxd1 Rxd1 Rxd1 Qxe5 Rxf6 g4 Bg6 Qb8+ Kh7 Bd5 Bf7 Be4+ Bg6 Bd5 Bf7 Be4+ Bg6 Bd5
FIDE-Wch k.o.,Groningen,1997.12.14,3.1,"Vaganian, Rafael A","Akopian, Vladimir",1/2-1/2,D43,Nf3 d5 d4 Nf6 c4 c6 Nc3 e6 Bg5 h6 Bxf6 Qxf6 e3 Nd7 Bd3 dxc4 Bxc4 g6 O-O Bg7 Rc1 O-O e4 Rd8 Qe2 Qe7 e5 b6 Rfe1 a6 Bd3 Bb7 Be4 b5 Nb1 Rdc8 Nbd2 a5 Nb3 a4 Nc5 Nxc5 Rxc5 Bf8 Rec1 Qd7 R5c2 b4 Qe3 Ra5 h4 c5 Bxb7 Qxb7 dxc5 Qd5 c6 Qxa2 Rd2 Rd5 c7 a3 bxa3 Rxd2 Nxd2 bxa3 Ne4 Qb2 Nd6 Rxc7 Rxc7 a2 Ra7 a1=Q+ Rxa1 Qxa1+ Kh2 Bg7 Nc4 Qd1 g3
FIDE-Wch k.o.,Groningen,1997.12.14,3.1,"Zvjaginsev, Vadim","Seirawan, Yasser",1/2-1/2,D63,Nf3 d5 d4 Nf6 c4 e6 Nc3 Nbd7 Bg5 h6 Bh4 Be7 e3 O-O Rc1 a6 b3 b6 cxd5 exd5 Bd3 Bb7 Bf5 g6 Bxd7 Nxd7 Bg3 Rc8 O-O Nf6 Qe2 Nh5 Be5 f6 Bg3 Nxg3 hxg3 Kg7 Qd3 Qe8 Nh4 f5 Ne2 Bd6 Nf4 g5 Nxf5+
FIDE-Wch k.o.,Groningen,1997.12.14,3.1,"Azmaiparashvili, Zurab","Aleksandrov, Aleksej",1-0,C45,e4 e5 Nf3 Nc6 d4 exd4 Nxd4 Qf6 Be3 Bc5 c3 Nge7 Bc4 Ne5 Be2 Qg6 O-O O-O Nd2 d5 Bh5 Qd6 f4 N5c6 e5 Qh6 N2b3 Bxd4 Bxd4 Nxd4 cxd4 Nf5 Rf2 a5 Be2 b6 Rc1 c6 Rc3 Ne7 g4 f5 exf6 Qxf6 Re3 Bd7 Bd3 Ng6 f5 a4 Na1 a3 b4 c5 bxc5 bxc5 dxc5 Ne5 Nb3 Ba4 Bc2 Rad8 Nd4 Bxc2 Rxc2 Rb8 Ne6 Rf7 c6 Nc4 Re1 Qh4 c7 Re8 Rf2 Nb6 Qd4 Nc8 Re3 h5 Qxd5 hxg4 Ng5
FIDE-Wch k.o.,Groningen,1997.12.15,3.2,"Tkachiev, Vladislav","Oll, Lembit",1/2-1/2,B51,e4 c5 Nf3 d6 Bb5+ Nd7 d4 Nf6 Nc3 a6 Bxd7+ Nxd7 O-O e6 dxc5 Nxc5 Bg5 Qb6 Rb1 h6 Bf4 Bd7 Re1 g5 Bg3 Na4 Nxa4 Bxa4 b3 Bd7 Nd2 e5 Nc4 Qc6 f3 Be6 Ne3 Be7 c4 Bd8 Qd2 Bb6
FIDE-Wch k.o.,Groningen,1997.12.15,3.2,"Tiviakov, Sergei","Adams, Michael",1/2-1/2,C77,e4 e5 Nf3 Nc6 Bb5 a6 Ba4 Nf6 Qe2 b5 Bb3 Be7 c3 d5 d3 O-O Bg5 dxe4 dxe4 Nd7 Be3 Na5 Bc2 Nc4 Bc1 Bb7 Nbd2 Nxd2 Bxd2 c5 O-O Qc7 b3 Rfd8 a4 Bc6 Rfd1 h6 Be3 Qb7 Nd2 Nf6 f3 Rd7 c4 bxa4 Rdb1 axb3 Nxb3 Qc7 Nxc5 Rdd8 Nxa6 Qc8 Bc5 Qxa6 Bxe7 Qxa1 Rxa1 Rxa1+ Kf2 Rd7 Bb4 Ra2 Ke3 Rd4 Bc5 Ng4+ fxg4 Rxe4+ Bxe4 Rxe2+ Kxe2 Bxe4 Kf2
FIDE-Wch k.o.,Groningen,1997.12.15,3.2,"Seirawan, Yasser","Zvjaginsev, Vadim",1/2-1/2,D35,d4 d5 c4 e6 Nf3 Nf6 cxd5 exd5 Bg5 c6 Nc3 h6 Bh4 Bf5 Qb3 g5 Bg3 Qb6 e3 Ne4 Nxe4 Bxe4 Nd2 Bf5 O-O-O Nd7 h4 Rc8 Bd3 Bxd3 Qxd3 c5 hxg5 Bg7 gxh6 Rxh6 Rxh6 Qxh6 Kb1 Qh5 Re1 c4 Qc2 Kf8 Qd1 Qg6+ Qc2 Qh5 Qd1 Qg6+ Qc2
FIDE-Wch k.o.,Groningen,1997.12.15,3.2,"Krasenkow, Michal","Bareev, Evgeny",1/2-1/2,A81,d4 f5 g3 Nf6 Bg2 g6 Nh3 Bg7 Nf4 Nc6 d5 Ne5 Nc3 c6 e4 fxe4 Nxe4 Nxe4 Bxe4 cxd5 Bxd5 e6 Bg2 O-O O-O a5 a4 Ra6 Rb1 Nc6 c4 e5 Nd5 d6 Be4 Nd4 Be3 Kh8 Bxd4 exd4 f4 Bd7 b3 Qc8 Qd3 Qc5 Rbe1 Raa8 h4 Rae8 Kg2 Bg4 Bf3 Bf5 Be4 Bg4 Bf3 Bf5 Be4 Be6 h5 gxh5
FIDE-Wch k.o.,Groningen,1997.12.15,3.2,"Shirov, Alexei","Milos, Gilberto",1/2-1/2,B49,e4 c5 Nf3 e6 d4 cxd4 Nxd4 Nc6 Nc3 Qc7 Be2 a6 O-O Nf6 Be3 Bb4 Na4 Be7 Nxc6 bxc6 Bd3 c5 c4 Bb7 Nc3 h5 h3 h4 Qd2 d6 Rab1 Rd8 Bg5 Nh7 Bf4 Nf8 b4 cxb4 Rxb4 Ng6 Rfb1 Ba8 Be3 Rc8 Rb6 Ne5 Rxa6 Nxd3 Qxd3 O-O Ra4 Rb8 Rb5 Rfc8 Bd4 Bc6 Ra7 Qd8 Rb3 Ra8 Nb5 Rcb8 Qe2 Bf8 Rxa8 Rxa8 a3 Qg5 Be3 Qe5 f3 d5 Bd4 Qg5 cxd5 exd5 Rc3 Bxb5 Qxb5 Qd2 Qd3
FIDE-Wch k.o.,Groningen,1997.12.15,3.2,"Akopian, Vladimir","Vaganian, Rafael A",1/2-1/2,C08,e4 e6 d4 d5 Nd2 c5 exd5 exd5 Ngf3 Nf6 Bb5+ Bd7 Bxd7+ Nbxd7 O-O Be7 dxc5 Nxc5 Nb3 Nce4 Nfd4 Qd7 Qf3 O-O Nf5 Bd8 Be3 Rc8 c3 a5 Nbd4 a4 a3 g6 Ng3 Nd6 Rad1 Nc4 Bc1 Qg4 Qxg4 Nxg4 Nc2 Re8 Nb4 h5 Nxd5 h4 f3 hxg3 fxg4 gxh2+ Kxh2 Kg7 Kg3 Rc5 Rd4 b5 Kf3 Ne5+ Kg3 Nc4 Kf3 Ne5+ Kg3 Nc4
FIDE-Wch k.o.,Groningen,1997.12.15,3.2,"Aleksandrov, Aleksej","Azmaiparashvili, Zurab",1/2-1/2,D35,d4 d5 c4 e6 Nc3 Be7 cxd5 exd5 Bf4 Nf6 e3 Bf5 Qb3 Nc6 g4 Nxg4 a3 O-O Bg2 Bh4 Bg3 Bxg3 hxg3 Ne7 Nxd5 Nxd5 Qxd5 Qxd5 Bxd5 Rad8 Bxb7 Rb8 Bf3 Rxb2 Ne2 Nf6 Nc3 Rc2 Na4 Be4 Bxe4 Nxe4 O-O c5 Rac1 Rxc1 Rxc1 cxd4 exd4 Rd8 Nc5 Nxc5 Rxc5 Kf8 d5 Ke7 Kg2 Kd6 Ra5 Rd7 f4 f5 Kh3 Rc7 Kh4 h6 Kh5 Rc3 Kg6 Rxg3+ Kxf5 Rg1 Rxa7 g5
FIDE-Wch k.o.,Groningen,1997.12.15,3.2,"Almasi, Zoltan","Jussupow, Artur",1-0,C26,e4 e5 Nf3 Nf6 Nc3 Nc6 g3 Bc5 Bg2 d6 d3 a6 Be3 Bg4 h3 Bxf3 Qxf3 Nd4 Qd1 h5 Ne2 Nxe2 Qxe2 Bxe3 Qxe3 h4 g4 Nh7 f4 Nf8 f5 Nh7 O-O Qg5 Qf2 Nf6 a4 a5 Ra3 O-O Rb3 Rfb8 c3 Nd7 d4 b6 Rd1 Re8 Ra3 Nf6 d5 g6 Rf1 Kg7 Raa1 Re7 Qe2 Ng8 Rf2 f6 Raf1 Nh6 fxg6 Kxg6 Kh2 Rf7 Rg1 Kh7 Bf1 Rg8 Qe1 f5 exf5 Kg7 Bd3 Rgf8 f6+ Rxf6 Rf5 Nf7 Rxg5+ Nxg5 Kg2 e4 Bc2 Rf4 Bd1 R8f6 Qxh4 Nf7 Qg3 Ne5 Be2 Ng6 h4 e3 Qxe3 Nxh4+ Kg3 Ng6 Bd3 Ne5 Bf5
FIDE-Wch k.o.,Groningen,1997.12.15,3.2,"Sadler, Matthew","Dreev, Alexey",0-1,D48,d4 d5 c4 c6 Nf3 Nf6 Nc3 e6 e3 Nbd7 Bd3 dxc4 Bxc4 b5 Bd3 Bb7 O-O a6 e4 c5 d5 Qc7 dxe6 fxe6 Bc2 Bd6 Ng5 Nf8 f4 O-O-O Qe1 e5 a4 b4 Ne2 h6 fxe5 Bxe5 Nf3 Ne6 Nxe5 Qxe5 Rf5 Qd6 Bf4 Nxf4 Nxf4 Rhe8 Rd1 Rxe4 Rxd6 Rxe1+ Kf2 Rxd6 Rxc5+ Kd8 Kxe1 g5 Nd3 b3 Ne5 Nd7 Nf7+ Ke7 Nxd6 Nxc5 Nf5+ Kf6 Bb1 h5 g3 Nxa4 Kd2 Bd5 Ne3 Be6 Bd3 Nxb2 Bxa6 Ke5 Bb5 Kd4 h4 g4 Ng2 Nc4+ Bxc4 Bxc4 Nf4 Bf7
FIDE-Wch k.o.,Groningen,1997.12.15,3.2,"Milov, Vadim","Georgiev, Kiril",0-1,E49,d4 Nf6 c4 e6 Nc3 Bb4 e3 O-O Bd3 d5 a3 Bxc3+ bxc3 c5 cxd5 Qxd5 Qf3 cxd4 Qxd5 Nxd5 cxd4 b6 Bd2 Ba6 Bxa6 Nxa6 Nf3 Rfc8 Ke2 f6 Rhc1 Kf7 g4 Ne7 e4 Rxc1 Rxc1 Rc8 Rxc8 Nxc8 Kd3 Ke7 h4 Nd6 a4 e5 Bc3 exd4 Bxd4 Nb7 Kc4 Nac5 e5 Nxa4 h5 Nac5 h6 gxh6 exf6+ Ke6 Kb5 Kd5 Be3 Nd6+ Kb4 a5+ Ka3 Nc4+ Ka2 Nxe3 f7 Nd7 fxe3 Ke6 Kb3 Kxf7 Kc4 Ke6 Kb5 Kd5 Nd4 Ne5
FIDE-Wch k.o.,Groningen,1997.12.15,3.2,"Epishin, Vladimir","Svidler, Peter",1/2-1/2,D97,d4 Nf6 c4 g6 Nc3 d5 Nf3 Bg7 Qb3 dxc4 Qxc4 O-O e4 a6 e5 b5 Qb3 Nfd7 Be3 c5 e6 cxd4 Nxd4 Nc5 exf7+ Rxf7 Qd1 Bb7 Rc1 Qd6 Nf3 Bxf3 gxf3 Nc6 Qxd6 exd6 Rd1 Rd8 Bh3 Rff8 f4 Nb4 Ke2 Rfe8 Nd5 Nxd5 Rxd5 Bxb2 f5 Ne4 Kf3 Bf6 fxg6 hxg6 Rg1 Kf7 Rg4 Nc3 Rd3 d5 Rf4 Ne4 Kg2 Rd6 Bg4 Kg7 Bd1 d4 Bc1 Nc5 Rdf3 Re4 h4 Rxf4 Bxf4 Rd5 Bh6+ Kxh6 Rxf6 Kg7 Rc6 d3 Kf3 Na4 Bxa4 bxa4 Rc1 Kh6 Ke4
FIDE-Wch k.o.,Groningen,1997.12.15,3.2,"Gelfand, Boris","Lautier, Joel",1/2-1/2,E12,d4 Nf6 c4 e6 Nf3 b6 Nc3 Bb7 a3 d5 cxd5 Nxd5 Qc2 Nxc3 bxc3 c5 e4 Nc6 Bb2 Rc8 d5 exd5 Rd1 d4 Bb5 a6 Bxc6+ Rxc6 O-O Qc8 cxd4 cxd4 Qb3 Bc5 Bxd4 O-O Ne5 Rc7 Bxc5 bxc5 Qc4 Qe8 f4 Qe6 Rfe1 h6 g3
FIDE-Wch k.o.,Groningen,1997.12.15,3.2,"Sokolov, Andrei","Short, Nigel D",0-1,C78,e4 e5 Nf3 Nc6 Bb5 a6 Ba4 Nf6 O-O b5 Bb3 Bc5 a4 Bb7 d3 O-O Nc3 Na5 Nxe5 Nxb3 cxb3 d5 Bg5 dxe4 dxe4 Re8 Bxf6 Qxf6 Nd7 Qe7 Nxc5 Qxc5 axb5 axb5 Rxa8 Rxa8 Re1 h6 h3 b4 Na4 Qe7 Qc1 Ra5 f3 Re5 Rd1 f5 exf5 Rxf5 Re1 Qd6 Re8+ Kf7 Re3 Rd5 Qc4 Ba6 Qe4 Bb5 Re1 Bd7 Rc1 Be6 Qc2 Kg8 Nc5 Rd2 Qe4 Bxh3 Qe8+ Kh7 Qe4+ g6 Rc2 Rd1+ Kf2 Bf5 Qc4 Bxc2 Qf7+ Kh8 Ne6 Qd2+ Kg3 Qe1+
FIDE-Wch k.o.,Groningen,1997.12.16,3.4,"Van Wely, Loek","Piket, Jeroen",0-1,E94,d4 Nf6 c4 g6 Nc3 Bg7 e4 d6 Nf3 O-O Be2 e5 O-O c6 Be3 Na6 d5 Ng4 Bg5 f6 Bh4 c5 Ne1 h5 Nd3 Nh6 h3 Nf7 a3 Bd7 b4 b6 Rb1 Qe7 Qc2 Bh6 Rbe1 Rac8 b5 Nc7 Bd1 Ne8 Bg3 Ng7 a4 Rce8 a5 bxa5 Bh2 Qd8 Qa2 Qc7 Bc2 Bd2 Qa3 Bxe1 Rxe1 f5 Ra1 f4 Qxa5 Qxa5 Rxa5 Ra8 h4 Rfb8 g3 g5 f3 Ne8 Kf2 a6 bxa6 Nc7 hxg5 fxg3+ Bxg3 Nxa6 g6 Nh8 f4 Nb4 Rxa8 Rxa8 Nxb4 cxb4 Ne2 Ra2 Bd1 h4 Bh2 Nxg6 fxe5 Nxe5 Bxe5 dxe5 c5 Bb5 c6 Kf8 c7 Ba6 d6 Rd2
FIDE-Wch k.o.,Groningen,1997.12.16,3.4,"Rublevsky, Sergei","Beliavsky, Alexander G",1/2-1/2,C07,e4 e6 d4 d5 Nd2 c5 exd5 Qxd5 Ngf3 cxd4 Bc4 Qd8 O-O Nc6 Nb3 a6 Nbxd4 Nxd4 Nxd4 Qc7 Bb3 Bd6 Re1 Bxh2+ Kh1 Be5 Nxe6 Bxe6 Bxe6 Nf6 Bb3 O-O Qf3 h5 Qf5 Rfe8 f3 a5 a4 Bg3 Rxe8+ Rxe8 Bd2 b6 Rf1 h4 c3 Qd7 Qxd7 Nxd7 Bc4 Nc5 Bb5 Re5 c4 Nd3 Bc3 Re7 Bd4 Nc5 b4 axb4 a5 Bc7 Rd1 Re2 Ra1 b3 a6 Bb8 Rb1 Ra2 Kg1 Bc7 Bxc5 bxc5 Rxb3 Bg3 Rb1 Kh7 Rd1 f5 f4 Kh6 Rd6+ g6 Kf1 Rf2+ Ke1 Rxg2+ Kd1 h3 Bc6 Ra2 Bb7 Bxf4 Rd7 h2 Rd8 Rxa6 Rh8+ Kg7
FIDE-Wch k.o.,Groningen,1997.12.16,3.7,"Akopian, Vladimir","Vaganian, Rafael A",1-0,A11,Nf3 d5 g3 c6 Bg2 Bg4 c4 Nf6 cxd5 Bxf3 Bxf3 cxd5 d3 Nc6 O-O e6 Nc3 Be7 Bg2 O-O Bd2 Nd7 Rc1 Rc8 a3 a6 b4 b5 e4 dxe4 Nxe4 Nb6 Bc3 f5 Nc5 Bxc5 bxc5 Na4 Ba1 e5 Qb3+ Kh8 Bxc6 Rxc6 Bxe5 Rxc5 Rxc5 Nxc5 Bxg7+ Kxg7 Qc3+ Rf6 Qxc5 Qxd3 Qe7+ Rf7 Qg5+ Kh8 Rc1 Qd7 Qf4 Rf8 Rc7 Qd1+ Kg2 Qd5+ f3 Rd8 Qh4
FIDE-Wch k.o.,Groningen,1997.12.16,3.6,"Van Wely, Loek","Piket, Jeroen",1-0,E94,d4 Nf6 c4 g6 Nc3 Bg7 e4 d6 Nf3 O-O Be2 e5 O-O Na6 Be3 c6 Qc2 Ng4 Bg5 f6 Bh4 g5 Bg3 f5 exf5 exd4 Nxd4 Ne5 Rad1 Qe7 f4 gxf4 Rxf4 Bh6 Rff1 Bd7 Kh1 Nc7 Ne4 Ne8 Qb3 c5 Ne6 Rxf5 Rxf5 Bxe6 Nxd6 Nc6 Rxc5 Nxd6 Bxd6 Qf6 Qxb7
FIDE-Wch k.o.,Groningen,1997.12.16,3.4,"Oll, Lembit","Tkachiev, Vladislav",1/2-1/2,E61,c4 e5 g3 Nc6 Bg2 g6 Nc3 Bg7 e3 Nf6 Nge2 O-O O-O d6 d4 exd4 exd4 Re8 h3 h6 Be3 Ne7 Qc2 d5 Rad1 dxc4 Qa4 c6 Qxc4 Ned5 Bc1 Be6 Qa4 Qb6 Nxd5 Bxd5 Nc3 Be4 Bf3 Bxf3 Kh2 Bg2 Kxg2 Rad8 Rd3 a6 Rfd1 Nd5 Nxd5 Rxd5 Rb3 Qc7 Be3 Qe7 Qc4 Qe4+ f3 Qe6 Bf2 Rb5 Qxe6 Rxe6 Rxb5 axb5 Rd2 Rd6 Be3 Rd5 b4 Kf8 Kf2 Ke7 Ke2 Rd8 a3 Ke6 Rd3 h5 Kd2 Kd5 Rc3 Bf8 Bf2 Re8 Be3 Bd6 Bf2 Re7 Rc2 Re8 Kd3 Ra8 Rc3 Re8
FIDE-Wch k.o.,Groningen,1997.12.16,3.4,"Khalifman, Alexander","Anand, Viswanathan",1/2-1/2,D46,d4 d5 Nf3 c6 c4 Nf6 Nc3 e6 e3 Nbd7 Qc2 Bd6 Bd3 O-O O-O dxc4 Bxc4 a6 Rd1 b5 Be2 Qc7 e4 e5 g3 Re8 a3 Bb7 Bg5 exd4 Nxd4 Be5 Nf5 c5 Nd5 Nxd5 exd5 f6 Be3 g6 Nh6+ Kg7 Ng4 Bd6 Bh6+ Kf7 a4 c4 axb5 axb5 Rxa8 Bxa8 Ne3 Nc5 Nf5 Bb7 Nxd6+ Qxd6 Bf4 Qd7 Be3 Nd3 Bxd3 cxd3 Rxd3 Re5 d6 Rd5 Rxd5 Bxd5 Qc7
FIDE-Wch k.o.,Groningen,1997.12.16,3.3,"Lautier, Joel","Gelfand, Boris",0-1,D48,d4 d5 c4 c6 Nf3 Nf6 Nc3 e6 e3 Nbd7 Bd3 dxc4 Bxc4 b5 Bd3 Bb7 O-O a6 e4 c5 d5 Qc7 Bc2 O-O-O dxe6 Ne5 Qe2 Nxf3+ Qxf3 fxe6 Qh3 Kb8 Bg5 Bd6 Rad1 Be5 Rde1 h6 Bc1 g5 Kh1 c4 f3 Rhg8 Rd1 Rxd1 Rxd1 h5 Ne2 Bc8 Rf1 Qg7 f4 gxf4 Nxf4 Qg4 Qe3 Ka8 Qf2 Bb7 h3 Qg3 Qxg3 Rxg3 Re1 Bc8 Rd1 Rg8 Kg1 Bb7 Re1 Bd4+ Kh1 e5 Ne6 Bb6 Bg5 Rg6 Bh4 Nxe4 Ng5 Rxg5 Bxe4 Rg8 Bxb7+ Kxb7 Rxe5 Bd4 Re2 Rf8 Kh2 Rf1 Rd2 Be5+ Bg3 Bf6 Rd7+ Kc6 Rf7 h4 Rc7+ Kd5 Rd7+ Ke6
FIDE-Wch k.o.,Groningen,1997.12.16,3.3,"Vaganian, Rafael A","Akopian, Vladimir",1/2-1/2,D43,Nf3 d5 d4 Nf6 c4 c6 Nc3 e6 Bg5 h6 Bxf6 Qxf6 e3 Nd7 Bd3 dxc4 Bxc4 g6 O-O Bg7 Rc1 O-O e4 e5 d5 Nb6 dxc6 bxc6 Be2 Rd8 Qc2 Bg4 Nd1 Rd6 Ne3 Bxf3 Bxf3 h5 a4 Bh6 a5 Nd7 Rfd1 Bxe3 fxe3 Rc8 Be2 Rxd1+ Rxd1 Qe7 b4 Nf6 b5 Qa3 Kf2 Qxa5 bxc6 Qc3 Qxc3 Nxe4+ Kf3 Nxc3 Rd6 Nxe2 Kxe2 Kf8 Kf3 Ke7 Rd7+ Ke6 Rxa7 Rxc6 h4 Rc4 g3 f6 e4 Rc3+ Kf2 f5 Ra6+ Kf7 Ra7+ Kf6 Ra6+ Kg7 Ra7+ Kh6 Re7 Rc2+ Kf1 f4 gxf4 exf4 Rf7 Rc4
FIDE-Wch k.o.,Groningen,1997.12.16,3.3,"Tkachiev, Vladislav","Oll, Lembit",1-0,B50,e4 c5 Nf3 d6 Bc4 Nf6 d3 e6 Bb3 Nc6 c3 g6 O-O Bg7 Re1 O-O d4 cxd4 cxd4 e5 dxe5 dxe5 Qxd8 Rxd8 Nc3 h6 h3 Nd4 Nxe5 Nxb3 axb3 Be6 Nc4 Nd7 Be3 Bxc4 bxc4 Ne5 Ra4 a6 Rb1 Rac8 c5 Nd3 Nd5 Re8 b3 Kh7 Rc4 Ne5 Rb4 Rb8 Rb6 Nc6 Bf4 Be5 Bxe5
FIDE-Wch k.o.,Groningen,1997.12.16,3.3,"Seirawan, Yasser","Zvjaginsev, Vadim",1/2-1/2,D35,d4 d5 c4 e6 Nf3 Nf6 cxd5 exd5 Nc3 c6 Bg5 h6 Bh4 Bf5 Qb3 g5 Bg3 Qb6 e3 Na6 Qxb6 axb6 a3 Nb8 Kd2 Nbd7 Bd3 Be6 Ne5 Rg8 h3 b5 a4 bxa4 Rxa4 Rxa4 Nxa4 Bb4+ Nc3 Nxe5 Bxe5 Ke7 Ra1 Nd7 Bh2 Bd6 Bxd6+ Kxd6 f3 h5 e4 dxe4 fxe4 h4 Ke3 g4 hxg4 Rxg4 Kf2 Rf4+ Ke3 Rg4 Kf2 Rf4+ Ke3 Rg4
FIDE-Wch k.o.,Groningen,1997.12.16,3.3,"Beliavsky, Alexander G","Rublevsky, Sergei",1-0,E01,d4 d5 Nf3 e6 g3 c5 Bg2 cxd4 O-O Nf6 Nxd4 e5 Nf3 Nc6 c4 d4 e3 Bc5 exd4 Bxd4 Nxd4 Nxd4 Bg5 O-O Nc3 h6 Bxf6 Qxf6 f4 Qb6 Rf2 Nc6 f5 Rd8 Nd5 Qc5 f6 g6 Rc1 Be6 Rc3 Kh7 Be4 Nb4 a3 Qd4 Qxd4 exd4 Rb3 Nxd5 cxd5 Bxd5 Bxd5 Rxd5 Rxb7 Kg8 Kf1 a5 Ke2 d3+ Kd1 g5 Rc7 Rb8 Rc3 Kh7 b3 Kg6 Rf3 Rb6 Kd2 h5 Rfxd3 Rxd3+ Kxd3 Kxf6 Kd4 Rd6+ Kc5 Rd2 h3 Kf5 b4 axb4 axb4 Ke4 b5 f5 b6 f4 gxf4 gxf4 b7 Rd8 Kb6 Rb8 Rc8 Rxc8 bxc8=Q Kf3 Kb7
FIDE-Wch k.o.,Groningen,1997.12.16,3.4,"Zvjaginsev, Vadim","Seirawan, Yasser",1-0,D63,d4 Nf6 c4 e6 Nc3 d5 Bg5 Nbd7 Nf3 h6 Bh4 Be7 e3 O-O Rc1 a6 b3 b6 cxd5 exd5 Bd3 Bb7 Bf5 g6 Bh3 Re8 O-O Nf8 Ne5 N6h7 Bxe7 Rxe7 g3 Qd6 Bg2 Rd8 Qc2 Ne6 Rfd1 Kg7 Qb2 f6 Nd3 Nhf8 b4 g5 Nc5 bxc5 bxc5 Qc6 e4 Red7 exd5 Rxd5 Nxd5 Rxd5 Rb1 Nd8 Qe2 Qd7 Rxb7 Nxb7 c6 Qxc6 Qe7+ Kg8 Qe4
FIDE-Wch k.o.,Groningen,1997.12.16,3.4,"Milos, Gilberto","Shirov, Alexei",0-1,A26,c4 Nf6 Nc3 g6 Nf3 Bg7 g3 O-O Bg2 d6 O-O Nc6 d3 e5 Rb1 a5 a3 Re8 Nd2 Nd4 e3 Ne6 Nd5 c6 Nxf6+ Bxf6 Ne4 Bg7 Nc3 h5 h4 Nc7 Bd2 Bf5 Qc2 d5 cxd5 cxd5 Na4 e4 dxe4 Bxe4 Bxe4 Rxe4 Nc3 Rg4 Ne2 Ne6 f3 Rc4 Qd1 Rac8 Bc3 d4 exd4 Nxd4 Rf2 Nxe2+ Rxe2 Qxd1+ Rxd1 Bxc3 bxc3 Rxc3 Kg2 Rxa3 Rd7 Rcc3
FIDE-Wch k.o.,Groningen,1997.12.16,3.5,"Vaganian, Rafael A","Akopian, Vladimir",1/2-1/2,D39,Nf3 d5 d4 Nf6 c4 e6 Nc3 dxc4 e4 Bb4 Bg5 c5 Bxc4 cxd4 Nxd4 Bxc3+ bxc3 Qa5 Bxf6 Qxc3+ Kf1 gxf6 Bb5+ Ke7 Rc1 Qa5 Qc2 Qb6 Qc3 Bd7 Qb4+ Qd6 Qxd6+ Kxd6 Ke2 Nc6 Rhd1 Kc7 Rd3 Rhg8 Rdc3 Rxg2 Nxc6 Bxc6 Bxc6 bxc6 Rxc6+ Kd7 Rc7+ Ke8 Rb7 a5 Rcc7 Rg7 a4 h5 h4 Kf8 Ke3 Kg8 f3 e5 Rc6 Rg6 Rbc7 Kg7 Rc8 Rxc8 Rxc8 Rg2 Rc5
FIDE-Wch k.o.,Groningen,1997.12.16,3.3,"Piket, Jeroen","Van Wely, Loek",0-1,D41,Nf3 Nf6 c4 e6 d4 d5 Nc3 c5 cxd5 Nxd5 g3 cxd4 Nxd5 Qxd5 Qxd4 Nc6 Qxd5 exd5 Bg2 Bf5 O-O Be4 Be3 Be7 Rfd1 Bf6 Nd4 Bxd4 Bxd4 Bxg2 Kxg2 f6 Bc5 Rd8 Rd2 Kf7 Rad1 Ke6 b3 Rd7 g4 Rhd8 e3 b6 Bd4 Rc8 Bb2 Nb4 Ba3 Nc2 Bb2 Nb4 h4 Nxa2 Bxf6 Nc1 Bb2 Nxb3 Rd3 Nc5 Rd4 Ne4 Kg1 Rc2 f3 Rxb2 fxe4 Rb5 Kg2 a5 Kg3 Rc5 exd5+ Rdxd5 Re1 b5 Rf4 b4 Rf8 a4 e4 Rd2 Re8+ Kd7 Rb8 b3 e5 Rc7 Re4 Ra2 e6+ Ke7 Rg8 b2 Rxg7+ Kd6 Rxc7 b1=Q Rd7+ Kc5 Kf4 Rf2+ Ke5 Qb8+
FIDE-Wch k.o.,Groningen,1997.12.16,3.6,"Akopian, Vladimir","Vaganian, Rafael A",1/2-1/2,C08,e4 e6 d4 d5 Nd2 c5 exd5 exd5 Ngf3 Nf6 Bb5+ Bd7 Bxd7+ Nbxd7 O-O Be7 dxc5 Nxc5 Nb3 Nce4 Nfd4 Qd7 f3 Nd6 Nc5 Qc8 Nd3 O-O Re1 Bd8 Be3 Bb6 c3 Re8 Bf2 Rxe1+ Qxe1 Qd7 Qd2 Nc4 Qc2 Re8 Re1 Rxe1+ Nxe1 Qe8 Nd3 Nd7 Qe2 Qxe2 Nxe2 Ne3 Bxe3 Bxe3+ Kf1 Kf8 Nd4 Bxd4 cxd4 Ke7 Ke2
FIDE-Wch k.o.,Groningen,1997.12.16,3.5,"Lautier, Joel","Gelfand, Boris",0-1,D23,d4 d5 c4 c6 Nf3 Nf6 Qc2 dxc4 Qxc4 Bf5 g3 e6 Bg2 Nbd7 O-O Be7 e3 O-O Qe2 c5 Nc3 Ne4 Nd2 Nxd2 Bxd2 Nf6 Bxb7 Rb8 Qa6 Qc7 Bg2 Rxb2 Rfd1 cxd4 Na4 Rxd2 Rxd2 dxe3 fxe3 Qe5 Qf1 Qxe3+ Qf2 Qa3 Qxa7 Ne4 Bxe4 Bxe4 Re2 Ra8 Qe3 Qxe3+ Rxe3 Rxa4 Rc1 f5 Re2 h5 Kf2 Bd5 Rcc2 Ra3 Red2 Bg5 Re2 h4 gxh4 Bxh4+ Kg1 Bf6 Kf2 f4 Red2 f3 Kg3 Be5+ Kg4 Ra4+ Kh3 g5 Rc8+ Kf7
FIDE-Wch k.o.,Groningen,1997.12.16,3.5,"Piket, Jeroen","Van Wely, Loek",1/2-1/2,E04,Nf3 Nf6 c4 e6 d4 d5 g3 dxc4 Bg2 c5 O-O Nc6 Ne5 Bd7 Na3 Nd5 Nxd7 Qxd7 dxc5 Bxc5 Nxc4 O-O a3 Rfd8 Bg5 Be7 Bd2 Bf6 Rb1 Rac8 e3 Nde7 Qb3 Qd3 Qxd3 Rxd3 Be4 Rd7 Be1 g6 Na5 Nxa5 Bxa5 b6 Bb4
FIDE-Wch k.o.,Groningen,1997.12.16,3.4,"Akopian, Vladimir","Vaganian, Rafael A",1/2-1/2,D15,Nf3 Nf6 c4 c6 Nc3 d5 e3 a6 d4 b5 b3 Bg4 Be2 e6 O-O Nbd7 h3 Bh5 Ne5 Bxe2 Nxe2 Nxe5 dxe5 Nd7 cxd5 cxd5 Bb2 Bc5 Nf4 Qg5 Rc1 O-O Rc2 Rfc8 Qe2 Bf8 Nd3 Nb6 Rfc1 Rxc2 Rxc2 Rc8 Rxc8 Nxc8 Qc2 Ne7 Ba3 Qf5 Qc3 a5 Bd6 b4 Qc7 Qxd3 Bxe7 Bxe7 Qxe7 g6 Qd8+ Kg7 Qf6+ Kg8 Qd8+ Kg7 Qxa5 d4 exd4 Qd1+ Kh2 Qxd4 Qb5 Qf4+ Kg1 Qc1+ Kh2 Qf4+ Kg1 Qc1+ Qf1 Qd2 Qb5 Qc1+ Kh2
FIDE-Wch k.o.,Groningen,1997.12.16,3.4,"Gelfand, Boris","Lautier, Joel",0-1,E01,d4 d5 Nf3 e6 g3 c5 Bg2 Nf6 O-O cxd4 Nxd4 e5 Nf3 Nc6 c4 d4 e3 d3 Nc3 Bb4 Bd2 Be6 Nxe5 Nxe5 Qa4+ Nc6 Bxc6+ bxc6 Qxb4 Rb8 Qa3 h5 e4 Ng4 Bf4 Rc8 Qc5 h4 Bg5 f6 Bxh4 Qc7 f4 g5 h3 gxh4 hxg4 hxg3 Kg2 Rh2+ Kxg3 Qh7 f5 Qh3+ Kf4 Rg2 Rf3 Qh6+
FIDE-Wch k.o.,Groningen,1997.12.16,3.6,"Gelfand, Boris","Lautier, Joel",1-0,D00,d4 d5 Nf3 c6 Bg5 h6 Bh4 Qb6 b3 Nd7 e3 e5 Be2 e4 Nfd2 c5 dxc5 Nxc5 Nc3 g5 Nxd5 Qd8 Bb5+ Bd7 Bg3 Rc8 Bxd7+ Qxd7 Be5 Rh7 Nf6+ Nxf6 Bxf6 Rc6 Bb2 Rd6 Bd4 Qf5 Qe2 Ne6 c3 Rd7 f3 exf3 Qxf3 Qb5 Qe2 Qc6 O-O Bd6 Nc4 Bb8 Qc2 Nf8 Rf6 Qc8 Raf1 b5 Nd2 Qc7 Qe4+ Re7 Qc6+ Qxc6 Rxc6 Kd7 Ra6 Kc8 Rf5 Kb7 Raf6 Ne6 Rxb5+ Kc8 Nc4 h5 Be5 Bxe5 Nxe5 a6 Rd5 h4 h3 Nc7 Rc5 Kb7 Nc4 Ne6 Rcf5 Rd7 Rxf7
FIDE-Wch k.o.,Groningen,1997.12.16,3.6,"Anand, Viswanathan","Khalifman, Alexander",1/2-1/2,B51,e4 c5 Nf3 d6 Bb5+ Nc6 O-O Bd7 Re1 Nf6 c3 a6 Bf1 Bg4 d3 g6 Nbd2 Bg7 h3 Bd7 d4 cxd4 cxd4 Rc8 d5 Nb4 Nc4 b5 Ne3 a5 a3 Na6 e5 dxe5 Nxe5 O-O a4 Nc7 Nxd7 Qxd7 axb5 Nxb5 Rxa5 Nd6 Qa4 Rfd8 Qxd7 Nxd7 Ra3 Rxc1 Rxc1 Bxb2 Raa1 Bxc1 Rxc1 Nf6 g3 Nf5 Nxf5 gxf5 Bg2 Nxd5 Bxd5 Rxd5 Kg2 Kg7 Rc4 Kg6 Ra4 e6 Rb4 h5 h4 Kf6 Rb8 Rd4 f4 Rd2+ Kf3 Rd7 Rg8 Rd3+ Kf2 Ra3 Re8 Kg7 Kg2 Ra2+ Kf3 Ra6 Kf2 f6 Re7+ Kf8 Rh7 Ra2+ Kf3 Ra3+ Kf2 Rd3 Ra7 Rd8 Kf3 Re8 Ra6 Kf7 Ra7+ Re7 Ra6 Kg7 Kf2 e5 fxe5 fxe5 Kf3 Rd7 Ke3 Rb7 Ra5 Re7 Ra6 Rd7 Ra5
FIDE-Wch k.o.,Groningen,1997.12.16,3.3,"Shirov, Alexei","Milos, Gilberto",1/2-1/2,B48,e4 c5 Nf3 e6 d4 cxd4 Nxd4 Nc6 Nc3 Qc7 Be3 a6 Bd3 Nf6 O-O Ne5 h3 Bc5 Qd2 d6 f4 Ng6 Kh1 O-O Rae1 Bd7 Nf3 Bxe3 Qxe3 e5 f5 Ne7 g4 Bc6 Nd2 d5 Qg3 dxe4 Ncxe4 Nxe4 Nxe4 Nd5 Kh2 Nf4 f6 Rad8 fxg7 Kxg7 Qh4 Ng6 Qf6+ Kg8 Qg5 Bxe4 Rxe4 Rd6 h4 f6 Qh6 Qg7 Qxg7+ Kxg7 Kg3 Nf4 Re3 Nxd3 cxd3 Rfd8 Rff3 h6 g5 hxg5 hxg5 fxg5 Rxe5 Rxd3 Rxg5+ Kh6 Rg4 Rxf3+ Kxf3 Rd2 Rb4 b5 Ke3 Rg2 Kd4 Rc2 Kd3 Rg2 Kc3 Kg7 a4 Rg3+ Kc2 Rg2+ Kb3 Rg3+ Ka2 bxa4 Rxa4 Rg6 Ka3 Kf7 Rc4 Ke7 Ka4 Kd7 Ka5 Rh6 b4 Rg6
FIDE-Wch k.o.,Groningen,1997.12.17,4.1,"Almasi, Zoltan","Anand, Viswanathan",0-1,B42,e4 c5 Nf3 e6 d4 cxd4 Nxd4 a6 Bd3 Nf6 O-O Qc7 Qe2 d6 c4 g6 Nc3 Bg7 Rd1 O-O Nf3 Nc6 h3 Nd7 Be3 Nde5 Rac1 Bd7 Nxe5 dxe5 f3 Nd4 Qf2 Rfd8 Ne2 Bc6 Nxd4 exd4 Bd2 e5 b4 Bd7 Qe2 a5 bxa5 Be6 Kh1 Rdc8 Rc2 Bf8 Rb1 Bc5 Qf2 Rcb8 f4 exf4 Bxf4 Qxa5 Bxb8 Rxb8 Qg3 Qd8 a4 b6 e5 Ra8 Ra2 Qd7 a5 bxa5 Qf3 Qd8 Rb7 Rc8 Rf2 Rc7 Rb5 a4 Ra5 a3 Rf1 Rc8 Ra6 Qe8 Qe4 Rb8 Ra5 Qe7 Qf3 Qc7 Rb5 Qxe5 Qf6 Qc7 Ra1 Rc8 Qf2 Bf8 Rc1 Qc6
FIDE-Wch k.o.,Groningen,1997.12.17,4.1,"Azmaiparashvili, Zurab","Krasenkow, Michal",1/2-1/2,B22,e4 c5 c3 Nf6 e5 Nd5 g3 Nc6 Bg2 Qc7 f4 e6 Na3 Be7 Ne2 O-O O-O a6 d3 b6 c4 Ndb4 Nb1 a5 Nbc3 Bb7 a3 Na6 Ne4 Nd4 Be3 Nf5 Bf2 d5 exd6 Nxd6 N2c3 Rad8 Qe2 Nf5 g4 Nd4 Bxd4 cxd4 Nb5 Qd7 b4 f5 Ng3 Bxg2 Kxg2 Rfe8 Rfe1 Bf8 Kg1 g6 Qf3 axb4 axb4 Nxb4 Ra7 Qc6 Qe2 Rd7 Rxd7 Qxd7 gxf5 gxf5 Nxf5 Nxd3 Qxd3 exf5 Rxe8 Qxe8 Qxf5 Qe1+ Kg2 Qe2+ Kg3 Qxc4 Qg5+ Kh8 Qf6+ Bg7 Qxb6 Qg8 Kf2 Qa2+ Kg3
FIDE-Wch k.o.,Groningen,1997.12.17,4.1,"Beliavsky, Alexander G","Short, Nigel D",1-0,A40,d4 e6 c4 b6 e4 Bb7 Bd3 f5 exf5 Bb4+ Kf1 Nf6 Be2 O-O c5 bxc5 a3 Ba5 dxc5 Nd5 Nf3 Rxf5 b4 Nxb4 axb4 Bxb4 Bb2 a5 h4 Rd5 Qb3 Na6 Nc3 Nxc5 Qc2 Rf5 Rh3 Qe7 Kg1 Raf8 Rf1 d6 Ng5 h6 g4 hxg5 gxf5 Rxf5 Bg4 Rf4 f3 gxh4 Qh2 Qg5 Rxh4 Nd3 Rh8+ Kf7 Qg3 Qc5+ Kh2 Bxc3 Qh4 Bf6 Qh7 Qc2+ Kh3 Rxf3+ Bxf3 Nf4+ Kg3 Qxb2 Qg8+ Kg6 Qh7+ Kf7 Qg8+ Kg6 Qe8+ Kf5 Bxb7 g5 Rh6 Qc3+ Bf3 Ne2+ Kg2 Nf4+ Kh1 d5 Qf7
FIDE-Wch k.o.,Groningen,1997.12.17,4.1,"Dreev, Alexey","Zvjaginsev, Vadim",1/2-1/2,E33,d4 Nf6 c4 e6 Nc3 Bb4 Qc2 Nc6 Nf3 d5 Bg5 h6 Bxf6 Qxf6 e3 O-O a3 Bxc3+ Qxc3 Re8 Rc1 Bd7 cxd5 exd5 Be2 Nd8 Ne5 Bf5 g4 Be4 f3 Bh7 Qxc7 Nc6 Nxc6 bxc6 Rc3 Re7 Qxc6 Qxc6 Rxc6 Rxe3 Kf2 Rb3 Rhc1 g5 Rc8+ Rxc8 Rxc8+ Kg7 Rc5 Rxb2 Ke1 Rb1+ Kd2 Rb2+ Kd1 Rb1+ Kd2 Rb2+ Ke1 Rb1+ Kf2 Rb2
FIDE-Wch k.o.,Groningen,1997.12.17,4.1,"Tkachiev, Vladislav","Gelfand, Boris",1/2-1/2,B52,e4 c5 Nf3 d6 Bb5+ Bd7 Bxd7+ Qxd7 c4 Nc6 Nc3 Nf6 O-O g6 d4 cxd4 Nxd4 Bg7 Nc2 O-O Qe2 a6 Bd2 Rab8 Rac1 b5 cxb5 axb5 Nd5 e6 Ncb4 exd5 Nxc6 Rb6 exd5 Nxd5 Qf3
FIDE-Wch k.o.,Groningen,1997.12.17,4.1,"Akopian, Vladimir","Shirov, Alexei",1/2-1/2,E66,Nf3 Nf6 g3 g6 c4 Bg7 Nc3 O-O Bg2 d6 d4 Nc6 O-O a6 d5 Na5 Nd2 c5 Rb1 Rb8 b3 b5 Bb2 e5 Qc2 Bf5 Nce4 Nxe4 Bxe4 Bd7 Bc3 b4 Bb2 f5 Bg2 Nb7 f4 e4 e3 Bxb2 Qxb2 Qf6 Qxf6 Rxf6 g4 a5 g5 Rff8 Kf2 a4 Rb2 Ra8 Rfb1 axb3 axb3 Ra3 Bf1 Rfa8 Be2 Kg7
FIDE-Wch k.o.,Groningen,1997.12.17,4.1,"Adams, Michael","Svidler, Peter",1/2-1/2,B90,e4 c5 Nf3 d6 d4 cxd4 Nxd4 Nf6 Nc3 a6 Bd3 g6 h3 Bg7 Be3 Nc6 O-O O-O Re1 Bd7 a4 Rc8 Nxc6 Bxc6 a5 Nd7 Qd2 Nc5 Bh6 Bxh6 Qxh6 b5 Bf1 Bb7 Nd5 e6 Nb6 Rc7 f3 Qf6 c3 Qe5 Qe3 Rd8 Ra3 d5 b4
FIDE-Wch k.o.,Groningen,1997.12.17,4.1,"Van Wely, Loek","Georgiev, Kiril",1-0,E15,d4 Nf6 c4 e6 Nf3 b6 g3 Ba6 Nbd2 c6 Bg2 d5 O-O Be7 Ne5 O-O b3 Bb7 Bb2 Na6 e4 Rc8 Re1 Bb4 exd5 cxd5 a3 Bxd2 Qxd2 Qc7 Rac1 dxc4 Rxc4 Qe7 d5 Nxd5 Ng4 h5 Bxg7 Kxg7 Qh6+ Kg8 Bxd5 Bxd5 Nf6+ Qxf6 Qxf6 Bxc4 Qg5+ Kh8 Qxh5+ Kg8 Qg5+ Kh8 Re4
FIDE-Wch k.o.,Groningen,1997.12.18,4.2,"Gelfand, Boris","Tkachiev, Vladislav",1/2-1/2,D39,d4 d5 Nf3 Nf6 c4 dxc4 Nc3 e6 e4 Bb4 Bg5 c5 Bxc4 cxd4 Nxd4 Qa5 Bd2 Qc5 Bb5+ Bd7 Nb3 Qe7 Bd3 Nc6 a3 Bd6 Be3 a6 O-O O-O f4 e5 f5 Nd4 Nxd4 exd4 Bxd4 Bc5 Bxc5 Qxc5+ Kh1 Bc6 Qf3 Rfe8 Qg3 Rad8
FIDE-Wch k.o.,Groningen,1997.12.18,4.2,"Zvjaginsev, Vadim","Dreev, Alexey",1/2-1/2,D45,c4 c6 d4 d5 Nc3 Nf6 Nf3 e6 e3 Nbd7 Qc2 b6 Bd3 Bb7 O-O Be7 b3 Qc7 Bb2 h6 Rac1 Rc8 Qe2 O-O Ne5 dxc4 Bxc4 b5 Bd3 a6 a4 Qb8 Nxd7 Nxd7 Ne4 Rfd8 Nc5 Nxc5 dxc5 Rd5 Qg4 Bf8 Qe4 g6 Qf3 Bg7 Bxg7 Kxg7 Be4 Rdd8 Rcd1 Qe5 Rxd8 Rxd8 Bxc6 Bxc6 Qxc6 bxa4 bxa4 Rd2 Qxa6 Qxc5 Ra1 Qc3 Qf1 Qb2 Rd1 Rc2 a5 Qc3 Ra1 Qb2 a6 Rxf2 Qxf2 Qxa1+ Qf1 Qa5 h3 h5 h4 e5 e4 Qb6+ Kh2 Qa5 Qe2 Kf8 Qd3 Ke7 Qc4 Kf6 Qc6+ Kg7 Qd6 Qa1 Qd3 Qe1 Kh3 Kh7 a7 Qa1 Qd7 Qh1+ Kg3 Qe1+ Kh2 Qxh4+ Kg1 Qe1+ Kh2 Qh4+
FIDE-Wch k.o.,Groningen,1997.12.18,4.2,"Svidler, Peter","Adams, Michael",1/2-1/2,C88,e4 e5 Nf3 Nc6 Bb5 a6 Ba4 Nf6 O-O Be7 Re1 b5 Bb3 O-O a4 Bb7 d3 d6 Nbd2 Re8 c3 Na5 Ba2 c5 Ng5 Rf8 Nf1 c4 Ng3 h6 Nf3 Re8 d4 Bf8 d5
FIDE-Wch k.o.,Groningen,1997.12.18,4.2,"Shirov, Alexei","Akopian, Vladimir",1-0,B81,e4 c5 Nf3 d6 d4 cxd4 Nxd4 Nf6 Nc3 e6 g4 h6 h3 a6 Bg2 g5 b3 Nbd7 Bb2 Ne5 Qd2 Bd7 O-O-O Qc7 f4 gxf4 Nce2 Be7 Nxf4 O-O-O Kb1 Kb8 Rhf1 Bc8 Nde2 Rh7 Ng3 b6 Ngh5 Nfd7 Nd3 Bb7 Nxe5 Nxe5 Nf6 Rg7 Qxh6 Rg6 Qh4 Rc8 Rd2 Ka7 g5 Qc5 Qf4 a5 Rfd1 a4 Bf1 a3 Ba1 Nc6 h4 Bxf6 gxf6 Ne5 Be2 Rg2 h5 Qc6 Bxe5 dxe5 Qxe5 Rg5 Qd4 Qxe4 Qxe4 Bxe4 Kc1 Rf5 Rf1 Rd5 Bd1 b5 Rf4 Rxd2 Kxd2 Rd8+ Kc1 Bf5 Rb4 Kb6 Be2 Kc5 Rxb5+ Kd4 Ra5 Ke3 Bd1 Kf4 Ra7 Rf8 Rxa3 e5 b4 e4 b5 e3 b6 Be4 Ra4 Ke5 Ra7 Kf4 a4 Rg8 Rxf7 Rg1 Rg7 Rf1 f7 Ke5 Kb2
FIDE-Wch k.o.,Groningen,1997.12.18,4.2,"Krasenkow, Michal","Azmaiparashvili, Zurab",1/2-1/2,D37,d4 d5 c4 e6 Nc3 Nf6 Nf3 Be7 Bf4 c5 dxc5 Na6 e3 Nxc5 cxd5 exd5 Bb5+ Bd7 Bxd7+ Qxd7 Be5 O-O O-O Rfd8 Qe2 Rac8 Rfd1 Nce4 Bxf6 Nxf6 e4 Qe6 e5 Ne8 Nd4 Qg6 Rd3 Bb4 Rg3 Qa6 Qg4 Rc4 Nce2 Rdc8 b3 R4c7 e6 fxe6 Nxe6 Rc2 N6d4 R2c7 Ne6 Rc2 Re3 Bf8 N6d4 R2c7 g3 Nf6 Qg5 Rf7 Nf4 Bc5 Re6 Qa5 Nf5 Kh8 Rf1 Rcf8 Qh4 Kg8 Qg5 Kh8 Qh4 Kg8 Re2 Ne4 Nxd5 Nd2 Nde7+ Bxe7 Nxe7+ Kh8 Rxd2 Qxd2 Ng6+ Kg8 Nxf8 Rxf8 Qc4+ Rf7 f4 Qd8 Re1 g6 Re6 Qd1+ Kg2 Qd2+ Kh3 Kg7 Qc5 Qd7 Qe5+ Kg8 Qd6 Qxd6 Rxd6 Rc7 a4 Kf7 a5 Ke7 Rd4 Ke6 Rb4 h6 Kg4 Rc5 Re4+ Kf6 b4 Rc2 h3 Rb2 Rd4 Ke6 Kh4 Rb1 g4 Rb3 Rc4 Kf6 g5+ hxg5+ fxg5+ Ke5 Kg4 Kd5 Rf4 Ke5 h4 Rb1 Rc4 Kd5 Rf4 Ke5 Rc4 Kd5 Rc7 Rxb4+ Kg3 Rb3+ Kf2 Rb4 Rh7 Ke5 h5
FIDE-Wch k.o.,Groningen,1997.12.18,4.2,"Georgiev, Kiril","Van Wely, Loek",1/2-1/2,E17,Nf3 Nf6 c4 e6 g3 b6 Bg2 Bb7 O-O Be7 d4 O-O Re1 d5 cxd5 exd5 Nc3 Nbd7 Bf4 Ne4 Rc1 c5 dxc5 Bxc5 Rf1 Nxc3 Rxc3 Nf6 Rc2 Ne4 Ne1 Qf6 Nd3 Bd6 Bxd6 Qxd6 Qc1 Rac8 Rd1 g6 Bh3 Rxc2 Qxc2 Ng5 Bg2 Ne6 Qd2 a5 b4 Ra8 h4 h5 bxa5 bxa5 Qb2 Ba6 Qf6 Qd8 Qe5 Bc4 Bh3 Qb6 Rd2 Re8 Qf6 Bxd3 Rxd3 Qb1+ Kh2 Qxa2 Rf3 Nd8 Bd7 Rf8 Re3 Qc2 Re7 a4 g4 hxg4 h5 Qc1 Kg2 Qh6 hxg6 Qxg6 Qxg6+ fxg6 Bxa4 Nf7 Bb3 Rd8 e4 Kf8 Ra7 Ne5 Bxd5 Rd7 Ra8+ Ke7 Kg3 Rd8 Ra7+ Rd7 Ra1 g5 Rh1 Kd6 Rh5 Rg7 Rh6+ Kc5 Be6 Rg6 Rxg6 Nxg6 Kxg4 Nf4 Bf5 Kd4 Kxg5 Ke5 Kg4 Nd3 Kf3 Nf4 Bc8 Nd3 Bb7 Nf4 Kg4 Nd3 f3 Nf4 Ba6 Ng6 Bc4 Nf4 Kg3 Nh5+ Kf2 Nf4
FIDE-Wch k.o.,Groningen,1997.12.18,4.2,"Anand, Viswanathan","Almasi, Zoltan",1-0,E97,d4 Nf6 Nf3 g6 c4 Bg7 Nc3 O-O e4 d6 Be2 e5 O-O Nc6 d5 Ne7 b4 Nh5 Re1 Nf4 Bf1 h6 c5 g5 Nd2 f5 g3 Nfg6 a4 f4 Nc4 g4 Nb5 Rf6 Ba3 h5 Nxc7 Qxc7 cxd6 Rxd6 Nxd6 Qxd6 b5 Qf6 d6 Nf5 exf5 Bxf5 Qd5+ Kh8 Rad1 Rd8 Bd3 Bxd3 Qxd3 h4 d7 hxg3 hxg3 f3 Bc1 Nf8 Qe4 Qe6 Ba3
FIDE-Wch k.o.,Groningen,1997.12.19,4.4,"Tkachiev, Vladislav","Gelfand, Boris",1-0,B25,e4 c5 Nc3 d6 g3 Nc6 Bg2 g6 d3 Bg7 Nh3 e6 O-O Nge7 Be3 O-O Qd2 Nd4 Kh1 Rb8 Bh6 b5 Bxg7 Kxg7 f4 b4 Nd1 d5 e5 Bb7 Qf2 Rc8 c3 bxc3 bxc3 Ndc6 g4 Ba6 Qg3 f6 Ndf2 Qd7 Rae1 f5 Ng5 Rb8 Re2 Rb6 Rd2 Rfb8 Qh4 h6 Nf3 Ng8 gxf5 exf5 Qg3 Nce7 Nd1 d4 cxd4 cxd4 Qf2 Rd8 Nb2 Nd5 Qxd4 Nb4 Qf2 Ne7 Nc4 Re6 Rfd1 Bb7 Nd6 Bd5 Nd4 Rxd6 exd6 Qxd6 Re2 Bxa2 Nb5 Qd7
FIDE-Wch k.o.,Groningen,1997.12.19,4.5,"Gelfand, Boris","Tkachiev, Vladislav",1/2-1/2,E98,d4 Nf6 c4 g6 Nc3 Bg7 e4 d6 Nf3 O-O Be2 e5 O-O Nc6 d5 Ne7 Ne1 Nd7 Nd3 f5 Bd2 f4 Bg4 g5 Rc1 Ng6 b4 Nf6 Bxc8 Rxc8 f3 Rf7 c5 Bf8 c6 b6 g4 h5 h3 Rh7 Be1 Kf7 Kg2
FIDE-Wch k.o.,Groningen,1997.12.19,4.4,"Svidler, Peter","Adams, Michael",0-1,C92,e4 e5 Nf3 Nc6 Bb5 a6 Ba4 Nf6 O-O Be7 Re1 b5 Bb3 d6 c3 O-O h3 Nd7 d4 Nb6 Nbd2 exd4 cxd4 Nb4 Nf1 c5 a3 Nc6 Ng3 c4 Bc2 d5 e5 a5 Be3 b4 axb4 axb4 Rxa8 Nxa8 Nh2 b3 Bb1 Nc7 Qh5 g6 Qh6 Re8 Ng4 Bxg4 hxg4 Bf8 Qh3 Ne6 Ne2 f6 Rd1 fxe5 dxe5 Qa5 Qf3 Nxe5 Qxd5 Qxd5 Rxd5 Nxg4 Nc3 Bg7 Nd1 Ra8 Be4 Ra1
FIDE-Wch k.o.,Groningen,1997.12.19,4.4,"Krasenkow, Michal","Azmaiparashvili, Zurab",1/2-1/2,D53,d4 d5 c4 e6 Nc3 Nf6 Bg5 Be7 cxd5 Nxd5 Bxe7 Qxe7 e4 Nxc3 bxc3 c5 Nf3 O-O Bd3 cxd4 cxd4 Qb4+ Qd2 Nc6 Rb1 Qxd2+ Kxd2 b6 Ke3 Bb7 g4 Rac8 g5 Rc7 Rhc1 Rfc8 Rc2 Na5 Rbc1 Rxc2 Rxc2 Rxc2 Bxc2 Nc4+ Kf4 f6 gxf6 gxf6 Bb3 Ba6 e5 Kg7 exf6+ Kxf6 Ne5 Nxe5 dxe5+ Ke7 Bc2 h6 Ke4 Bc4 a3 Bd5+ Ke3 Kd7 f4 a5
FIDE-Wch k.o.,Groningen,1997.12.19,4.5,"Azmaiparashvili, Zurab","Krasenkow, Michal",1-0,D30,d4 d5 c4 e6 Nf3 c6 Qc2 Nf6 e3 Ne4 Nc3 f5 Ne5 Nd7 Nd3 Bd6 Nf4 Ndf6 f3 Nxc3 bxc3 O-O Bd3 Kh8 O-O Bd7 c5 Bc7 c4 g5 Ne2 g4 Nf4 Rg8 Kh1 Qe8 e4 gxf3 gxf3 Nh5 e5 Nxf4 Bxf4 Qh5 Qf2 Ba5 Rab1 b6 cxd5 cxd5 Rfc1 bxc5 Bb5 Bxb5 Rxb5 Bc7 Rb7 Rg7 dxc5 Rag8 Rxa7 Qh3 Rxc7 Rxc7 Bg3 Rcg7 Bh4 Rg6 Bf6+ Rxf6 exf6 Qh6 Qb2 d4 f7 Rd8 Rg1 Qf6 Qb7 d3 Qd7 h6 Qe8+
FIDE-Wch k.o.,Groningen,1997.12.19,4.6,"Krasenkow, Michal","Azmaiparashvili, Zurab",1-0,E09,d4 d5 c4 e6 Nf3 Nf6 g3 Be7 Bg2 c6 Qc2 O-O O-O b6 Nbd2 Bb7 e4 dxe4 Nxe4 Nbd7 Rd1 Qc8 Nxf6+ Nxf6 c5 Nd5 Bg5 f6 Bd2 bxc5 dxc5 e5 b4 a5 bxa5 Bd8 Nh4 f5 Nf3 Bf6 Rab1 e4 Ng5 Ba6 Rb6 h6 Nh3 Be2 Re1 Bd3 Qb3 Rf7 Nf4 Nxb6 axb6 Bb5 Bf1 Bxf1 Rxf1 Qd7 Rd1 Rd8 a4 g5 Ne6 Qd3 Qxd3 Rxd3 a5 Ra3 Rb1 Rd7 Nc7 Be5 Bb4 Ra2 Ne8 Bd4 Be1 Kf8 Nd6 e3 fxe3 Bxe3+ Kf1 Bxc5 b7 Bxd6 Bb4 Rxb7 Bxd6+ Re7 Re1 Rxa5 Rxe7 Rd5 Ba3 Kg8 Re2 Kf7 Rc2 Rd3 Bb2 Rd6 Ke2 Kg6 Rc5 Re6+ Be5 h5 Kf3 Kf7 h4 Kg6 Bd4 Re4 Rxc6+ Kh7 Rc7+ Kh6 Be3 Kg6 Bxg5
FIDE-Wch k.o.,Groningen,1997.12.19,4.3,"Azmaiparashvili, Zurab","Krasenkow, Michal",1/2-1/2,A07,g3 d5 Bg2 c6 d3 Nf6 Nd2 Bg4 h3 Bh5 Ngf3 Nbd7 O-O e6 e4 dxe4 dxe4 Bc5 Qe2 O-O b3 Qc7 Kh2 Bd4 Rb1 Rfd8 Kh1 Bc3 Qe3 Bb4 Bb2 Bc5 Qe1 e5 Nc4 Bxf3 Bxf3 b5 Ne3 Nf8 Ng4 Nxg4 Bxg4 Qe7 Qe2 Rd6 Rbd1 Rad8 Rxd6 Rxd6 Kg2 f6 a4 a6 axb5 cxb5 Rd1 Ne6 Rxd6 Qxd6 Qd1 Qxd1 Bxd1 Kf7 c3 a5 h4 b4 Be2 Ke7 Bc4 bxc3 Bxc3 Bb4 Bb2 Nc5 Kf3 a4 bxa4 Nxa4 Bc1 Bc5 Bd2 Nb6 Bg8 h6 Ke2 Nc8 f4 Nd6 Bd5 Bd4 Bb4 Kd7 Kf3 Ke7 Kg4 Bf2 Ba3 Kd7 Bb2 Bd4 Bxd4 exd4 Kf3 Nb5 Bc4 Nc3 e5 fxe5 fxe5 Ke7 Kf4 g6 g4 Nd1 Bd3 Kf7 g5 hxg5+ Kxg5 Nf2 Bxg6+ Ke6 h5 Nh3+ Kg4 Kxe5 Kxh3 Kf6 Kh4 Kg7 Bd3 Kh8 Bf5 Kg8 Kg5 Kh8
FIDE-Wch k.o.,Groningen,1997.12.19,4.3,"Gelfand, Boris","Tkachiev, Vladislav",1-0,D27,d4 d5 Nf3 e6 c4 dxc4 e3 c5 Bxc4 Nf6 O-O a6 e4 b5 Bd3 cxd4 a4 bxa4 e5 Nd5 Qxa4+ Bd7 Qxd4 Nb4 Be4 Bc6 Qxd8+ Kxd8 Nc3 Be7 Be3 Ke8 Rfc1 Bxe4 Nxe4 N8c6 Rc4 Rd8 Nd6+ Kf8 Bd2 Rb8 Rac1 g5 Rxc6 Nxc6 Rxc6 Rxb2 h3 h6 Rxa6 Kg7 Ra7 Rb1+ Kh2 Bxd6 exd6 Rd8 Bc3+ Kg8 Bf6 Rxd6 Ra8+ Kh7 Ne5
FIDE-Wch k.o.,Groningen,1997.12.19,4.3,"Zvjaginsev, Vadim","Dreev, Alexey",0-1,D45,c4 c6 d4 d5 Nc3 Nf6 Nf3 e6 e3 Nbd7 Qc2 b6 Bd3 Bb7 O-O Be7 b3 Qc7 Bb2 Rd8 Rad1 h6 Qe2 O-O Ne5 dxc4 bxc4 Nxe5 dxe5 Nd7 f4 Nc5 Bb1 Rxd1 Nxd1 Rd8 Qc2 g6 Nf2 h5 g4 hxg4 Nxg4 Nd3 Nh6+ Kg7 Nxf7 Kxf7 Bd4 c5 Qxd3 Rg8 Bc3 Qc6 e4 a6 Qh3 b5 Rd1 Qc8 Bc2 Bc6 Rd2 b4 Bb2 a5 Rg2 Rh8 Qe3 Rg8 Rg3 a4 Rg4 Qd8 h3 Qa8 f5 gxf5 exf5 Rxg4+ hxg4 Qg8 fxe6+ Ke8 Bf5 Qg5 Kf2 Qxe3+ Kxe3 Bg5+ Kd3 a3 Ba1 Ke7 Be4 Ba4 Bf5 Bc6 Be4 Be8 Ke2 Ba4 Bf5 Bc6 Kd1 Bf3+ Kc2 Be2 Kb3 Be3 Be4 Bxg4 Ka4 Bxe6 Bd3 Bd7+ Kb3 Bg4 e6 Kxe6 Bg7 Bd1+ Bc2 Bf3 Bd3 Bc6 Bc2 Bf4 Bd1 Kf5 Bc2+ Kg4 Bf8 Be3 Bd6 Kf3 Bd3 Kf2 Bc2 Ke2 Bf8 Kd2 Bd6 Ba4+
FIDE-Wch k.o.,Groningen,1997.12.19,4.6,"Tkachiev, Vladislav","Gelfand, Boris",0-1,B25,e4 c5 Nc3 d6 g3 g6 Bg2 Bg7 d3 Nc6 Nh3 e6 O-O Nge7 Be3 O-O Qd2 e5 f4 f5 fxe5 Nxe5 Bh6 Be6 Bxg7 Kxg7 Nf4 Qd7 Nxe6+ Qxe6 Rae1 Rae8 b3 fxe4 Nxe4 Nf5 c3 Qd7 d4 cxd4 cxd4 Ng4 d5 Qd8 Kh1 Qb6 Ng5 Rxe1 Qxe1 Rc8 Ne6+ Kg8 Be4 Qe3 Bxf5 gxf5 Nf4 Rc2 Qxe3 Nxe3 Re1 Ng4 Re2 Rxe2 Nxe2 Ne3 Nc3 a6 Kg1 Kf7 h3 Kf6 Kf2 Nc2 Ke2 Ke5 Kd3 Na3 g4 Nb5 Nd1 fxg4 hxg4 Nc7 Ne3 Nxd5 Nc4+ Kf4 Kd4 Nf6 Nxd6 Nxg4 Nxb7 h5 Kd3 h4 Ke2 h3 Kf1 Kg3 Nd6 h2 Ne4+ Kf4 Kg2 Kxe4 b4 Ne3+ Kxh2 Nc2
FIDE-Wch k.o.,Groningen,1997.12.19,4.7,"Krasenkow, Michal","Azmaiparashvili, Zurab",1-0,A16,Nf3 Nf6 c4 g6 Nc3 d5 cxd5 Nxd5 Qa4+ Nc6 Ne5 Nb6 Nxc6 Nxa4 Nxd8 Nxc3 Nxf7 Kxf7 dxc3 e5 e4 Be6 Bb5 a5 a4 c6 Bd3 Bc5 Bb1 b5 Ba2 Bc4 Bxc4+ bxc4 Bd2 Ke6 f3 Rhd8 O-O-O Rd3 Kc2 Rad8 Bg5 R8d7 Rxd3 Rxd3 Rd1 Rxd1 Kxd1 Bb6 Ke2 h5 g4 Kf7 Kd1 Ke8 Kc2 Kd7 b4 Ke6 Kd2 Kd7 Be3 Bd8 Bc5 h4 bxa5 Bxa5 h3 g5 Be3 Bd8 a5 Be7 a6 Kc7 a7 Kb7 Bb6 Bf6 Kc2 Ka8 Kb2 Be7 Bc7 Kxa7 Bxe5 Kb6 f4 gxf4 Bxf4 c5 g5 Kc6 g6 Bf6 Bh6
FIDE-Wch k.o.,Groningen,1997.12.19,4.4,"Dreev, Alexey","Zvjaginsev, Vadim",1-0,E32,d4 Nf6 c4 e6 Nc3 Bb4 Qc2 O-O a3 Bxc3+ Qxc3 b6 Bg5 Ba6 e3 d6 Bd3 Nbd7 b4 c5 dxc5 bxc5 b5 Bb7 Nf3 Qb6 O-O Ne4 Bxe4 Bxe4 Nd2 Bg6 a4 Rac8 e4 f5 f3 Rf7 Rae1 e5 exf5 Bxf5 Ne4 Nf8 Bh4 Rd7 Qd2 Ne6 f4 Bxe4 Rxe4 Nd4 fxe5 dxe5 Qg5 h6 Qg4 Qc7 Bg3 Qb7 Rxe5 Rf8 Rxf8+ Kxf8 Rxc5 Kg8 h3
FIDE-Wch k.o.,Groningen,1997.12.19,4.3,"Adams, Michael","Svidler, Peter",0-1,B22,e4 c5 c3 Nf6 e5 Nd5 Nf3 Nc6 Bc4 Nb6 Bb3 c4 Bc2 Qc7 Qe2 g5 e6 dxe6 Nxg5 Qe5 d4 cxd3 Bxd3 Qxe2+ Bxe2 h6 Ne4 e5 Na3 Bf5 Ng3 Bg6 Nc4 Nd5 O-O O-O-O Re1 h5 h4 e6 Bf3 f6 a4 Kc7 a5 Bd3 Ra4 Bc5 Be4 Bxe4 Nxe4 Be7 Bd2 Rhg8 b4 a6 Rb1 f5 Ng5 Bxg5 hxg5 f4 b5 axb5 Rxb5 Rxg5 a6 b6 Kf1 Rdg8 g3 h4 a7 Ra8 gxf4 Rgg8 Nxe5 h3 Nf3 Nxa7 Rb1 Nc6 Rxa8 Rxa8 Ng5 Ra2 Rd1 Na5 Nxh3 Nc4 Ke1 Kc6 Ng5 Nb2 Rb1 Nd3+ Kd1 Nxf2+ Ke1 Nd3+ Kd1 N5xf4 Bxf4 Nxf4 Rb4 Nd5 Rc4+ Kd6 Kc1 Re2 Ne4+ Ke5 Nd2 Kf5 Rc8 Kf4 Rf8+ Kg4 Kc2 e5 c4 Nf4 Kd1 Rg2 Rb8 Nd3 Rg8+ Kh3 Rh8+ Kg3 Rg8+ Kf2 Ne4+ Kg1 Rb8 Nb2+ Ke1 Nxc4 Rc8 b5 Rc5 Rg4 Nf2 Rg3 Nd1 Rb3 Ke2 Kg2 Rc8 Kg3 Rf8 Ra3 Nf2 Re3+ Kd1 b4 Nh1+ Kg2 Nf2 b3 Ng4 b2 Rb8 Re4 Nf6 Rf4 Nh5 Rf1+ Ke2 b1=Q Rg8+ Kh2
FIDE-Wch k.o.,Groningen,1997.12.20,5.1,"Anand, Viswanathan","Shirov, Alexei",1-0,C78,e4 e5 Nf3 Nc6 Bb5 a6 Ba4 Nf6 O-O b5 Bb3 Bc5 a4 Rb8 c3 d6 d4 Bb6 Na3 O-O axb5 axb5 Nxb5 Bg4 Be3 exd4 cxd4 Qe8 h3 Bd7 Nc3 Nxe4 Re1 Nxc3 bxc3 Qc8 c4 Bf5 Re2 Na5 Ba2 c5 d5 Bd8 Bd2 Qa6 Qa4 Ra8 Bc3 Nb7 Qd1 Ba5 Bb2 Bb4 Nh4 Bg6 f4 Qa4 Qxa4 Rxa4 f5 Rfa8 Re7 Bh5 g4 f6 gxh5 Rxa2 Rxa2 Rxa2 h6 Rxb2 Rxg7+ Kh8 Rxb7 Bc3 Rd7 Kg8 Rd8+ Kf7 Rh8 Bd4+ Kf1
FIDE-Wch k.o.,Groningen,1997.12.20,5.1,"Gelfand, Boris","Dreev, Alexey",1/2-1/2,D45,d4 d5 c4 c6 Nf3 Nf6 Nc3 e6 e3 Nbd7 Qc2 b6 Bd3 Bb7 O-O Be7 b3 Qc7 Bb2 Rd8 Rad1 h6 Qe2 O-O Bb1 c5 cxd5 Nxd5 Nxd5 Bxd5 e4 Bb7 Qc2 Rfe8 d5 exd5 exd5 Nf8 Qf5 Bd6 Qg4 Ng6 Bxg6 fxg6 Qxg6 Qf7 Qxf7+ Kxf7 Rfe1 Rxe1+ Rxe1 Bxd5 Ne5+ Bxe5 Bxe5 Bc6 Bf4
FIDE-Wch k.o.,Groningen,1997.12.21,5.2,"Krasenkow, Michal","Short, Nigel D",0-1,E07,d4 Nf6 c4 e6 g3 Bb4+ Bd2 Be7 Bg2 d5 Nf3 O-O O-O c6 Qb3 Nbd7 Bg5 b6 Re1 Bb7 Nc3 Ne4 Bxe7 Qxe7 Nxe4 dxe4 Nd2 c5 e3 f5 Qc3 a5 Rad1 Rfc8 f3 exf3 Bxf3 Nf6 Bxb7 Qxb7 Rf1 b5 b3 bxc4 bxc4 Qc6 d5 Qd6 Nf3 exd5 cxd5 Ne4 Qc4 Rab8 Rb1 Nxg3 Rfc1 Ne4 Kh1 Rd8 a4 Rxb1 Rxb1 g5 Rb5 g4 Nh4 Qf6
FIDE-Wch k.o.,Groningen,1997.12.21,5.2,"Dreev, Alexey","Gelfand, Boris",1/2-1/2,E34,d4 Nf6 c4 e6 Nc3 Bb4 Qc2 d5 cxd5 Qxd5 e3 c5 Bd2 Bxc3 Bxc3 cxd4 Bxd4 Nc6 Bxf6 gxf6 Ne2 Bd7 a3 Qe5 Rd1 Ne7 Nd4 Qa5+ Qd2
FIDE-Wch k.o.,Groningen,1997.12.22,5.4,"Dreev, Alexey","Gelfand, Boris",0-1,D12,d4 d5 c4 c6 Nf3 Nf6 e3 Bf5 Nc3 e6 Nh4 Bg6 Qb3 Qb6 Nxg6 hxg6 Bd2 Nbd7 Bd3 Be7 h3 Rc8 Qxb6 axb6 Ke2 O-O Rac1 Rfd8 Rhd1 dxc4 Bxc4 b5 Bb3 e5 Be1 exd4 Rxd4 Nc5 Rxd8+ Rxd8 Bc2 Ra8 a3 Nfd7 Na2 Nb6 Bb4 Kf8 Nc3 Ne6 Bxe7+ Kxe7 Bb3 Nc4 Nd1 Nb6 Rc2 Na4 f3 Nac5 Ba2 g5 Nc3 f6 Rc1 Na4 Nd1 Nb6 Bb3 Na4 Rc2 Nac5 Ba2 Ra4 Nc3 Ra8 Rd2 Ra6 g3 Ra8 Kf2 Na4 Nd1 Nb6 Rc2 Rd8 Ke2 Na4 Nf2 Nac5 Rd2 Ra8 Bb1 Nb3 Rd1 Na5 Bf5 Nc4 Nd3 Nd6 Bxe6 Kxe6 f4 Rh8 Rh1 g4 h4 Ne4 Rg1 Rd8 Rg2 c5 Rg1 c4 f5+ Kxf5 Rf1+ Ke6 Nf4+ Kf7 Ke1 Rd2
FIDE-Wch k.o.,Groningen,1997.12.22,5.3,"Van Wely, Loek","Adams, Michael",1/2-1/2,E15,d4 Nf6 c4 e6 Nf3 b6 g3 Ba6 b3 Bb4+ Bd2 Be7 Bg2 c6 Bc3 d5 Ne5 Ne4 O-O Nxc3 Nxc3 O-O Rc1 Bf6 cxd5 cxd5 f4 Bxe5 dxe5 Nd7 Re1 Rc8 e4 Nc5 Bf1 Bxf1 Kxf1 dxe4 Qxd8 Rcxd8 Rc2 Rc8 Nb5 f5 exf6 gxf6 Nd6 Rcd8 Nxe4 Nxe4 Rxe4 Rd6 Ke2 Rf7 Rec4 Rfd7 Rc6 Rxc6 Rxc6 Kf7 g4 Ke7 Ke3 Rb7 Ke4 Kd7 Rc3 Kd6 g5 f5+ Kd4 Rd7 Rh3 e5+ Ke3 Rc7 Rh6+ Kd5 h4 Rc3+ Kd2 Rc7 Ke3 Rc3+ Kd2 Rc7 Rf6 Ke4 fxe5 Kxe5 Ke3 Rc3+ Kd2 Rc7 Ke3 Rc3+ Kd2
FIDE-Wch k.o.,Groningen,1997.12.22,5.3,"Gelfand, Boris","Dreev, Alexey",1/2-1/2,D45,d4 d5 c4 c6 Nf3 Nf6 Nc3 e6 e3 Nbd7 Qc2 b6 Bd3 Bb7 O-O Be7 b3 Qc7 Bb2 Rd8 Rac1 Qb8 Rfd1 O-O Ne5 Nxe5 dxe5 Ng4 Bxh7+ Kh8 Qe2 f5 h3 Kxh7 hxg4 f4 cxd5 exd5 Qd3+ Kg8 exf4 Rxf4 Ne2 Rxg4 Qf5 Rh4 Qe6+ Kf8 Qf5+ Kg8 Qe6+ Kf8 Rc3 Rh6 Rf3+ Ke8 Qf5 Bc8 Qf7+ Kd7 e6+ Rxe6 Nf4 Re4 Nxd5 cxd5 Qxd5+ Qd6 Qf5+ Kc7 Rc1+ Kb8 Qxe4 Bb7 Qf4 Qxf4 Rxf4 Bg5 Rcc4 Bxf4 Rxf4 g5 Rg4 Rd1+ Kh2 Rd2 Be5+ Kc8 Rxg5 Be4 Kg3 Rxa2 f3 Bc2 b4 Kd7 Bc3 Ra3 Bd2 Rd3 Bf4 Rb3 Rg7+ Ke6 Bd2 Rd3 Be1 Rd1 Bf2 a5 Rb7 a4 Rxb6+ Kd5 Ra6 Kc4 Bc5 Rd2 Bf8 Rd8 Be7 Rd7 Bc5 Rd2 Ra5 Rd5 Be7 Rd7 Bc5 Rd5 Be7 Rd7 Rc5+ Kb3 Bf6 Bd3 b5 Kb4 Re5 a3 b6 a2 Re3 Bc4 Re8 Bd5 Re2 Rd6 Ba1 Rxb6 Kf4 Kc5 Rb2 Re6 Rc2+ Bc4 Rc1 Rb6 Ke3 Re6+ Kf2 Re2+ Kg3 Kb4 Rd1 Kc5 Rd8 Re1 Bd4+ Kc6 Ra8 Kd5 Bh8 Re2 Ra5+ Ke6 Kh3 Rf2 Bd4 Rd2 Bc3 Rc2 Bd4
FIDE-Wch k.o.,Groningen,1997.12.22,5.4,"Adams, Michael","Van Wely, Loek",1-0,D00,d4 d5 Bg5 f6 Bh4 Nc6 e3 Nh6 Bd3 Nf5 Nf3 h5 Bg3 Nb4 e4 dxe4 Bxe4 g5 c3 Nd5 h3 Nxg3 Bg6+ Kd7 fxg3 c6 c4 Nb6 Qe2 Qc7 Qf2 Nxc4 Nc3 Qb6 O-O-O Kc7 Qe2 Nd6 Kb1 a5 d5 a4 dxc6 bxc6 Qc2 Qa5 Nd4 Bd7 Ne4 e5 Ne2 Nxe4 Bxe4 Qc5 Nc3 Be7 Rc1 Ra5 Rhd1 Rd8 Qe2 Be8 Rxd8 Kxd8 a3 Bd6 Qf3 Ke7 Qf5 Qc4 Nd5+ cxd5 Rxc4 dxc4 Qh7+ Kd8 Qg8 Ke7 Qxc4 Rc5 Qg8 Bf7
FIDE-Wch k.o.,Groningen,1997.12.23,6.1,"Gelfand, Boris","Anand, Viswanathan",1/2-1/2,D46,d4 d5 Nf3 Nf6 c4 c6 Nc3 e6 e3 Nbd7 Qc2 Bd6 Bd3 O-O O-O dxc4 Bxc4 a6 Rd1 b5 Bf1 c5 dxc5 Bxc5 Ne4 Nxe4 Qxe4 Nf6 Rxd8
FIDE-Wch k.o.,Groningen,1997.12.24,6.2,"Short, Nigel D","Adams, Michael",1-0,C92,e4 e5 Nf3 Nc6 Bb5 a6 Ba4 Nf6 O-O Be7 Re1 b5 Bb3 O-O c3 d6 h3 Nd7 d4 Nb6 a3 Bf6 Ba2 Bb7 Be3 d5 Nxe5 Nxe5 dxe5 Bxe5 Bxb6 cxb6 Bxd5 Bxd5 exd5 Re8 a4 b4 Ra2 Ra7 cxb4 Rae7 Kf1 Qd6 b3 Qxb4 Nd2 g6 Re4 Qc5 Nf3 Bc3 Rxe7 Rxe7 Rc2 b5 Qd3 b4 Rc1 Qd6 g3 Kg7 Kg2 h6 Rd1 Rc7 Qe4 Re7 Qd3 Rc7 Nd2 Bxd2 Rxd2 a5 Qd4+ Kg8 Qf4 Qd7 d6 Rc5 Qe4 h5 Kh2 h4 Qe7 hxg3+ fxg3
FIDE-Wch k.o.,Groningen,1997.12.24,6.2,"Anand, Viswanathan","Gelfand, Boris",1-0,B50,e4 c5 Nf3 d6 c3 Nf6 Be2 g6 O-O Bg7 Bb5+ Nc6 d4 O-O d5 Na5 Re1 e6 Bf1 exd5 exd5 Bf5 Na3 b6 Bf4 a6 Rc1 Be4 Bg5 Re8 b4 Nb7 b5 axb5 Nxb5 h6 Bxf6 Bxf6 Nd2 Bxg2 Bxg2 Rxe1+ Qxe1 Rxa2 Ra1 Rb2 Rb1 Ra2 Nf3 Qd7 Qe4 Kg7 c4 h5 h3 Na5 Bf1 Ra4 Re1 Rb4 Kg2 Rb3 Re3 Rb4 Qe8 Qxe8 Rxe8 Nxc4 Bxc4 Rxc4 Nxd6 Rc1 Rc8
FIDE-Wch k.o.,Groningen,1997.12.25,6.3,"Short, Nigel D","Adams, Michael",1/2-1/2,B12,e4 c6 d4 d5 e5 Bf5 Nf3 e6 a3 Nd7 c4 dxc4 Bxc4 Nb6 Bb3 Ne7 O-O Ned5 Re1 Be7 Nbd2 O-O Ne4 Nd7 h3 Rc8 Bd2 Bg6 Rc1 Qb6 Bg5 Bxg5 Nfxg5 h6 Nf3 Bh5 Nd6 Rcd8 g4 Bg6 Nh4 Bh7 Ng2 f6 Nc4 Qc7 Qe2 Kh8 f4 fxe5 fxe5 N7b6 Nd6 Nc8 Ne4 Nce7 Nc5 Qc8 Rf1 Ng6 Kh2 b6 Ne4 Qd7 Nd6 Rxf1 Rxf1 Rf8 Rxf8+ Nxf8 Qf3 Kg8 Ne3 Bg6 Ba4 Qc7 h4 Nxe3 Qxe3 h5 gxh5 Bxh5 b4 b5 Bb3 a5 Qg5 Bf7 h5 axb4 h6 Bg6 Bxe6+ Kh7 Bf7 gxh6 Qf6 bxa3 Bb3 Qg7 Qf4 Bb1 Qc1 a2 Bxa2 Bxa2 Qc2+ Qg6 Qxa2 Ne6 d5 cxd5 Qxd5 Qh5+ Kg3 Qg5+ Kf3 Qf4+ Ke2 Qg4+ Kd2 Qd4+ Qxd4 Nxd4 Kd3 Nc6 e6 Kg6 Nxb5 Kf6 Nd4
FIDE-Wch k.o.,Groningen,1997.12.25,6.7,"Short, Nigel D","Adams, Michael",0-1,B17,e4 c6 d4 d5 Nc3 dxe4 Nxe4 Nd7 Bc4 Ngf6 Nxf6+ Nxf6 c3 Qc7 h3 Bf5 Nf3 e6 O-O Bd6 Re1 h6 Qe2 O-O-O a4 g5 Ne5 Nd5 a5 f6 Nd3 h5 Bd2 a6 Bb3 Kb8 c4 Nf4 Nxf4 Bxf4 Bc3 g4 h4 g3 f3 Rhe8 Bc2 Bxc2 Qxc2 f5 Rad1 Qe7 Bd2 Bxd2 Qxd2 Qxh4 Qe3 f4 Qe5+ Ka8 Rd2 Qh2+ Kf1 Qh1+ Ke2 Qxg2+ Kd1 Qxf3+ Kc2 h4
FIDE-Wch k.o.,Groningen,1997.12.25,6.6,"Adams, Michael","Short, Nigel D",1/2-1/2,B70,e4 c5 Nc3 d6 Nf3 Nf6 g3 Nc6 Bg2 g6 d4 cxd4 Nxd4 Nxd4 Qxd4 Bg7 O-O O-O Qb4 a5 Qb3 Rb8 a4 Nd7 Be3 b6 Rfd1 Bb7 Bd4 Bxd4 Rxd4 Nc5 Qa3 Qc7 Re1 Bc6 Bf1 Rfc8 h4 Qb7 h5 Rd8 Bg2 Kg7 b3 f6 Qc1 Rbc8 Qe3 e6 Red1 Qe7 Nb5 Bxb5 h6+ Kf7 axb5 Qc7 f4 Ke7 Rc4 Qb8 Rf1 Rd7 f5 Rdc7 fxg6 hxg6 e5 dxe5 Rg4 Rg8 Qf2 f5 h7 Rg7 Rh4 Qh8 Qe3 e4 Qg5+ Kf7 Rh6 Nd7 Bxe4 Nf8 Qd8 Rd7 Qxb6
FIDE-Wch k.o.,Groningen,1997.12.25,6.4,"Adams, Michael","Short, Nigel D",1/2-1/2,B50,e4 c5 Nf3 d6 c3 Nf6 Be2 g6 O-O Bg7 Bb5+ Bd7 Bxd7+ Qxd7 Re1 O-O d4 Na6 e5 dxe5 dxe5 Qxd1 Rxd1 Rad8 Re1 Nd5 Na3 Nac7 Nc4 b6 a4 h6 h4 Ne6 g3 Rd7 Kf1 Rb8 Ke2 a6 Rd1 Kf8 Ne3 Rbd8 Nxd5 Rxd5 Rxd5 Rxd5 Be3 Rd8 c4 Rb8 Bd2 Ke8 Bc3
FIDE-Wch k.o.,Groningen,1997.12.25,6.5,"Short, Nigel D","Adams, Michael",1/2-1/2,B12,e4 c6 d4 d5 e5 Bf5 Nf3 e6 a3 Nd7 Nbd2 h6 Be2 Ne7 Nf1 Bg6 c3 c5 Ng3 Nc6 O-O Be7 Be3 O-O Bd3 cxd4 cxd4 Nb6 Bxg6 fxg6 Nd2 Qe8 Qc2 a5 Ne2 g5 Qd3 a4 Rac1 Na5 Rc2 Nbc4 Nxc4 Nxc4 Bd2 b5 Nc1 Qf7 Na2 g4 Bb4 Bxb4 Nxb4 Qh5 Qg3 Rf7 Nd3 Raf8 Nc5 Qg6 Re2 Rf4 Qc3 h5 Rd1 h4 b3 Rf3 Qc2 Qxc2 Rxc2 axb3 Rxc4 dxc4 gxf3 b2 Ne4 Rxf3 Rb1 c3 Nxc3 Rxc3 Rxb2 h3 f4 gxf3 Kf2 Rxa3 Rxb5 Rd3 Rb6 Kf7 Rb7+ Kg6 Re7 Kf5 Rxg7 Kf4 Rf7+ Ke4 Kg3 Kxd4 Kxh3 Ke3 Kg3 Ke2 Rf4 Re3
FIDE-Wch k.o.,Groningen,1997.12.26,7.1,"Adams, Michael","Anand, Viswanathan",1/2-1/2,B52,e4 c5 Nf3 d6 Bb5+ Bd7 Bxd7+ Qxd7 O-O Nc6 c3 Nf6 d4 Nxe4 d5 Ne5 Re1 Nxf3+ Qxf3 Nf6 c4 e5 dxe6 fxe6 Bg5 Be7 Nc3 h6 Bh4 O-O Qh3 Kf7 f4 Rad8 Rad1 Rg8 Qf3 Rge8 Rd3 Kf8 g4 Kg8 g5 Nh7 Qh5 Rf8 gxh6 Rxf4 Bxe7 Qxe7 Nd5 Qh4 Qxh4 Rxh4 Rxe6 Rxh6 Re7 Rg6+ Rg3 Rxg3+ hxg3 Rb8 Rd7 Nf6 Nxf6+ gxf6 a4 Rf8 Rxb7 Rf7 Rb8+ Rf8 Rb7 Rf7 Rb8+ Rf8 Rb5 Kf7 a5 Ke6 a6 Ke5 Rb7 Kd4 b3 Kc3 Kf2 Rh8 Ke3 Re8+ Kf4 Re1 Kf5 Ra1 Kxf6 Rxa6 Kf5 Ra1 Ke6 a5 Kxd6 a4 bxa4 Rxa4 Rb5 Rxc4 Rxc5 Rxc5 Kxc5 Kd3
FIDE-Wch k.o.,Groningen,1997.12.27,7.2,"Anand, Viswanathan","Adams, Michael",1/2-1/2,A34,Nf3 Nf6 c4 e6 Nc3 d5 d4 c5 cxd5 cxd4 Qxd4 Nxd5 e4 Nxc3 Qxc3 Nc6 Bb5 Bd7 O-O Qb6 a4 Qc5 Qd3 Qd6 Qe2 Qc7 e5 Bc5 Rd1 a6 Bd3 h6 Bf4 Nb4 Be4 Bc6 Nd2 Rd8 Bxc6+ Qxc6 Ne4 Rxd1+ Rxd1 Be7 Nd6+ Bxd6 exd6 Nd5 Be5 f6 Qh5+ Kf8 Bg3 Qe8 Qg4 h5 Qe4 Qd7 h4 Kf7 Rc1 g6 Qc2 Rd8 Qc4 Kg7 a5 Kf7 b3 Kg7 Qd3 Rc8 Rc4 Rxc4 bxc4 Nb4 Qd2 Nc6 Bf4 Nb8 Be3 Qc6 Qb4 Nd7 c5 Qd5 Qa4 Qc6 Qf4 Kg8 Qc4 Kf7 Qf4 Kg8 Qc4
FIDE-Wch k.o.,Groningen,1997.12.29,7.4,"Anand, Viswanathan","Adams, Michael",1/2-1/2,C89,e4 e5 Nf3 Nc6 Bb5 a6 Ba4 Nf6 O-O Be7 Re1 b5 Bb3 O-O c3 d5 exd5 Nxd5 Nxe5 Nxe5 Rxe5 c6 Re1 Bd6 d3 Qh4 g3 Qh3 Re4 Qf5 Nd2 Qg6 Re1 Bg4 f3 Bh3 Ne4 Rae8 Re2 h5 Bg5 Bc7 Qd2 Kh8 Rae1 f6 Nf2 Rxe2 Rxe2 Bf5 Bxd5 cxd5 Bf4 Bxf4 Qxf4 Bxd3 Rd2 Bb1 Qd6 Re8 Qxd5 Kh7 Kg2 Re5 Qb3 Qe8 a3 Bf5 Qb4 Bd7 Qd4 Bc6 Qd3+ Kh6 Qd4 Qa8 Rd3 Qe8 g4 Re2 Qf4+ Kh7 Qf5+ Qg6 Qxh5+ Qxh5 gxh5 Rxb2 Rd6 Be8 Rxa6
FIDE-Wch k.o.,Groningen,1997.12.30,7.5,"Anand, Viswanathan","Adams, Michael",1/2-1/2,B14,e4 c6 d4 d5 exd5 cxd5 c4 Nf6 Nc3 e6 Nf3 Bb4 cxd5 Nxd5 Qc2 Nc6 Bd3 Be7 a3 Nf6 Be3 O-O O-O-O Bd7 Ng5 h6 Nge4 Rc8 Kb1 Na5 Nc5 b6 Nxd7 Qxd7 Ba6 Rc7 Qd3 Nd5 Rc1 Nxc3+ Rxc3 Rxc3 Qxc3 Qd5 Rc1 Bf6 f3 Rd8 Rc2 Qb3 Qxb3 Nxb3 Rc7 Nxd4 Rxa7 g5 Rb7 Rd6 Bc4 Be5 h3 Kg7 a4 Kf6 Bf2 h5 h4 Nf5 hxg5+ Kxg5 Bxb6 Rd2 g4 hxg4 fxg4 Rxb2+ Kc1 Kxg4 a5 Nd6 Rc7 Nxc4 Rxc4+ Kf5 Ra4 Rg2 a6 Rg8 a7 Ra8 Kc2 Bb8 axb8=Q Rxb8 Be3 e5 Kd3 Rb3+ Ke2 f6
FIDE-Wch k.o.,Groningen,1997.12.30,7.6,"Adams, Michael","Anand, Viswanathan",1/2-1/2,B23,e4 c5 Nc3 Nc6 f4 g6 Nf3 Bg7 Bb5 Nd4 O-O a6 Bd3 d6 Nxd4 cxd4 Ne2 Nf6 Kh1 Nd7 b4 O-O Bb2 Qb6 Rb1 Nb8 c3 Nc6 h3 Be6 a4 Rac8 Qe1 dxc3 Bxc3 Bxc3 dxc3 f6 a5 Qc7 Qg3 Bf7 h4 Kh8 Qh3 Rcd8 c4 b6 axb6 Qxb6 b5 axb5 cxb5 Na5 h5 gxh5 Ng3 Qe3 Rf3 Qc5 b6 Nb3 e5 dxe5 Nxh5 e4 Bxe4 Nd2 Nxf6 h5 Rc3 Qa5 Ra3 Qc5 Rc3 Qa5 Ra3
FIDE-Wch k.o.,Groningen,1997.12.30,7.7,"Adams, Michael","Anand, Viswanathan",1/2-1/2,B23,e4 c5 Nc3 d6 f4 g6 d4 cxd4 Qxd4 Nf6 e5 Nc6 Bb5 Nd7 Bxc6 bxc6 e6 Nf6 exf7+ Kxf7 Nf3 Qb6 Qc4+ Ke8 Bd2 Qa6 Qd4 Rb8 O-O-O Qb6 b3 Qxd4 Nxd4 Bd7 Rhe1 Kf7 Nf3 h6 Be3 Rb7 Bd4 Bg7 Ne4 Nxe4 Bxg7 Kxg7 Rxe4 Kf7 Re3 c5 Rde1 Bc6 Nh4 Rg8 g4 Rc7 Kd2 Bb7 Rf1 Bc8 h3 Ke8 f5 gxf5 Nxf5 Bxf5 Rxf5 Rg6 Ref3 Kd7 Rf7 Rc8 Rh7 Rcg8 Rff7 Re6 Rf5 a5 Rf4 Rg5 Rf5 Rxf5 gxf5 Rf6 Ke3 d5 h4 Rxf5
FIDE-Wch k.o.,Groningen,1997.12.30,7.8,"Anand, Viswanathan","Adams, Michael",1/2-1/2,A34,Nf3 Nf6 c4 e6 Nc3 c5 e4 Nc6 Be2 d5 e5 Ne4 O-O Be7 Qc2 Ng5 Nxg5 Bxg5 cxd5 exd5 Bb5 O-O Bxc6 bxc6 d3 Bf5 Qe2 Re8 Re1 h6 Bxg5 Qxg5 Na4 f6 Qe3 Qxe3 fxe3 Rxe5 Nxc5 Rae8 Kf2 Bg6 d4 Rf5+ Kg1 Rg5 Rac1 h5 Rc3 h4 Re2 Re7 Rf2 Rg4 Kf1 Kh7 Rf4 Rxf4+ exf4 Bh5 Rc2 Kg6 Kf2 Kf5 g3 hxg3+ hxg3 g5 fxg5 Kxg5 Rd2 Bg4 Nd3 Kf5 Nb4 Ke4 Nxc6 Rh7 Kg1 Ke3 Rh2 Rc7 Rc2 Bd7 Rc3+ Kd2 Ne7 Rxc3 bxc3 Kxc3 Nxd5+ Kxd4 Nxf6 Be6 a3 Kc3 Ne4+ Kb2 a4 Ka3 Kf2 Bh3
FIDE-Wch k.o.,Groningen,1997.12.30,7.9,"Anand, Viswanathan","Adams, Michael",1-0,D41,e4 c6 d4 d5 exd5 cxd5 c4 Nf6 Nc3 e6 Nf3 Be7 cxd5 Nxd5 Bc4 Nxc3 bxc3 O-O O-O Nd7 Bd3 Qc7 Qe2 Re8 c4 g6 c5 Nf6 Ne5 Bd7 Bf4 Qc8 Rab1 Nd5 Bg3 Rf8 Rfc1 Bf6 Nc4 Bxd4 Nd6 Qd8 Nxb7 Qf6 c6 Bc8 Rb3 e5 Be4 Be6 Rf3 Qg5 Qe1 Qe7 Qa5 Bb6 Qa3 Qxa3 Rxa3 f6 Nc5 Bxc5 Rxc5 Nc7 f3 a6 h4 Rad8 Rc1 Rd2 Be1 Rxa2 Rxa2 Bxa2 Ba5 Rf7 Rd1 Nb5 Rc1 Nc7 Rd1 Nb5 Rd8+ Kg7 Ra8 Bc4 Rb8 f5 Bc2 Bd5 Rb6 Nd6 c7 Nc8 Rb8 Rf8 Ba4 Be6 Bc3 Kf6 f4 Kf7 Bxe5 Ne7 Rd8 Nc8 Kf2 Ke7 Bc6 a5 Bb7 Kf7 Bc6 Ke7 Bc3 Kf7 Bxa5 Rg8 Bb4 Na7 Ba4 Nc8 Bc5 h6 Bb5 g5 fxg5 hxg5 h5
FIDE-Wch k.o.,Groningen,1997.12.??,4.3,"Beliavsky, Alexander G","Short, Nigel D",0-1,D37,d4 e6 c4 Nf6 Nf3 d5 Nc3 Be7 Bf4 O-O e3 c5 dxc5 Bxc5 a3 Nc6 b4 Be7 cxd5 Nxd5 Nxd5 exd5 Bd3 Bf6 Rc1 a6 O-O Re8 Bb1 g6 Ba2 Be6 Qd3 d4 Bxe6 Rxe6 e4 Qe7 Nd2 Be5 Bg3 Bxg3 hxg3 Ne5 Qb3 Rd8 Rc5 d3 Rfc1 Nc6 Kf1 Red6 Qc3 R6d7 Re1 Qe6 Qc4 Qxc4 Rxc4 Nd4 Rb1 h5 a4 b5 axb5 axb5 Rc3 Nc2 f3 Rd4 Kf2 Ra8 Rb2 Ra4 Rc5 Ra1 Rd5 Rd1 Nb1 Rxb4 Rxb4 Nxb4 Rd8+ Kg7 Nc3 Rd2+ Ke3 Rxg2 Nxb5 Rxg3 Nd6 Nc6 Ne8+ Kf8 Rc8 Ne5 Kf4 d2 Rd8 d1=Q Rxd1 Rxf3+ Kxe5 Kxe8 Ra1 Kf8
FIDE-Wch k.o.,Groningen,1997.12.??,4.2,"Short, Nigel D","Beliavsky, Alexander G",1-0,C92,e4 e5 Nf3 Nc6 Bb5 a6 Ba4 Nf6 O-O Be7 Re1 b5 Bb3 d6 c3 O-O h3 Re8 d4 Bb7 Nbd2 Bf8 d5 Nb8 Nf1 Nbd7 N3h2 c6 dxc6 Bxc6 Bg5 Qc7 Qf3 Qb7 Ng3 d5 Ng4 dxe4 Qf5 Nd5 Nxe4 Re6 Rad1 h5 Ne3 Nf4 Bxf4 Bxe4 Rxd7 Bxf5 Rxb7 exf4 Rxf7
FIDE-Wch k.o.,Groningen,1997.??.11,2.1,"Topalov, Veselin","Piket, Jeroen",1/2-1/2,C96,e4 e5 Nf3 Nc6 Bb5 a6 Ba4 Nf6 O-O Be7 Re1 b5 Bb3 d6 c3 O-O h3 Na5 Bc2 c5 d4 Bb7 d5 Nc4 a4 Nb6 Qe2 Nxa4 Bxa4 bxa4 Rxa4 Nd7 c4 Nb6 Ra3 a5 Nc3 a4 Be3 Bc8 Nd2 Bg5 Rb1 Bxe3 Qxe3 Bd7 b4 axb3 Raxb3 Ra6 Qd3 h6 Kh2 Qc7 Nf1 Rfa8 Nb5 Qd8 Nc3 Nc8 Ne3 Ra3 Rb7 R8a7 Qc2 Kh7 Rxa7 Rxa7 g3 g6 h4 Ra6 Rf1 Nb6 h5 Bc8 Qd2 Nd7 hxg6+ fxg6 Ng4 g5 Kg2 Nf6 Nxf6+ Qxf6 Qb2 Ra8 Qb6 Ra3 Qc7+ Kg6 Qxc8 Rxc3 Qg8+ Qg7 Qe6+ Qf6
FIDE-Wch k.o.,Groningen,1997.??.14,3.1,"Piket, Jeroen","Van Wely, Loek",1/2-1/2,D97,d4 Nf6 Nf3 g6 c4 Bg7 Nc3 d5 Qb3 dxc4 Qxc4 O-O e4 a6 Qa4 Nbd7 e5 Ng4 h3 Nh6 Qa3 Nb6 Bxh6 Bxh6 Bd3 Be6 O-O c6 Rfe1 Qc7 Rad1 Rfd8 Ne4 Bd5 Bc2 Bxe4 Bxe4 e6 h4 Rd7
FIDE-Wch k.o.,Groningen,1997.??.??,1.1,"Benjamin, Joel","Zvjaginsev, Vadim",1/2-1/2,B83,e4 c5 Nf3 d6 d4 cxd4 Nxd4 Nf6 Nc3 Bd7 Be2 e6 O-O Be7 f4 Nc6 Nb3 O-O Be3 Rc8 Bf3 a6 a4 e5 f5 Nb4 g4 h5 g5 Ng4 Bxg4 Bxg5 Re1 hxg4 Kh1 g6 Qxg4 Bxe3 Rxe3 Nxc2 Rg3 Rxc3 bxc3 Nxa1 Qh5 Be8 fxg6 fxg6 Rxg6+ Bxg6 Qxg6+
FIDE-Wch k.o.,Groningen,1997.??.??,1.1,"Kindermann, Stefan","Yermolinsky, Alex",1-0,C02,e4 c6 d4 d5 e5 c5 dxc5 e6 Nf3 Bxc5 Bd3 Nc6 O-O Nge7 Bf4 Qb6 Nc3 a6 Na4 Qa7 Nxc5 Qxc5 c3 Bd7 Qe2 Qa5 b4 Qd8 a4 Ng6 Bg3 O-O b5 axb5 axb5 Rxa1 Rxa1 Nce7 h4 Nf5 Bxf5 exf5 h5 Ne7 Bh4 Re8 Qe3 Bxb5 h6 Qc7 Nd4 Ba6 hxg7 f4 Qd2 Ng6 Bf6 Rxe5 Bxe5 Qxe5 Re1 Qf6 Qd1 Qg5 Nf3 Qf5 Nd4 Qg5 Re8+ Kxg7 Nf3 Qf6 Qxd5 Qxc3 Ne5 Qc1+ Kh2 Qc7 Qd4 f6 Nxg6 hxg6 Re6
FIDE-Wch k.o.,Groningen,1997.??.??,1.1,"Krasenkow, Michal","Van der Sterren, Paul",1-0,D37,d4 Nf6 c4 e6 Nf3 d5 Nc3 Be7 Bf4 O-O e3 c5 dxc5 Bxc5 a3 Nc6 b4 Be7 cxd5 Nxd5 Nxd5 exd5 Bd3 Bf6 Rc1 a6 O-O Be6 Bb1 Qe7 e4 Qd8 Qd3 dxe4 Qxe4 g6 Rfd1 Qb6 Be3 Qc7 Ng5 Rfe8 Qh4 h5 Nxe6 Rxe6 Qc4 Qe7 Ba2 Bg5 Bxg5 Qxg5 f4 Qf6 Qc5 Re7 Rd6 Qxf4 Rf1 Qe4 Bd5 Qd4+ Qxd4 Nxd4 Rxg6+ Kh7 Rb6 f5 Rxb7 Rxb7 Bxb7 Ra7 Bc8 f4 Rd1 Ne2+ Kf2 Nc3 Rd7+ Rxd7 Bxd7 Kg6 Bc8 Nb5 Bxa6 Nxa3 Bd3+
FIDE-Wch k.o.,Groningen,1997.??.??,1.1,"Kurajica, Bojan","Granda Zuniga, Julio E",1-0,D05,d4 Nf6 Nf3 e6 e3 b6 Bd3 Bb7 O-O d5 b3 Bd6 Bb2 O-O c4 c5 cxd5 exd5 Nc3 Nbd7 Rc1 Qe7 Nb5 Bb8 Bf5 a6 Nc3 Bd6 Bxd7 Nxd7 dxc5 bxc5 Nxd5 Qe6 Nf4 Bxf4 exf4 Rad8 Ng5 Qc6 Qg4 Nf6 Bxf6 Qxf6 Rxc5 Rd4 h4 h6 Nh3 Rd2 f5 Rd4 Qg3 Rxh4 Rfc1
FIDE-Wch k.o.,Groningen,1997.??.??,1.1,"Rozentalis, Eduardas","Lerner, Konstantin Z",1/2-1/2,B22,e4 c5 c3 d5 exd5 Qxd5 d4 Nf6 Nf3 Bg4 dxc5 Qxc5 Na3 a6 Be3 Qc7 h3 Bh5 Qa4+ Nbd7 O-O-O e6 g4 Bg6 Bg2 Be4 Nb5 Qb8 Na7 Rxa7 Bxa7 Qxa7 Rxd7 Nxd7 Qxe4 Bc5 Nd4 Bxd4 cxd4 O-O Rd1 Rb8 Kb1 h6 Qf4 Rc8 Qd6 b5 Rc1 Rxc1+ Kxc1 Nf6 b4 g5 Kc2 Nd7 Be4 Nb6 Qc6 Nc4 Qa8+
FIDE-Wch k.o.,Groningen,1997.??.??,1.2,"Portisch, Lajos","Luther, Thomas",1/2-1/2,D27,d4 d5 c4 dxc4 Nf3 e6 e3 a6 Bxc4 Nf6 Nc3 c5 Bd3 Nc6 O-O cxd4 exd4 Be7 a3 O-O Re1 b5 Bb1 Bb7 Qd3 Na5 Bg5 g6 Ba2 Nc4 Bxc4 bxc4 Qxc4 Bxf3 gxf3 Qb6 Na4 Qb7 Qe2 Qd5 Bh6 Rfd8 Rad1 Bd6 f4 Qc6 Nc3 Nd5 Qe4 Bf8 Bxf8 Kxf8 Rc1 Qb6 Qe5 Kg8 Ne4 Qxb2 Rc5 Qb8 Rxd5 exd5 Nf6+ Kh8 Qg5 Rd6 Re7 Qf8 Qe5 Rxf6 Qxf6+ Kg8 Rd7 Qe8 Re7 Qf8 Qe5 Rd8 a4 a5 Kg2 Rc8 Rd7 Qb4 f5 Qxa4 Rxf7 Kxf7 Qe6+ Kf8 Qxc8+ Qe8 Qc5+ Kg7 Qc7+ Kf6 Qd6+ Kxf5 Qxd5+ Kf6 Qxa5
FIDE-Wch k.o.,Groningen,1997.??.??,1.2,"Yermolinsky, Alex","Kindermann, Stefan",1-0,E74,d4 Nf6 c4 g6 Nc3 Bg7 e4 d6 Be2 O-O Bg5 c5 d5 h6 Bf4 e6 dxe6 Bxe6 Bxd6 Re8 Nf3 Qb6 Bxb8 Raxb8 Qc2 Nh5 g3 Bxc3+ bxc3 Bg4 h3 Bxf3 Bxf3 Qe6 O-O-O b5 Rhe1 b4 e5 Qa6 Rd7 Nf6 Rd3 Qa3+ Qb2 Qa6 Re2 Nh7 Bd5 Nf8 Rf3 Ne6 Rf6 Rb6 Qc2 Qa3+ Qb2 Qa5 Bxe6 Rexe6 Rxe6 Rxe6 cxb4 cxb4 Qd4 Qa3+ Kb1 Qf3 Qe4 Qc3 Rc2 Qa3 c5 b3 axb3 Qxb3+ Kc1 Qa3+ Kd2 Qa5+ Ke2 Qb5+ Kf3 Rc6 Qd5 Qf1 Kg4 Qb5 h4 h5+ Kh3 a5 Rc4 Kg7 Rf4 Re6 Qf3 Qd7 Kh2 Qc7 Qc3 Rxe5 Re4 f6 Rxe5 fxe5 f4 Kf7 fxe5 Ke6 Qc4+ Ke7 c6 a4 Qb4+ Ke6 Qxa4 Qxe5 Qc2 Qc7 Qxg6+
FIDE-Wch k.o.,Groningen,1997.??.??,1.4,"Benjamin, Joel","Zvjaginsev, Vadim",1/2-1/2,B56,e4 c5 Nf3 d6 d4 cxd4 Nxd4 Nf6 Nc3 Bd7 Bg5 e6 Ndb5 Bxb5 Bxb5+ Nc6 Qf3 h6 Bh4 Be7 e5 Nd5 Bxc6+ bxc6 Bxe7 Qxe7 Qg3 dxe5 Qxg7 Qf6 Qxf6 Nxf6 O-O-O Nd5 Ne4 Ke7 Rhe1 Rad8 g3 h5 Rd3 f5 Nc5 e4 Ra3 Ra8 f3 Kd6 fxe4 Kxc5 exd5 exd5 Re6 Rac8 Rxa7 h4 Rg7 Rhg8 Rgg6 Rxg6 Rxg6 hxg3 hxg3 Rf8 c3 f4 gxf4 Rxf4 Kc2 d4 b4+ Kb6 c4 Rf3 Kd2 Rc3 b5 Rxc4 Rxc6+ Rxc6 bxc6 Kxc6 Kd3 Kd5
FIDE-Wch k.o.,Groningen,1997.??.??,1.4,"Granda Zuniga, Julio E","Kurajica, Bojan",1/2-1/2,B06,d4 d6 e4 g6 Nc3 c6 Be3 Bg7 Qd2 b5 Bd3 Nd7 f4 Nb6 b3 Nf6 Nf3 a6 a4 b4 Nd1 a5 h3 Qc7 Nf2 O-O Rc1 Nfd7 c3 bxc3 Rxc3 c5 Rc2 Bb7 O-O Rfc8 Rfc1 Qd8 dxc5 Nxc5 Bxc5 dxc5 Rxc5 Rxc5 Rxc5 Nd7 Rc2 Qb6 e5 Rd8 Qe2 Bxf3 Qxf3 Qxb3 Qc6 Nf8 Bc4 Qe3 Qe4 Qb6 Kh2 h5 Nd3 Rd4 Qe3 Bh6 h4 Qd8 g3 Ne6 Bxe6 Rxd3 Qe4 Kg7 Rc8 Rd2+ Kh3 Qd3 Qxd3 Rxd3 Bc4 Ra3 Kg2 Rxa4 Rc7 Kg8 e6 fxe6 Bxe6+ Kg7 Bb3 Rb4 Rxe7+ Kf8 Rf7+ Ke8 Bd5 Rd4 Be6 Rd6 Bc4 Rc6 Bb5 Kxf7 Bxc6 Kf6 Kf3 Bf8 Ba4 Bc5 Bc2 Bb4 Kg2
FIDE-Wch k.o.,Groningen,1997.??.??,1.5,"Zvjaginsev, Vadim","Benjamin, Joel",1-0,A46,Nf3 d6 Nc3 Nf6 d4 Bg4 Bg5 Nbd7 e4 e5 Be2 Be7 O-O O-O Qd2 c6 a4 a5 Be3 Re8 Rad1 Qc7 h3 Bh5 Nh2 Bg6 f3 Nf8 d5 Nh5 Ng4 Rad8 Rfe1 Bh4 Nf2 h6 Rb1 Nh7 b4 axb4 Rxb4 c5 Rb3 Bg5 Reb1 Rb8 Nb5 Qe7 Na3 Bxe3 Qxe3 Nf4 Bf1 Nf8 Nc4 Qc7 Qd2 Nd7 Qa5 Qxa5 Nxa5 b6 Nc4 Ra8 Nxb6 Nxb6 Rxb6 Red8 Ra6 Rxa6 Bxa6 Ra8 Rb6 f6 Rxd6 Be8 a5 c4 Bxc4 Rxa5 Rd8 Rc5 d6+
FIDE-Wch k.o.,Groningen,1997.??.??,2.1,"Krasenkow, Michal","Garcia, Gildardo",1-0,A17,Nf3 Nf6 c4 e6 Nc3 Bb4 g4 d5 g5 Ne4 Qa4+ Nc6 Nxe4 dxe4 Ne5 e3 fxe3 Qxg5 Nf3 Qe7 a3 Bd6 d4 Bd7 Qc2 Qf6 b4 e5 d5 Bf5 Qa4 Be4 dxc6 b5 cxb5 Bxf3 exf3 e4 Ra2 exf3 Rf2 Rd8 Qc2 Be5 Bb2 O-O Bxe5 Qxe5 Rxf3 Rd6 Bg2 Qxb5 Rf5 Qa6 Ra5 Qb6 Qc5 Qb8 O-O
FIDE-Wch k.o.,Groningen,1997.??.??,2.1,"Seirawan, Yasser","Ivanchuk, Vassily",1-0,E70,d4 Nf6 c4 g6 Nc3 Bg7 e4 d6 Bd3 e5 d5 a5 Nge2 Na6 f3 Nd7 Be3 Bh6 Qd2 Bxe3 Qxe3 c6 Qh6 Ndc5 Rd1 Qb6 Bb1 Ke7 f4 exf4 Rf1 Rf8 Qxf4 f6 dxc6 Qxc6 Nd4 Qe8 Nd5+ Kd8 Qxd6+ Bd7 Nb5
FIDE-Wch k.o.,Groningen,1997.??.??,2.3,"Slobodjan, Roman","Azmaiparashvili, Zurab",0-1,B06,e4 d6 d4 g6 Be2 Bg7 Nc3 c6 Be3 b5 a3 Nf6 Qd2 O-O Bh6 e5 Bxg7 Kxg7 Rd1 Qe7 Nf3 a5 dxe5 dxe5 Bd3 Bg4 Qe3 Nbd7 O-O Qc5 Rde1 Qxe3 Rxe3 Bxf3 Rxf3 Rfd8 Re3 Nc5 f3 Rd7 Rc1 h5 Kf2 h4 Bf1 Nh5 Ree1 b4 Nb1 Rad8 g3 Rb7 axb4 Rxb4 b3 a4 bxa4 Rxa4 Re3 Ra1 Rc3 Ne6 Bc4 Nd4 Rf1 Rda8 Nd2 R1a3 Bb3 hxg3+ hxg3 Nxg3 Re1 Nh5 Nc4 Rxb3 cxb3 Ra2+ Ke3 Nf4 Nxe5 Nde6 Rcc1 c5 Nc4 Ng2+ Kd3 Nef4+ Kc3 Nxe1 Rxe1 Ne2+ Kd3 Nd4 Nd2 Rxd2+
FIDE-Wch k.o.,Groningen,1997.??.??,2.2,"Milov, Vadim","Andersson, Ulf",1-0,A40,d4 e6 c4 Bb4+ Bd2 Bxd2+ Qxd2 Nf6 Nc3 d6 e4 O-O O-O-O Nc6 d5 Ne7 f4 exd5 cxd5 c6 dxc6 Nxc6 Nf3 Qb6 Kb1 Re8 Bd3 Be6 f5 Bd7 g4 Ne5 Nxe5 Rxe5 g5 Ng4 Rdf1 Rc8 Rf3 Ree8 Rg3 Ne5 Nd5 Qd4 Nf6+ gxf6 gxf6+ Ng6 fxg6 fxg6 Rf1 Rf8 e5 Qxe5 Bxg6 Rxf6 Re1 Qxe1+ Qxe1 hxg6 a3 Bf5+ Ka1 Re6 Qd1 Rc5 h4 Bc2 Qd2 Be4 Qh6 Ree5 Rg1 a5 Re1 d5 Qf4 Rf5 Qd6 Rc6 Qb8+ Rf8 Qxb7 Rfc8 a4 Rc4 Qd7 Kh8 b3 Rc2 Re2 R2c7 Qd6 Kh7 Kb2 Rb7 Re3 Rc2+ Ka3 Rcc7 Qd8 Re7 h5 gxh5 Qxa5 Kg6 Qc3 h4 a5 Rbc7 Qe1 Rh7 Rh3 Ra7 b4 Kg5 b5 Rae7 Qg1+ Kf4 a6 Bf5 Rb3
FIDE-Wch k.o.,Groningen,1997.??.??,2.2,"Akopian, Vladimir","Luther, Thomas",1-0,A35,c4 c5 Nf3 Nf6 Nc3 Nc6 g3 g6 Bg2 Bg7 d4 cxd4 Nxd4 O-O O-O d6 Nc2 h5 Bg5 Be6 b3 h4 gxh4 Nh5 Qe1 Qa5 Nd5 Bxd5 cxd5 Bxa1 Qxa1 Nb8 Ne3 f6 Nc4 Qd8 Bd2 Nd7 f4 f5 e4 Ndf6 e5 dxe5 Qxe5 b5 Na5 Qb6+ Kh1 Ng4 Qe1 Rae8 Nc6 Kh7 h3 Ngf6 Kh2 Qc7 Ba5 Qd7 Ne5 Qc8 Bb4 Ne4 Qe3 Qc2 Rc1 Qxa2 Rc7 Rg8 Rxa7 Qb1 d6 Nhg3 d7 Ra8 d8=Q Rgxd8 Qb6 Rg8 Rxe7+ Kh6 Qb7 Rh8 Nf7+ Kh5 Nxh8 Nf1+ Bxf1 Ra2+ Kg1 Kxh4 Rxe4 Qxe4 Qh7+ Kg3 Qxg6+ Kxf4 Bd2+
FIDE-Wch k.o.,Groningen,1997.??.??,3.1,"Bareev, Evgeny","Krasenkow, Michal",0-1,A84,d4 d5 c4 e6 Nf3 c6 e3 f5 Bd3 Nf6 O-O Bd6 b3 Qe7 Bb2 O-O Ne5 b6 cxd5 cxd5 f3 Bb7 Nc3 a6 Rc1 Nc6 Nxc6 Bxc6 Na4 Qb7 Qe2 Bxa4 bxa4 b5 Bc3 bxa4 Ba5 a3 Rb1 Qd7 Rb3 Rfb8 Rfb1 Rxb3 Rxb3 Rc8 g3 g5 Bxa6 Rc1+ Kg2 g4 fxg4 Nxg4 Qd2 Qc6 Rb6 Qc2 Rxd6 Qe4+ Kh3 Rc2
FIDE-Wch k.o.,Groningen,1997.??.??,3.1,"Short, Nigel D","Sokolov, Andrei",1-0,B83,e4 c5 Nf3 e6 d4 cxd4 Nxd4 Nc6 Nc3 d6 Be2 Nf6 Be3 Be7 O-O Bd7 Nb3 a6 f4 b5 a3 O-O g4 Bc8 Qe1 Bb7 Rd1 b4 g5 bxc3 gxf6 Bxf6 e5 Bh4 Qxc3 d5 Nc5 Qc7 f5 d4 Rxd4 Nxd4 Qxd4 Bd5 Qxh4 Qxe5 Qd4 Qxd4 Bxd4 e5 Be3 a5 Rd1
FIDE-Wch k.o.,Groningen,1997.??.??,3.5,"Khalifman, Alexander","Anand, Viswanathan",0-1,E11,d4 Nf6 Nf3 e6 c4 Bb4+ Nbd2 O-O a3 Bxd2+ Bxd2 b6 Bg5 Bb7 e3 d6 Bd3 Nbd7 O-O h6 Bh4 c5 Bg3 d5 cxd5 exd5 dxc5 bxc5 b4 Ne4 Rc1 Nxg3 hxg3 c4 Bf5 Nf6 Qd4 Qb6 Rfd1 Bc8 Bb1 Bg4 e4 Rfe8 Qxb6 axb6 exd5 b5 Rc3 Rad8 Re3 Rxe3 fxe3 Ra8 e4 Rxa3 e5 Nd7 e6 fxe6 dxe6 Bxe6 Nd4 Bg4 Nxb5 Rb3 Rc1 Rxb4 Ba2 Nb6 Nc3 Be6 Rb1 Rxb1+ Bxb1 Nd5 Nxd5 Bxd5 Kf2 Kf7 Ke3 Bxg2 Kd4 Bf1 Be4 Kf6 Bf3 Kf5 Bd1 Kg5 Bf3 h5
FIDE-Wch k.o.,Groningen,1997.??.??,3.3,"Anand, Viswanathan","Khalifman, Alexander",1/2-1/2,B63,e4 c5 Nf3 d6 d4 cxd4 Nxd4 Nf6 Nc3 Nc6 Bg5 e6 Qd2 a6 O-O-O Be7 Bxf6 gxf6 Bc4 Nxd4 Qxd4 b5 Bb3 Bd7 f4 Qc7 f5 Qc5 Ne2 Rg8 g3 a5 a3 Qxd4 Nxd4 e5 Bd5 Rc8 Nb3 Bd8 Kb1 Ke7 Nc1 Bb6 Ne2 b4 axb4 axb4 Nc1 Ba4 Rd2 Be3 Re2 Bc5 Nd3 Bb5 Rd1 h5 Ka2 Rc7 Kb1 Rcc8 Red2 Rc7 Re2
FIDE-Wch k.o.,Groningen,1997.??.??,3.2,"Van Wely, Loek","Piket, Jeroen",1/2-1/2,D36,d4 Nf6 c4 e6 Nc3 d5 Nf3 Nbd7 cxd5 exd5 Bg5 Be7 e3 O-O Qc2 c6 Bd3 Re8 h3 Ne4 Bxe4 dxe4 Nxe4 Qa5+ Kf1 Qf5 Bxe7 Rxe7 Nfd2 Nb6 Rc1 Nd5 Kg1 Nb4 Qb3 a5 Nd6 Qd3 Nxc8 Rxc8 Nc4 Qxb3 axb3 b5 Nd6 Rd8 Nf5 Re6 g4 g6 Ng3 Nd3 Ra1 f5 Rd1 Nc5 gxf5 gxf5 Nxf5 Nxb3 Kh2 Rf6 Rhg1+ Kf8 Rg5 h6 Rh5 a4 e4 b4 e5 Rg6 Rd3 c5 d5 a3 bxa3 c4 Rf3 Nd2 Rf4 b3 Nxh6+ Ke8 Ng4 b2 Rh8+ Ke7 Rh7+ Ke8 Rh8+ Ke7 Rh7+ Ke8 Nf6+ Kf8 Rh8+ Ke7 Rh7+ Kf8 Rh8+ Ke7 Rh7+
FIDE-Wch k.o.,Groningen,1997.??.??,3.2,"Rublevsky, Sergei","Beliavsky, Alexander G",1/2-1/2,B08,e4 d6 d4 Nf6 Nc3 g6 Nf3 Bg7 Bc4 Nc6 d5 Nb8 h3 c6 Bb3 O-O O-O b6 Bg5 Bb7 Re1 Nbd7 dxc6 Bxc6 Nd5 h6 Bh4 e6 Nxf6+ Nxf6 Nd4 Bb7 Nb5 g5 Nxd6 Bxe4 Nxe4
FIDE-Wch k.o.,Groningen,1997.??.??,3.2,"Anand, Viswanathan","Khalifman, Alexander",1/2-1/2,B66,e4 c5 Nf3 d6 d4 cxd4 Nxd4 Nf6 Nc3 Nc6 Bg5 e6 Qd2 a6 O-O-O Nxd4 Qxd4 Be7 f3 Qc7 g4 b5 Qd2 Bb7 Bf4 b4 Ne2 Rc8 Ng3 Qa5 Kb1 d5 g5 Nd7 h4 Rd8 Bh3 dxe4 fxe4 Nc5 Qe2 O-O b3 Qb5 Qxb5 axb5 Bg2 f5 gxf6 Bxf6 Be3 Rc8 Bh3 Rfe8 Rd6 Nxe4 Nxe4 Bxe4 Rh2 Bf5 Bd4 Bxh3 Bxf6 gxf6 Rxh3 Kf7 Rhd3 f5 R6d4 Rc5 Rxb4 e5 a4 e4 Rd7+ Ke6 Rd1 bxa4 Rxa4 Ke5 Kc1 Rec8 c4 e3 Ra7 R8c7 Ra8 Ke4 Rad8 f4 R1d4+ Ke5 Kd1 Rc8 R8d7 R8c7 Rd8 Rc8
FIDE-Wch k.o.,Groningen,1997.??.??,4.6,"Adams, Michael","Svidler, Peter",1-0,B06,e4 g6 d4 Bg7 Nc3 d6 Be3 a6 a4 Nd7 Nf3 Ngf6 Be2 O-O O-O b6 h3 Bb7 Nd2 e6 Re1 Qb8 Bf3 Rd8 Nc4 c6 Qc1 Qc7 Nxd6 Qxd6 e5 Qb4 exf6 Nxf6 a5 b5 Ne2 Nd5 c3 Qd6 Ng3 f5 Ne2 Re8 Bxd5 Qxd5 Nf4 Qc4 Qc2 e5 b3 Qf7 dxe5 c5 e6 Qf6 Bxc5 Be4 Qe2 Qxc3 Rac1 Qxb3 f3 Bb7 e7 Rac8 Kh1 Bf6 Rb1 Qf7 Bb4 Bxe7 Bxe7 Rc7 Qd2 Rcxe7 Rxe7 Qxe7 Rc1 Qe5 Qa2+ Kg7 Nd3 Qd6 Qb2+ Kg8 Nc5 Ba8 Qb3+ Kg7 Qc3+ Kh6 Nd3 Re3 Rd1 f4 Qc2 Re7 Nf2 Qb4 Kh2 Kg7 Nd3 Qd4 Nf2 Qb4 Nd3 Qxa5 Qb2+ Kg8 Qb3+ Kg7 Qb2+ Kf7 Ne5+ Kg8 Ng4 h5 Qf6
FIDE-Wch k.o.,Groningen,1997.??.??,4.4,"Short, Nigel D","Beliavsky, Alexander G",1-0,B07,e4 d6 d4 Nf6 Nc3 g6 Be3 Bg7 Qd2 Ng4 Bg5 h6 Bh4 Nf6 f4 b6 O-O-O Bb7 e5 dxe5 fxe5 Nd5 Nf3 O-O Bc4 Qd7 Rhe1 e6 Ne4 Qc6 Bxd5 exd5 Nf6+ Kh8 Bg5 Nd7 Nxd7 Qxd7 Bxh6 c5 Qg5 Qd8 Qf4 Kg8 h4 Rc8 h5 cxd4 Rxd4 Rc6 Bxg7 Kxg7 Rh1 Bc8 hxg6 Rxg6 Nh4 Rh8 Rf1 Rxh4 Qxh4 Qxh4 Rxh4 Rxg2 Rhf4 Be6 R4f2 Rg5 Re1 Kf8 Kd2 Ke7 Kc3 Bf5 Ref1 Bg6 Kd4 Rg4+ Rf4 Rg2 R1f2 Rg1 Kxd5
FIDE-Wch k.o.,Groningen,1997.??.??,4.5,"Svidler, Peter","Adams, Michael",0-1,C89,e4 e5 Nf3 Nc6 Bb5 a6 Ba4 Nf6 O-O Be7 Re1 b5 Bb3 O-O c3 d5 exd5 Nxd5 Nxe5 Nxe5 Rxe5 c6 d3 Bd6 Re1 Qh4 g3 Qh3 Re4 Qf5 Nd2 Qg6 Re1 Bg4 f3 Bh3 Ne4 Bc7 Be3 Kh8 Qd2 h6 Kh1 Rfe8 Bd4 Kg8 a4 Rad8 axb5 axb5 Nf2 Be6 Ne4 Qf5 Qf2 Ra8 Rxa8 Rxa8 Nc5 Re8 Nxe6 Rxe6 Re4 Qg5 Rxe6 fxe6 Qe2 Kf7 f4 Qf5 Bc2 Nf6 Bb3 h5 Qf3 Nd5 Kg2 h4 Bd1 g6 Qe4 Bd6 Bf3 hxg3 hxg3 Ke7 Bf2 Kd7 Qd4 c5 Qg7+ Be7 Be4 Qg4 Qf7 Nf6 Bf3 Qf5 d4 c4 Qg7 Qc2 Qh8 Ne4 Bxe4 Qxe4+ Kg1 Qb1+ Kg2 Qxb2 Qa8 Qb1 Qb7+ Ke8 Qc6+ Kf7 Qb7 b4 g4 b3 Bh4 Qc2+ Kh3 Qxc3+ Kg2 Qd2+ Kf3 Qd1+ Kf2 Qxd4+ Ke2 Qd3+ Kf2 Qd2+ Kf3 Qb4 Qc7 b2 Bxe7 Qxe7 Qb6 c3 Ke3 Qd7 f5 gxf5 gxf5 exf5 Kf4 Qd2+ Ke5 Qe2+ Kxf5 Qd3+ Ke5 b1=Q Qe6+ Kg7 Qf6+ Kg8 Qe6+ Kf8 Qf6+ Ke8
FIDE-Wch k.o.,Groningen,1997.??.??,5.2,"Van Wely, Loek","Adams, Michael",1/2-1/2,E15,d4 Nf6 c4 e6 Nf3 b6 g3 Ba6 Nbd2 Bb4 Qc2 Bb7 Bg2 Be4 Qb3 Bxd2+ Bxd2 O-O O-O d6 Rfe1 Nbd7 Rad1 a5 Bc1 a4 Qc3 Qb8 Nd2 Bxg2 Kxg2 c5 e4 cxd4 Qxd4 e5 Qe3 Rc8 f3 h6 Qe2 Qc7 Nb1 Qxc4 Qxc4 Rxc4 Rxd6 Rac8 Rdd1 Nf8 Na3 Rb4 Re2 Ne6 Be3 g5 g4 Rc7 Rd6 Ne8 Rd5 Nf4+ Bxf4 exf4 Red2 Ng7 Nb5 Rc1 Rd8+ Kh7 Nd6 Rb1 b3 Ne6 Rd7 axb3 axb3 Rd4 Nxf7 Rxd2+ Rxd2 Kg7 Nd6 Rxb3 Nf5+ Kf6 Rd6 Rb2+ Kf1 Kf7 Nxh6+ Ke7 Nf5+ Kf7 e5 b5 Nh6+ Ke7 Nf5+ Kf7 Rd7+ Kf8 Rh7 Rb1+ Ke2 Rc1 Rh8+ Kf7 Rh7+ Kf8 Rh6 Rc6 Rh8+ Kf7 Rb8 Rc5 Rxb5 Rxb5 Nd6+ Ke7 Nxb5 Nc5 Nd4 Nd7 e6 Ne5 Kd2 Kd6 Kc3 Ke7 Kb4 Kd6 e7 Kxe7 Kc5 Kf6 Kd5 Nd3 Nc6 Ne1 Ke4 Ng2 Nd4 Ne3 Nf5 Nc4 Kd3 Ne5+ Ke2 Ng6 Kf2 Ke5 Kg2 Kf6 h3 Ne5 Nd6 Kg6 Ne4 Kh6 Kf2 Kg6 Ke2 Kh6 Nc5 Kg6 h4 gxh4 Ne6 h3 Nxf4+ Kg5 Nxh3+ Kh4 Nf2 Kg3 g5 Nxf3 g6 Nd4+ Kd3 Ne6 Ke4
FIDE-Wch k.o.,Groningen,1997.??.??,5.2,"Shirov, Alexei","Anand, Viswanathan",1/2-1/2,C43,e4 e5 Nf3 Nf6 d4 Nxe4 Bd3 d5 Nxe5 Nd7 Nxd7 Bxd7 O-O Bd6 Nc3 Nxc3 bxc3 O-O Qh5 f5 Rb1 b6 Re1 Qf6 Qf3 c6 Bf4 b5 Qg3 Bxf4 Qxf4 Rf7 Kf1 Raf8 Re2 Qd8 Rbe1 Qb8 Qh4 Qd8 Qf4 Qb8 Re5 Qd6 Qc1 a6 f4 g6 R1e3 Kg7 h4 h5 Kg1 Rh8 Be2 Rhf8 Bf3 Qf6 Qe1 Qd6 Kh2 Kh7 Qg3 Qf6 Kh3 Kh6 Be2 Kh7 Bf3 Kh6 Be2 Kh7 Kh2 Kh6 Kg1 Kh7 Bd3 Kg7 Kf2 Ra8 Qg5 Rc8 Re1 Rb8 a4 Rc8 a5 Rb8 R1e3 Kf8 Rg3 Kg7 Ke3 Qxg5 Rxg5 Rf6 Kd2 Kf7 Kc1 Be6 Kb2 Rh8 Kb3 Ke7 Kb4 Kd6 Rg3 Rb8 Rge3 Rb7 Be2 Rb8 Bf3 Rc8 Re1 Rb8
FIDE-Wch k.o.,Groningen,1997.??.??,5.1,"Short, Nigel D","Krasenkow, Michal",1-0,B22,e4 c5 Nf3 Nc6 c3 Nf6 e5 Nd5 Bc4 Nb6 Bb3 d5 exd6 e6 d4 cxd4 cxd4 Bxd6 O-O Ne7 Nc3 Bd7 Ng5 h6 Nge4 Bc7 Qg4 Nf5 Rd1 O-O Nc5 Bc8 g3 Nd5 Nxd5 exd5 Qf3 Ne7 Bf4 Bxf4 Qxf4 b6 Na4 Be6 Rac1 Rc8 Nc3 Qd7 f3 Ng6 Qd2 Rc7 Ba4 Qc8 Re1 Rd8 Kf2 Ne7 Bb3 Qb8 Ne2 Rxc1 Rxc1 Rc8 Re1 Nc6 Bc2 Qd6 a3 Ne7 Bb3 Kf8 Nf4 a5 h4 Qd7 h5 Qb5 Bd1 Rc6 g4 Qc4 Re3 Qc1 Qxc1 Rxc1 Ba4 Bc8 Nxd5
FIDE-Wch k.o.,Groningen,1997.??.??,5.1,"Adams, Michael","Van Wely, Loek",1/2-1/2,B50,e4 c5 Nf3 d6 c3 Nf6 Be2 g6 O-O Bg7 Bb5+ Nc6 d4 cxd4 cxd4 a6 Be2 d5 e5 Ne4 Be3 Qb6 Nc3 Nxc3 bxc3 Na5 Qa4+ Bd7 Qa3 Qc7 Bg5 Bf8 Nd2 h6 Bh4 e6 Qb2 Bg7 Rfc1 O-O c4 Nxc4 Bxc4 dxc4 Nxc4 Bc6 f4 b5 Nd6 Qb6 Rc5 Bd5 Be7 Rfb8 Rac1 Bf8 Bxf8 Rxf8 Qd2 Qd8 a3 Rb8 Rc7 Qh4 R7c3 a5 Rh3 Qg4 Rg3 Qh5 Rh3 Qg4 Qf2 b4 Rg3 Qh5 axb4 axb4 Rh3 Qxh3 gxh3 b3 Rb1 Ra8 Qg3 Rfb8 Qc3 Ra2 Nxf7 Rf8 Rxb3 Rxf7 Rb8+ Kg7 Qc8 Rg2+ Kf1 Rxf4+ Ke1 Re4+ Kf1 Rf4+ Ke1 Re4+
FIDE-Wch k.o.,Groningen,1997.??.??,6.1,"Adams, Michael","Short, Nigel D",1-0,B40,e4 c5 Nc3 e6 Nf3 a6 g3 b5 Bg2 Bb7 d4 Nf6 Bg5 cxd4 Nxd4 h6 Bxf6 Qxf6 O-O Nc6 Nxc6 dxc6 Qe2 e5 a4 b4 Nb1 a5 Qe3 Bd6 Nd2 Qe7 Nb3 c5 Nd2 Ba6 Rfd1 c4 Bf1 Bc5 Qf3 Qe6 b3 Bd4 Rab1 c3 Bxa6 Rxa6 Nc4 O-O Ne3 g6 Re1 Rc6 Rbd1 Rc5 Kg2 f5 exf5 gxf5 Nc4 Rxc4 bxc4 Qxc4 Qb7 Rf7 Qb8+ Kh7 f4 Qa2 fxe5 Qxc2+ Kh3 f4 e6 Qf5+ g4 Qd5 Rd3 Rf6 Qc7+
FIDE-Wch k.o.,Groningen,1997.??.??,7.3,"Adams, Michael","Anand, Viswanathan",1/2-1/2,B31,e4 c5 Nc3 Nc6 Nf3 g6 Bb5 Bg7 O-O d6 d3 Bd7 a4 Nf6 h3 O-O Be3 e5 Nd2 Be6 Bc4 h6 Ne2 b6 Bxe6 fxe6 f4 exf4 Nxf4 Qe8 c3 d5 Kh1 g5 Ne2 dxe4 Nxe4 Nxe4 Rxf8+ Bxf8 dxe4 Rd8 Qc2 Qd7 Re1 Ne5 Ng3 Qd3 Qb3 Nc4 Bf2 Bg7 Kg1 Be5 Nf1 Rf8 Ne3 Qd2 Nf5 exf5 Qxc4+ Kh8 exf5 Rxf5 Bg3 Qd6 Rxe5 Rxe5 Bxe5+
FIDE-Wch k.o. f,Lausanne,1998.01.03,8.2,"Anand, Viswanathan","Karpov, Anatoly",1-0,C78,e4 e5 Nf3 Nc6 Bb5 a6 Ba4 Nf6 O-O Bc5 c3 b5 Bb3 d6 a4 Bg4 d3 O-O h3 Bxf3 Qxf3 Na5 Bc2 b4 Nd2 Rb8 Qe2 Re8 Nf3 bxc3 bxc3 Nb3 Bxb3 Rxb3 d4 exd4 cxd4 Rxf3 Qxf3 Bxd4 Ra2 Nxe4 Qd3 c5 Qxa6 d5 a5 c4 Be3 Be5 Bb6 Qd7 Qa7 Qc6 Bd4 Bc7 Rb2 c3 Rb7 Rc8 Bb6 Be5 Rxf7 c2 Rc1 Nc3 Rf3 h6 Qf7+ Kh8 Re3 d4 Rxe5 d3 Bd4 Rg8 Re6 d2 Rxc6 dxc1=Q+ Kh2 Qd2 Rc8
FIDE-Wch k.o. f,Lausanne,1998.01.04,8.3,"Karpov, Anatoly","Anand, Viswanathan",1/2-1/2,D47,d4 d5 c4 c6 Nc3 Nf6 e3 e6 Nf3 Nbd7 Bd3 dxc4 Bxc4 b5 Bd3 Bb7 a3 b4 Ne4 Nxe4 Bxe4 bxa3 bxa3 Bd6 O-O O-O Bb2 Rb8 Qc2 c5 Bxb7 Rxb7 dxc5 Bxc5 Rfd1 Qe7 a4
FIDE-Wch k.o. f,Lausanne,1998.01.06,8.4,"Anand, Viswanathan","Karpov, Anatoly",0-1,D42,e4 c6 d4 d5 exd5 cxd5 c4 Nf6 Nc3 e6 Nf3 Be7 cxd5 Nxd5 Bd3 Nc6 O-O O-O Re1 Bf6 Be4 Nce7 h4 Nf5 Qd3 Nxc3 bxc3 h6 h5 Nd6 Ne5 Nxe4 Qxe4 Bxe5 dxe5 f5 Qe2 Bd7 Rd1 Bb5 Qf3 Qe8 Bf4 Rc8 Rd4 Rc4 Rad1 Qf7 Rxc4 Bxc4 a3 Rc8 Rd4 Kh7 Bd2 Bd5 Qh3 b5 a4 bxa4 Rxa4 Rc4 Rxc4 Bxc4 Qh4 Bb5 c4 Be8 c5 Qd7 Bc3 Qd3 Qd4 Qxd4 Bxd4 a5 c6 Bxc6 f3 f4 Bb2 Be8 Bc1 a4 Bxf4 a3 Be3 Bxh5 Kf2 Be8 Bd4 Bc6 Bc3 a2 g3 h5 g4 h4
FIDE-Wch k.o. f,Lausanne,1998.01.08,8.6,"Anand, Viswanathan","Karpov, Anatoly",1-0,A45,d4 Nf6 Bg5 e6 e4 h6 Bxf6 Qxf6 Nc3 d6 Qd2 g5 Bc4 Nc6 Nge2 Bg7 Rd1 Bd7 O-O O-O-O Nb5 a6 Na3 g4 f4 gxf3 Rxf3 Qe7 c3 h5 Rdf1 Rdf8 b4 Na7 Nc2 Bh6 Qe1 Kb8 Bd3 Bc6 Nf4 Rfg8 d5 Be8 Qf2 Bg7 Nd4 Bd7 dxe6 Bxd4 cxd4 fxe6 e5 Bc6 Ng6 Qd8 Nxh8 Bxf3 Nf7 Qh4 Qxf3 Qxd4+ Kh1 d5 Rd1 Qxb4 Rb1 Qa4 Qxh5 Nc6 Qe2 Ka7 Qf2+ b6 Rc1 Kb7 h3 Rc8 Qf6 Nd4 Nd8+ Kb8 Nxe6
FIDE-Wch k.o. f 25',Lausanne,1998.01.09,8.8,"Anand, Viswanathan","Karpov, Anatoly",0-1,D00,d4 d5 Bg5 h6 Bh4 c6 Nf3 Qb6 b3 Bf5 e3 Nd7 Bd3 Bxd3 Qxd3 e6 c4 Ne7 c5 Qa5+ Nc3 b6 b4 Qxb4 O-O Nf5 Rfc1 bxc5 Rab1 c4 Qc2 Qa5 Rb7 Qa6 Rcb1 Bd6 e4 Nxh4 Nxh4 Rb8 Rxb8+ Bxb8 exd5 cxd5 Ng6 fxg6 Qxg6+ Kd8 Qxg7 Re8 Qxh6 Qa5 Qg5+ Kc8 Qg6 Rf8 Rc1 Qb6 Ne2 e5 Qh5 Qf6 Rf1 Rh8
FIDE-Wch k.o. f,Lausanne,1998.??.??,8.5,"Karpov, Anatoly","Anand, Viswanathan",1/2-1/2,D46,d4 d5 c4 c6 Nc3 Nf6 e3 e6 Nf3 Nbd7 Qc2 Bd6 Bd3 O-O O-O dxc4 Bxc4 a6 Rd1 b5 Be2 Qc7 Ne4 Nxe4 Qxe4 e5 Qh4 Re8 Bd3 h6 Bc2 exd4 Qxd4 Bf8 b3 Nf6 Qh4 g5 Qg3 Qxg3 hxg3 c5 Bb2 Bg7 Rd6 Be6 Rad1 Rec8 Bxf6 Bxf6 Be4 Ra7 Bd5 Bxd5 R1xd5 Kg7 Rd2 Be7 Rb6 Bd8 Rbd6 Be7 R6d5 a5 Kf1 a4 Ke2 axb3 axb3 Ra3 b4 Rc3 bxc5 R3xc5 Rxc5 Rxc5 Nd4 Bf6 g4 b4 Rb2 Rc4 Kd3 Rc3+ Kd2 Bxd4 exd4 Rc4 Kd3 Rc3+ Kd2 Rc4 Kd3 Rc3+ Ke4 b3 f3 Kf6 d5 Rc4+ Kd3 Rf4 Rxb3 Ke5 Rb6 Kxd5 Rxh6 Ke5 Ke3 Ra4
FIDE-Wch k.o. f,Lausanne,1998.??.??,8.1,"Karpov, Anatoly","Anand, Viswanathan",1-0,D48,d4 d5 c4 c6 Nc3 Nf6 e3 e6 Nf3 Nbd7 Bd3 dxc4 Bxc4 b5 Bd3 Bb7 O-O a6 e4 c5 d5 Qc7 dxe6 fxe6 Bc2 c4 Qe2 Bd6 Nd4 Nc5 f4 e5 Ndxb5 axb5 Nxb5 Qb6 Nxd6+ Qxd6 fxe5 Qxe5 Rf5 Qe7 Qxc4 Rc8 Qb5+ Ncd7 Qxb7 Rxc2 Bg5 Qd6 Qa8+ Kf7 Qxh8 Qd4+ Kh1 Qxe4 Rf3 Rxg2 Kxg2 Ne5 Qxg7+ Kxg7 Bxf6+ Kg6 Bxe5 Qxe5 Rg1 h5 b3 Qe2+ Rf2 Qe4+ Kf1+ Kh6 Rg3 Qb1+ Kg2 Qe4+ Rgf3 Qg6+ Kf1 Qb1+ Kg2 Qg6+ Kh1 Qb1+ Rf1 Qxa2 Rf6+ Kg7 Rf7+ Kh8 Rf8+ Kg7 R8f7+ Kg8 R7f3 Kg7 h3 Qc2 R1f2 Qe4 Kg2 Qb4 Re2 Qd4 Re7+ Kg6 Re6+ Kg7 Rg3+ Kf7 Rge3 Qd5+ Kg3 Qg5+ Kf2 Qh4+ Ke2 Qd4 R6e4 Qa1 Kd3 Kf6 Re6+ Kf5 b4 Qc1 Kd4 Qc8 b5 Qd8+ Kc5 Qc7+ Kb4 Qf4+ Kb3 Qc7 b6 Qd7 R3e5+ Kf4 Re4+ Kg3 Re3+ Kh2 Kc4 h4 Kc5 Qc8+ Kd5 Qd8+ Ke4 Qd7 Kf5 Kg2 Kg5 Qg7+ Kxh4 Kf2 R3e5 Qh8+ Kg4 Qg7+ Kf5 Qh7+ Kf6 Qh4+ Kf7 Qh7+ Ke8 Qb7 h4 Qb8+ Kf7 Qb7+ Kg6 Qb8 h5 Qg8+ Kf5 Qh7+ Kf6 Kf3 Re3+ Kf2 Re2+ Kf3 R2e3+ Kf2 Kg5 Qg8+ Kh4 Qd8+ Kh3 Qd1 Re2+ Kf3 Kh2 Qd8 R6e3+ Kf4 b7 Qb6 Re4+ Kf3 R2e3+ Kf2 Re7 Qd6+ Kh3 Qb8 R3e5 Kg1 Rg7+
FIDE-Wch k.o. f 25',Lausanne,1998.??.??,8.7,"Karpov, Anatoly","Anand, Viswanathan",1-0,A07,Nf3 d5 g3 Nf6 Bg2 c6 O-O Bg4 d3 Nbd7 Nbd2 e6 e4 Be7 Qe2 O-O h3 Bh5 Re1 dxe4 dxe4 e5 b3 Qc7 Bb2 Rfe8 Qf1 Rad8 a3 b5 Bc3 Bf8 Nh4 Nc5 Bf3 Bg6 Nxg6 hxg6 Bg2 a6 Qe2 Ne6 Nf3 Nd7 a4 b4 Bb2 a5 c3 bxc3 Bxc3 Rb8 Rab1 Bb4 Rec1 Bxc3 Rxc3 c5 Qe3 Qd6 h4 Nd4 Bh3 Nb6 Rbc1 c4 bxc4 Nxa4 c5 Qe7 Ra3 Nxc5 Rac3 Ncb3 Rc7 Qf6 R1c3 Nxf3+ Qxf3 a4 Qxf6 gxf6 Bd7 Nd4 Bxe8 Ne2+ Kg2 Nxc3 Bxf7+ Kf8 Bxg6 Nb5 Rf7+ Kg8 Rxf6 Ra8 h5 a3 h6 a2 Bf7+ Kh7 Bxa2 Rxa2 g4 Nc3 g5 Nxe4 Rf7+ Kg6 Rg7+ Kf5 h7 Rxf2+ Kg1 Kg4 h8=Q Kg3 Re7 Rg2+ Kf1 Nd2+ Ke1
