Event,Site,Date,Round,White,Black,Result,ECO,Moves
FIDE WCh KO,Tripoli LBA,2004.06.19,1.1,"Topalov,V","Abulhul,T",1-0,A17,Nf3 Nf6 c4 e6 Nc3 Bb4 Qb3 c5 g3 O-O a3 Bxc3 Qxc3 b6 Bg2 Bb7 b4 d6 O-O Nbd7 d3 Rc8 e4 Qc7 b5 Rfe8 Re1 h6 Bh3 Rcd8 Ra2 Bc8 a4 e5 a5 Nf8 Bxc8 Rxc8 Bb2 Qd7 axb6 axb6 Nh4 Qh3 f3 Ne6 Qd2 Nh5 Nf5 Ng5 Qe3 Re6 Rf1 Kh7 Bc1 Rg6 Qf2 Re8 Qg2 Qxg2+ Kxg2 Ne6 Kf2 Ng5 Bxg5 hxg5 Ra7 Rf6 Ne3 Rb8 Rfa1 Kg6 Rd7 Re6 Raa7 Rf8 Rdb7 Nf6 Rxb6 Rh8 Kg2
FIDE WCh KO,Tripoli LBA,2004.06.19,1.1,"Adams,Mi","Asabri,Hu",1-0,C65,e4 e5 Nf3 Nc6 Bb5 Nf6 d3 d6 c3 Bd7 O-O g6 Re1 Bg7 Nbd2 O-O Nf1 Nh5 Bg5 Qe8 Ne3 h6 Bh4 g5 Bg3 Nxg3 hxg3 Ne7 Bc4 a5 a4 Be6 Qb3 Qd7 Rad1 Bxc4 dxc4 b6 g4 Rfe8 Nh2 Ng6 Nhf1 Nf4 Ng3 Kh7 f3 Rh8 Kf2 Kg6 Rh1 Qc6 Ngf5 Bf6 g3 Qc5 Qc2 Ne6 Rd5 Qc6 Rd2 Rae8 Ke1 Nc5 Rdh2 h5 Rxh5 Rxh5 Rxh5
FIDE WCh KO,Tripoli LBA,2004.06.19,1.1,"Solomon,K","Grischuk,A",0-1,D18,d4 d5 c4 c6 Nf3 Nf6 Nc3 dxc4 a4 Bf5 e3 e6 Bxc4 Bb4 O-O Nbd7 Nh4 Bg6 h3 Bh5 g4 Nd5 Ng2 Bg6 Bd2 Nxc3 bxc3 Bd6 Qb3 Qb6 Nf4 Bxf4 exf4 O-O Bxe6 Bd3 Qxb6 Nxb6 Bb3 Bxf1 Kxf1 Rad8 Ke2 Rfe8+ Be3 Nd5 Kd3 g6 Bd2 Rd7 Rb1 b6 c4 Nc7 f5 Red8 Bc3 Rxd4+ Bxd4 c5 fxg6 hxg6 Re1 Ne6 Kc3 Rxd4 a5 Rf4 axb6 axb6 Bc2 Nd4 Re8+ Kg7 Re3 b5 cxb5 Nxb5+ Kd2 Rxf2+ Kc1 Nd4 Bd1 Rh2 g5 Ne6 Re5 Nf4 Bc2 Rxh3 Rxc5 Ne6 Ra5 Rg3 Kd2 Rxg5 Ra7 Rg2+ Kc3 Re2 Bd3 Re5 Bc4 g5
FIDE WCh KO,Tripoli LBA,2004.06.19,1.1,"Ivanchuk,V","Arab,A",1-0,B63,e4 c5 Nf3 Nc6 d4 cxd4 Nxd4 Nf6 Nc3 d6 Bg5 e6 Qd2 Be7 O-O-O O-O Nb3 a6 Bxf6 Bxf6 Qxd6 Bxc3 bxc3 Qf6 Qg3 e5 Bc4 Be6 Bd5 Qe7 Rd3 a5 Rhd1 a4 Nd2 b5 Kb2 Bxd5 exd5 Na5 d6 Qb7 Qf3 Nc4+ Ka1 Qb6 Nxc4 bxc4 Rb1 Qxb1+ Kxb1 cxd3 Qxd3 a3 c4 Ra5 Kc1 Rc8 d7 Rd8 c5 Rxc5 Qd6 Ra5 Qe7 Raa8 c4
FIDE WCh KO,Tripoli LBA,2004.06.19,1.1,"Kadhi,H","Short,N",0-1,C45,e4 e5 Nf3 Nc6 d4 exd4 Nxd4 Bc5 Nxc6 Qf6 Qd2 dxc6 Nc3 Ne7 Qf4 Be6 Na4 Qxf4 Bxf4 Bd6 Bxd6 cxd6 O-O-O O-O-O Nc3 f5 exf5 Bxf5 Bd3 Rhf8 Rhe1 Ng6 f3 d5 g3 Kc7 f4 Bxd3 Rxd3 Rde8 Rdd1 Nh8 Ne2 Nf7 Nd4 Rg8 b3 g6 c4 dxc4 Ne6+ Kc8 bxc4 Re7 Nc5 Rge8 Rxe7 Rxe7 Rd2 b6 Nd3 Re4 c5 Kc7 cxb6+ axb6 Rf2 c5 Ne5 Nd6 Rd2 g5 Rf2 gxf4 gxf4 Nf5 Rd2 Nd4 Rg2 Ne2+ Kb2 Nxf4 Rg7+ Kd6 Nf7+ Kd5 Rxh7 b5 Rh8 Re2+ Kb1 c4 Rd8+ Kc5 Ng5 Kb4 Rd4 Nd3 Ne4 Rb2+ Ka1 Rxh2 Kb1 Rb2+ Ka1 Rc2
FIDE WCh KO,Tripoli LBA,2004.06.19,1.1,"Malakhov,V","Haznedaroglu,K",1-0,D12,Nf3 d5 c4 c6 e3 Nf6 d4 Bf5 Nc3 e6 Nh4 Bg6 Be2 Nbd7 O-O Bd6 h3 O-O Nxg6 hxg6 Qc2 dxc4 Bxc4 Qe7 Bd2 c5 dxc5 Bxc5 Rfd1 Rac8 Be2 Rfd8 Be1 Bb6 Rac1 Ne5 Qb3 Rxd1 Rxd1 Qc7 Nb5 Qc2 Qxc2 Rxc2 Kf1 Nc6 Rb1 Rc5 Nc3 Ne7 Na4 Rc6 Bb5 Rc8 Nxb6 axb6 f3 Nf5 Bf2 Nd6 Bd3 Nd5 a3 b5 g3 Nc4 e4 Nf6 Ke2 Ne5 Bxb5 Rc2+ Ke3 g5 g4 Ng6 Bd3 Rc8 Bg3 Nd7 Rd1 e5 Bc4 Rxc4 Rxd7 Rc2 Rxb7 Rg2 Bf2 Nf4 Rd7 Rh2 a4 Ng2+ Ke2 Nf4+ Kf1 Rh1+ Bg1 Rxh3 a5 Rxf3+ Ke1 Ng2+ Ke2 Rb3 a6 Nf4+ Kd1
FIDE WCh KO,Tripoli LBA,2004.06.19,1.1,"Dableo,R","Nisipeanu,LD",1/2-1/2,A36,g3 g6 Bg2 Bg7 e4 c5 Ne2 Nc6 d3 Nf6 c4 O-O O-O d6 Nbc3 a6 h3 Rb8 f4 Bd7 Be3 b5 Qd2 Ne8 Rab1 Nd4 g4 b4 Nd1 e6 Bf2 f5 exf5 exf5 g5 Qa5 b3 Nc7 Ne3 Nxe2+ Qxe2 Rfe8 Qc2 Bc3 Nd5 Nxd5 Bxd5+ Be6 Bf3 Rbd8 Be1 Bd4+ Bf2 Bc3 Be1 d5 Rc1 Bd4+ Bf2 dxc4 dxc4 Qc7 Bxd4 Rxd4 Qh2 Bf7 Rcd1 Qxf4 Qxf4 Rxf4 Kf2 h6 gxh6 Rh4 Bg2 Rxh6 Rfe1 Rh7 Rxe8+ Bxe8 Rd8 Re7 Rc8 Re5 Bd5+ Kg7 Rxc5 g5 Rc7+ Kf6 Ra7 Re7 Rxa6+ Ke5 a3 bxa3 b4 Bf7 Bxf7 Rxf7 Rxa3 Kd4 Rg3 Kxc4
FIDE WCh KO,Tripoli LBA,2004.06.19,1.1,"Sokolov,I","Simutowe,A",1-0,D27,d4 d5 Nf3 Nf6 c4 dxc4 e3 e6 Bxc4 c5 O-O a6 a4 Nc6 Nc3 cxd4 exd4 Be7 Re1 O-O Bf4 Nd5 Bg3 Ncb4 Ne5 b6 Nxd5 exd5 Bb3 Bf5 Qf3 Be6 Rac1 Rc8 Rc3 Bg5 Bf4 Qf6 Bxg5 Qxg5 Qe2 Qf4 Qd1 Qh6 h3 Rfe8 Rce3 Red8 Qe2 Qh4 Qd2 a5 Rc3 Qe7 Rec1 Qd6 Qe2 Rxc3 bxc3 Nc6 Ng4 Qa3 Rb1 Qd6 Ne3 Ne7 Bc2 Rc8 Qa6 Rc6 Qa8+ Rc8 Qa7 Rc6 c4 g6 cxd5 Nxd5 Be4 Rc7 Qb8+ Kg7 Bxd5 Rc1+ Rxc1 Qxb8 Bc6 Qd6 d5 Bc8 Rb1 Qc5 Rd1 Ba6 d6 Bc8 Bb5 f5 d7 Bxd7 Rxd7+ Kh6 g3 Qc1+ Kg2 Qb1 Rd4 Qb2 Rd6 Qe5 Rxb6 Qe4+ Kg1 f4 gxf4 Qxf4 Rc6 Qg5+ Kf1 Qh5 Ng4+ Kg7 Rc7+ Kf8 Rc3 Qd5 Re3 Qh1+ Ke2 Qa1 Ne5 Qb2+ Kf3 Kg7 Kg2 Qd2 Nd3 Kf6 Re5 Qc3 Rd5 h5 Re5 Qd4 Re3 Qd5+ Kg1 g5 Rg3 Qe4 Re3 Qd5 Be8 Qd4 Bc6 Qa1+ Kg2 Qd4 Ne5 Kg7 Nf3
FIDE WCh KO,Tripoli LBA,2004.06.19,1.1,"Tissir,M","Dreev,A",0-1,B56,e4 c5 Nf3 d6 d4 Nf6 Nc3 cxd4 Nxd4 Nc6 f3 e5 Nb3 Be7 Be3 O-O Be2 a5 Bb5 Na7 Be2 Be6 Nd5 Bxd5 exd5 a4 Nc1 Qa5+ Bd2 Qxd5 O-O Qd4+ Kh1 Qxb2 Nd3 Qb6 c4 Nc6 Rc1 Rfd8 Qe1 d5 c5 Qc7 Qg3 Re8 Bd1 Nd7 Re1 Bf8 Bc2 g6 Bb1 Bg7 a3 Nf6 Ba2 Qd7 Nxe5 Rxe5 Rxe5 Nxe5 Qxe5 Ne4 Qf4 Nf2+ Kg1 Nd3
FIDE WCh KO,Tripoli LBA,2004.06.19,1.1,"Akopian,Vl","Gonzalez Garcia,J",1-0,C07,e4 e6 d4 d5 Nd2 c5 exd5 Qxd5 Ngf3 cxd4 Bc4 Qd6 O-O Nf6 Nb3 Nc6 Nbxd4 Nxd4 Nxd4 a6 Bb3 Qc7 Qf3 Bd6 h3 O-O Bg5 Nd7 c3 b5 Rfe1 Bb7 Qh5 Nc5 Bc2 g6 Qh4 Rfe8 Re3 Be7 Rae1 Rad8 b4 Bxg5 Qxg5 Rd5 Nf5 Na4 Qh6 Rxf5 Bxf5 Bd5 h4 Qd6 h5 Qf8 Qg5 Qe7 Qg3 Qf6 Be4 Bxe4 Rxe4 Qxc3 Qd6 Qc8 Rd4 Nc3 Qe5 Qb8 Rd6 f6 Qc5 Rc8 Rc6
FIDE WCh KO,Tripoli LBA,2004.06.19,1.1,"Garcia Palermo,C",Ye Jiangchuan,1/2-1/2,A47,d4 Nf6 Bg5 e6 e3 c5 Nd2 cxd4 exd4 Be7 c3 b6 Ngf3 Bb7 Bd3 h6 Bxf6 Bxf6 Qe2 d6 h4 Nd7 Ba6 Bxa6 Qxa6 d5 a4 O-O Kf1 Re8 g3 e5 dxe5 Bxe5 a5 Nc5 Qb5 Bc7 a6 Ne4 Rd1 Qf6 Kg2 Rad8 Rhe1 Qg6 Nf1 Qd6 Ne3 Qc5 Rxd5 Qxb5 Rxb5 Nc5 b4 Ne4 Rd5 Nxc3 Rxd8 Rxd8 Nf5 Nb5 Rc1 Kf8 N5d4 Nxd4
FIDE WCh KO,Tripoli LBA,2004.06.19,1.1,"Mahjoob,M","Azmaiparashvili,Z",1-0,B09,e4 d6 d4 Nf6 Nc3 g6 f4 Bg7 Nf3 O-O Bd3 Na6 O-O c5 d5 Bg4 Bc4 Nc7 h3 Bd7 a4 a6 e5 Nfe8 a5 e6 Be3 Rc8 Qd2 exd5 Nxd5 Nxd5 Bxd5 Bc6 Rad1 Bxd5 Qxd5 Rc6 f5 gxf5 Bg5 Qd7 Nh4 Nc7 Qf3 Bxe5 Bh6 Re8 Nxf5 d5 Rde1 Rg6 Be3 f6 Bxc5 Kh8 Bd4 Nb5 Bxe5 fxe5 Nh4 Rg7 Qh5 e4 Rf5 Nc7 Ref1 Kg8 R5f4 Ne6 Rf5 Rd8 Qh6 Nd4 R5f2 Re8 Qf6 Nf3+ Nxf3 exf3 Qxf3 Rg5 Qd3 Qe6 Qb3 Rg7 Rf5 Rd8 Qf3 Kh8 c3 Qd6 Rf8+ Rg8 Rf7 Rd7 Rxd7 Qxd7 Rd1 Rg5 Qf8+ Rg8 Qf6+ Rg7 Qe5 Qe7 Rxd5 Qxe5 Rxe5 Rd7 Re6 Rd5 b4 Rd7 Rb6 Rc7 c4 Kg7 Kf2 Kf7 Ke3 Ke8 b5 axb5 cxb5 Kd8 a6 bxa6 Rb8+ Ke7 bxa6 Rc3+ Kd4 Ra3 Rb7+ Kf6 Rxh7 Kg6 Ra7 Ra2 Ra8 Kg7 g4 Ra3 Kc5 Rxh3 Rb8 Ra3 Kb6 Rb3+ Ka7 Ra3 Rb7+ Kf6 Rb6+
FIDE WCh KO,Tripoli LBA,2004.06.19,1.1,"Bacrot,E","Charbonneau,P",1-0,B33,e4 c5 Nf3 Nc6 d4 cxd4 Nxd4 Nf6 Nc3 e5 Ndb5 d6 Bg5 a6 Na3 Be6 Nc4 Rc8 Bxf6 Qxf6 Nb6 Rb8 Be2 Qg6 O-O Be7 Bf3 O-O Ncd5 Bd8 c3 Ne7 Nxe7+ Bxe7 Qd3 Rbd8 Rad1 h5 Qe2 h4 Nd5 Bxd5 Rxd5 Rc8 Rfd1 Qg5 a4 g6 Qc2 Rc6 Qb3 Rb8 Be2 Qf4 R5d3 Qxe4 Re3 Qf5 Bc4 Bg5 Rf3 Bf4 Bd5 Rc7 g3 Qg4 h3 Qg5 Kh1 hxg3 fxg3 Be3 h4 Qh6 Bxf7+ Kh8 Rxd6 Bc5 Rxg6 Qc1+ Kg2 Rf8 Qe6 Qd2+ Kh3 Qd7 Rf5 Qxe6 Bxe6 Rxf5 Bxf5 Be3 Be4 b6 Rc6 Rf7 b4 Kg7 a5 bxa5 bxa5
FIDE WCh KO,Tripoli LBA,2004.06.19,1.1,"Johansen,D","Gurevich,M",1/2-1/2,C08,e4 e6 d4 d5 Nd2 c5 exd5 exd5 Bb5+ Bd7 Qe2+ Be7 dxc5 Nf6 Nb3 O-O Be3 a6 Bxd7 Nbxd7 Nf3 Re8 O-O Nxc5 Nfd4 Na4 c3 Qd7 h3 Bd6 Qc2 Rac8 Rad1 b5 a3 Bb8 Nf3 Qd6 Rd3 Nb6 Bd4 Nbd7 Rfd1 Qc7 Nbd2 Nh5 Nf1 Nf4 Re3 Qc6 Rde1 Rxe3 Rxe3 Ne6 Qd1 Ndf8 Be5 Ba7 Rd3 Rd8 Ne3 Bxe3 Rxe3 Nd7 Nd4 Nxd4 Bxd4
FIDE WCh KO,Tripoli LBA,2004.06.19,1.1,"Rublevsky,S","Adly,A",1/2-1/2,B52,e4 c5 Nf3 d6 Bb5+ Bd7 Bxd7+ Qxd7 O-O Nc6 c3 g6 d4 Bg7 Re1 Nf6 d5 Ne5 Nxe5 dxe5 f3 O-O Be3 b6 a4 Ne8 a5 Nd6 Nd2 e6 Qb3 exd5 Qxd5 Qe6 c4 Qxd5 cxd5 Rfc8 b3 b5 Rec1 c4 bxc4 bxc4 Nb1 Rc7 Nc3 Rb8 a6 Bf8 Ra5 Rb3 Kf1 f5 Bc5 Nc8 Bxf8 Kxf8 Na4 Ra3 exf5 gxf5 Rc5 Rxc5 Nxc5 Nb6 d6 Ke8 Re1 Nd7
FIDE WCh KO,Tripoli LBA,2004.06.19,1.1,"Bartel,Mat","Radjabov,T",0-1,B33,e4 c5 Nf3 Nc6 d4 cxd4 Nxd4 Nf6 Nc3 e5 Ndb5 d6 Bg5 a6 Na3 b5 Nd5 Be7 Bxf6 Bxf6 c3 Bg5 Nc2 O-O g3 Rb8 Bg2 a5 a3 Ne7 Nce3 Be6 Nxe7+ Qxe7 Nf5 Qd7 h4 Bf6 Ne3 b4 cxb4 axb4 a4 Bd8 Nd5 Bxd5 Qxd5 Bb6 b3 Qa7 O-O Rfc8 Ra2 Qe7 Rd2 Bd4 Rfd1 Rc5 Rxd4 exd4 Qxd4 Rc3 Rb1 Qe6 Kh2 h6 Bh3 Qe5 Qxe5 dxe5 Bf1 Rd8 Rb2 Kf8 Bc4 Rc1 Ra2 Rdd1 Bd5 Ra1 Rc2 Rdc1 Rd2 Ke7 Kg2 g6 Bc4 Rd1 Rc2 Rac1 Ra2 f5 Bd5 g5 hxg5 hxg5 Kf3 g4+ Ke3 Re1+ Kd2 Rcd1+ Kc2 Rd4 Bc4 Red1
FIDE WCh KO,Tripoli LBA,2004.06.19,1.1,"Aleksandrov,A","El Gindy,E",1-0,D45,d4 d5 c4 c6 Nc3 Nf6 e3 e6 Nf3 Nbd7 Qc2 Bd6 g4 Bb4 Bd2 Qe7 Bd3 e5 cxd5 Bxc3 Bxc3 e4 dxc6 bxc6 g5 exd3 gxf6 Qxf6 Qd1 O-O Rg1 g6 Ng5 Qf5 Qg4 Qxg4 Rxg4 Nf6 Rh4 Nh5 Kd2 f6 Ne4 f5 Nc5 Nf6 f3 Kf7 Rg1 Rg8 Nxd3 Be6 Ne5+ Ke8 Nxc6 Bd5 Ne5 Bxa2 Kd3 Bd5 Re1 Be6 e4 h5 exf5 Bxf5+ Kd2 Kf8 Rf4 Kg7 Rg1 Kh7 Rg5 Nd5 Rh4 Rgf8 Nxg6 Bxg6 Rxd5 Rxf3 Rd7+ Kh6 Ke2 Rf7 Bd2+ Kg7 Rxf7+ Bxf7 Bf4 Rc8 Kd2 Kf6 Be5+ Ke6 Rf4 Rg8 Rf6+ Ke7 Ra6 Ra8 Kd3 Bd5 Rh6 Bf7 Ke4 Rg8 Ra6 Rg4+ Kf5 Rg2 Rxa7+ Ke8 b4 Rf2+ Ke4 Re2+ Kf5 Rf2+ Bf4 Bc4 Rc7 Bd3+ Ke6 Kd8 Rc3 Rxf4 Rxd3 Rf2 Rh3 Rb2 Rxh5 Rxb4 Rh8+ Kc7 Rh7+ Kc8 d5 Re4+ Kd6 Rg4 h4 Rg6+ Ke5 Kd8 h5 Rg5+ Ke6
FIDE WCh KO,Tripoli LBA,2004.06.19,1.1,"Barsov,A","Beliavsky,A",1/2-1/2,E35,d4 Nf6 c4 e6 Nc3 Bb4 Qc2 d5 cxd5 exd5 Bg5 h6 Bxf6 Qxf6 a3 Bxc3+ Qxc3 O-O e3 c6 Nf3 Bf5 Be2 Nd7 O-O
FIDE WCh KO,Tripoli LBA,2004.06.19,1.1,"Vallejo Pons,F","Vasquez,R",1/2-1/2,B80,e4 c5 Nf3 d6 d4 cxd4 Nxd4 Nf6 Nc3 a6 Be3 e6 f3 b5 g4 Nfd7 Qd2 Nb6 a4 Nc4 Bxc4 bxc4 Nce2 Nd7 Qc3 Bb7 O-O Rc8 Rad1 Nc5 Ng3 Nxa4 Qb4 Qd7 Ra1 Nc5 Qc3 d5 e5 Be7 Nh5 O-O g5 Qc7 Bf4 Qb6 Kh1 Nd3 Nf6+ gxf6 gxf6 Bb4 Qxd3 cxd3 Bh6 Qxd4 Rg1+
FIDE WCh KO,Tripoli LBA,2004.06.19,1.1,"Paragua,M","Bologan,V",1-0,D42,e4 c6 c4 d5 exd5 cxd5 cxd5 Nf6 Nc3 Nxd5 Nf3 e6 Bc4 Be7 O-O O-O Re1 Nc6 d4 Nf6 a3 b6 Bd3 Bb7 Bc2 Qd7 Qd3 Rad8 Be3 g6 Rad1 Nd5 Bh6 Rfe8 h4 Nxc3 Qxc3 Bf8 Qe3 Ne7 Bxf8 Rxf8 Ne5 Qc7 Rc1 Qd6 Red1 f6 Nc4 Qd7 Qg3 Kh8 Ne3 Rf7 Qf4 Nd5 Qh6 Nxe3 fxe3 Qd6 Rf1 Qg3 Rf2 Rc8 Rcf1 Rfc7 d5 f5 dxe6 Qd6 Rd1 Qf8 Qxf8+ Rxf8 Rfd2 Bc6 Bb3 Re7 Rc1 Bb5 a4 Ba6 Rd7
FIDE WCh KO,Tripoli LBA,2004.06.19,1.1,"Sakaev,K","Mastrovasilis,D",1/2-1/2,D44,d4 d5 c4 c6 Nf3 Nf6 Nc3 e6 Bg5 dxc4 e4 b5 e5 h6 Bh4 g5 Nxg5 hxg5 Bxg5 Nbd7 g3 Bb7 Bg2 Qc7 exf6 c5 d5 b4 d6 Qb6 Ne4 Bd5 O-O O-O-O Qe2 Bxd6 f4 Qc6 h4 Nb6 h5 Bc7 g4 Na4 Rae1 b3 axb3 cxb3 Bh4 c4 Kh2
FIDE WCh KO,Tripoli LBA,2004.06.19,1.1,"Kritz,L","Sasikiran,K",1-0,B80,e4 c5 Nf3 d6 d4 cxd4 Nxd4 Nf6 Nc3 a6 Be3 e6 f3 Nc6 Qd2 Be7 O-O-O O-O g4 Nxd4 Qxd4 b5 h4 Rb8 Kb1 b4 Ne2 a5 Ng3 a4 g5 Nd7 f4 b3 cxb3 axb3 a3 Bb7 f5 d5 fxe6 fxe6 exd5 Qc7 Bd3 Bxd5 Nf5 Rxf5 Bxf5 Bxh1 Bxe6+ Kh8 Bf5 Bc5 Qc3 Qc6 Rxd7 Bf8 Qxc6 Bxc6 Rc7 Bd5 Rc8 Rxc8 Bxc8 Kg8 a4 Kf7 a5 Ke8 a6 Bd6 Ba7 g6 Bb7 Bc4 Bf2
FIDE WCh KO,Tripoli LBA,2004.06.19,1.1,"Mamedyarov,S","Neverov,V",1/2-1/2,D37,c4 e6 Nf3 d5 e3 Nf6 d4 Be7 Nc3 O-O Bd3 dxc4 Bxc4 c5 Qe2 cxd4 exd4 a6 Bg5 b5 Bd3 Bb7 O-O Nbd7 Rfe1 b4 Ne4 Nxe4 Bxe7 Qxe7 Bxe4 Nf6 Bxb7 Qxb7 Rac1 Rfc8 h3 Rxc1 Rxc1 Rc8 Rc4 h6 Ne5 Nd5 g3 Rxc4 Qxc4 g5 Kg2 Ne7+ f3 Kg7 Kf2 Nf5 Qc5 Ne7 Ng4 Nd5 Ne3 Nxe3 Kxe3 Kg6 b3 Kg7 h4 gxh4 gxh4 Qb8 h5 Kg8 f4 Qb7 f5 Qg2 fxe6 fxe6 Qc8+ Kg7 Qc7+ Kf6 Qe5+ Ke7 Qc5+ Kf7 Qxb4 Qxa2 Qb7+ Kf6 Qb8 Qb1 Qf4+ Ke7 Qc7+ Kf6 Qf4+ Ke7 Qc7+
FIDE WCh KO,Tripoli LBA,2004.06.19,1.1,"Barua,D","Graf,A",0-1,C55,e4 e5 Nf3 Nc6 Bc4 Nf6 d3 Be7 O-O O-O Bb3 d6 c3 Na5 Bc2 c5 h3 Nc6 Re1 Re8 Nbd2 Bf8 a4 g6 Nf1 d5 exd5 Nxd5 Ng3 b6 Bb3 Bb7 Ne4 Bg7 Bg5 Qd7 Qd2 Re6 a5 Rae8 axb6 axb6 Bh6 f6 Bc4 Kh8 Bxg7+ Kxg7 Qc2 f5 Ned2 Na5 Ba2 R6e7 Rad1 Qc6 Re2 Nf4 Re3 g5 Bb1 Qf6 Nf1 Kh8 Ng3 Nc6 Rde1 Nd5 R3e2 Nf4 Re3 Nd8 Ba2 Nd5 R3e2 Nf4 Re3 g4 hxg4 fxg4 Nd2 Nxg2 Nde4 Nxe1 Rxe1 Qg6 Qa4 Ne6 Nd6 Ra8 Qc4 Ng5
FIDE WCh KO,Tripoli LBA,2004.06.19,1.1,"Zvjaginsev,V","Lima,Da",1-0,A28,c4 e5 Nc3 Nf6 Nf3 Nc6 a3 d5 cxd5 Nxd5 Qc2 Nxc3 dxc3 a5 e4 Bd6 Bc4 O-O Bg5 Qe8 O-O Be6 Nd2 Bxc4 Nxc4 Qe6 Ne3 Be7 Bxe7 Nxe7 Rad1 Rad8 b4 axb4 cxb4 c6 Qc5 Ng6 g3 Qb3 Qb6 Rxd1 Rxd1 Qxa3 Qxb7 Qa8 Rd7 Qa1+ Kg2 Qb1 Qxc6 Qxb4 Nf5 h5 h4
FIDE WCh KO,Tripoli LBA,2004.06.19,1.1,"Ramirez,Al","Kasimdzhanov,R",1/2-1/2,B49,e4 c5 Nf3 e6 d4 cxd4 Nxd4 Nc6 Nc3 Qc7 Be2 a6 O-O Nf6 Be3 Bb4 Na4 Be7 Nxc6 bxc6 Nb6 Rb8 Nxc8 Qxc8 e5 Nd5 Bc1 Bc5 c4 Ne7 b3 Qc7 Bb2 Ng6 Qd3 O-O Qe4 d6 exd6 Bxd6 g3 Be5 Bxe5 Nxe5 f4 Ng6 Bd3 c5 f5 exf5 Qxf5 Rbe8 Rae1 Re5 Qf3 Qe7 Qf2 a5 Bxg6 hxg6 Rxe5 Qxe5 Rd1 Re8 Rd5
FIDE WCh KO,Tripoli LBA,2004.06.19,1.1,"Van Wely,L","Ivanov,AV USA",1/2-1/2,E15,d4 Nf6 c4 e6 Nf3 b6 g3 Ba6 Qb3 Be7 Bg2 c6 Nc3 d5 cxd5 cxd5 O-O O-O Bf4 Nc6 Rfc1 Rc8 a4 Ne4 Nb5 Qd7 Ne5 Nxe5 Bxe5 Nd2 Qd3 Nc4 e4 Nxe5 dxe5 d4 Bf1 Rc5 Rxc5 Bxc5 Rc1 Rd8 Kg2 g6 f4 Qe7 h4 h5 Rc4 Kg7 Qd2 Bb7 b4 Bxe4+ Kf2 a6 Na3 Bd5 bxc5 Bxc4 Nxc4 Qxc5 Nd6 b5 axb5 axb5 Bd3 Qc3 Ke2 b4 Qa2 Qa3 Qc4 Qb2+ Kf3 Qc3 Ke4 Qe1+ Kxd4 Qf2+ Ke4 Qg2+ Kd4 Qg1+ Ke4 Qg2+ Kd4
FIDE WCh KO,Tripoli LBA,2004.06.19,1.1,"Hamdouchi,H","Motylev,A",1/2-1/2,D00,d4 d5 Bg5 h6 Bh4 c6 a3 Nf6 Bxf6 exf6 e3 Be6 Nd2 Nd7 Bd3 g6 Ne2 f5 Nf4 Bd6 c3 Nf6 Qc2
FIDE WCh KO,Tripoli LBA,2004.06.19,1.1,"Vescovi,G","Guseinov,G",1/2-1/2,B52,e4 c5 Nf3 d6 Bb5+ Bd7 Bxd7+ Qxd7 O-O Nf6 Qe2 Nc6 c3 e6 d4 cxd4 cxd4 d5 e5 Ne4 Be3 Be7 Ne1 f5 f3 Ng5 Nd3 Nf7 f4 Rc8 Nd2 Nb4 Nxb4
FIDE WCh KO,Tripoli LBA,2004.06.19,1.1,"Acs,P","Nikolic,Pr",1/2-1/2,C18,e4 e6 d4 d5 Nc3 Bb4 e5 c5 a3 Bxc3+ bxc3 Qc7 Qg4 f6 Nf3 c4 Be2 Nc6 Qg3 Qf7 O-O Nge7 exf6 gxf6 Nh4 e5 dxe5 Rg8 Qf4 Nxe5 Re1 Bg4 Nf3 Bxf3 Bxf3 Nxf3+ Qxf3 O-O-O Rb1 Rd7 Be3 Nc6 Bf4 Re8 Rxe8+ Qxe8 Bg3 Qg6 Re1 Qxc2 h3 b6 Qxf6 Qg6 Qf3 Kb7 h4 Ka6 h5 Qf7 Qxf7 Rxf7 Re6 Na5 Be5 Nb3 Rd6 Kb5 Rxd5+ Ka4 g4 Nc5 Rxc5 bxc5 g5 Kb5 g6 hxg6 hxg6 Rf8 f4 Kc6 Kg2 Kd5 Kf3 Rg8 g7 Ke6 Ke4 Rd8 Bc7 Rg8 Be5 Rd8 Bc7
FIDE WCh KO,Tripoli LBA,2004.06.19,1.1,"Movsesian,S","Landa,K",1/2-1/2,C45,e4 e5 Nf3 Nc6 d4 exd4 Nxd4 Bc5 Nb3 Bb4+ c3 Be7 c4 Bf6 Bd3 d6 O-O Nge7 Nc3 Bxc3 bxc3 O-O Nd4 f5 f4 Nxd4 cxd4 fxe4 Bxe4 d5 cxd5 Nxd5 Ba3 Rf7 Qb3 Nf6 Bd3 Qxd4+ Kh1 Be6 Bxh7+ Kxh7 Qxe6 Kg8 Rad1 Qa4 Qh3
FIDE WCh KO,Tripoli LBA,2004.06.19,1.1,"Carlsen,M","Aronian,L",1/2-1/2,E32,d4 Nf6 c4 e6 Nc3 Bb4 Qc2 O-O e4 d5 e5 Ne4 Bd3 c5 cxd5 exd5 Ne2 cxd4 Nxd4 Nd7 f4 Qh4+ g3 Qh3 Bd2 Nxd2 Qxd2 Nc5 Bf1 Qh6 Bg2 Qa6 Qe2 b6 Bxd5 Nd3+ Kf1 Bh3+ Bg2 Bxg2+ Kxg2 Rfd8 Ncb5 Rxd4 Nxd4 Rd8 Qe4 Qc4 b3 Qxd4 Qxd4 Rxd4 Rad1 Bd2 Rhf1 g5 Kf3 Nb2 Rb1 Nd3 Rbd1 Nb2
FIDE WCh KO,Tripoli LBA,2004.06.19,1.1,"Campora,D","Filippov,Va",1/2-1/2,B33,e4 c5 Nf3 Nc6 d4 cxd4 Nxd4 Nf6 Nc3 e5 Ndb5 d6 a4 Be6 Nd5 Rc8 Bg5 a6 Nbc3 Be7 Bxf6 Bxf6 Bc4 O-O O-O Na5 Ba2 Nc4 Qe2 Nxb2 Rfb1 Bxd5 Bxd5 Qa5 Rxb2 Qxc3 Rab1 b5 axb5 axb5 Qxb5 g6 g3 Rc7 Kg2 Kg7 Qa6 Bd8 Rb7 Rxb7 Rxb7 Bc7 Qa7 Rc8 Qa4 Rd8 h4 Qc5 c4 Rf8 Qa6 Rb8 Qa7 Rxb7 Qxb7 h5 Kf1 Qb6 Qc8 Qa7 Qd7 Bb8 Qe8 Qc7 Kg2 Ba7 Qc6
FIDE WCh KO,Tripoli LBA,2004.06.19,1.1,"Vaganian,R","Ghaem Maghami,E",0-1,E14,d4 Nf6 Nf3 e6 e3 b6 Bd3 Bb7 O-O Be7 c4 O-O Nc3 d5 cxd5 exd5 b3 Nbd7 Bb2 a6 Rc1 Bd6 Bf5 Re8 Bxd7 Qxd7 Ne5 Qe6 Ne2 Rac8 Nf4 Qe7 Nh5 Nxh5 Qxh5 c5 f4 f6 Ng4 Qf7 Qh3 c4 Rfd1 b5 bxc4 dxc4 d5 h5 Nf2 b4 Bd4 Bxd5 Bxf6 gxf6 Qg3+ Qg7 Rxd5 Qxg3 hxg3 Bc5 e4 a5 Kf1 a4 Nd3 cxd3 Rcxc5 Rxc5 Rxc5 Rxe4 Rd5 Re2
FIDE WCh KO,Tripoli LBA,2004.06.19,1.1,"Wojtkiewicz,A","Georgiev,Ki",1/2-1/2,E05,Nf3 Nf6 c4 e6 g3 d5 d4 Be7 Bg2 O-O O-O dxc4 Qc2 a6 a4 Bd7 Ne5 Bc6 Nxc6 Nxc6 e3 Na5 Nd2 c5 dxc5 Rc8 b4 cxb3 Nxb3 Nxb3 Qxb3 Nd7 Ba3
FIDE WCh KO,Tripoli LBA,2004.06.19,1.1,"Gagunashvili,M","Lputian,S",0-1,C18,e4 e6 d4 d5 Nc3 Bb4 e5 c5 a3 Bxc3+ bxc3 Ne7 Qg4 O-O Nf3 Nbc6 Bd3 f5 exf6 Rxf6 Bg5 e5 Qg3 Rxf3 gxf3 c4 Be2 Qa5 Bd2 Nf5 Qg5 Bd7 dxe5 Nxe5 f4 Nf7 Qg2 N7d6 Rg1 Re8 Kd1 Ne4 Bg4 Nxc3+ Kc1 Nd4 Be6+ Nxe6 f5 Ne2+ Kd1 Nc3+ Kc1 Ne2+ Kd1 Qc7 fxe6 Bxe6 Re1 Nd4 Qg3 Qf7 Bc3 Nc6 Be5 d4 f4 Bf5 Kd2 c3+ Kc1 Rd8 Rb1 Rd7 Ra1 h6 Rg1 Kh7 Qf2 Qd5 Qg2 Nxe5 Qxd5 Rxd5 fxe5 Rxe5 Rb1 Re2 Rxb7 Rxc2+ Kd1 Rd2+ Ke1 Bg6 Rd7 d3
FIDE WCh KO,Tripoli LBA,2004.06.19,1.1,Zhang Zhong,"Leitao,R",1/2-1/2,B10,e4 c6 c4 d5 exd5 cxd5 cxd5 Nf6 Nc3 Nxd5 Nf3 Nxc3 bxc3 g6 d4 Bg7 Bd3 Nc6 O-O O-O Re1 Bg4 Be4 Qd7 Bg5 Rfe8 h3 Bf5 d5 Bxe4 Rxe4 Rad8 c4 Bxa1 Qxa1 f6 Bh6 Na5 Bd2 Qc7 Bxa5 Qxa5 Nd4 e5 dxe6 Qc5 Nb3 Qf5 Qe1 Rd1 Qxd1 Qxe4 Nc5 Qxc4 Qd7 Qc1+ Kh2 Qf4+ Kg1 Qc1+
FIDE WCh KO,Tripoli LBA,2004.06.19,1.1,"Sulskis,S","Macieja,B",1-0,B14,e4 c6 c4 d5 exd5 cxd5 d4 Nf6 Nc3 e6 Nf3 Bb4 cxd5 Nxd5 Bd2 Nc6 Bd3 Be7 O-O O-O Re1 Ndb4 Be4 Nxd4 Nxd4 Qxd4 Qe2 f5 Be3 Qe5 f4 Qa5 Bf3 Qa6 Qxa6 Nxa6 Red1 Bf6 Rac1 e5 fxe5 Bxe5 b4 f4 Bd4 Bxd4+ Rxd4 Nb8 Re1 Nc6 Bd5+ Kh8 Rxf4 Bd7 Rxf8+ Rxf8 b5 Nd4 a4 b6 Re7 Rd8 Ne4 Nf5 Rf7 h6 Bc6 Be6 Rxa7 Rd1+ Kf2 Rb1 Bd7 Rb2+ Kf3 Nh4+ Kf4 Nxg2+ Ke5 Bxd7 Rxd7 Nh4 Kd5 Rb4 Ra7 Nf5 Nd6 Rd4+ Ke5 Rxd6 Kxf5 Kh7 Ke5 Rd2 Ra6 Rxh2 Rxb6 h5 a5 h4 a6 Ra2 Rc6 Ra5 Rc5 h3 Kd6 h2 Rh5+ Kg6 Rxh2 Rxb5 Ra2 Rb8 Kc7 Ra8 Kb7 Rd8 a7 Kf5 a8=Q Rxa8 Rxa8 g5 Kc6 g4 Kd5 Kf4 Kd4 Kf3 Rf8+ Ke2 Rg8 Kf3 Kd3 g3 Rf8+ Kg2 Ke2 Kh1 Rg8 g2 Kf2
FIDE WCh KO,Tripoli LBA,2004.06.19,1.1,"Moiseenko,A","Dolmatov,S",1-0,D10,d4 d5 c4 c6 Nc3 Nf6 e3 a6 Qc2 g6 Bd3 Bg7 Nf3 O-O O-O Bg4 Ne5 Be6 c5 Nbd7 Nxd7 Qxd7 Bd2 Bf5 Bxf5 Qxf5 Qxf5 gxf5 f3 Nd7 Ne2 Rfe8 Bc3 e6 Kf2 Kf8 b4 b6 a4 Rec8 Rfb1 Rab8 Nf4 Ke7 Nd3 Rb7 Rb2 Bf6 Rab1 Kd8 cxb6 Nxb6 Nc5 Ra7 b5 axb5 axb5 f4 Ba5 fxe3+ Kxe3 Rxa5 Nb7+ Ke8 Nxa5 c5 dxc5 Rxc5 Ra2 Kd7 f4 d4+ Kf2 Rf5 g3 e5 Nc6 e4 Ra7+ Kd6 Ra6 Rc5 Rxb6 Rc2+ Kg1 Kc5 Nb4
FIDE WCh KO,Tripoli LBA,2004.06.19,1.1,"Al Modiahki,M","Almasi,Z",0-1,C88,e4 e5 Nf3 Nc6 Bb5 a6 Ba4 Nf6 O-O Be7 Re1 b5 Bb3 O-O h3 Bb7 d3 d6 a3 Na5 Ba2 c5 Nc3 Nc6 Bg5 Qd7 Nh2 Kh8 f4 exf4 Bxf4 Rae8 Rf1 Nd4 Nf3 d5 Nxd4 cxd4 Nxd5 Nxd5 exd5 Bxd5 Bxd5 Qxd5 Qf3 Qc5 Rf2 Bh4 g3 Bf6 Bd2 Qc8 Qg4 Re6 Raf1 Rfe8 Bf4 Rc6 Qxc8 Rexc8 Re1 g5 Bd2 Kg7 Ree2 Kg6 Ba5 h5 Kg2 Bg7 g4 hxg4 hxg4 Rc5 Bb4 Re5 c3 Rd5 Rf3 Rcd8 Rd2 Be5 c4 bxc4 dxc4 R5d7 Rh3 d3 Ba5 Rc8 b3 Rd4 Rdxd3 Rxg4+ Kf3 Rf4+ Ke2 Bd4 Bd2 Re4+ Kd1 f5 Kc2 f4 Bc3 g4 Rh4 Kg5 Rh7 Bxc3 Kxc3 f3 Rd5+ Kf4 Rf7+ Kg3 Rd2 Rf4
FIDE WCh KO,Tripoli LBA,2004.06.19,1.1,"Kobalia,M","Karjakin,Sergey",1/2-1/2,C55,e4 e5 Nf3 Nc6 Bc4 Nf6 d3 Be7 O-O O-O Re1 d6 a4 h6 c3 Nh7 a5 a6 Be3 Ng5 Nbd2 Bg4 h3 Bh5 Kh2 Kh8 g4 Nxf3+ Qxf3 Bg6 Nf1 Bg5 Ng3 Bxe3 fxe3 Ne7 Nf5 f6 Rf1 Bf7 Bxf7 Rxf7 h4 d5 exd5 Qxd5 Qxd5 Nxd5 h5 Re8 Kg3 Kg8 d4 Rd7 c4 Nb4 d5 e4 Ra3 Nd3 Rb3 Nc5 Ra3 Nd3 Rb3 Nc5 Rc3 Nd3 Rb3
FIDE WCh KO,Tripoli LBA,2004.06.19,1.1,"Nakamura,H","Volkov,S1",1/2-1/2,C02,e4 e6 d4 d5 e5 c5 c3 Qb6 Nf3 Bd7 Bd3 cxd4 Nxd4 Ne7 Nd2 Nbc6 Nxc6 Nxc6 Nf3 h6 h4 d4 O-O dxc3 bxc3 Bc5 Qe2 Qc7 Rb1 O-O-O Be3 Bxe3 Qxe3 Kb8 Be4 Na5 Nd4 Nc4 Qe1 Nb6 f4 Rc8 Rf3 f5 Bc2 Nd5 Ne2 g5 hxg5 hxg5 fxg5 Rh5 g6 Rch8 g7 Rg8 Bb3 Qxe5 Bxd5 Qxd5 Qg3+ e5 Re3 f4 Nxf4 exf4 Qxf4+ Kc8 Qf8+ Kc7 Qf4+ Kc6 Qf6+ Kc7 Qf4+ Kc6
FIDE WCh KO,Tripoli LBA,2004.06.19,1.1,"Nielsen,PH","Ganguly,S",1-0,D87,d4 Nf6 c4 g6 Nc3 d5 cxd5 Nxd5 e4 Nxc3 bxc3 Bg7 Bc4 c5 Ne2 O-O O-O Nc6 Be3 Bd7 Rb1 Qc7 Bd3 a6 Qd2 b5 f4 Rad8 d5 Na5 f5 Bc8 Bh6 Bxh6 Qxh6 Qe5 Rf3 Nb7 Rbf1 Nd6 Rh3 Qg7 Qe3 Qe5 Rf4 g5 Rg4 f6 Qxc5 h5 Rxh5 Nxf5 Rgxg5+ fxg5 Rxg5+ Kf7 Ng3 Qf6 Rxf5 Bxf5 Nxf5 Rc8 Qf2 Rxc3 Bf1 Rfc8 Qf4 Ke8 h3 Rc1 e5 Qb6+ Kh2 Qg6 d6 e6 Qh4 Kd7 Qe7+ Kc6
FIDE WCh KO,Tripoli LBA,2004.06.19,1.1,"Morovic Fernandez,I","Iordachescu,V",1/2-1/2,E32,d4 Nf6 c4 e6 Nc3 Bb4 Qc2 O-O a3 Bxc3+ Qxc3 b5 cxb5 c6 Bg5 cxb5 e3 Bb7 f3 a6 Bd3 Nc6 Nh3 h6 Bxf6 Qxf6 O-O Rac8 Qd2 e5 d5 Ne7 e4 Qb6+ Qf2 Qd6 Rac1 f5 Qe3 Rxc1 Rxc1 fxe4 fxe4 Rc8 Nf2 b4 Rxc8+ Nxc8 Bf1 bxa3 bxa3 Qb6 Qxb6 Nxb6 Nd3 d6 Nb2 Kf7 Kf2 Ke7 Ke3 Kd8 Kd2 Kc7 Ke3
FIDE WCh KO,Tripoli LBA,2004.06.19,1.1,"Kozul,Z",Dao Thien Hai,1-0,A07,Nf3 d5 g3 Bg4 Bg2 Nd7 O-O Ngf6 d3 e6 Qe1 Bc5 e4 dxe4 dxe4 e5 Nbd2 O-O h3 Bh5 Nc4 Re8 a4 Qe7 b3 Qe6 Kh2 a6 a5 Qc6 Nh4 b5 axb6 cxb6 Ra2 b5 Na5 Qc7 Bd2 Bf8 f3 Nc5 Nf5 Nfd7 Ne3 Nb6 Qf2 Ne6 Rc1 Bc5 b4 Bf8 c3 Red8 Bf1 Kh8 g4 Bg6 c4 bxc4 Nexc4 Nd4 Nxb6 Qxb6 Nc6 Re8 Ra4 Qb7 Nxd4 exd4 Rca1 d3 Bxd3 Rad8 Bxa6 Qb8+ Kg1 Bd6 Bf1 Bg3 Qg2 Be5 Re1 Rc8 Be3 Rc3 Bc5 Qd8 Kh1 Qf6 Be3 h5 g5 Qd6 b5 h4 Ra6 Qb8 Rc6 Ra3 Qe2 Kh7 Bg2 Rd8 Rc5 Bh5 Rd5 Rc8 Rf1 Bg3 Bd4 Rb3 b6 Qf4 Rb5 Rxb5 Qxb5 Qd2 Qf5+ Bg6 Qxc8 Qxd4 b7 Qb2 f4
FIDE WCh KO,Tripoli LBA,2004.06.19,1.1,"Kotsur,P","Sadvakasov,D",0-1,A14,Nf3 Nf6 c4 b6 g3 Bb7 Bg2 e6 O-O Be7 b3 O-O Bb2 c5 e3 d5 Qe2 Nbd7 Nc3 Qc7 Rac1 Rac8 Rfd1 Qb8 cxd5 exd5 d4 Rfe8 Bh3 Rcd8 Qc2 Nf8 Ne2 Ne4 Nf4 Ng6 Nxg6 hxg6 Bg2 Qc8 Ne5 Qe6 Nd3 g5 Qe2 Ba6 Qh5 g6 Qe2 Rc8 Qe1 Qf5 Ne5 cxd4 Rxc8 Rxc8 Bxd4 Rc2 f3 Re2 Qf1 Nc5 e4 Qc8 Bh3 Qe8 Nc4 Rxa2 exd5 Nxb3 d6 Nxd4 Rxd4 Bf6 Re4 Qa4 Qd3 Qc2 Qxc2 Rxc2 Bf1 Kg7 Bd3 Rc3 Be2 Bb7 Re7 Bxe7 dxe7 Bc6 Kf2 Kf6
FIDE WCh KO,Tripoli LBA,2004.06.19,1.1,"Lastin,A","Kempinski,R",1/2-1/2,E81,d4 Nf6 c4 g6 Nc3 Bg7 e4 O-O Nge2 d6 f3 c5 Be3 Qa5 a3 Nc6 b4 cxb4 axb4 Qc7 Qd2 e6 Nc1 a5 Nd3 Ne8 Be2 Bxd4 b5 Bxe3 Qxe3 Ne7 O-O b6 Na4 Rb8 Rac1 Nf6 Qg5 Kg7 Rfd1 e5 Ndb2 Be6 Rc3 Nh5 Qd2 Rbd8 g3 Nf6 Bf1 Nc8 Bg2 Nd7 f4 f5 exf5 Bxf5 Re3 Nf6 Rde1 exf4 gxf4 Rde8 Qd4 Rxe3 Rxe3 Rf7 Nd1 Bc2 Ndc3 Bxa4 Nxa4 Re7 Rxe7+ Qxe7 Nxb6 Qe1+ Bf1 Nxb6 Qxb6 Qd2 Qd8 Qe3+ Kg2 Qe4+ Kg1 Qxf4 Qxa5 Qe3+ Kg2 Ne4 Qc7+ Kf6 Qd8+ Kf7 Qd7+ Kf6 Qd8+
FIDE WCh KO,Tripoli LBA,2004.06.19,1.1,"Anastasian,A",Bu Xiangzhi,1-0,A22,c4 Nf6 Nc3 e5 g3 Bb4 Bg2 O-O Nf3 Re8 O-O d6 Qc2 Nc6 d3 Bg4 Be3 Qd7 Nd5 Nxd5 cxd5 Nd4 Bxd4 Bxf3 exf3 exd4 Qb3 a5 f4 b5 Bf3 Bc5 Rfe1 a4 Qc2 a3 b3 Bb4 Re4 Bc3 Rc1 f5 Rxe8+ Rxe8 h4 Kf8 Kg2 Ke7 Rd1 Kd8 Qc1 Bb4 h5 Kc8 Qc2 Kb7 Rb1 Kb6 Qd1 Ka5 Qh1 Bc3 Rc1 Kb4 Rc2 Re1 Qh4 Ra1 h6 gxh6 Qxh6 Re1 Be2 Ra1 Qe6 Qg7 Bh5 Bb2 Bf7 Rxa2 Rxc7 Qf8 Rc8 Qxc8 Qxc8 Bc3 Qa6 Kxb3 Qxd6 Rxf2+ Kxf2 a2 Qa6 Kb2 Qxb5+ Kc1 Qa4 a1=Q Qxa1+ Bxa1 d6 Bc3 Be6
FIDE WCh KO,Tripoli LBA,2004.06.19,1.1,"Vladimirov,E",Ni Hua,1/2-1/2,D19,d4 d5 c4 c6 Nf3 Nf6 Nc3 dxc4 a4 Bf5 e3 e6 Bxc4 Bb4 O-O O-O Qe2 Nbd7 e4 Bg6 Bd3 Bh5 e5 Nd5 Bd2 c5 Nxd5 Bxd2 Qxd2 Bxf3 Nf4 Bc6 Rfe1 cxd4 Bb1 Qg5 Ra3 g6 Rg3 Qh6 Rh3 Qg5 Rg3 Qh6 Rd3 Qg5
FIDE WCh KO,Tripoli LBA,2004.06.19,1.1,"Adianto,U","Alekseev,Evgeny",1/2-1/2,E15,d4 Nf6 c4 e6 Nf3 b6 g3 Ba6 Nbd2 c5 e4 cxd4 e5 Ng4 h3 Nh6 Bg2 Nc6 O-O Nf5 a3 Be7 b4 Bb7 Nb3 Rc8 Bb2 Qc7 Re1 O-O Rc1 a5 b5 Nd8 a4 Bb4 Re2 Bxf3 Bxf3 Nb7 Be4 Ne7 Nxd4 Rfd8 Nf3 Ng6 h4 d6 Qc2 Nf8 exd6 Bxd6 Ng5 h6 Bxb7 Qxb7 Ne4 Bb4 Bxg7 Kxg7 Qb2+ f6 Nxf6 Qf7 Nd7+ Kh7 Nf6+ Kg7 Nd7+ Kh7
FIDE WCh KO,Tripoli LBA,2004.06.19,1.1,"Jobava,Ba","Felgaer,R",1-0,D17,d4 d5 c4 c6 Nc3 dxc4 Nf3 Nf6 a4 Bf5 Ne5 Nbd7 Nxc4 Nb6 Ne5 a5 g3 e6 Bg2 Bb4 O-O O-O Re1 Ne4 Bxe4 Bxe4 h4 f6 Nd3 Bg6 e4 Nc4 h5 Bf7 e5 f5 Nf4 Qb6 Qd3 Qa6 h6 gxh6 Qf3 Rad8 b3 Nb6 Rd1 Kh8 Nce2 Rg8 Be3 Rg4 Kg2 Rdg8 Rh1 Bf8 Bd2 Nd7 Bc3 Bg7 Rad1 Qb6 Bb2 Nf8 Bc1 Qd8 Qc3 Ng6 f3 Nxf4+ Bxf4 Rg6 Rh3 Bf8 Rdh1 Qb6 Qe3 c5 Bxh6 Bxh6 Rxh6 Rxh6 dxc5 Rxh1 cxb6 Rb1 Qc3 Rd8 Kf2 Rbd1 Qxa5 R1d3 Qb4 Bh5 Qh4 Bf7 a5 Rc8 Qe7 Kg8 Qxb7 Rc2 Qa6 Rxb3 g4 f4 Qa8+ Kg7 Qe4 Rbb2 Qxc2 Rxc2 b7 Bg6 b8=Q Bd3 Qd8 Rxe2+ Kg1 Re1+ Kh2 Re2+ Kh3 Rxe5 Qd4
FIDE WCh KO,Tripoli LBA,2004.06.19,1.1,"Kharlov,A","Dautov,R",1/2-1/2,E54,e4 c6 d4 d5 exd5 cxd5 c4 Nf6 Nc3 e6 Nf3 Bb4 Bd3 dxc4 Bxc4 O-O O-O b6 Bg5 Bb7 Qe2 Nbd7 Ne5 Bxc3 bxc3 Qc7 Nxd7 Nxd7 Rac1 Qc6 f4 Rac8 Bd3 Qd5 Rf2 f5 Qe3 Nf6 Bxf6 Rxf6 c4 Qd6 c5 Qd7 Rfc2 Rg6 Qe5 bxc5 Bf1 Be4 Rxc5 Rxc5 Qxc5 Rf6 Bb5 Qb7 Bc6 Bxc6 Qxc6 Qe7 d5 e5 Qc4 Rd6 Qc8+ Rd8 Qxf5 exf4 Qe6+ Qxe6 dxe6 Re8 Rc6 g5 Kf2 Kg7 Rc7+ Kg6 e7 a5 Kf3 Kf5 Rc5+ Kf6 Kg4 h5+ Kxh5 Rxe7 Rxg5 Re2 Rg4 f3 Rf4+ Ke5 Rxf3
FIDE WCh KO,Tripoli LBA,2004.06.19,1.1,"Sargissian,G","Tiviakov,S",1/2-1/2,E46,d4 Nf6 c4 e6 Nc3 Bb4 e3 O-O Ne2 d5 a3 Be7 cxd5 Nxd5 Bd2 Nd7 g3 Nxc3 Bxc3 b6 Bg2 Rb8 Qa4 a5 O-O Ba6 Rfe1 c5 dxc5 Nxc5 Qg4 Bf6 Nd4 Qe8 Red1 Rd8 b4 Nb3 Rab1 Nxd4 Bxd4 Bxd4 Rxd4 Qa4 Qd1 Qxd1+ Rbxd1 Rxd4 Rxd4 Rc8 Bc6 axb4 axb4 e5 Rd7 Bc4 b5 Rb8 Kg2 Be6 Ra7 g6 e4 Kg7 Kf3 Kf6 Ke3 Rd8 Rb7 Bc4 Bd7 Ke7 Bg4+ Kf8 Be2 Bxe2 Kxe2 Rd6 f4 exf4 gxf4 h6 Ke3 Rd1 Rxb6 Rh1 Ra6 Rxh2 Kd4 g5 f5 g4 f6 Kg8 e5 Kh7 Ke4 g3 Ra3 Rh4+ Kf3 Rb4 Kxg3 Kg6 Rf3 Re4 b6 Rxe5 Rb3 Re8 b7 Rb8 Rb6 Kg5 Kf3 Kf5 Kg3 Kg5 Kg2 Kg4 Rb5 h5 Kh2 h4 Kg2 h3+ Kf2 Kf4 Kg1 Kg4 Kh1 Kf4
FIDE WCh KO,Tripoli LBA,2004.06.19,1.1,"Inarkiev,E","Dominguez,L",1-0,B90,e4 c5 Nf3 d6 d4 cxd4 Nxd4 Nf6 Nc3 a6 Be3 Ng4 Bg5 h6 Bc1 Nf6 Be2 e5 Nb3 Be7 Qd3 O-O O-O Nc6 Nd5 Nxd5 exd5 Nb8 Kh1 Bg5 a4 a5 f4 Bxf4 Bxf4 exf4 Rxf4 Nd7 Qg3 Ne5 Nd4 Qb6 Qb3 Qc5 c3 b6 Rd1 Ra7 Qb5 Qc7 Qb3 Qc5 Qb5 Qc7 h3 Bd7 Qb3 Re8 Bb5 Qc5 Re4 Bxb5 Qxb5 Rc8 Qe2 Qc4 Qc2 Qc5 Qe2 Qc4 Qe1 Rd7 Nf5 Qb3 Rd2 g6 Nxh6+ Kg7 Ng4 Nxg4 Rxg4 Rc4 Rxc4 Qxc4 Rd4 Qc7 Re4 Rd8 Qe3 Qc5 Qg5 Rf8 Rh4 Rh8 Rf4 Qc7 Qf6+ Kg8 Re4 Qc8 Re7 Rh7 Qxd6 Rh5 Qd7 Qxd7 Rxd7 Re5 Rd6 Re4 Rxb6 Rxa4 Kg1 Ra1+ Kf2 Rd1 c4 Kf8 d6 Ke8 c5 Rd5 c6 Rxd6 Rb8+
FIDE WCh KO,Tripoli LBA,2004.06.19,1.1,"Krasenkow,M","Milos,G",1/2-1/2,D63,Nf3 Nf6 c4 e6 d4 d5 Nc3 Be7 Bg5 O-O e3 Nbd7 Rc1 a6 c5 c6 b4 b6 Bd3 a5 a3 axb4 axb4 bxc5 bxc5 Ba6 O-O Bxd3 Qxd3 h6 Bh4 Ra3 Ra1 Qa8 Rxa3 Qxa3 Qc2 Rb8 Ne5 Nxe5 dxe5 Ne4 Nxe4 Bxh4 Nd6 Rb2 Qc1 Be7 g3 Bf8 e4 Rb3 Qf4 Rf3 Qg4 Rc3 exd5 cxd5 Nb5 Qxc5 Nxc3 Qxc3 Qe2 g6 Kg2 Bc5 Rb1 Bd4 f4 h5 Rb7 Qc6 Rb8+ Kg7 Qd3 Ba7 Rb2 Qc5 Rb7 Bb6 Kh3 Bd8 Rb8 Be7 Rb7 Bd8 Qa6 Be7 Qa4 Qa3 Qb5 Qc5 Qa4 Qa3 Qxa3 Bxa3 Kg2 Bc5 Kf3 Bd4 Ke2 Bg1 Rb1 Bc5 Kd3 Bf2 Rb2 Bc5 Rc2 Be7 Rc7 Bb4 Kc2 Be1 Kb3 Bd2 Rc2 Be3 Re2 Bc1 Kc3 Ba3 Kb3 Bc1 Kc3 Ba3 Kb3
FIDE WCh KO,Tripoli LBA,2004.06.19,1.1,"Harikrishna,P",Xu Jun,1-0,E32,d4 Nf6 c4 e6 Nc3 Bb4 Qc2 O-O a3 Bxc3+ Qxc3 b6 Bg5 Bb7 f3 h6 Bh4 d5 e3 Nbd7 cxd5 Nxd5 Bxd8 Nxc3 Be7 Rfe8 Bh4 Nd5 Bf2 Ne7 O-O-O c5 Bb5 Bc6 Bxc6 Nxc6 dxc5 Nxc5 Ne2 Red8 Kc2 Rac8 Nc3 Ne5 Rd4 Nc6 Rxd8+ Rxd8 Bg3 e5 b4 Ne6 Rd1 Rxd1 Kxd1 f6 Kc2 Kf7 Kd3 Ke7 Ke4 Kd7 f4 exf4 exf4 Ne7 Bf2 Nc8 g3 Nd6+ Kd3 Kc6 Ne4 Nf7 Be1 b5 Bc3 f5 Nd2 a6 Nf3 Kd5 Nh4 Nd6 Ng6 Nc8 g4 fxg4 f5 Ng5 Bxg7 Nf7 Ke3 Ncd6 Kf4 h5 Ne7+ Kc4 Nc6 Kb3 Nb8 Ne8 f6 Nc7 Kf5 Nd6+ Kg5 Kxa3 Kxh5 Kxb4 Nxa6+
FIDE WCh KO,Tripoli LBA,2004.06.19,1.1,"Kotronias,V","Kacheishvili,G",0-1,B19,e4 c6 d4 d5 Nc3 dxe4 Nxe4 Bf5 Ng3 Bg6 h4 h6 Nf3 Nd7 h5 Bh7 Bd3 Bxd3 Qxd3 e6 Bf4 Ngf6 O-O-O Be7 Kb1 Qb6 Ne5 O-O Nxd7 Nxd7 Ne4 Nf6 f3 Rad8 c3 Rd5 Qc2 Rfd8 g4 Qa5 Be3 Nxe4 fxe4 R5d7 Rhf1 Bg5 Bg1 Qc7 c4 b5 Rf3 bxc4 Qxc4 c5 d5 Qe5 Bxc5 exd5 exd5 Rxd5 Rxd5 Rxd5 Be3 Qe6 b3 Qd7 Bxg5 hxg5 Rc3 Kh7 Qc6 Rd1+ Kb2 Qxg4 Rf3 Qd4+ Ka3 Qd7 Qc2+ Kg8 Rc3 Qe7+ b4 Rd8 Rc7 Qe3+ Ka4 g4 Qc5 Qe6 a3 g3 Rxa7 g2 Qf2 Qc6+ b5 Qc4+ Ka5 Qf1
FIDE WCh KO,Tripoli LBA,2004.06.19,1.1,"Agrest,E","Asrian,K",1/2-1/2,D58,Nf3 d5 d4 Nf6 c4 e6 Nc3 Be7 Bg5 h6 Bh4 O-O e3 b6 Bd3 Bb7 O-O Nbd7 Bg3 Bd6 cxd5 Nxd5 e4 Nxc3 bxc3 Bxg3 hxg3 Qe7 Qb3 c5 Rfe1 cxd4 cxd4 Rfc8 Rac1 Nf6
FIDE WCh KO,Tripoli LBA,2004.06.19,1.1,"Bruzon,L","Smirnov,P",1/2-1/2,D47,d4 d5 c4 c6 Nc3 Nf6 e3 e6 Nf3 Nbd7 Bd3 dxc4 Bxc4 b5 Bd3 Bb7 a3 b4 Ne4 Nxe4 Bxe4 bxa3 O-O Be7 b3 O-O Nd2 Rb8 Qc2 h6 Bxa3 c5 Bb2 Qb6 Nc4 Bxe4 Nxb6 Bxc2 Nxd7 Rxb3 Nxf8 Rxb2 Nd7 cxd4 exd4 Rb7 Ne5 Be4 Rfe1 Bd5 Reb1 Bb4 Ra6 Be4 Rb3 Bd5 Rb2 Rc7 h4 Be7 Rb8+ Kh7 Nxf7 Bxh4 Rh8+ Kg6 Ne5+ Kf5 Nd3 Bf6 Rf8 Rc3 Nc5 Rc1+ Kh2 Rc2 Rxa7 Kg6 Nd3 Bxd4 Ra4 Bf6 Nf4+ Kg5 Nxd5
FIDE WCh KO,Tripoli LBA,2004.06.19,1.1,"Galkin,A","Delchev,A",1/2-1/2,C80,e4 e5 Nf3 Nc6 Bb5 a6 Ba4 Nf6 O-O Nxe4 d4 b5 Bb3 d5 dxe5 Be6 Nbd2 Nc5 c3 d4 Bxe6 Nxe6 cxd4 Ncxd4 a4 Bc5 Ne4 Bb6 Be3 O-O Nxd4 Bxd4 Bxd4 Qxd4 Qxd4 Nxd4 f4 Rfd8 axb5 axb5 Kf2 Kf8 Rfc1 Rxa1 Rxa1 Nc2 Rc1 Rd4 Rxc2 Rxe4 Kf3 Rb4 f5 Rb3+ Ke4 Rb4+ Kf3 Rb3+ Ke4 Rb4+
FIDE WCh KO,Tripoli LBA,2004.06.20,1.2,"Abulhul,T","Topalov,V",0-1,A37,Nf3 c5 c4 g6 g3 Bg7 Bg2 Nc6 O-O e6 e4 Nge7 Nc3 O-O d3 d6 Rb1 a6 a3 Rb8 Bd2 b5 b3 h6 Qc1 Kh7 Ne2 e5 Nh4 b4 a4 Bg4 f3 Bd7 f4 exf4 gxf4 Bg4 Nf3 Qd7 Kh1 Rbe8 Be3 f5 Ng3 Bxf3 Rxf3 Nd4 Bxd4 Bxd4 Ne2 Nc6 Bh3 Qb7 Ng3 Bg7 Qg1 Nd4 Rf2 Bf6 Bg2 Qd7 exf5 gxf5 Bd5 Bh4 Qd1 Re3 Rg2 Qe8 Qf1 Bxg3 Rxg3 Rxg3 hxg3 Qh5+ Kg2 Re8 Rb2 a5 Qf2 Qd1 Bf3 Qxd3 Rd2 Qe3 Bd1 Kg6 Rb2 Qe4+ Kh2 Qe1 Qxe1 Rxe1 Rd2 Re3 Kg2 Kf6 Kf2 Rc3 Kg2 Ke7 g4 fxg4 Bxg4 Rxb3 Kf1 Rc3 Ke1 Rc1+ Kf2 b3 Kg3 Rxc4 f5 Kf6 Rh2 Ke5
FIDE WCh KO,Tripoli LBA,2004.06.20,1.2,"Asabri,Hu","Adams,Mi",0-1,E15,d4 Nf6 c4 e6 Nf3 b6 g3 Ba6 b3 Bb4+ Bd2 Be7 Bg2 c6 Bc3 d5 Nbd2 Nbd7 Qc2 c5 dxc5 bxc5 O-O O-O Rfe1 Rc8 Rad1 Qb6 e3 Rfd8 Qc1 Bb7 Qb2 Bc6 cxd5 exd5 Nh4 Bf8 Qa1 Ba8 e4 d4 Nc4 Qa6 Bd2 Nb6 Bf1 Nxc4 Bxc4 Qc6 f3 Re8 Qb1 Nd7 a4 Be7 Nf5 Ne5 Bb5 Nxf3+ Kf2 Qf6 e5 Qe6 Bxe8 Rxe8 Re2 Nxh2 Qd3 Ng4+ Kg1 Qd5
FIDE WCh KO,Tripoli LBA,2004.06.20,1.2,"Grischuk,A","Solomon,K",1/2-1/2,E05,d4 Nf6 c4 e6 g3 d5 Bg2 Be7 Nf3 O-O O-O dxc4 Qc2 a6 Qxc4 b5 Qc2 Bb7 Bd2 Be4 Qc1 Nc6 Be3 Nb4 Nc3 Bb7 Rd1 Qc8 a3 Nbd5 Nxd5 Nxd5 Bg5 f6 Bd2 a5 Qc2 Nb6 Rac1 Nc4 a4 Nxd2 Nxd2 Bxg2 Kxg2 bxa4 Qxa4 Bd6 Qc6 Ra6 Qf3 Qd7 Nc4 Rb8 e4 Bf8 h4 a4 Rc3 h6 Kh2 c6 Qe2 Ra7
FIDE WCh KO,Tripoli LBA,2004.06.20,1.2,"Arab,A","Ivanchuk,V",0-1,E35,d4 e6 c4 Nf6 Nc3 Bb4 Qc2 d5 cxd5 exd5 Bg5 h6 Bxf6 Qxf6 a3 Bxc3+ Qxc3 O-O Nf3 Bf5 e3 Nd7 Be2 c5 O-O Rfc8 Rac1 c4 a4 a6 Nd2 b5 Bf3 Qd6 e4 dxe4 Nxe4 Bxe4 Bxe4 Rab8 axb5 axb5 Bf5 Rd8 Bxd7 Rxd7 Rfd1 Qd5 b3 cxb3 Rb1 Rbd8 h3 Qc4 Qxb3 Rxd4 Rxd4 Rxd4 Qxc4 bxc4 Rb8+ Kh7 Rb6 h5 Kf1 Rd2 Rc6 Rc2 h4 g6 g3 Kg7 Kg2 Kf8 Rc7 c3 Kf3 f6 Ke3 Ke8 Rg7 Rd2 Rc7 Rc2 Rg7 Ra2 Rc7 c2 Kd3 c1=Q Rxc1 Rxf2 Ke3 Rf5 Rc7 Kf8 Ke4 Rf1 Ra7 Re1+ Kf4 Re7 Ra6 Kf7 Rc6 Rd7 Ra6 Ke7 Rc6 Rd4+ Kf3 Rd6 Rc5 Rd3+ Kf4 Kd6 Ra5 Rd4+ Kf3 Rd5 Ra3 Ke5 Rb3 Rc5 Rd3 Rc1 Re3+ Kd4 Re6 Kd5 Ra6 Re1 Kf2 Re6 Ra5+ Ke4 Ra4+ Kf5 Kf3 Re1 Ra5+ Re5 Ra6 Rc5 Ra3 Rb5 Rc3 Ra5 Rb3 g5 hxg5 fxg5 Rc3 g4+ Ke3 Kg5 Rb3 Rf5 Ke4 Rf6 Rb5+ Kg6 Rb3 h4 Kd4
FIDE WCh KO,Tripoli LBA,2004.06.20,1.2,"Short,N","Kadhi,H",1-0,C12,e4 e6 d4 d5 Nc3 Nf6 Bg5 Bb4 e5 h6 Bd2 Bxc3 bxc3 Ne4 Qg4 g6 Bd3 Nxd2 Kxd2 c5 h4 Bd7 Rb1 Bc6 h5 g5 f4 Nd7 Nf3 cxd4 cxd4 gxf4 Qxf4 Qe7 Ke2 O-O-O Qh4 Qf8 g4 Rg8 g5 hxg5 Nxg5 Nxe5 dxe5 Qg7 Rhg1 Qxe5+ Kd2 d4 Rbe1 Qa5+ Ke2 Rd5 Nxf7 Re8 h6 e5 Rg4 Rd7 Ng5 e4 Nxe4 Bb5 Kf1 Bxd3+ cxd3 Kb8 Kg1 Rh7 Rf1 Reh8 Qg3+
FIDE WCh KO,Tripoli LBA,2004.06.20,1.2,"Haznedaroglu,K","Malakhov,V",1/2-1/2,B36,e4 c5 Nf3 Nc6 d4 cxd4 Nxd4 g6 c4 Nf6 Nc3 d6 Be2 Nxd4 Qxd4 Bg7 Be3 O-O Qd1 Be6 O-O Qa5 Rc1 Rfc8 b3 a6 f4 Bg4 Bxg4 Nxg4 Qxg4 Bxc3 f5 Bd2 Bxd2 Qxd2 Rcd1 Qe3+ Kh1 b5 Qh4 f6 fxg6 hxg6 Qg4 Kf7 Rf3 Qc5 Rdf1 Qe5 cxb5 axb5 Qd7 Rc2 a4 bxa4 bxa4 Rc4 a5 Rxa5 Rxf6+ Qxf6 Rxf6+ Kxf6 h3 Rxe4 Qd8 Ra1+ Kh2 Kg7 Qc7 Rae1 Qc3+ Re5 h4 Re3 Qa1 Kh7 Qf1 Rf5 Qc1 Re4 Kh3 d5 g3 Re6 Qc7 Re4 Qc6 Kg7 Qb7 Rfe5 Qd7 Rd4 Qa7 Rd3 Qa1 d4 Qa7 Ree3 Kh2 Re2+ Kh3 Re5 Qc7 Ree3 Kh2 Rd2+ Kh3 Rde2 h5 gxh5 Qc5 Re5 Qxd4 Re4 Qa1 Kf6 Qa8 Rg4 Qh8+ Ke6 Qh6+ Kf7 Qh7+ Rg7 Qh6 Reg5 Kh4 e5 Qh8 Rg4+ Kh3 Rxg3+ Kh2 R3g5 Qc8 Kg6 Qc6+ Kh7 Qe4+ Kh6 Qc6+ Kh7 Qe4+ Kh8 Qc6 h4 Qh6+ Kg8 Qe6+ Kh7 Kh3 Rg3+ Kh2 Rg2+ Kh1 R2g5 Kh2 h3 Qxh3+ Kg8 Qc8+ Kf7 Qd7+ Kf6 Qc6+ Kf5 Qc8+ Kf4 Qc1+ Kg4 Qc8+ Rf5 Qc4+ Kg5 Qe6 Rg6 Qe8 Kh5 Qh8+ Kg4 Qh3+ Kg5 Qe3+ Kf6 Qb6+ Kg7 Qc7+ Kh6 Qc1+ Rfg5 Qd2 Rf6 Qd8 Rgg6 Qh8+ Kg5 Kg3 e4 Qh4+ Kf5+ Kf2 Ke5+ Ke2 Rg7 Qh5+ Kd4 Qh8 Rg2+ Ke1 Rf2 Qd8+ Ke3 Qd2+
FIDE WCh KO,Tripoli LBA,2004.06.20,1.2,"Nisipeanu,LD","Dableo,R",1-0,B12,e4 c6 d4 d5 e5 e6 Bd3 b6 Ne2 Ba6 O-O Qd7 Nf4 g6 Nd2 Ne7 Nf3 h6 b3 Bxd3 Qxd3 a5 c4 Na6 Bd2 Bg7 Rac1 O-O h4 c5 cxd5 Nxd5 Rfd1 Nab4 Bxb4 Nxf4 Qe4 axb4 Qxf4 Rfd8 Rd2 Qe7 Rcd1 cxd4 Nxd4 Qc5 Nf3 Rxd2 Rxd2 Qc7 Qxb4 Bxe5 Nxe5 Qxe5 g3 Rc8 Kg2 b5 a4 bxa4 bxa4 Rc5 Rd8+ Kh7 Qb7 Qf6 Rd3 Rf5 Rf3 Qe5 Rxf5
FIDE WCh KO,Tripoli LBA,2004.06.20,1.2,"Simutowe,A","Sokolov,I",0-1,A28,c4 Nf6 Nc3 e5 Nf3 Nc6 d4 exd4 Nxd4 Bb4 Bg5 O-O e3 h6 Bh4 Re8 Be2 Ne5 f3 Ng6 Bf2 d5 O-O c5 Nb3 Bxc3 bxc3 b6 Re1 Be6 cxd5 Nxd5 Qc2 Nxe3 Bxe3 Bxb3 axb3 Rxe3 Bc4 Qg5 Rxe3 Qxe3+ Kf1 Ne5 Bd5 Re8 Re1 Ng4 Bxf7+ Kf8
FIDE WCh KO,Tripoli LBA,2004.06.20,1.2,"Dreev,A","Tissir,M",1-0,E62,Nf3 Nf6 c4 g6 g3 Bg7 Bg2 O-O O-O d6 d4 Nc6 Nc3 e5 d5 Ne7 e4 Ne8 Ne1 f5 Nd3 Nf6 Bd2 c6 Qb3 fxe4 Nxe4 Nxe4 Bxe4 cxd5 cxd5 Bf5 f3 Qd7 Nf2 h6 g4 Bxe4 Nxe4 a5 Rac1 b5 Kg2 b4 Qd3 Rab8 Be3 Rb5 Rc7 Qxc7 Qxb5 Qc2+ Rf2 Qd1 Bd2 g5 Nxd6 e4 Nxe4 Ng6 Qf1 Nh4+ Kh1 Qxf1+ Rxf1 Bxb2 d6 Ng6 Be3 Ne5 Bb6 a4 Nc5 a3 d7 b3 Nxb3 Nxd7 Bd4 Rc8 Rf2 Ne5 Re2 Kf7 Kg2 Rc3 Kf2 Re3 Kxe3 Nd3 Ke4
FIDE WCh KO,Tripoli LBA,2004.06.20,1.2,"Gonzalez Garcia,J","Akopian,Vl",1/2-1/2,E42,d4 Nf6 c4 e6 Nc3 Bb4 e3 c5 Ne2 b6 a3 Ba5 Rb1 Na6 Bd2 O-O Ng3 Bb7 Bd3 d5 cxd5 cxd4 exd4 Bxc3 bxc3 Qxd5 f3 Nc5 Bc2 Ncd7 O-O Qc6 Bd3 Rfd8 Qe2 Rac8 Ne4 e5 Bb5 Qe6 Nxf6+ Qxf6 Rfe1 Bc6 Ba6 Rb8 dxe5 Nxe5 Qxe5 Qxe5 Rxe5 Rxd2 Re7 Rd7 Rxd7 Bxd7 c4 Bc8 Bxc8 Rxc8 Rd1 g6 Rd7 Rxc4
FIDE WCh KO,Tripoli LBA,2004.06.20,1.2,Ye Jiangchuan,"Garcia Palermo,C",1/2-1/2,B19,e4 c6 d4 d5 Nd2 dxe4 Nxe4 Bf5 Ng3 Bg6 h4 h6 Nf3 Nd7 h5 Bh7 Bd3 Bxd3 Qxd3 e6 Bf4 Qa5+ Bd2 Bb4 c3 Be7 c4 Qa6 O-O Ngf6 Rfe1 O-O Nf5 exf5 Rxe7 Rfe8 Rxe8+ Rxe8 Nh4 f4 Nf5 Nxh5 Qf3 Ndf6 Bxf4 Nxf4 Qxf4 Qa5 Nxh6+ gxh6 Qxf6 Qd2 d5 cxd5 cxd5 Re4 Rf1 Qxd5 Qxh6 Rg4 Qh3 Rg6 Re1 Qc6 Rd1 Kg7 Qh2 Qe4 Qh3 Qc2 Qd3 Qxb2 Rb1 Qxa2 Qd4+ Kh7 Rxb7 Qe6 Rxa7 Qe1+ Kh2 Rh6+ Kg3 Rg6+ Kf3 Qe6 Qh4+
FIDE WCh KO,Tripoli LBA,2004.06.20,1.2,"Azmaiparashvili,Z","Mahjoob,M",1-0,A00,g3 Nf6 Bg2 d5 d3 e5 Nf3 Bd6 c4 dxc4 Qa4+ Nc6 Qxc4 O-O O-O Bg4 Nc3 Qd7 Rd1 Rab8 Be3 b5 Nxb5 Na5 Nxd6 Nxc4 Nxc4 Qe6 Bxa7 Bxf3 Bxf3 e4 Bg2 exd3 exd3 Rbd8 a4 Qf5 d4 Rfe8 a5 Re2 d5 Qc2 Ne3 Qxb2 Bd4 Qb4 a6 Qb8 d6 c6 Bxc6 Qxd6 Bxf6
FIDE WCh KO,Tripoli LBA,2004.06.20,1.2,"Charbonneau,P","Bacrot,E",0-1,C45,e4 e5 Nf3 Nc6 d4 exd4 Nxd4 Bc5 Be3 Qf6 c3 Nge7 g3 d5 Bg2 dxe4 Nd2 Bb6 Nxe4 Qg6 Nb5 O-O Bxb6 Bh3 Nf6+ Qxf6 Bxh3 cxb6 O-O Rad8 Qb3 a6 Na3 b5 Rad1 Ne5 Rxd8 Nf3+ Kg2 Rxd8 Rd1 Nd2 Kg1 Qd6
FIDE WCh KO,Tripoli LBA,2004.06.20,1.2,"Gurevich,M","Johansen,D",1-0,A90,d4 e6 c4 Bb4+ Nd2 f5 g3 Nf6 Bg2 O-O Nf3 a5 O-O b6 d5 Bb7 Nd4 Bc5 N2b3 a4 Nxc5 bxc5 Nb5 exd5 Bg5 Qc8 cxd5 d6 Nc3 a3 Rb1 Qe8 b4 Na6 bxc5 Nxc5 Be3 Nfd7 Nb5 Qc8 Qc2 Ra4 Rfc1 Ba6 Nd4 Rc4 Qd2 Qe8 Rxc4 Bxc4 Qc2 Ne5 Rb4 Ng4
FIDE WCh KO,Tripoli LBA,2004.06.20,1.2,"Adly,A","Rublevsky,S",1/2-1/2,D27,d4 d5 Nf3 e6 c4 dxc4 e3 c5 Bxc4 a6 O-O Nf6 dxc5 Qxd1 Rxd1 Bxc5 Be2 O-O b3 b6 Nc3 Nbd7 Bb2 b5 Ng5 Bb7 Bf3 Bxf3 Nxf3 Rfc8 Rac1 Rc7 Ne2 Rac8 Ne5 Nxe5 Bxe5 Rc6 Kf1 Kf8 Rxc5 Rxc5 Bd6+ Ke8 Bxc5 Rxc5 Rd6 Rd5 Rxd5 Nxd5 Ke1 Kd7 Kd2 f5 Nf4 Nf6 Nd3 Kd6 f3 e5 Nb4 a5 Nc2 Kc5 Ne1 g5 Nc2 h5 Ke2 Nd5 Kd2 g4 Ne1 Nf6 Nd3+ Kd5 Nf2 Kc5 Nd3+ Kd6 Nf2 Kd5 Nd1 Kc5 a3 h4 Ke2 g3 hxg3 hxg3 Kd2 f4 exf4 exf4 Nc3 b4 axb4+ Kxb4 Kc2 Kc5 Kd3 Kb4 Kc2 Kc5 Kd3 Kb4
FIDE WCh KO,Tripoli LBA,2004.06.20,1.2,"Radjabov,T","Bartel,Mat",1-0,A85,d4 f5 c4 Nf6 Nc3 g6 h4 d6 h5 Nxh5 Rxh5 gxh5 e4 c6 Qxh5+ Kd7 Qxf5+ Kc7 Qa5+ b6 Qa4 Bg7 Be3 c5 O-O-O Bd7 Qa3 Nc6 dxc5 bxc5 f4 Qb8 e5 Nb4 Nf3 a5 Ng5 Qe8 Nb5+ Bxb5 cxb5 Qg6 Bd3 Nxd3+ Qxd3 Qxd3 Rxd3 Kd7 exd6
FIDE WCh KO,Tripoli LBA,2004.06.20,1.2,"El Gindy,E","Aleksandrov,A",1/2-1/2,D38,d4 Nf6 c4 e6 Nf3 d5 Nc3 Bb4 cxd5 exd5 Qa4+ Nc6 Bg5 h6 Bxf6 Qxf6 e3 O-O Be2 Be6 a3 Bd6 Nb5 Bg4 O-O Ne7 Nxd6 Qxd6 b4 c6 b5 cxb5 Qxb5 a6 Qb4 Qxb4 axb4 Rfc8 h3 Bf5 Rfc1 Rxc1+ Rxc1 Rc8 Rc5 f6 Kf1 Kf7 Ke1 b6 Rxc8 Bxc8 Bd3 Nc6 b5 Nb4 Be2 a5 Kd2 Bf5 Kc3 Na2+ Kb2 Nb4 Kc3 Na2+ Kb2 Nb4 Ne1 Ke7 Kc3 Na2+ Kb2 Nb4 Bf1 Kd6 Kc3 Na2+ Kb3 Nb4 Be2 Be4 Kc3 Na2+ Kb2 Nb4 Kc3 Na2+ Kd2 Nb4 Bd1 Bf5 Bg4 Be4 Kc3 Na2+ Kb2 Nb4 Kc3 Na2+ Kd2 Nb4 Bd1 Bf5 g4 Bd7 Be2 h5 f4 hxg4 hxg4 Be8 Kc3 Bg6 f5 Be8 Ng2 g6 Nh4 gxf5 Nxf5+ Kd7 Nh4 Na2+ Kb2 Nb4 Kc3 Na2+ Kb2 Nb4 Kc3 Na2+
FIDE WCh KO,Tripoli LBA,2004.06.20,1.2,"Beliavsky,A","Barsov,A",1/2-1/2,D37,d4 d5 c4 e6 Nf3 Nf6 Nc3 Be7 Bf4 O-O e3 c5 dxc5 Bxc5 a3 Nc6 Rc1 a6 cxd5 exd5 Bd3 Ba7 Ne2 Bg4 Qb3 Qa5+ Kf1 Bb8 h3 Bxf3 gxf3 Bxf4 Nxf4 Ne5 Kg2 d4 exd4 Ng6 Nxg6 Qg5+ Kh2 hxg6 Rhg1 Qf4+ Kg2 Qg5+ Kh1 Qh6 Kg2
FIDE WCh KO,Tripoli LBA,2004.06.20,1.2,"Vasquez,R","Vallejo Pons,F",1/2-1/2,D47,d4 d5 c4 e6 Nf3 Nf6 Nc3 c6 e3 Nbd7 Bd3 dxc4 Bxc4 b5 Bd3 Bb7 e4 b4 Na4 c5 e5 Nd5 O-O cxd4 Nxd4 Nxe5 Bb5+ Nd7 Qh5 Nf6 Nxe6 Nxh5 Nxd8 Rxd8 Re1+ Be7 Nc5 Bc8 Bg5 f6 Bc1 g5 Ne6 Kf7 Bc4 Kg6 Bd3+ Kf7 Bc4 Kg6 Bd3+ Kh6 Nxd8 Bxd8 h4 Rf8 Bd2 a5 Rac1 Nb6 Rc6 Kg7 hxg5 fxg5 Be3 Rf6 Bd4 Bd7 Rxb6 Bxb6 Re7+ Kf8 Rxd7 Bxd4 Rxd4 Nf4 Bc4 Ke7 Re4+ Kd6 a3 bxa3 bxa3 h5 f3
FIDE WCh KO,Tripoli LBA,2004.06.20,1.2,"Bologan,V","Paragua,M",1-0,E17,d4 Nf6 c4 e6 Nf3 b6 g3 Bb7 Bg2 Be7 O-O O-O Re1 c5 d5 exd5 Nh4 Ne4 cxd5 Bxh4 Bxe4 Bg5 Bxg5 Qxg5 Nc3 d6 Bg2 Na6 e4 Rfe8 f4 Qf6 Nb5 Re7 Qd2 Rd8 Rad1 Bc8 e5 dxe5 d6 Ree8 fxe5 Rxe5 Rxe5 Qxe5 Re1 Qf5 Nxa7 Bd7 Nc6 Bxc6 Bxc6 Nb8 d7
FIDE WCh KO,Tripoli LBA,2004.06.20,1.2,"Mastrovasilis,D","Sakaev,K",0-1,B90,e4 c5 Nf3 d6 d4 cxd4 Nxd4 Nf6 Nc3 a6 Be3 e5 Nb3 Be6 f3 Be7 Qd2 O-O O-O-O Nbd7 g4 b5 g5 b4 Ne2 Ne8 f4 a5 Kb1 a4 Nbc1 exf4 Nxf4 Bxg5 Rg1 Bf6 Nh5 b3 cxb3 axb3 a3 Rc8 Nxf6+ Ndxf6 Bd4 g6 Qf4 Nd7 Rg3 Qa5 Bc3 Qa4 Ne2 Ne5 Nd4 Bd7 Bh3 Bxh3 Rxh3 f6 Nf5 gxf5 Rg1+ Ng6 Rxh7 Qxe4+ Qxe4 fxe4 Re7 Rf7 Rxg6+ Kh7 Rxf7+ Kxg6 Re7 Kf5 Rf7 Ke6 Rb7 f5 a4 e3 Rxb3 f4 Kc2 Nf6 Kd3 Nd5 Ra3 f3 Ra1 f2 Bd4 Nb4+ Ke2 Nc2 Rb1 Nxd4+ Kxe3 Rf8 Rf1 Nf5+ Kd3 Ra8 b3 Rb8 Rxf2 Rxb3+ Kc4 Ra3 Re2+ Kd7 Rf2 Ne3+ Kb4 Ra1 Kb3 Kc6 Ra2 Rb1+ Rb2 Rd1
FIDE WCh KO,Tripoli LBA,2004.06.20,1.2,"Sasikiran,K","Kritz,L",0-1,D03,d4 Nf6 Nf3 g6 Bg5 Bg7 Nbd2 d5 e3 O-O Be2 c5 c3 Qb6 Qb3 Nbd7 O-O h6 Bh4 cxd4 cxd4 Qxb3 axb3 e5 Rfd1 exd4 Nxd4 Nc5 b4 Ne6 N2b3 g5 Bg3 Ne4 Bf3 Nxd4 Nxd4 Nxg3 hxg3 Be6 Rdc1 Bxd4 exd4 Rfc8 Kf1 Kf8 Ke1 Rxc1+ Rxc1 Ke7 Kd2 Kd6 Be2 Rh8 Rh1 f6 Ra1 a6 b5 axb5 Bxb5 h5 Rh1 Bf5 Be2 Be4 f3 Bg6 Bd1 Rc8 Bb3 Rc6 Re1 Rb6 Re3 Ra6 Bd1 Rb6 Bb3 Ra6 Rc3 Rc6 Bc2 Bxc2 Kxc2 Rc4 Kd3 Rb4 b3 Kd7 Ke3 Kd6 f4 Ke6 fxg5 fxg5 Rd3 Kf5 Kf3 Rb6 Re3 Re6 Rc3 Rb6 Rd3 Rb4 Ke3 Kg4 Kd2 Rb6 Re3 Rf6 Ke2 Rb6 Kd2 Rf6 Ke2 Ra6 Re5 Ra2+ Kf1 Rb2
FIDE WCh KO,Tripoli LBA,2004.06.20,1.2,"Neverov,V","Mamedyarov,S",1/2-1/2,E62,Nf3 Nf6 c4 g6 g3 Bg7 Bg2 O-O O-O d6 d4 Nc6 Nc3 e5 d5 Ne7 e4 Ne8 Ne1 f5 Nd3 Nf6 Bd2 c6 Qb3 fxe4 Nxe4 Nxe4 Bxe4 cxd5 cxd5 Bf5 f3 Qd7 Nf2 h6 g4 Bxe4 Nxe4 a5 Rac1 b5 Kg2 b4 Qd3 Rab8 Be3 Rb5 Rc7 Qxc7 Qxb5 Qc2+ Rf2 Qd1 Bd2 g5 Nxd6 e4 Nxe4 Ng6 Qf1 Nh4+ Kh1 Qxf1+ Rxf1 Bxb2 d6 Ng6 Be3 Ne5 Bb6 a4 Nc5 a3 d7 b3 Nxb3 Nxd7 Bd4 Rc8 Rf2 Ne5 Bxe5 Bxe5 Re2 Bb2 Kg2 Kf7 Kf2 Rc3 Re3 Rc2+ Re2 Rc3 Nd4 Rc1 Nc2 Rh1 Ke3 Rd1 Ke4 Rd8 Ke3 Rd1 Nb4 Ra1 Kd3 Rf1 Ke4 Ra1 Kd3 Rf1 Ke4 Ra1 Rc2 Re1+ Kd3 Rf1 Ke2 Rh1 Kd3 Rf1 Rc7+ Ke6 Ke2 Ra1 Kd3 Rf1 Rc6+ Kd7 Ke2 Ra1 Rc2 Ke6 Kd3 Rf1 Re2+ Kf7 Ke4
FIDE WCh KO,Tripoli LBA,2004.06.20,1.2,"Graf,A","Barua,D",1-0,D08,d4 d5 c4 e5 dxe5 d4 Nf3 Nc6 a3 Bg4 Nbd2 Qe7 h3 Bh5 b4 O-O-O Bb2 Nxe5 Qb3 Bg6 Nxe5 Qxe5 g3 Qe6 Qf3 d3 e3 Qf5 Bg2 Qxf3 Nxf3 f6 O-O Ne7 Rfd1 Nc6 Rac1 Be7 Nh4 d2 Rc3 Bb1 Bd5 Nxb4 Rxb1 Nxd5 cxd5 Rxd5 Rd1 Rhd8 Nf3 Rb5 Rc2 Ra5 Nd4 Rd7 Nb3 Rb5 Nxd2 a5 Kf1 Rbd5 Ke2 Rd3 Rdc1 Bxa3 Nc4 Bxb2 Rxb2 Kb8 Nxa5 b6 Nc6+ Kb7 Ra2 R3d6 Ra7+ Kc8 Rc2
FIDE WCh KO,Tripoli LBA,2004.06.20,1.2,"Lima,Da","Zvjaginsev,V",0-1,B30,e4 c5 Nf3 Nc6 Bb5 Nf6 Nc3 Qc7 O-O a6 Bxc6 dxc6 e5 Nd5 Ne4 Bg4 Nxc5 e6 Nd3 Rd8 b3 c5 Bb2 b5 c4 Nb6 Nde1 Qc6 Rc1 bxc4 bxc4 Be7 h3 Bh5 d4 O-O Qb3 Rfe8 Qe3 Qa4 Nd2 Qxa2 Nd3 cxd4 Qg3 Qa5 Ne4 Bg6 Nd6 Bxd6 exd6 e5 c5 Bxd3 Qxd3 Na4 Qa3 Qb5 Ba1 Qc6 Rc4 Nxc5 Qxc5 Qxc5 Rxc5 Rxd6 Rb1 h6 Kf1 Ree6 Ke2 Rc6 Rxc6 Rxc6 Kd3 h5 g4 Rf6 Ke4
FIDE WCh KO,Tripoli LBA,2004.06.20,1.2,"Kasimdzhanov,R","Ramirez,Al",1/2-1/2,A58,d4 Nf6 c4 c5 d5 b5 cxb5 a6 bxa6 Bxa6 Nc3 g6 Nf3 d6 g3 Bg7 Bg2 Nbd7 Rb1 Qa5 O-O O-O Bd2 Bb7 Qc2 Qa6 Nh4 e6 dxe6 fxe6 a4 Bxg2 Nxg2 d5 b3 c4 Nb5 cxb3
FIDE WCh KO,Tripoli LBA,2004.06.20,1.2,"Ivanov,AV USA","Van Wely,L",1/2-1/2,B30,e4 c5 Nf3 Nc6 Nc3 Nf6 Bb5 Qc7 O-O Nd4 Re1 a6 Bf1 e5 Bc4 d6 h3 Be6 d3 b5 Bxe6 fxe6 Nxd4 cxd4 Ne2 Be7
FIDE WCh KO,Tripoli LBA,2004.06.20,1.2,"Motylev,A","Hamdouchi,H",0-1,B33,e4 c5 Nf3 Nc6 d4 cxd4 Nxd4 Nf6 Nc3 e5 Ndb5 d6 Bg5 a6 Na3 b5 Bxf6 gxf6 Nd5 Bg7 g3 O-O Bg2 f5 exf5 e4 f6 Bxf6 c3 Bg7 O-O f5 f3 exf3 Qxf3 Rb8 Nc2 Kh8 Rae1 a5 Qh5 b4 cxb4 axb4 b3 Bd7 Kh1 Qa5 Nce3 Rbe8 Nc4 Qxa2 Nf4 Rxe1 Rxe1 Rf6 Nb6 Qf2 Ra1 Qxb6 Ra8+ Nb8 h4 Qd8 Qd1 Rf8 Qxd6 Bc6 Qxd8 Rxd8 Ra5 Rd1+ Kh2 Rd2 Kh3 Bh6 Bxc6 Bxf4 Bf3 Bd6 Rxf5 Rd3 h5 Kg7 Bd5 h6 Bc4 Rxg3+ Kh4 Re3 Rf7+ Kh8 Rb7 Nc6
FIDE WCh KO,Tripoli LBA,2004.06.20,1.2,"Guseinov,G","Vescovi,G",1/2-1/2,B30,e4 c5 Nf3 Nc6 Nc3 e5 Bc4 Be7 d3 d6 O-O Nf6 Ng5 O-O f4 exf4 Bxf4 h6 Nf3 Be6 Nd5 Na5 Qe1 Nxc4 dxc4
FIDE WCh KO,Tripoli LBA,2004.06.20,1.2,"Nikolic,Pr","Acs,P",1/2-1/2,E63,Nf3 Nf6 g3 g6 Bg2 Bg7 d4 O-O O-O d6 c4 Nc6 Nc3 a6 h3 Rb8 e4 b5 e5 dxe5 dxe5 Qxd1 Rxd1 Nd7 e6 fxe6 cxb5 axb5 Bf4 Nde5 Nxe5 Nxe5 Rac1 c5 Be3 Nc4 Bxc5 Nxb2 Rd2 Bxc3 Rxc3 Na4 Rc1 Nxc5 Rxc5 Bb7 Rxb5 Bxg2 Rxb8 Rxb8 Kxg2 Ra8 Kf3 Kf7 Ke4 g5 Kd4 h5 Kc4 e5 Kb3 Rb8+ Kc2 Ra8 Kb2 Rb8+ Ka1 Ra8 Rd3 Ke6 a3 e4 Rb3 Rf8 Rb2 e3 fxe3 Rf3 a4 Rxg3 a5 Rg1+ Ka2 Rd1 Rb4 Kf5 a6 Rd8 Rb5+ e5 a7 Ra8 Rb7 Ke4 Kb3 g4 hxg4 hxg4 Rg7 Kxe3 Kc2 Kf3 Kd2 Rd8+ Ke1 e4 Rb7 Ra8 Kf1 g3 Rf7+ Ke3 Rg7 g2+ Kxg2 Kd4
FIDE WCh KO,Tripoli LBA,2004.06.20,1.2,"Landa,K","Movsesian,S",1/2-1/2,B85,e4 c5 Nf3 d6 d4 cxd4 Nxd4 Nf6 Nc3 a6 Be2 e6 O-O Be7 f4 O-O a4 Qc7 Kh1 Nc6 Be3 Re8 Bf3 Nxd4 Qxd4 e5 Qd2 exf4 Bxf4 Be6 Rad1 Rad8 h3 Rd7 Rfe1 Red8 Re3 h6 Rd3 Bc4 Rd4 Be6 Rd3 Bc4 Rd4 Be6 Be3 Rc8 Bf4
FIDE WCh KO,Tripoli LBA,2004.06.20,1.2,"Aronian,L","Carlsen,M",1/2-1/2,B10,c4 c6 e4 d5 exd5 cxd5 cxd5 Nf6 Nc3 Nxd5 Nf3 Nxc3 bxc3 g6 d4 Bg7 Bd3 O-O O-O Nc6 Re1 Bg4 Be4 e5 dxe5 Qxd1 Rxd1 Bxe5 Rb1 Bxc3 Rxb7 Rad8 Rf1 Nd4 Bg5 Rd7 Rxd7
FIDE WCh KO,Tripoli LBA,2004.06.20,1.2,"Filippov,Va","Campora,D",1-0,D93,Nf3 d5 d4 Nf6 c4 c6 Nc3 g6 Bf4 Bg7 e3 O-O Bd3 Nh5 Be5 Bxe5 Nxe5 Nd7 cxd5 cxd5 Nxd7 Bxd7 Nxd5 Bc6 Nc3 e5 dxe5 Qg5 Qe2 Qxg2 Rf1 Bf3 Qc2 Rfe8 Be4 Rxe5 Bxf3 Qxf3 Qe2 Qc6 O-O-O b5 Rd4 a5 f4 Rc5 Kb1 Re8 Qd3 Qe6 Re4 Qc6 Rxe8+ Qxe8 Ne4 Rc6 Nd6 Qd7 Rd1 Rc5 Ne4 Qxd3+ Rxd3 Rc6 Rd8+ Kg7 Nd6 Nf6 Nxb5 Ng4 e4 Nxh2 e5 g5 Nd4 Rc7 fxg5 Nf1 b3 Nd2+ Kb2 Ne4 e6 Nxg5 e7 Rxe7 Nf5+ Kf6 Nxe7 Kxe7 Rd5 Kf6 Rxa5 h5 Ra4 Ne6 b4 h4 b5 Kg5 b6 h3 Ra8 Nc5 Ra5
FIDE WCh KO,Tripoli LBA,2004.06.20,1.2,"Ghaem Maghami,E","Vaganian,R",1-0,B04,e4 Nf6 e5 Nd5 d4 d6 Nf3 g6 Bc4 Nb6 Bb3 Bg7 O-O O-O Qe2 Bg4 c3 Nc6 e6 d5 exf7+ Rxf7 Nbd2 e5 h3 Bxf3 Nxf3 exd4 Bg5 Qd7 Rad1 Re8 Qd3 Ne5 Nxe5 Rxe5 Qd2 dxc3 bxc3 Qe6 Be3 Nc4 Bxc4 dxc4 Rfe1 Re7 Qd8+ Kf7 Qb8 b6 Qxa7 Qc6 Qa3 Bh6 Qc1 Qe6 Qc2 Rd7 Rxd7+ Qxd7 Rd1
FIDE WCh KO,Tripoli LBA,2004.06.20,1.2,"Georgiev,Ki","Wojtkiewicz,A",0-1,B80,e4 c5 Nf3 d6 d4 cxd4 Nxd4 Nf6 Nc3 a6 Be3 e6 f3 b5 g4 Nfd7 Qd2 Nb6 O-O-O N8d7 Bd3 Bb7 Qf2 Rc8 Nce2 Qc7 Kb1 Na4 g5 Ndc5 Rc1 e5 Nb3 g6 h4 Be7 h5 Rf8 hxg6 hxg6 Nxc5 Nxc5 Nc3 Qd8 Qd2 Ne6 Rcg1 Qa5 a3 Bd8 Nd5 Qxd2 Bxd2 Nc5 Bf1 Bxd5 exd5 Bb6 Rg4 Ke7 Rgh4 Rb8 f4 Ne4 Be1 Bf2 Bxf2 Nxf2 R1h2 Ne4 Rh7 Nc5 b4 Nd7 Bd3 exf4 Rf2 Rh8 Bxg6 Ne5 Rxf4 Nxg6 Rfxf7+ Ke8 Re7+ Kf8 Ref7+ Ke8 Re7+ Kf8 Rhf7+ Kg8 Rg7+ Kf8 Ref7+ Ke8 Rf6 Ne7 Re6 Rb7 Rh6 Rxh6 gxh6 Kf8 Rh7 Kg8 Rg7+ Kh8 Rf7 Rc7 Rf6 Nc8 Kb2 Nb6 Kb3 Rd7 c3 Nxd5 Rf8+ Kh7 c4 Nc7 a4 bxc4+ Kxc4 d5+ Kd3 Kxh6 Rb8 Kg5 b5 axb5 axb5 Kf5 Rb7 Ke5 Rb8 Rh7 b6 Ne6 Kc3 Kd6 Kb4 Rh1 Rc8 Rb1+ Ka5 Nc5 Rd8+ Nd7
FIDE WCh KO,Tripoli LBA,2004.06.20,1.2,"Lputian,S","Gagunashvili,M",1-0,A57,d4 Nf6 Nf3 g6 c4 c5 d5 b5 Nbd2 bxc4 e4 d6 Bxc4 Bg7 O-O O-O Rb1 a5 a4 Nbd7 b3 Nb6 Re1 Rb8 h3 Nxc4 Nxc4 Ba6 Bd2 Bxc4 bxc4 Rb4 Bxb4 axb4 e5 Ne8 h4 Qc7 Qe2 Qa5 Qc2 h6 g3 Nc7 Kg2 Na8 h5 g5 Qf5 Qxa4 Nxg5 hxg5 h6 Bxh6 Rh1
FIDE WCh KO,Tripoli LBA,2004.06.20,1.2,"Leitao,R",Zhang Zhong,1-0,C92,e4 e5 Nf3 Nc6 Bb5 a6 Ba4 Nf6 O-O Be7 Re1 b5 Bb3 d6 c3 O-O h3 Bb7 d4 Re8 Ng5 Rf8 Nf3 Re8 Nbd2 Bf8 d5 Nb8 Nf1 Nbd7 N3h2 Nc5 Bc2 c6 b4 Ncd7 dxc6 Bxc6 Bg5 h6 Bxf6 Nxf6 Ng4 Nxg4 Qxg4 Bd7 Qf3 Be6 Bb3 Rc8 Qd3 Qc7 Rec1 Be7 Rc2 Bg5 h4 Bxh4 Ne3 Kh8 Nd5 Qb7 a4 Rf8 axb5 axb5 Rca2 f5 g3 Bg5 Ra7 fxe4 Qxe4 Bxd5 Bxd5 Qb6 Rf7 Rxf7 Bxf7 Rf8 Ra8 Bd8 Qd5 Qc7 Bg6 Qxc3 Qf7
FIDE WCh KO,Tripoli LBA,2004.06.20,1.2,"Macieja,B","Sulskis,S",1/2-1/2,C58,e4 e5 Nf3 Nc6 Bc4 Nf6 Ng5 d5 exd5 Na5 Bb5+ c6 dxc6 bxc6 Qf3 Be7 Bxc6+ Nxc6 Qxc6+ Bd7 Qf3 O-O Nc3 Rc8 d3 Bc6 Qh3 h6 Nge4 Bxe4 dxe4 Bb4 Qe3 Qd4 Bd2 Bxc3 Bxc3 Qxe3+ fxe3 Nxe4 Bxe5 Rxc2 O-O Rfc8 Bd4 R8c6 g3 a6 a4 h5 b4 h4 b5 hxg3 h4 Nf2 Kg2 Ne4+ Kg1 Nf2 Kg2 Ne4+ Kf3 Nd2+ Kxg3 Rg6+ Kf4 Nxf1 Rxf1 axb5 axb5 Rc4 Rb1 Rb6 Ke5 Rb7 Kd5 Rc8 b6 Rd7+ Ke4 f6 h5 Kf7 Rb5 Ke6 Ra5 Rc6 Ra6 Rb7 Kd3 Kd6 Ke4 Ke6 Kf4 Rd6 Ra8 Rbxb6 Bxb6 Rxb6 Ra7 Rb5 Rxg7 Rxh5 Ke4
FIDE WCh KO,Tripoli LBA,2004.06.20,1.2,"Dolmatov,S","Moiseenko,A",1/2-1/2,B32,e4 c5 Nf3 Nc6 d4 cxd4 Nxd4 e5 Nb5 d6 c4 Be7 N5c3 Nf6 Bd3 O-O O-O Be6 Nd5 Nd7 Nbc3 Bg5 Re1 Nd4 Bf1 Bxc1 Rxc1 Rc8 Qd2 a6 Kh1 Kh8 f4 Qh4 b4 f5 fxe5 dxe5 exf5 Rxf5 Re4 Rcf8 Bd3
FIDE WCh KO,Tripoli LBA,2004.06.20,1.2,"Almasi,Z","Al Modiahki,M",1-0,B85,e4 c5 Nf3 e6 d4 cxd4 Nxd4 Nc6 Nc3 Qc7 Be2 a6 O-O Nf6 Be3 d6 f4 Be7 a4 O-O Kh1 Re8 Bf3 Rb8 g4 Nd7 g5 Bf8 Bg2 g6 Qe1 b6 Nxc6 Qxc6 Qh4 Bb7 Rad1 b5 Rd2 b4 Nd1 Qxa4 Nf2 Rbc8 b3 Qa2 Bd4 Rxc2 Rd3 e5 fxe5 dxe5 Be3 Bc6 Ba7 Bg7 Rh3 Nf8 Rf3 Re7 Be3 Rd7 Bh3 Rc7 Ng4 Bxe4 Nh6+ Bxh6 Qxe4 Bg7 Qd5 Rxh2+ Kg1 Rxh3 Rxh3 Qe2 Rhf3 Rd7 Qc6 Rd1 Bc5 Rxf1+ Rxf1 Qg4+ Qg2 Qe6 Qg3 Qd5 Rc1 Ne6 Be7 Qd7 Bf6 Nd4 Qg2 Qf5 Rf1 Qc8 Qe4 Qc3 Qxe5 Nf3+ Rxf3 Qxe5 Bxe5 Bxe5 Rd3 Kg7 Rd5 Bc3 Kg2 h6 gxh6+ Kxh6 Kf3 f6 Ra5 f5 Rxa6 Kh5 Ra5 Kg5 Ra6 Kh6 Rd6 Kh5 Rd5 Kh4 Rd6 Kg5 Rb6 Bd2 Rd6 Be1 Re6 Bc3 Rb6 Kh6 Rd6 Kg7 Kf4 Kf7 Kg5 Bb2 Rxg6 f4 Kf5 Bc3 Rg2 Ke7 Kxf4 Kd6 Ke4 Be1 Kd4 Kc6 Kc4 Bc3 Rg6+ Kd7 Kc5 Be1 Rg7+ Ke6 Rb7 Bc3 Rxb4 Bxb4+ Kxb4 Kd6 Kb5 Kc7 Ka6 Kb8 b4 Ka8 b5 Kb8 Kb6 Ka8 Kc7
FIDE WCh KO,Tripoli LBA,2004.06.20,1.2,"Karjakin,Sergey","Kobalia,M",0-1,C99,e4 e5 Nf3 Nc6 Bb5 a6 Ba4 Nf6 O-O Be7 Re1 b5 Bb3 d6 c3 O-O h3 Na5 Bc2 c5 d4 Qc7 Nbd2 cxd4 cxd4 Nc6 Nb3 a5 Be3 a4 Nbd2 Bd7 Rc1 Qb7 a3 Rfe8 Bd3 exd4 Nxd4 Ne5 Bb1 Bd8 f4 Nc4 Nxc4 bxc4 Rxc4 Ba5 Bd2 Bb6 Qf3 d5 exd5 Bxd4+ Rxd4 Qxb2 Be3 Qxd4 Bxd4 Rxe1+ Kh2 Rxb1 Bxf6 gxf6 Qg3+ Kf8 Qd3 Rb6 Qxh7 Ra5 h4 Rxd5 h5 Rb2 f5 Rxf5 h6 Rg5 Kh1 Rbxg2 Qe4 Rg1+
FIDE WCh KO,Tripoli LBA,2004.06.20,1.2,"Volkov,S1","Nakamura,H",1/2-1/2,E94,d4 Nf6 c4 g6 Nc3 Bg7 e4 d6 Be2 O-O Nf3 e5 Be3 Na6 O-O Ng4 Bg5 Qe8 dxe5 dxe5 h3 f6 Bd2 Nh6 c5 Nxc5 Qc1 Nf7 Nd5 Ne6 Nxc7 Nxc7 Qxc7 Nd8 Rfc1 Be6 Be3 Rf7 Qc3 Nc6 b4 Rd7 b5 Nd8 a4 Nf7 Nd2 f5 f3 Nd6 Nc4 Rc8 Qb4 Bf8 Nxe5 Rdd8 Qe1 fxe4 f4 b6 Nc6 Rd7 Bg4 Bg7 Rab1 h5 Bxe6+ Qxe6 Rd1 Rf7 a5 Kh7 Kh1 Bf6 axb6 axb6 Ne5 Bxe5 fxe5 Qxe5 Bd4 Qg5 Be3 Qe5 Bd4 Qe8 Bxb6 Nxb5 Rb3 Qc6 Bg1 Re8 Rdb1 Nc7 Rb6 Qd5 Qg3 Re6 Rb7 Qe5 Qb3 Ref6 Re1 Qd5 Qb4 Na6 Rxf7+ Rxf7 Qa4 Nc7 Rxe4 Ne6 Qb4 Ng7 Rd4 Qg5 Qc4 Qf6 Rd6 Qxd6 Qxf7 Qe6 Qa7 Qe1 Qc7 Kg8 Qc8+ Kf7
FIDE WCh KO,Tripoli LBA,2004.06.20,1.2,"Ganguly,S","Nielsen,PH",0-1,C83,e4 e5 Nf3 Nc6 Bb5 a6 Ba4 Nf6 O-O Nxe4 d4 b5 Bb3 d5 dxe5 Be6 Be3 Be7 c3 O-O Nbd2 Qd7 Bc2 f5 exf6 Nxf6 Qb1 Kh8 Ng5 Ng4 Nxh7 Rf5 Qd1 Nxe3 fxe3 g6 a4 b4 cxb4 Nxb4 Bxf5 Bxf5 Nf3 Kxh7 Rc1 c5 h3 Qe6 Qd2 Rc8 h4 Kg8 Ng5 Qe5 b3 Bd6 Rf4 d4
FIDE WCh KO,Tripoli LBA,2004.06.20,1.2,"Iordachescu,V","Morovic Fernandez,I",1-0,C42,e4 e5 Nf3 Nf6 Nxe5 d6 Nf3 Nxe4 d4 d5 Bd3 Be7 O-O Nc6 Re1 Bg4 c3 f5 Qb3 O-O Nbd2 Na5 Qc2 c5 Ne5 Bh5 f3 cxd4 fxe4 dxc3 exd5 cxd2 Bxd2 Qxd5 Bc3 Kh8 Bxf5 Bh4 Qe4 Qxe4 Rxe4 Bd8 g4 Bb6+ Kg2 Rad8 gxh5 Rxf5 h6 Kg8 hxg7 h5 Kh1 Kh7 Rae1 Re8 Nd7 Rxe4 Re3
FIDE WCh KO,Tripoli LBA,2004.06.20,1.2,Dao Thien Hai,"Kozul,Z",0-1,E91,d4 Nf6 c4 g6 Nc3 Bg7 e4 d6 Bg5 O-O Qd2 c6 Be2 a6 Nf3 b5 a3 Bg4 cxb5 axb5 O-O Nfd7 Rad1 Re8 h3 Bxf3 Bxf3 Qb6 h4 b4 axb4 Qxb4 h5 Nb6 h6 Bf8 e5 d5 Qf4 e6 Ne2 N8d7 Bg4 c5 Rd3 Ra7 Rf3 Nb8 Kh2 Nc6 Rd1 cxd4 Rdd3 Nc4 Bf6 N4xe5
FIDE WCh KO,Tripoli LBA,2004.06.20,1.2,"Sadvakasov,D","Kotsur,P",1-0,B67,e4 c5 Nf3 d6 d4 cxd4 Nxd4 Nf6 Nc3 Nc6 Bg5 e6 Qd2 a6 O-O-O Bd7 f4 b5 Bxf6 gxf6 Kb1 Qb6 Nce2 Na5 b3 Nc6 h4 Rg8 Rh3 Rc8 Re3 Qa5 Rc3 Rc7 Qe3 Nxd4 Qxd4 Rxc3 Nxc3 Rg4 Ne2 Rxh4 Qxf6 Rg4 Qd4 Qc7 g3 Rg8 Bh3 Bc6 Qe3 Bb7 Qd3 Qc5 Bg2 Rg6 Bf3 Rh6 e5 Bxf3 Qxf3 d5 f5 Qc7 fxe6 fxe6 Rf1 Bc5 Nf4 Kd8 Qg4 Qe7 Qg8+ Kc7 Nxd5+ exd5 Rf7 Rh1+ Kb2 Ba3+ Kc3 Bb4+ Kd3 Rd1+ Ke2 Re1+ Kf2 Rxe5 Rxe7+ Rxe7 Qxd5 Kb6 c3 Bc5+ Kf1 a5 a3 Bxa3 b4 Rc7 bxa5+ Ka6 Qd8 Rb7 Kg2 b4 Qa8+ Ra7 Qc6+ Kxa5 c4
FIDE WCh KO,Tripoli LBA,2004.06.20,1.2,"Kempinski,R","Lastin,A",0-1,D45,d4 d5 c4 c6 e3 Nf6 Nc3 e6 Nf3 Nbd7 Qc2 Bd6 g4 dxc4 Bxc4 e5 h3 O-O Bd2 b5 Be2 b4 dxe5 Nxe5 Na4 Nxf3+ Bxf3 Qe7 Rc1 Be6 Bg2 Bd5 f3 c5 O-O c4 Rce1 Bc6 g5 Nh5 f4 Bxg2 Kxg2 Rac8 e4 Rfd8 e5 Bb8 Be3 Rd3 Qe2 g6 Rd1 Qb7+ Kh2 Qe4 Rxd3 cxd3 Qf3 Rc2+ Kg1 Qxf3 Rxf3 d2 Rf1 Nxf4 Bxf4 Bxe5 Bxd2 Rxd2 a3 bxa3 bxa3 Bd4+ Kh1 Rd3 Rf4 Rxh3+ Kg2 Rd3
FIDE WCh KO,Tripoli LBA,2004.06.20,1.2,Bu Xiangzhi,"Anastasian,A",1/2-1/2,A30,Nf3 Nf6 c4 c5 Nc3 e6 g3 b6 Bg2 Bb7 O-O Be7 Re1 Ne4 d4 Nxc3 bxc3 Be4 Bf1 Bxf3 exf3 Nc6 d5 Na5 f4 O-O h4 Bf6 Bd2 Re8 g4 g6 Qf3 Bg7 h5 f5 Bd3 Qf6 Re2 Rf8 Rae1 Rae8 g5 Qf7 h6 Bh8 Re3 exd5 Rxe8 Rxe8 Rxe8+ Qxe8 Qxd5+ Kf8 Qd6+ Kf7 Bf1 Qc8 Bg2 Ke8 a4 Nc6 Kf1 Qb8 Qd5 Ke7 Kg1 Na5 Qf3 Nc6 Qe3+ Kf8 Bxc6 dxc6 Qe6 Qd8 Kg2 Qxd2 Qc8+ Ke7 Qxh8 Qxf4 Qxh7+ Kd8 Qg8+ Kd7 Qf7+ Kd8 Qf8+ Kd7 Qg7+ Kd8 Qg8+ Kd7 Qf7+ Kd8 Qe6 Qxg5+ Kf1 Qxh6 Qd6+ Kc8 Qxc6+ Kb8 Qd6+ Kb7 Qd7+
FIDE WCh KO,Tripoli LBA,2004.06.20,1.2,Ni Hua,"Vladimirov,E",1/2-1/2,C45,e4 e5 Nf3 Nc6 d4 exd4 Nxd4 Nf6 Nxc6 bxc6 e5 Qe7 Qe2 Nd5 c4 Ba6 b3 g6 f4 f6 exf6 Qxe2+ Bxe2 Bb4+ Bd2 Bxd2+ Nxd2 Nxf4 g3 Nxe2 Kxe2 O-O Rhf1 Rae8+ Kd3 d6 Rae1 Kf7 Nf3 h6 Nh4 Rg8 Re7+ Rxe7 fxe7+ Kxe7 Re1+ Kd8 Rf1 Bc8 Rf6 Bd7 c5 dxc5 Kc4 Be8 Kxc5 Rg7 Nf3 Rd7 Nd4 Rd5+ Kc4 Rd6 Rf2 Ke7 Re2+ Kd7 Nf3 g5 Ne5+ Kd8 b4 Rd1 a4 Ra1 a5 Rc1+ Kd4 Rd1+ Kc3 c5 bxc5 Ra1 Rd2+ Kc8 Rf2 Ra3+ Kd4 Rxa5 Rf8 Ra4+ Kd5 Kd8 Rh8 Ra2 Rxh6 Rd2+ Ke4 a5 Nc6+ Bxc6+ Rxc6 Rxh2 Ra6 Rg2 Rxa5 Rxg3 Kd5 Kd7 c6+ Ke7 Ke4
FIDE WCh KO,Tripoli LBA,2004.06.20,1.2,"Alekseev,Evgeny","Adianto,U",0-1,A28,c4 e5 d3 Nc6 Nf3 Nf6 Nc3 Bb4 Bd2 O-O e3 d5 cxd5 Nxd5 Be2 Be6 O-O Be7 a3 a5 Qc2 Nb6 b3 Qd7 Bc1 f5 Bb2 Bf6 Nd2 Qf7 Bf3 Nd5 Nxd5 Bxd5 Bxd5 Qxd5 e4 Qd7 Rad1 Rad8 Nf3 Rfe8 b4 axb4 axb4 Qf7 b5 Na7 Qa4 Nc8 exf5 Nd6 Nd2 Nxf5 Ne4 Rd5 Qc4 Nd6 Nxd6 cxd6 Rc1 Rc5 Qb4 Rec8 Rxc5 Rxc5 b6 h6 Bc1 Rc6 Be3 d5 h3 d4 Bd2 Qe6 Rb1 Bd8 Qa4 Kh7 Re1 Bxb6 Re4 Bc7 Qb5 b6 Qa4 Qd7 Kh2 Rd6 Qa7 Rf6 Kg1 Qc6 Kf1 Qc2 Ke2 b5 Qa3 Bd6 Qc1 Qa2 Kf1 b4 Re2 Qb3 Qc4 Qxc4 dxc4 Rf7 c5 d3 Re4 Bxc5 f3 b3 Bc3 Bd4 Bxd4 exd4 Rxd4 Rb7
FIDE WCh KO,Tripoli LBA,2004.06.20,1.2,"Felgaer,R","Jobava,Ba",1-0,B18,e4 c6 d4 d5 Nd2 dxe4 Nxe4 Bf5 Nc5 e5 Nxb7 Qb6 Nc5 exd4 Nb3 Bb4+ Bd2 Nf6 Bd3 Bxd3 cxd3 O-O Ne2 c5 O-O Bxd2 Qxd2 Nbd7 Na5 Rfe8 Ng3 Ne5 Rfc1 Rab8 Nb3 Rec8 Nf5 Ng6 Rc2 Rc7 Rac1 Rbc8 Qg5 h6 Qg3 Rc6 h4 Qa6 Qf3 R6c7 h5 Ne7 Nxc5 Qa5 Nd6 Rf8 a3 Rc6 Nf5 Nfd5 Nxd4 Rf6 Qg3 Qd8 Ne4 Rb6 Nc6 Nxc6 Rxc6 f5 Rxb6 Qxb6 Qe5 Nf4 Nc5 Qb8 Re1 Nxh5 Qe6+ Kh8 Nd7 Nf4 Qe7
FIDE WCh KO,Tripoli LBA,2004.06.20,1.2,"Dautov,R","Kharlov,A",1/2-1/2,D27,d4 d5 c4 dxc4 Nf3 a6 e3 e6 Bxc4 c5 O-O Nf6 dxc5 Qxd1 Rxd1 Bxc5 Nbd2 O-O Be2 Rd8 Ne5 Bd7 Nb3 Bb6 Bf3 Nc6 Nxd7 Rxd7 Rxd7 Nxd7 Bxc6 bxc6 Bd2 Rd8 Bc3 Nc5 Bd4 Nxb3 Bxb6 Rb8 Bc7 Nxa1 Bxb8 Nc2 Kf1 Nb4 Ke2 Nxa2 Kd3 Nb4+ Kc4 a5 Bc7 Na6 Bxa5 f6 f4 Kf7 e4 e5 f5 Ke8 g4 g5 fxg6 hxg6 h4 Kf7 Bd2 f5 exf5 gxf5 g5 Kg6 Bc3 e4 Be5 e3 Kd3 Nc5+ Kxe3 Ne6 Kd3 Kh5 Kc4 Kg6 Kb4 Kh5 Kc4 Kg6 Kb4 Kh5 Ka5 f4 Bxf4
FIDE WCh KO,Tripoli LBA,2004.06.20,1.2,"Tiviakov,S","Sargissian,G",1/2-1/2,C54,e4 e5 Nf3 Nc6 Bc4 Bc5 c3 Nf6 d3 d6 Bb3 a6 O-O O-O Be3 Bxe3 fxe3 Ne7 Nbd2 Ng6 Qe1 a5 a4
FIDE WCh KO,Tripoli LBA,2004.06.20,1.2,"Dominguez,L","Inarkiev,E",1-0,C91,e4 e5 Nf3 Nc6 Bb5 a6 Ba4 Nf6 O-O Be7 Re1 b5 Bb3 d6 c3 O-O d4 Bg4 Be3 exd4 cxd4 Na5 Bc2 c5 h3 cxd4 Bxd4 Bh5 g4 Bg6 Nc3 Rc8 Rc1 Nc6 Be3 Re8 Nh4 Nd7 Nxg6 hxg6 Bb3 Nc5 Nd5 Ne5 f4 Ned3 Bxc5 Nxc5 g5 Bf8 Qf3 Qa5 Rc3 Na4 f5 Qd8 h4 Nxc3 fxg6 fxg6 Ne7+ Kh7 h5 Qxe7 hxg6+ Kxg6 Qf5+ Kh5 Bf7+ Qxf7 Qxf7+ g6 bxc3 d5 Kg2 Re5 Qf3+ Kxg5 Qg3+ Kf6 Rf1+
FIDE WCh KO,Tripoli LBA,2004.06.20,1.2,"Milos,G","Krasenkow,M",0-1,B33,e4 c5 Nf3 Nc6 d4 cxd4 Nxd4 Nf6 Nc3 e5 Ndb5 d6 Bg5 a6 Na3 b5 Bxf6 gxf6 Nd5 f5 Bd3 Be6 O-O Bxd5 exd5 Ne7 c4 e4 Be2 Bg7 Rb1 O-O cxb5 axb5 Bxb5 Ng6 Bc6 Ra7 Qb3 f4 Nb5 Re7 Kh1 Re5 Qh3 Qf6 Nc3 Ne7 Rbd1 Qg6 Ne2 Bh6 f3 Nf5 fxe4 Ne3 Nc3 Rh5 Qf3 Rb8 b3 Rb4 Bd7 Bg7 Rc1 Bxc3 Rxc3 Nxf1 Qxf1 Rxe4 Rc1 Rhe5 Bb5 Qg4 Bc4 Qh4 Qf3 Re3
FIDE WCh KO,Tripoli LBA,2004.06.20,1.2,Xu Jun,"Harikrishna,P",1-0,D85,d4 Nf6 c4 g6 Nc3 d5 cxd5 Nxd5 e4 Nxc3 bxc3 Bg7 Nf3 c5 Rb1 O-O Be2 b6 O-O Bb7 Qd3 Ba6 Qe3 Qd7 h4 Bxe2 Qxe2 Nc6 dxc5 bxc5 Qc4 Nd8 Be3 Qe6 Qd5 Rc8 Rb5 Qa6 Rxc5 Rxc5 Bxc5 Ne6 Bxe7 Rc8 Nd4 Nf4 Qd7 h6 Bd6 Nd3 h5 Ne5 Bxe5 Bxe5 hxg6 fxg6 Qd5+
FIDE WCh KO,Tripoli LBA,2004.06.20,1.2,"Kacheishvili,G","Kotronias,V",0-1,B07,d4 Nf6 g3 g6 Bg2 Bg7 e4 d6 Nc3 O-O Nge2 Na6 O-O c5 h3 cxd4 Nxd4 Nc5 Be3 Bd7 Nb3 Na4 Nxa4 Bxa4 Nd4 Bd7 Qd3 Rc8 c4 Qa5 Rfd1 Rfd8 a3 a6 Rac1 Qc7 b3 Qb8 a4 b6 Nc2 a5 Bd4 Bc6 Ne3 Nd7 Nd5 Re8 Bxg7 Kxg7 h4 e6 Nc3 Nc5 Qxd6 Qb7 Rb1 e5 f3 f5 exf5 gxf5 Qd2 Kh8 Nd5 Rg8 Kh2 Bxd5 cxd5 Qg7 Qg5 Qf7 Qe3 Qf6 f4 exf4 Qd4 fxg3+ Kh3 Rcf8 Qxf6+ Rxf6 Rd4 f4 Rf1 Rgf8 Rf3 Nd7 d6 Ne5 d7 Nxf3 d8=Q Ng1+ Kg4 Rg6+ Qg5 Rxg5+ hxg5 f3 Rd1 Ne2 Bxf3 Rf4+ Kh5 Rxf3 Kh6 Kg8
FIDE WCh KO,Tripoli LBA,2004.06.20,1.2,"Asrian,K","Agrest,E",1/2-1/2,B84,e4 c5 Nf3 d6 d4 Nf6 Nc3 cxd4 Nxd4 a6 Be3 e6 Be2 Nbd7 f4 b5 Bf3 Bb7 e5 Bxf3 Qxf3
FIDE WCh KO,Tripoli LBA,2004.06.20,1.2,"Smirnov,P","Bruzon,L",1/2-1/2,C99,e4 e5 Nf3 Nc6 Bb5 a6 Ba4 Nf6 O-O Be7 Re1 b5 Bb3 d6 c3 O-O h3 Na5 Bc2 c5 d4 Qc7 Nbd2 cxd4 cxd4 Nc6 Nb3 a5 Be3 a4 Nbd2 Bd7 Rc1 Qb7 Qe2 Rab8 Bd3 exd4 Nxd4 Ne5 Bb1 Rfe8 b3 axb3 axb3 Ng6 Nf5 Bxf5 exf5 Ne5 Bd4 Bf8 Ne4 Nxe4 Bxe4 d5 Bf3 Nxf3+ Qxf3 Qd7 g3 b4 Kg2 h6 Red1 Rbc8 Ra1 Qb5 Ra7 Ra8 Rc7 Rac8 Ra7 Ra8 Rc7 Rac8 Ra7
FIDE WCh KO,Tripoli LBA,2004.06.20,1.2,"Delchev,A","Galkin,A",1-0,D30,d4 d5 c4 e6 Nf3 c6 Qc2 Nf6 Bg5 h6 Bh4 dxc4 Qxc4 b5 Qc2 Bb7 e3 Nbd7 Nbd2 Rc8 Be2 Be7 O-O c5 d5 exd5 Bxb5 O-O Rfd1 Re8 Rac1 Qb6 Qa4 Bc6 Bxc6 Qxc6 Qxc6 Rxc6 Nb1 Rb8 b3 c4 Nd4 Rc5 Nc3 Rbc8 b4 R5c7 Ncb5 Bxb4 Nxc7 Rxc7 Rb1 a5 f3 Rc8 Nc2 Bc3 Kf1 a4 Rb5 Re8 Rdb1 Kh7 Bxf6 Nxf6 Rb8 Re5 R1b7 Bd2 Kf2 c3 Rd8 Kg6 Ke2 h5 g3 Re6 Kd3
FIDE WCh KO,Tripoli LBA,2004.06.20,1.3,"Beliavsky,A","Barsov,A",1-0,D58,d4 d5 c4 e6 Nf3 Nf6 Nc3 Be7 Bg5 h6 Bh4 O-O e3 b6 Bd3 c5 dxc5 bxc5 cxd5 Nxd5 Bxe7 Qxe7 Rc1 Rd8 Nxd5 exd5 Bb1 Ba6 Qc2 Qf6 Qxc5 Qxb2 Qc2 Qb4+ Qd2 Qg4 Qd4 Qe6 Ne5 Re8 Nd3 Nc6 Qa4 Bxd3 Bxd3 Ne5 Bb5 Reb8 O-O a6 Be2 Rb2 Rc2 Rxc2 Qxc2 Rc8 Qb3 g6 Rd1 Nc4 Bf3 Rc5 g3 a5 Kg2 h5 Rd4 Nb6 h4 Kg7 g4 hxg4 Bxg4 Qc6 Bf3 Rc3 Qb2 Rc2 Qa3 Qc5 Qxc5 Rxc5 Rd2 Kf6 Kg3 Ke5 h5 gxh5 Bxh5 f6 Rb2 Na4 Rb8 Nc3 Re8+ Kd6 Bg4 Ne4+ Kf4 Nxf2 Re6+ Kc7 Bf5 Rc6 Re7+ Kb6 Rd7 Kc5 Ra7 Kb4 Rd7 Rc5 Rd6 Ka3 Rxf6 Kxa2 Ke5 Nd1 Be6 Ka3
FIDE WCh KO,Tripoli LBA,2004.06.20,1.3,"Mamedyarov,S","Neverov,V",1-0,D37,c4 e6 Nf3 d5 e3 Nf6 d4 Be7 Nc3 O-O Qc2 b6 cxd5 exd5 Bd3 c5 Ne5 Bb7 O-O Nc6 Nxc6 Bxc6 dxc5 bxc5 b3 Bd6 h3 Re8 Bb5 Rc8 Bxc6 Rxc6 Ne2 Be5 Bb2 Bxb2 Qxb2 Qb6 Rfd1 h6 Rac1 Rd8 Qa3 a5 Qa4 Rcd6 Qa3 Rc6 Rc2 Qb4 Qxb4 axb4 Rdc1 Ra8 Nd4 Rca6 Rxc5 Rxa2 Rc8+ Kh7 Rxa8 Rxa8 Rc7 Ra1+ Kh2 Kg8 Rb7 Rf1 f3 Re1 Nf5 Kh7 g4 Rb1 Rxb4 g6 Nd6 Nd7 Rb7 Ne5 f4
FIDE WCh KO,Tripoli LBA,2004.06.20,1.3,"Vallejo Pons,F","Vasquez,R",0-1,B20,e4 c5 Ne2 d6 g3 g6 Bg2 Bg7 c3 e5 d4 cxd4 cxd4 Nc6 dxe5 dxe5 Qxd8+ Nxd8 Nbc3 Ne7 Be3 Bd7 O-O Ne6 Rfd1 Nc6 Bh3 Rd8 Kg2 Ncd4 Bxd4 exd4 Nd5 Bc6 Rac1 f5 Nef4 Nxf4+ Nxf4 Bh6 Rc4 Bxf4 gxf4 Bxe4+ f3 Bc6 Rcxd4 Rxd4 Rxd4 Ke7 Kf2 Rc8 Bf1 Bd7 Bc4 Be6 Bxe6 Rc2+ Ke3 Kxe6 Rd2 Rc1 Rd8 Rb1 b3 Re1+ Kf2 Rh1 Kg3 Rg1+ Kf2 Ra1 Rd2 Rh1 Kg3 Rc1 Kf2 b5 Kg3 b4 Kh4 Rg1 Re2+ Kd6 Rd2+ Kc5 Rd7 Rg2 Rxa7 Rxh2+ Kg3 Rb2 Ra4 Rd2 Kh4 Rd3 Kg3 Rd7 Kf2 Re7 Ra5+
FIDE WCh KO,Tripoli LBA,2004.06.20,1.3,"Paragua,M","Bologan,V",0-1,B11,e4 c6 Nc3 d5 Nf3 Bg4 h3 Bxf3 Qxf3 Nf6 d3 e6 g3 Bb4 Bd2 d4 Nb1 Qb6 Bg2 O-O O-O Nbd7 Bc1 a5 Qe2 a4 a3 Be7 f4 e5 Nd2 Qc7 Nf3 c5 f5 Rfc8 g4 h6 g5 hxg5 Bxg5 c4 Rf2 Qb6 Bc1 c3 bxc3 Rxc3 Bf1 Qc6 Qd1 b5 Rg2 b4 Bb2 b3 cxb3 Rxb3 Rc2 Qb7 Bc1 Rc3 Bb2 Rxc2 Qxc2 Rc8 Qf2 Qb3 Ne1 Rb8 Bc1 Qc3 Qa2
FIDE WCh KO,Tripoli LBA,2004.06.20,1.3,"Ivanov,AV USA","Van Wely,L",0-1,B30,e4 c5 Nf3 Nc6 Nc3 Nf6 Bb5 Qc7 Bxc6 dxc6 e5 Nd5 h3 Bf5 O-O e6 d3 Nxc3 bxc3 Be7 c4 b5 Qe2 bxc4 dxc4 Qa5 Bg5 Bxg5 Nxg5 Qc3 Rad1 O-O Rd6 Rab8 Rfd1 h6 Nf3 Qxc2 Qxc2 Bxc2 R1d2 Be4 Re2 Bxf3 gxf3 Rb4 Rc2 Rc8 Rd7 Ra4 Kg2 g6 Kg3 Kg7 h4 h5 Rb2 Rxc4 Rbb7 Rf8 Rxa7 g5 hxg5 h4+ Kg2 Rf4 Rdc7 Rh8 Ra3 Rh5 Rxc6 Rxg5+ Kh2 Rxe5 Rc3 Kg6 Kg2 Rg5+ Kh2 Kf6 Rc7 Kg6 Rc8 Kf6 Rc7 Ra4 a3 Rf4 Kh3 Rd5 Kg2 Rff5 Rc8 Rg5+ Kf1 Rh5 Kg2 h3+ Kh2 Rd2 R8xc5 Rxf2+ Kg3 Rg2+ Kf4 e5+
FIDE WCh KO,Tripoli LBA,2004.06.20,1.3,"Nikolic,Pr","Acs,P",0-1,E63,Nf3 Nf6 g3 g6 Bg2 Bg7 d4 O-O O-O d6 c4 Nc6 Nc3 a6 Bd2 e5 d5 Nd4 Ne1 Bd7 Nd3 Qe7 e3 Nf5 e4 Nd4 Rc1 Ne8 f4 c5 dxc6 bxc6 c5 dxc5 Nxe5 Bxe5 fxe5 Ng7 Na4 Nge6 Be3 Rab8 Nxc5 Nxc5 Qxd4 Ne6 Qc3 c5 b3 Rfc8 Rfd1 Bb5 Rd6 Nd4 Bxd4 cxd4 Qxc8+ Rxc8 Rxc8+ Kg7 Rxd4 Qxe5 Rcd8 Qg5 Kf2 Qh5 h4 Qe2+ Kg1 Qxa2 b4 Qb2 e5 Qc1+ Kh2 Qc7 R8d5 Qe7 Rc5 Qe6 Rf4 Be8 Rd5 Qe7 Rd6 Qxe5 Rxa6 Bd7 Re4 Qb2 Rd6 Be6 Rf4 h6 Rd3 g5 hxg5 hxg5 Rfd4 Qb1 Rd1 Qb3 R1d2 Qb1 Bc6 Qf1 Bg2 Qb1 Rd1 Qb2 Kg1 Qb3 R1d3 Qb1+ Kf2 Qc2+ Rd2 Qf5+ Bf3 Qb1 g4 Qb3 Be2 Qh3 R2d3 Qh4+ Ke3 Qe1 b5 f5 gxf5 Bxf5 Rd1 Qc3+ Kf2 Qc5 Kg2 Be6 R1d2 Bf5 Rc4 Qe5
FIDE WCh KO,Tripoli LBA,2004.06.20,1.3,"Ramirez,Al","Kasimdzhanov,R",0-1,B92,e4 c5 Nf3 d6 d4 cxd4 Nxd4 Nf6 Nc3 a6 Be2 e5 Nb3 Be7 O-O O-O Kh1 Nc6 a4 Be6 f4 exf4 Bxf4 d5 exd5 Nxd5 Nxd5 Qxd5 Bf3 Qc4 Be2 Qd5 Qxd5 Bxd5 Rad1 Be4 Bd3 Bxd3 Rxd3 Rad8 Rfd1 Nb4 Rxd8 Rxd8 Rxd8+ Bxd8 c3 Nd3 Bc1 a5 c4 Ne5 c5 f6 Bd2 Nc6 Kg1 Kf7 Kf2 Ke6 Ke3 Kd5 Kd3 f5 Bc3 g6 Bd2 Ne5+ Ke2 Nc4 Bc3 Bc7 h3 Ke4 Nd4 Be5 Ne6 Bxc3 bxc3 Kd5 Nd8 Kxc5 Nxb7+ Kb6 Nd8 Nb2 Ne6 Nxa4 Kd2 Nc5 Nf8 Ne4+ Kd3 Nf6 Kc4 g5 Ne6 h6 Kd4 Nd7 g3 a4 c4 a3 Kc3 Nc5 Nd4 Ne4+ Kb4 a2 Nb3 f4
FIDE WCh KO,Tripoli LBA,2004.06.20,1.3,"Vescovi,G","Guseinov,G",1/2-1/2,E91,d4 Nf6 c4 g6 Nc3 Bg7 e4 d6 Nf3 O-O Be2 Bg4 Be3 Nfd7 Ng1 Bxe2 Ngxe2 c5 O-O cxd4 Nxd4 Nc6 b3 Re8 Nde2 a6 a4 Nc5 Rb1 Nb4 f3 Qc7 Kh1 e6 Qd2 Rad8 Rfd1 Ncd3 Na2 Nxa2 Qxd3 Nb4 Qd2 Nc6 Bg5 Rd7 Bh4 b5 axb5 axb5 cxb5 Na7 Qb4 Qb6 Nc3 Rb8 Rbc1 Bf8 Bf6 Bg7 e5 d5 Qh4 Rc7 Bd8 Bxe5 Bxc7 Bxc7 Na4 Qd6 Nc5 Nxb5 b4 Bd8 Qf2 Bc7 Qh4 Bd8 Qh6 Na3 Qe3 Nb5 Ra1 d4 Qd3 Bc7 g3 Nc3 Qxd4 Nxd1 Qxd6 Nf2+ Kg2 Bxd6 Kxf2 Rxb4 Nd3 Rb3 Ke2 Kg7 Ra2 h5 Nf2 Bc5 Nd3 Bd4 Rd2 Bg1 h3 Ba7 f4 Bd4 Kf3 Ra3 Ke4 Ba7 Kf3 Bb6 Rd1 Ra2 Rb1 Bd4 Rb4 Bc3 Rb3 Bf6 Rb7 Rd2 Nc5 Rd6 Ne4 Rd3+ Kg2 Bd8 Nc5 Rd2+ Kf3 Kf8 Rb3 Be7 Ne4 Ra2 Rb8+ Kg7 Rb7 Ra3+ Kf2 Kf8 Rb8+ Kg7 Rb7 Bf6 Nd6 Bd4+ Kg2 Ra7 Rxa7 Bxa7 Kf3 Bc5 Ne4 Be7 g4 f5 gxf5 gxf5 Ng3
FIDE WCh KO,Tripoli LBA,2004.06.20,1.3,"Aronian,L","Carlsen,M",1/2-1/2,B14,c4 c6 e4 d5 exd5 cxd5 d4 Nf6 Nc3 g6 Qb3 Bg7 cxd5 O-O Be2 Nbd7 Bf3 Nb6 a4 a5 Nge2 Bf5 Qd1 Nbxd5 O-O Qd7 Ng3 Be6 Nge4 Nxe4 Nxe4 b6 Ng5 Rad8 Nxe6 Qxe6 Re1 Qd6 Bg5 Bf6 Qd2 Bxg5 Qxg5 Nb4 Rad1 Nc2 Re4 Qf6 Qxf6 exf6 g4 Rd6 Rd2 Nb4 Re7 Rfd8 Rb7 Rxd4 Rxd4 Rxd4 Rxb6 Nd3 b3 Nf4 h4 Kg7 Rb5 Rd3 Be4 Rc3 Rxa5 Rxb3 Rb5 Ra3 a5 Ne2+ Kg2 Nc3 Rb4 Nxe4 Rxe4 Rxa5 Rb4 h5 gxh5 Rxh5 Kg3 Rd5 f3 Rd7 Ra4 Kh6 Rb4 f5 Rc4 Re7
FIDE WCh KO,Tripoli LBA,2004.06.20,1.3,"Movsesian,S","Landa,K",1-0,C65,e4 e5 Nf3 Nc6 Bb5 Nf6 d3 d6 c3 Bd7 O-O g6 a4 Bg7 a5 a6 Ba4 O-O Nbd2 h6 Nc4 Be6 Bb3 Qd7 Re1 Rad8 h3 Nh5 Ne3 Ne7 d4 exd4 Nxd4 Bxb3 Qxb3 c5 Nf3 Nf6 e5 dxe5 Nxe5 Qb5 Qc2 Nc6 Nxc6 Qxc6 Nc4 Qb5 b3 Rfe8 Bf4 Nd5 Be5 Qc6 Rad1 h5 Qc1 Bxe5 Rxe5 Rxe5 Nxe5 Qf6 c4 Nb4 Rxd8+ Qxd8 Qf4 Qe7 g4 hxg4 hxg4 Qe6 g5 Nc2 Ng4 Nd4 Nf6+ Kg7 Kg2 Qc6+ Nd5 Qe6 Nf6 Qc6+ Ne4 Ne6 Qe5+ Kf8 f3 Qd7 Qh8+ Ke7 Qb8 Qc6 Kf2 Qd7 Kg2 Qc6 Kg3 Qd7 Kf2 Qd4+ Kg2 Qd7 Qe5 Qd4 Qxd4 cxd4 Kf2 Kd7 Ke2 Nf4+ Kd2 Kc6 b4 b5 axb6 Kxb6 Nd6 a5 bxa5+ Kxa5 Nxf7 Kb6 Ne5 Kc7 Nd3 Ng2 f4 Ne3 Ne5 Kd6 Kd3 Kc5 Nd7+ Kd6 Nf6 Ng2 Ne4+ Ke6 Kxd4 Nxf4 c5 Ne2+ Ke3 Nc1 Kd4 Ne2+ Kc4 Nf4 c6 Nd5 Kc5 Ne7 Nf6 Kf5 c7 Kxg5
FIDE WCh KO,Tripoli LBA,2004.06.20,1.3,"Nakamura,H","Volkov,S1",1-0,C02,e4 e6 d4 d5 e5 c5 c3 Qb6 Nf3 Bd7 Bd3 cxd4 Nxd4 Ne7 Nd2 Nbc6 Nxc6 Nxc6 Qe2 Qc7 Nf3 h6 O-O g5 h3 Bg7 Re1 O-O-O Be3 Kb8 Bd4 Nxd4 Nxd4 h5 Rac1 g4 h4 f6 exf6 Bxf6 Nxe6 Bxe6 Qxe6 Bxh4 Qe5 Qxe5 Rxe5 g3 f4 Bf6 Re6 Rhf8 Rce1 h4 f5 b5 Rc6 d4 c4 bxc4 Rxc4 Rd6 Rb4+ Kc7 Rc4+ Kb8 Kf1 Bd8 a4 a5 b4 Rg8 Re5 Ka7 Rc8 Kb7 Rc4 Ka7 Be4 Rg4 Rc8 Rxe4 Rxe4 d3 Rc1 Bg5 Rd1 Rd5 Rg4 Rxf5+ Ke1 Re5+ Kf1 Rf5+ Ke1 d2+ Ke2 axb4 Rxb4 Rf2+ Kd3 Rxg2 Rg4 Bd8 Rxd2 Rg1 Ke4 Bb6 a5 Bc5 Rg6 Re1+ Kf3 Re7 Rd5 Rf7+ Kg2 Bb4 Rg4 Rf2+ Kg1 Rb2 Rxh4 Rb1+ Kg2 Rb2+ Kf3 Rb3+ Ke4 Rc3 Rh7+ Ka6 Rh6+ Ka7 Rd7+ Kb8 a6 Rc4+ Kd3 Rc3+ Kd4 Rf3 Rhh7 Rf4+ Ke5 g2 Rd8#
FIDE WCh KO,Tripoli LBA,2004.06.20,1.3,Ye Jiangchuan,"Garcia Palermo,C",1/2-1/2,B19,e4 c6 d4 d5 Nd2 dxe4 Nxe4 Bf5 Ng3 Bg6 h4 h6 h5 Bh7 Bd3 Bxd3 Qxd3 Nd7 Nf3 e6 Bf4 Bb4+ c3 Be7 O-O-O Ngf6 Kb1 O-O Ne5 Qa5 Ne4 Rad8 Nxf6+ Bxf6 Nc4 Qd5 Bc7 Rc8 Ne3 Qb5 Qxb5 cxb5 Bg3 Nb6 d5 Rfd8 dxe6 fxe6 Ng4 Rxd1+ Rxd1 Nd5 Re1 Kf7 f3 a6 Nf2 Be7 Be5 Rc4 g4 Bh4 Re2 Bf6 Nd3 Rc8 Bg3 Rxc3 Rd2 Rc8 Nf2 Bg5 Rd1 Ne3 Rd7+ Ke8 Rxg7 Kf8 Rxb7 Nxg4 f4 Nxf2 fxg5 Nd3 Bc7 hxg5 h6 Kg8 Kc2 Nc5 Ra7 Kh7 b4 Nd7 Kd1 Kxh6 Bd6 Nf6 Rxa6 Kg6 Bc5 Kf5 Ra5 Ne4 Ke1 Nxc5 Rxb5 Ke4 bxc5 e5 Ke2 Kd4 Rb4+ Kxc5 Rg4 Rg8 a4 Kd5 Ke3 Ra8 Rxg5 Rxa4 Rg8 Ra3+ Ke2 Rc3 Rb8 Rc2+ Ke1 e4 Rb7 Ke5 Rb5+ Kf4 Rb3
FIDE WCh KO,Tripoli LBA,2004.06.20,1.3,"Jobava,Ba","Felgaer,R",1/2-1/2,D17,d4 d5 c4 c6 Nc3 dxc4 Nf3 Nf6 a4 Bf5 Ne5 Nbd7 Nxc4 Nb6 Ne5 a5 g3 e6 Bg2 Bb4 O-O O-O e3 Nfd7 e4 Bg6 Nxg6 hxg6 Qe2 e5 Be3 exd4 Bxd4 Qe7 Rfd1 Rfe8 Qc2 Qe6 Ne2 Qc4 Qxc4 Nxc4 b3 Nd2 Bh3 Rxe4 Be3 Nf6 Bg2 Rxe3 fxe3 Ng4 Ra2 Rd8 Nd4 Nxb3 Re2 c5 Rb2 Nxe3 Rd3 Nxd4 Rxe3 c4 Rb1 c3 Rc1 c2 Re4 Ne2+ Rxe2 Rd1+ Kf2 Bc5+ Kf3 Rxc1 Ke4 b6 Kd3 Ra1 Kxc2 Rxa4 Re8+ Kh7 Bd5 f6 h4 g5 hxg5 fxg5 Be4+ g6 Re6 Rc4+ Kb3 Rb4+ Ka2 Ra4+ Kb1 Kh8 Kb2 g4 Bxg6 Rb4+ Ka2 Ra4+ Kb2 Bd4+ Kc2 Ra2+ Kd3 Bc5 Bf5 a4 Bxg4 Ra3+ Kc2 Rxg3 Re8+ Kg7 Be6 b5 Rg8+ Kf6 Rxg3 Ke5
FIDE WCh KO,Tripoli LBA,2004.06.20,1.3,"Mahjoob,M","Azmaiparashvili,Z",0-1,B07,e4 d6 d4 Nf6 Nc3 e5 Nge2 Be7 f3 O-O Be3 exd4 Nxd4 d5 e5 Nfd7 f4 Nb6 Nb3 c6 Bd3 N8d7 Qf3 a5 a4 Bb4 Qf2 Nc4 Bxc4 dxc4 Nd2 Qe7 O-O f6 Nxc4 fxe5 f5 Nf6 Qg3 Nh5 Qxe5 Qxe5 Nxe5 Bxf5 Nd3 Bxd3 cxd3 Nf6 Rad1 Rad8
FIDE WCh KO,Tripoli LBA,2004.06.20,1.3,"Adly,A","Rublevsky,S",0-1,D05,d4 d5 Nf3 e6 e3 c5 Nbd2 Nf6 Bd3 c4 Be2 b5 O-O Bb7 Ne5 Nbd7 f4 Be7 Ndf3 Ne4 a4 b4 Nxd7 Qxd7 Ne5 Qc7 Bf3 O-O a5 a6 Bxe4 dxe4 Bd2 f6 Ng4 c3 bxc3 bxc3 Bc1 Bd5 Ba3 Rab8 Qe1 Rfc8 Nf2 Bxa3 Rxa3 Rb2 Qc1 Rcb8 h3 R8b5 Qd1 Rxa5 Rxa5 Qxa5 Qh5 Qb5 f5 Bc4 Ra1 exf5 Rxa6 Rb1+ Nd1 Rxd1+ Qxd1 Qxa6 d5 Qd6 Qd4 Qxd5 Qxc3 h5 Qb2 Qd1+ Kh2 Qd6+ Kg1 f4 Qb7 Bd5 Qc8+ Kh7 c4 Bf7
FIDE WCh KO,Tripoli LBA,2004.06.20,1.3,Ni Hua,"Vladimirov,E",1/2-1/2,C45,e4 e5 Nf3 Nc6 d4 exd4 Nxd4 Nf6 Nxc6 bxc6 e5 Qe7 Qe2 Nd5 c4 Ba6 b3 g6 f4 f6 exf6 Qxe2+ Bxe2 Bb4+ Kd1 Nxf6 Be3 O-O a3 Bd6 Nc3 Rae8 Bd2 Bc5 Bf3 d5 Kc2 Ne4 Nxe4 dxe4 Be2 Bd4 Rad1 c5 g3 Bb7 Bc3 Rd8 b4 e3 Rhe1 g5 bxc5 Bxc5 Bb4 Rxd1 Rxd1 Bxb4 axb4 gxf4 gxf4 Rxf4 Rd8+ Kg7 Kd3 Rf7 Kxe3 Re7+ Kd3 Kf6 Rf8+ Ke5 Bf3 Rd7+ Ke3 Bxf3 Rxf3 c5 bxc5 Rd4 Rh3 Rxc4 Rh5+ Ke6 Kd3 Ra4 Rxh7 Kd5 Rh5+ Kc6 h4 a5
FIDE WCh KO,Tripoli LBA,2004.06.20,1.3,"Dautov,R","Kharlov,A",0-1,D27,d4 d5 c4 dxc4 Nf3 a6 e3 e6 Bxc4 c5 O-O Nf6 dxc5 Qxd1 Rxd1 Bxc5 Nbd2 Nbd7 Be2 b6 Nc4 Bb7 b3 O-O Bb2 Bd5 Rac1 Rfc8 Nfe5 b5 Nxd7 Nxd7 e4 Bxe4 Rxd7 bxc4 Bxc4 Bc6 Rd2 Bb4 Rdc2 Be4 Re2 Bb7 a3 Be7 b4 Bg5 Rcc2 Rd8 Re1 Rac8 Bc1 Bf6 Be3 Bd5 Bc5 Bxc4 Rxc4 h6 g3 Bb2 a4 a5 bxa5 Rd5 Rb1 Ba3 Rc3 Bxc5 Rbc1 Kf8 a6
FIDE WCh KO,Tripoli LBA,2004.06.20,1.3,"Sargissian,G","Tiviakov,S",1-0,E46,d4 Nf6 c4 e6 Nc3 Bb4 e3 O-O Ne2 d5 a3 Be7 cxd5 Nxd5 Bd2 Nxc3 Bxc3 b6 Ng3 Bb7 Bd3 Nd7 Qc2 h6 O-O c5 dxc5 Bxc5 Rfd1 Qe7 Nh5 e5 Ng3 Rac8 b4 Bd6 Nf5 Qg5 Bf1 Rxc3 Qxc3 Qxf5 Rxd6 Rc8 Qe1 Nf6 Rc1 Kf8 Rxc8+ Qxc8 Rd1 Qc7 Qd2 Bd5 f3 Ke7 e4 Be6 Rc1 Qb8 Qc3 Ne8 Bb5 Qd6 Bxe8 Kxe8 Qc7 Qd2 Qb8+ Ke7 Qxa7+ Kf6 Qc7 Qe3+ Kh1 Qxa3 Qc3 Qa8 Qe3 Qa6 Rc6 g5 Qxb6 Qa1+ Qg1 Qb2 Qe1 Kg7 Rc1 g4 Qc3
FIDE WCh KO,Tripoli LBA,2004.06.20,1.3,"Inarkiev,E","Dominguez,L",1/2-1/2,A07,Nf3 d5 g3 c6 Bg2 Nf6 d3 Bf5 Nh4 Bg6 Nd2 e5 c4 Nbd7 O-O Bd6 Rb1 a5 a3 O-O Nxg6 hxg6 b4 axb4 axb4 b5 e4 dxc4 dxc4 Re8 Qe2 Qb8 Rd1 Ra4 c5 Bc7 Nf3 Nf8 Ng5 Qa7 Bh3 Ra2 Rd2 Rxd2 Bxd2 Qa2 Qe1 Rd8 Bc3 N8h7 Nf3 Rd3 Ra1 Qc2 Bxe5 Rxf3 Ra8+ Nf8 Bxc7 Rb3 Ra1 Nxe4 Bg2 f5 Bf4 Ne6 Rc1 Qd3 Be3 Nc7 Bf1 Qd7 Rb1 Rxb1 Qxb1 Nd5 Bd4 Qe6 Qb2 Ng5 Be2 Qe4 h4 Ne6 Be5 Qxb4 Qa1 Qxc5 Qa8+ Kf7 h5 Ne7 Ba1 gxh5 Bxh5+ g6 Bf3 Nd4 Qa2+ Kf8 Qa8+ Kf7 Qa2+ Nd5 Bg2 Qc1+ Kh2 Qh6+ Kg1 Qc1+ Kh2 Qh6+ Kg1 Qc1+ Kh2 Qh6+ Kg1 Qc1+ Kh2 Ne6 Be5 Qh6+ Kg1 Qc1+ Kh2 Qh6+ Kg1 Qc1+ Kh2 Ne7 f4 Qd1 Qa7 Qh5+ Kg1 Qd1+ Kh2 Qh5+ Kg1 Qd1+ Kh2 b4 Bxc6 Qh5+ Kg1 Qd1+ Kh2 Qh5+ Kg1 Qd1+ Kh2 b3 Qb7 Qh5+ Kg1 Qd1+ Kh2 Qh5+ Kg1 Qd1+ Kh2 Nc5 Qb5 Ne4 Qc4+ Kf8 Qxe4 Qc2+ Qxc2 bxc2 Kh3 Kf7
FIDE WCh KO,Tripoli LBA,2004.06.20,1.3,Xu Jun,"Harikrishna,P",1/2-1/2,D85,d4 Nf6 c4 g6 Nc3 d5 cxd5 Nxd5 e4 Nxc3 bxc3 Bg7 Nf3 c5 Rb1 O-O Be2 cxd4 cxd4 Qa5+ Bd2 Qxa2 O-O Bg4 Be3 Nc6 d5 Na5 Bg5 Qa3 Bd2 Bc3 Bc1 Qd6 e5 Qc7 d6 exd6 exd6 Qd7 Bf4 Rfe8 h3 Bf5 Bb5 Nc6 Rc1 Bf6 Re1 Rxe1+ Qxe1 Re8 Qd2 Re4 Bg3 a6 Bxa6 bxa6 Qa5 h5 Qxa6 h4 Bh2 Bxh3 Qxc6 Qg4 Ne1 Bd4 d7 Qe2 d8=Q+ Kh7 Qxh4+ Rxh4 Bg3 Rf4 Nf3 Rxf3 gxf3 Bb2 Rb1 Bf5 Rxb2 Qxb2
FIDE WCh KO,Tripoli LBA,2004.06.20,1.3,"Kotronias,V","Kacheishvili,G",1-0,B19,e4 c6 d4 d5 Nd2 dxe4 Nxe4 Bf5 Ng3 Bg6 h4 h6 Nf3 Nd7 h5 Bh7 Bd3 Bxd3 Qxd3 Ngf6 Bf4 e6 O-O-O Be7 Kb1 Qb6 Ne4 Nxe4 Qxe4 Nf6 Qd3 Rd8 Ne5 O-O g4 c5 g5 Rxd4 Qf3 hxg5 Rxd4 cxd4 h6 Qd8 Bxg5
FIDE WCh KO,Tripoli LBA,2004.06.20,1.3,"Asrian,K","Agrest,E",1-0,B08,e4 d6 d4 g6 Nc3 Bg7 Nf3 Nf6 Be3 a6 Bd3 O-O Qd2 Nc6 h4 Ng4 h5 Nxe3 fxe3 e5 hxg6 hxg6 O-O-O b5 Qf2 Bd7 Nd5 Ne7 Qh4 f6 dxe5 dxe5 Nxe5 fxe5 Qh7+ Kf7 Rhf1+ Ke6 Qxg7 Nxd5 exd5+ Kd6 Qxg6+ Kc5 Qg7 Kd6 Be4 b4 Qg6+ Kc5 d6 c6 Qg7 Re8 Rf7 Qh4 Bf3 Qc4 Rxd7 Qxa2 Rc7 Qa1+ Kd2 Qxb2 Rxc6+ Kb5 Qb7+ Ka5 Rc5+ Ka4 Qd7+
FIDE WCh KO,Tripoli LBA,2004.06.20,1.3,"Bruzon,L","Smirnov,P",0-1,B30,e4 c5 Nf3 Nc6 Nc3 e5 Bc4 Be7 O-O d6 d3 Nf6 Ng5 O-O f4 Bg4 Qd2 exf4 Qxf4 Ne5 Bb3 h6 Nf3 Nh5 Qe3 Nxf3+ gxf3 Bh3 Rd1 Bf6 Ne2 Be5 f4 Nxf4 Nxf4 Bd4 Nxh3 Qh4 Nf2 Bxe3 Bxe3 Kh8 Rf1 Rae8 Nh1 f5 Rf4 Qh3 Ng3 fxe4 dxe4 Rxf4 Bxf4 h5 Bd5 h4 Ne2 Qf3 Bxd6 Qxe2 Rf1 Qg4+ Kh1 Rxe4 c4 h3 Bg3 Qe2
FIDE WCh KO,Tripoli LBA,2004.06.20,1.4,"Barsov,A","Beliavsky,A",1/2-1/2,E34,d4 Nf6 c4 e6 Nc3 Bb4 Qc2 d5 cxd5 Qxd5 Nf3 Qf5 Qxf5 exf5 a3 Be7 Bf4 c6 e3 Be6 Ng5 Bb3 Bd3 g6 Nf3 Nbd7 h4 Nd5 Bg3 N5b6 Nd2 Be6 Ne2 c5 Nf4 cxd4 Nxe6 fxe6 exd4 O-O Nf3 Rfd8 O-O Nf8 Rac1 Bd6 Bxd6 Rxd6 Rc7 Rb8 Rfc1 Nd5 Rc8 Rd8 Rxb8 Rxb8 g3 Rd8 Bb5 Kg7 Ba4 Kf6 Bb3 Nb6 Rc7 Rd7 Rc5 Rd8 a4 Rc8 Rb5 Rc7 Ne5 Nc8 Nd3 b6 Nf4 Nd6 Re5 Re7 f3 h6 g4 Re8 Kg2 Nf7 Re2 Nd6 Re5 Nf7 Re2 Nd6 Kg3 g5 hxg5+ hxg5 Nh5+ Kf7 Kg2 Ng6 Rc2 Rc8 Re2 Re8 Kf2 f4 Rc2 Rc8 Re2 Re8 Ke1 Nh4 Kf2 Ng6
FIDE WCh KO,Tripoli LBA,2004.06.20,1.4,"Neverov,V","Mamedyarov,S",0-1,E91,d4 Nf6 c4 g6 Nc3 Bg7 e4 d6 Nf3 O-O Be2 Bg4 Be3 Nfd7 Rc1 c5 d5 Na6 O-O Nc7 h3 Bxf3 Bxf3 a6 a4 Re8 Be2 e6 Qd2 exd5 exd5 Qh4 Rce1 f5 Bf4 Ne5 Qc1 Qf6 Bd2 Nf7 Kh1 Qh4 f4 Nh6 Bf3 Ng4 Re2 Qg3 hxg4 Qh4+ Kg1 fxg4 Bxg4 Qxg4 Rf3 Bd4+ Kh2 Rxe2 Nxe2 Qh5+ Kg3 Bf6 Kf2 Re8 Bc3 Qh4+ Ng3 b5 b3 b4 Bb2 Rf8 Bxf6 Qxf6 Ne4 Qd4+ Qe3 Qxe3+ Kxe3 h6 g4 g5 f5 Kg7 Nf6 a5 Ke4 Rxf6 Kd3 Rf7 Re3 Rf8 Ke2 Rf7 Kf2 Rf8 Kg3 Rf7 Re6 Rf6 Re7+ Rf7 f6+ Kg6 Re8 Rxf6 Ra8 Rf1 Ra6 Rb1 Rxd6+ Kf7 Kf3 Rxb3+ Ke4 Rc3 Rb6 Rxc4+ Ke5 Rxg4 d6 Rd4 Rb7 Kg6 d7 Kh5 Rxb4 Rd1 Rg4 Kxg4
FIDE WCh KO,Tripoli LBA,2004.06.20,1.4,"Vasquez,R","Vallejo Pons,F",0-1,D47,d4 d5 c4 e6 Nf3 Nf6 Nc3 c6 e3 Nbd7 Bd3 dxc4 Bxc4 b5 Bd3 Bb7 e4 b4 Na4 c5 e5 Nd5 O-O cxd4 Re1 a6 Nxd4 g6 Qg4 Qa5 b3 Nc5 Nxc5 Bxc5 Nf3 Qb6 Qg3 O-O-O Bg5 Rd7 Be4 Kb8 Rad1 Rc8 Bxd5 Rxd5 Nd2 Qa5 Ra1 Bd4 Nc4 Rxc4 bxc4 Rd7 Rab1 Bc3 Red1 Qxa2 h4 Qa4 Qg4 h5 Qe2 a5 Rxd7 Qxd7 Rd1 Qc6 f3 a4 Qe3 a3 Rd8+ Bc8 Rd6 Qb7 Qf2 b3 Rb6 a2 Rxb7+ Bxb7 Qb6 a1=Q+ Kh2 Bxe5+ f4 Bf6
FIDE WCh KO,Tripoli LBA,2004.06.20,1.4,"Bologan,V","Paragua,M",1-0,B41,e4 c5 Nf3 e6 c4 Qc7 Nc3 a6 d4 cxd4 Nxd4 Nf6 Be2 Bb4 O-O Bxc3 bxc3 Nxe4 Bf3 Nc5 Nb3 O-O Nxc5 Qxc5 Qb3 Qc7 Ba3 d6 Rfd1 Rd8 Rab1 Nc6 Qb6 Qxb6 Rxb6 Ne5 Rbxd6 Rxd6 Rxd6 Bd7 Bxb7 Rb8 Rxa6 Nxc4 Bb4 g6 Ra8 Rxa8 Bxa8 Kg7 f4 Kf6 Kf2 Nb6 Be4 e5 g3 Ke6 Bc2 f6 fxe5 fxe5 Bb3+ Kf5 c4 Be6 c5 Bxb3 axb3 Nd5 Ba5 Ne7 Ke3 Ke6 Ke4 Nd5 Kd3 Kd7 Kc4 Kc6 Bd2 Nc7 b4 Nb5 Bc3 e4 Bd2 h5 h4
FIDE WCh KO,Tripoli LBA,2004.06.20,1.4,"Van Wely,L","Ivanov,AV USA",1-0,A41,d4 g6 c4 Bg7 Nf3 d6 e4 Bg4 Be2 Nc6 Be3 e5 d5 Bxf3 Bxf3 Nce7 g4 Nf6 g5 Nd7 h4 h5 Nc3 O-O a3 c6 Rc1 cxd5 cxd5 a6 Be2 Rc8 O-O f6 Qd2 fxg5 hxg5 Nc5 Bd1 Rc7 b4 Nd7 Ne2 Rxc1 Qxc1 Nc8 f3 Rf7 Kg2 Nf8 Ng1 Nh7 Nh3 Bf8 Rf2 Rc7 Rc2 Rxc2+ Bxc2 Be7 Bb3 Qd7 a4 Bd8 a5 Bc7 Ba4 Qd8 Bb3 Bb8 f4 Qd7 fxe5 Qg4+ Kh2 Ne7 Nf2 Qf3 Bd1 Qf8 e6 Nxg5 Kg2 Nh7 Bd4 Nc8 Qe3 Qe8 Qh6
FIDE WCh KO,Tripoli LBA,2004.06.20,1.4,"Acs,P","Nikolic,Pr",1/2-1/2,C18,e4 e6 d4 d5 Nc3 Bb4 e5 c5 a3 Bxc3+ bxc3 Qc7 Qg4 f6 Nf3 c4 Be2 Nc6 Qg3 Qf7 O-O Qg6 exf6 Qxg3 f7+ Kxf7 fxg3 Ke8 Ne5 Nxe5 dxe5 Ne7 Bh5+ g6 Bg4 Nc6 Bh6 Bd7 Rae1 Nd8 Rf6 Rc8 Ref1 Rc6 h4 Ra6 h5 Ba4 Rf8+ Rxf8 Rxf8+ Ke7 Rg8 Nf7 Bg7 Kd7 Bf6 Nh6 Rg7+ Kc8 Bh3 gxh5 Rxh7 Nf5 Rh8+ Kd7 Rh7+ Ke8 Rxh5 Bxc2 Rh7 Rxa3 Bg4 Ra1+ Kh2 Rh1+ Kxh1 Nxg3+ Kh2 Bxh7 Kxg3 Kd7 Kf2 b5 Ke3 a5 Bg7 b4 Bf8 bxc3 Kd4 c2 Ba3 Bg6 g3 Be4 Bc1 Bd3 Ba3 Bg6
FIDE WCh KO,Tripoli LBA,2004.06.20,1.4,"Kasimdzhanov,R","Ramirez,Al",1/2-1/2,D10,c4 c6 Nc3 d5 d4 Nf6 e3 a6 Qc2 Bg4 f3 Bh5 Qb3 b5 cxd5 Nxd5 Nge2 e6 e4 Nxc3 Qxc3 Bd6 Nf4 Bg6 Be2 Qe7 O-O e5 dxe5 Bxe5 Qc2 Bd4+ Kh1 O-O Rd1 c5 a4 b4 Bc4 Nc6 Bd5 Na5 Bxa8 Rxa8 Qd3 f5 Nxg6 hxg6 exf5 gxf5 Qxf5 Re8 Bd2 Nb3 Re1 Nxa1 Rxe7 Rxe7 Qc8+ Kf7 Qf5+ Kg8 Qc8+ Kf7
FIDE WCh KO,Tripoli LBA,2004.06.20,1.4,"Guseinov,G","Vescovi,G",1-0,B30,e4 c5 Nf3 Nc6 Nc3 e5 Bc4 Be7 d3 d6 O-O Nf6 Ng5 O-O f4 Bg4 Qe1 exf4 Bxf4 Nd4 Qd2 h6 Nf3 Nxf3+ gxf3 Be6 Rae1 Kh7 Kh1 Qd7 Rg1 a6 Qg2 Rg8 Bd2 g6 f4 b5 Bxe6 fxe6 Qh3 Bf8 Rg2 b4 Ne2 d5 e5 Nh5 Reg1 Qf7 Qe3 Ng7 Rg4 Nf5 Qh3 c4 d4 c3 bxc3 Rc8 Qd3 bxc3 Bxc3 Rc6 Rb1 Qc7 Rgg1 Be7 Rb3 Rc8 Rgb1 Qd7 Ng3 Ng7 Rg1 Bh4 Ne2 Nf5 Rgb1 Qf7 Rb7 R8c7 R7b6 Ng7 a4 Rc4 a5 Nh5 Rg1 R7c6 Rb7 Rc7 Rb6 R7c6 Bd2 Bd8 Rb7 Rc7 Rb8 Be7 Rb6 Rxc2 Rxa6 Ra2 Ra8 Rcc2 Rd1 Rcb2 a6 Ng7 a7 Bh4 Rb8 Qxa7 Rxb2 Rxb2 Rc1 Qa2 Rd1 Be7 Nc3 Qb3 Rb1 Bb4
FIDE WCh KO,Tripoli LBA,2004.06.20,1.4,"Garcia Palermo,C",Ye Jiangchuan,0-1,A46,d4 Nf6 Bg5 e6 e3 h6 Bh4 Be7 Nd2 b6 c3 Bb7 Ngf3 c5 Bd3 Nc6 Qe2 O-O O-O cxd4 exd4 Nh5 Bxe7 Nxe7 g3 Nf6 a4 a6 Ne4 Nxe4 Bxe4 Qc7 Ne5 d6 Nd3 Rfc8 Rfe1 Nd5 Bg2 Nf6 Nb4 Bxg2 Kxg2 a5 Nc2 Qd7 Ra3 Rab8 Qb5 Qb7+ f3 d5 Rb3 Ne8 Na3 Nd6 Qd3 Qd7 Nb5 Nc4 Re2 Re8 f4 f6 Qg6 Re7 Qg4 Qc6 Kh3 Rbe8 Qg6 Qd7 Kg2 e5 dxe5 fxe5 fxe5 Rxe5 Rxe5 Rxe5 Nd4 Qxa4 Rb5 Qd1 Rxb6 Ne3+ Kh3 Qc2
FIDE WCh KO,Tripoli LBA,2004.06.20,1.4,"Rublevsky,S","Adly,A",1-0,B52,e4 c5 Nf3 d6 Bb5+ Bd7 Bxd7+ Qxd7 O-O Nc6 c3 Nf6 Qe2 e6 d4 cxd4 cxd4 d5 e5 Ne4 Nbd2 Nxd2 Bxd2 Be7 Rac1 h6 Rc3 g5 Be3 g4 Ne1 Bb4 Rc2 Bxe1 Rxe1 Rg8 Rec1 O-O-O Qb5 Kc7 Bd2 a6 Rxc6+
FIDE WCh KO,Tripoli LBA,2004.06.20,1.4,"Azmaiparashvili,Z","Mahjoob,M",1-0,E05,d4 Nf6 Nf3 e6 g3 d5 Bg2 Be7 O-O O-O c4 dxc4 Qc2 a6 a4 Bd7 Qxc4 Bc6 Bg5 Bd5 Qc2 Be4 Qd1 h6 Bxf6 Bxf6 Nc3 Bxf3 Bxf3 c6 Qb3 Ra7 a5 Nd7 Rfd1 Qc7 Ne4 Be7 Nd2 Raa8 Nc4 Rad8 Rac1 Nf6 e4 Qb8 Kg2 Ne8 d5 exd5 exd5 Bg5 Rc3 c5 Qb6 Nc7 Qxc5 Nb5 Rcd3 Rc8 Qb4 Rxc4 Qxc4 Nd6 Qb4 Rc8 Rc3 Re8 Rb3 Rc8 Rc3 Re8 Rb3 Bf6 Rc1 g6 Qb6 Bg5 Rc7 Bd8 Rxb7 Nxb7 Qxb7 Qxb7 Rxb7 Bxa5 d6 Rd8 b4
FIDE WCh KO,Tripoli LBA,2004.06.20,1.4,"Felgaer,R","Jobava,Ba",1/2-1/2,B11,e4 c6 Nc3 d5 Nf3 Bg4 h3 Bxf3 Qxf3 Nf6 d4 dxe4 Nxe4 Qxd4 Bd3 e6 O-O Be7 Be3 Qd8 Rad1 Nbd7 Qg3 Nxe4 Bxe4 O-O Rd3 Qe8 Rfd1 Nf6 Bf3 Nd5 Bd4 Bf6 Bc5 Be7 Bd4 f6 c4 Nb6 Bxb6 axb6 Qc7 Bc5 Rd7 Qg6 a3 e5 Qxb7 Bd4 Qxc6 Rac8 Qe6+ Kh8 b4 Qc2 R1xd4 exd4 Qg4 Qc1+ Kh2 Qg5 Qxg5 fxg5 Rxd4 Rf4 Rd6 Rf6 Rd7 g6 Bd5 Rxf2 Rb7 Rf6 a4 Ra8 Rxh7+ Kxh7 Bxa8 Kg7 Bd5 Rf2 a5 bxa5 bxa5 Ra2 Kg3 Rxa5 Kg4 Kf6
FIDE WCh KO,Tripoli LBA,2004.06.20,1.4,"Kharlov,A","Dautov,R",1/2-1/2,B22,e4 c5 c3 d5 exd5 Qxd5 d4 g6 Be3 cxd4 Qxd4 Nf6 Na3 Nc6 Qa4 Bg7 Nb5 Qd8 Nf3 O-O Rd1 Bd7 Be2 a6 Nbd4 Nd5 Nxc6 Bxc6 Qb3 Qa5 Bd2 Qc7 O-O e5 c4 Nf4 Bxf4 exf4 Nd4 Bxd4 Rxd4 Qe5 Qd3 Rfe8 Bf3 Bxf3 gxf3 Rad8 Rxd8 Qg5+ Kh1 Rxd8 Qe2 Qf6 b3 Qd4 Re1 Rd6 Qe8+ Kg7 Kg2 Qf6 Qe5 Rd2 Qxf6+ Kxf6 Re8 h5 Rb8 Rd7 c5 Ke6 c6 bxc6 Rb6 Kd5 Rxa6 Kc5 Ra4 Rd4 Ra7 f6 a3 Kb6 Ra8 Rd3 b4 Kb7 Rf8 Rxa3 Rxf6 Rb3 Rxf4 Kb6 Rc4 Kb5 Rc5+
FIDE WCh KO,Tripoli LBA,2004.06.20,1.4,"Vladimirov,E",Ni Hua,1/2-1/2,D13,d4 d5 c4 c6 Nf3 Nf6 cxd5 cxd5 Nc3 Nc6 Bf4 a6 Rc1 Bf5 e3 Qb6 Bd3 Bxd3 Qxd3 e6 O-O Be7 Ne5 O-O Nxc6 Qxc6 Ne2 Qb6 Rc7 Rfe8 Qb3 Qxb3 axb3 b6 Rfc1 Bd8 R7c6 Re7 h3 Rd7 Nc3 Kf8 Na4 Rb7 Kf1 Nd7 Rc8 Rxc8 Rxc8 Ke7 Ke2 f6 Ra8 b5 Nc3 Rb6 Na2 b4 Nc1 Rc6 Nd3 a5 Kd2 g5 Bg3 h5 h4 Ke8 hxg5 fxg5 Ne5 Nxe5 Bxe5 Kd7 f3 Rc8 Ra7+ Kc6 Ra6+ Kd7 e4 dxe4 fxe4 h4 Ra7+ Ke8 Kd3 Rc1 d5 exd5 exd5 Re1 Bd6 Rg1 Ke4 Rxg2 Rh7 g4 Kf5 g3 Be5 Re2 d6 Rxe5+ Kxe5 g2 d7+ Kf8 Rh8+ Ke7 Rh7+ Kf8 Rh8+ Ke7 Rh7+ Kf8 Rh8+ Ke7 Ke4
FIDE WCh KO,Tripoli LBA,2004.06.20,1.4,"Kacheishvili,G","Kotronias,V",1/2-1/2,E69,d4 Nf6 c4 g6 Nf3 Bg7 g3 O-O Bg2 d6 O-O Nbd7 Nc3 e5 h3 c6 e4 Qb6 c5 dxc5 dxe5 Ne8 e6 fxe6 Ng5 Ne5 f4 Nf7 Nxf7 Bd4+ Kh1 Rxf7 e5 Qc7 Ne4 b6 Qc2 Ba6 Re1 Rd8 a4 c4 Ra3 c5 g4 Bb7 h4 Bd5 Rh3 Rg7 g5 Bxe4 Bxe4 Qf7 Kg2 Nc7 h5 gxh5 Reh1 Nd5 Rxh5 Ne3+ Bxe3 Bxe3 Bxh7+ Kf8 Qe4 Bxf4 g6 Rd4 Qa8+ Qe8 Qxe8+ Kxe8 Kf3 Kd7 Re1 Kc6 Re2 Kd5 Rh1 Bxe5 Rhe1 Rf4+ Kg2 Rf5 Kh3 Kd6 Kg4 Kd5 Rh1 Bd4 Rh5 Rxh5 Kxh5 e5 Kg5 e4 Kf5 e3 Rg2 a6 Kf4
FIDE WCh KO,Tripoli LBA,2004.06.20,1.4,"Smirnov,P","Bruzon,L",1/2-1/2,B42,e4 c5 Nf3 e6 d4 cxd4 Nxd4 a6 Bd3 Qb6 c3 d6 O-O Nf6 Be3 Qc7 c4 Be7 Nc3 O-O f4 Nbd7 Qf3 b6 Rac1 Bb7 b4 Rac8 Qh3 Rfe8 g4 g6 g5 Nh5 Be2 Ng7 f5 exf5 exf5 Qd8 Qg3 Bf8 f6 Ne6 Nxe6 Rxe6 Bg4 Re5 Nd5 b5 Bf4 Rxc4 Rxc4 bxc4 Bxe5 Nxe5 Rd1 Bxd5 Rxd5 Qb6+ Kf1 c3 Rxe5 dxe5 Qxc3 h5 Be2 Qb7 Qxe5 Bxb4 Kf2 h4 Bc4 h3 Bd5 Qd7 Qe4 Bc5+ Kf3 Kf8 Bb3 Qd8 Qd5
FIDE WCh KO,Tripoli LBA,2004.06.20,1.4,"Agrest,E","Asrian,K",1/2-1/2,D36,d4 d5 c4 e6 Nc3 Nf6 cxd5 exd5 Bg5 Be7 e3 c6 Qc2 Nbd7 Nf3 O-O Bd3 Re8 O-O Nf8 Rae1 Be6 Nd2 N6d7 Bxe7 Rxe7 f4 f6 Nf3 Nb6 f5 Bf7 g4 h6 Nh4 Qd6 Ng2 Rae8 Qf2 Nbd7 Re2 a6 Nf4 b5 h4 b4 Nd1 c5 Qf3 cxd4 exd4 Qb6 Qf2 Rxe2 Nxe2 Nb8 Ne3 Nc6 Ng2 b3 a3 Na5 Nc3 Nd7 Re1 Rxe1+ Nxe1 Qd6 Bf1 Qb6 Bg2 Qd6 Nd3 Nc4 Nb4 Ndb6 Nxa6 Nxa3 bxa3 Qxa3 Nc7 Qc1+ Bf1 Qxc3 Nb5 Qb4 Qb2 Nc4 Bxc4 Qxc4 Na3 Qd3 Kg2 Qe4+ Kg3 Qe3+ Kg2 Qe4+
FIDE WCh KO,Tripoli LBA,2004.06.20,1.4,"Dominguez,L","Inarkiev,E",1-0,C91,e4 e5 Nf3 Nc6 Bb5 a6 Ba4 Nf6 O-O Be7 Re1 b5 Bb3 d6 c3 O-O d4 Bg4 Be3 exd4 cxd4 Na5 Bc2 c5 h3 cxd4 Bxd4 Bh5 g4 Bg6 Nc3 Rc8 Rc1 Nc6 Be3 Re8 Nh4 Nd7 Nxg6 hxg6 Nd5 Bh4 Re2 Nf6 Bb3 Nxe4 Nb6 Nxf2 Bxf2 Bxf2+ Rxf2 Qxb6 Bxf7+ Kh7 Qxd6 Re5 Bxg6+ Kg8 Qxe5 Qxf2+ Kxf2 Rf8+ Qf5
FIDE WCh KO,Tripoli LBA,2004.06.20,1.4,"Harikrishna,P",Xu Jun,1-0,A67,d4 Nf6 c4 c5 d5 e6 Nc3 exd5 cxd5 d6 e4 g6 f4 Bg7 Bb5+ Nfd7 a4 O-O Nf3 Na6 O-O Nc7 Bd3 b6 Nd2 Nf6 Nc4 Ba6 Qf3 Bxc4 Bxc4 Nd7 Rb1 a6 b4 cxb4 Rxb4 Rb8 Bd2 Re8 e5 Nc5 e6 fxe6 dxe6 N7xe6 Nd5 Kh8 Bc3 a5 Rbb1 Nd4 Qf2 Re4 Rfe1 Qe8 Rbd1 Nf5 Bxg7+ Nxg7 Nf6 Rxe1+ Rxe1 Qxa4 Qh4
FIDE WCh KO,Tripoli LBA,2004.06.20,1.4,"Tiviakov,S","Sargissian,G",1-0,C54,e4 e5 Nf3 Nc6 Bc4 Bc5 c3 Nf6 d3 d6 Bb3 a6 h3 Ba7 Nbd2 O-O Nf1 d5 Qe2 dxe4 dxe4 Qe7 Ng3 Be6 Bc2 Rfe8 Nh4 Qf8 Nhf5 Ne7 Bg5 Bxf5 exf5 Ned5 O-O-O h6 Bh4 Qc5 Ne4 Qc6 Bb3 Nf4 Nxf6+ Qxf6 Qg4 Qc6 f6 Qxg2 Bg3 g5 Qd7 Rf8 Bxf4 exf4 Qf5 Rfd8 Qg6+
FIDE WCh KO,Tripoli LBA,2004.06.20,1.4,"Carlsen,M","Aronian,L",0-1,A45,d4 Nf6 Bg5 e6 e4 h6 Bxf6 Qxf6 Nc3 Bb4 Qd2 d6 Nge2 Nc6 a3 Bxc3 Qxc3 O-O f4 e5 dxe5 dxe5 f5 g6 g4 h5 h3 Rd8 Qe3 b6 g5 Qd6 Nc3 Qd4 Qxd4 Nxd4 O-O-O gxf5 Bc4 Kg7 exf5 Bxf5 Rhf1 Rf8 h4 c6 Ne2 Nxe2+ Bxe2 Bg6 Rd7 Rad8 Rxa7 Rd4 Rh1 Rfd8 Re7 R8d5 Bd3 Bxd3 cxd3 Rf4 Kd2 e4 Ke3 Rf3+ Ke2 Rdxd3 Rxe4 Rb3 a4 c5 Re7 Rf4 Rb7 Rxb2+ Ke3 Rbb4 Rg1 Rbe4+ Kd3 Rd4+ Ke3 Rde4+ Kd3 Rg4 Rf1 Rgf4 Rxf4 Rxf4 Rxb6 Rxa4 Rc6 Rxh4 Rxc5 Rg4 Ke3 Kg6 Kf3 Rxg5 Rc6+ f6 Rc4 Rg1 Rc8 Rg4 Rg8+ Kf5 Rh8 Rg5 Rh6 Ke5 Rh8 Rf5+ Ke3 Kd5 Ra8 Ke6 Ra7 Rb5 Kf4 Rb4+ Kf3 Kf5 Ra5+ Kg6 Ra8 h4 Ra5 Rb3+ Kg4 h3 Rg5+ Kf7 Rh5 Ke6 Rh8 Rc3 Kf4 Kf7 Kg4 Kg6 Kf4 Rc2 Kg3 h2 Kf3 Kf5 Rh5+ Ke6 Rh8 Ke5 Re8+ Kd4 Rd8+ Kc3 Rh8 Rd2 Kg3 Kd3 Kf3 Kc2 Kg3 Kd1
FIDE WCh KO,Tripoli LBA,2004.06.20,1.4,"Landa,K","Movsesian,S",1/2-1/2,B81,e4 c5 Nf3 d6 d4 cxd4 Nxd4 Nf6 Nc3 e6 g4 h6 h3 Nc6 Be3 a6 f4 d5 e5 Nd7 Bg2 Nb6 Qe2 Nc4 O-O-O Qb6 b3 Qb4 Nb1 Nxe3 Qxe3 Nxd4 Qxd4 Qxd4 Rxd4 Bc5 Rd3 Bd7 Nd2 Rc8 Kb2 b5 a3 Ke7 Rd1 Rc7 Nf3 Rhc8 R1d2 a5 Nd4 b4 a4 Bb6 h4 Rc3 Bf1 f6 exf6+ gxf6 Bg2 e5 Nf5+ Bxf5 gxf5 Rxd3 Rxd3 Bd4+ Kc1 Rc3 Rxc3 Bxc3 Bxd5
FIDE WCh KO,Tripoli LBA,2004.06.20,1.4,"Volkov,S1","Nakamura,H",0-1,E92,d4 Nf6 c4 g6 Nc3 Bg7 e4 d6 Be2 O-O Nf3 e5 Be3 Na6 d5 Ng4 Bg5 f6 Bh4 h5 Nd2 Bd7 h3 Nh6 g4 hxg4 hxg4 Qe7 Nf1 Nf7 Ne3 Bh6 Bd3 Kg7 Qe2 Rh8 O-O-O c5 a3 Nc7 Kb1 a6 f3 b5 Bf2 Rab8 cxb5 axb5 b4 Na6 Qb2 Rhc8 Be2 Rb7 Rc1 Bf4 Rc2 Qe8 Na2 Rbc7 Ng2 Bh6 Be3 Bxe3 Nxe3 Qe7 Bd1 Rh8 Rch2 Rcc8 Rxh8 Rxh8 Rxh8 Kxh8 Nc3 cxb4 axb4 Qd8 Qh2+ Kg7 Nc2 Qb6 Kb2 Ng5 Kb3 Nc7 Be2 Qa7 Qg2 Kf7 Qf1 Qb6 Qa1 Ke7 Qa5 Qb7 Na3 f5 gxf5 gxf5 Nc2 fxe4 fxe4 Nxe4 Nxe4 Qxd5+ Kb2 Qxe4 Bd1 Ne6 Qa3 Nd4 Qg3 Kd8 Ne3 Kc7 Qe1 Nc6 Bb3 Qd4+ Ka3 Nxb4 Qc1+ Bc6 Qg1 Nd3 Qg7+ Kb6 Nd1 Qa1+
FIDE WCh KO,Tripoli LBA,2004.06.20,1.5,"Felgaer,R","Jobava,Ba",0-1,C41,e4 d6 d4 Nf6 Nc3 e5 Nf3 Nbd7 Bc4 Be7 O-O O-O Re1 h6 h3 c6 a4 a5 Ba2 Re8 Be3 Qc7 Qd2 Nf8 Rad1 Ng6 Bb3 Bf8 Qd3 Nh5 Nd2 Nhf4 Qf1 exd4 Bxd4 Nh4 Re3 Nfxg2 Rg3 Nf4 Nc4 Nh5 Nb6 Rb8 Nxc8 Rbxc8 Rg4 Nf3+ Kh1 d5 Qg2 Nxd4 Rxd4 Nf6 Rg3 Qe5 Rgd3 Bc5 f4 Qxf4 Rf3 Qxf3 Qxf3 Bxd4 exd5 Re3 Qf5 Rce8 d6 Bxc3 d7 Re1+ Kg2 R8e2+ Kf3 Re3+ Kf2 R3e2+ Kg3 Rd2 bxc3 Rg1+ Kf4 Rf1+
FIDE WCh KO,Tripoli LBA,2004.06.20,1.5,"Vladimirov,E",Ni Hua,1-0,A57,d4 Nf6 c4 c5 d5 b5 cxb5 a6 b6 e6 Nc3 exd5 Nxd5 Nxd5 Qxd5 Nc6 Nf3 Rb8 Bd2 Be7 Bc3 O-O e4 Rxb6 Bc4 d6 Qd2 Bf6 Rd1 Re8 O-O Rxe4 Bd5 Re8 Qf4 Nb4 Bb3 Be6 Rfe1 a5 h4 h6 Bxe6 fxe6 Qg4 d5 a3 Bxc3 bxc3 Na6 Re5 Nc7 Rde1 Qf6 c4 Rd6 cxd5 Rxd5 Qc4 Red8 R5e4 Qf5 Qe2 Qf6 Qe3 Qe7 Ne5 Rd3 Nxd3 Nd5 Qxc5
FIDE WCh KO,Tripoli LBA,2004.06.20,1.5,"Sargissian,G","Tiviakov,S",1-0,E42,d4 Nf6 c4 e6 Nc3 Bb4 e3 c5 Ne2 cxd4 exd4 O-O a3 Be7 Nf4 d5 cxd5 Nxd5 Ncxd5 exd5 Be2 Nc6 O-O Bg5 Bf3 Bxf4 Bxf4 Bf5 Qd2 Qd7 h3 Rfe8 Rfe1 h6 Rac1 a6 Bg3 Rac8 Qf4 Rxe1+ Rxe1 Be6 Qd2 Ne7 Bf4 Nf5 Bg4 Rc4 Be5 Rc6 Bd1 Nd6 Bxd6 Rxd6 Bf3 Rc6 Rc1 Qc7 Rxc6 Qxc6 h4 Qd6 g3 Kf8 Qc3 Ke7 Kf1 Kd7 Ke1 Kd8 Kd2 Kd7 b4 Qc6 Qc5 Qd6 Be2 g5 hxg5 hxg5 a4 Qc7 a5 Qd6 Kc3 Qc7 Kd2 Qd6 b5 axb5 Bxb5+ Ke7 Kc3 Bf5 Kb4 Be6 Ba4 Bf5 Bb3 Be4 Qxd6+ Kxd6 Kb5 Bf5 Kb6 Bc8 Ba4 f6 Bb5 f5 f4 gxf4 gxf4
FIDE WCh KO,Tripoli LBA,2004.06.20,1.5,"Vasquez,R","Vallejo Pons,F",0-1,B99,e4 c5 Nf3 d6 d4 cxd4 Nxd4 Nf6 Nc3 a6 Bg5 e6 f4 Be7 Qf3 Qc7 O-O-O Nbd7 g4 b5 Bxf6 Nxf6 g5 Nd7 f5 Nc5 f6 gxf6 gxf6 Bf8 Rg1 h5 Rg7 b4 Nd5 exd5 exd5 Nd7 Nc6 Bb7 Bh3 Bxc6 dxc6 Ne5 Bd7+ Kd8 Qe4 Qb6 Be6 Kc7 Bxf7 Nxc6 Bd5+ Bxg7 fxg7 Rhg8 Bxg8 Rxg8 Qe6 Rxg7 Qxd6+ Kb7 Qh6 Qc7 Qxh5 Rh7 Qg4 Qxh2 b3 Qe5 Kb1 Re7 Rd7+ Rxd7 Qxd7+ Kb6 Qc8 Qd6 Qf5 Qd1+ Kb2 Qd4+ Kb1 Na7 Qe6+ Ka5 Qf5+ Nb5 Qg5 Qd1+ Kb2 Qd4+ Kb1 Kb6 Qh6+ Kc7 Qh7+ Qd7 Qh2+ Qd6 Qg1 Qe5 Qf2 Nc3+ Kc1 Qg5+
FIDE WCh KO,Tripoli LBA,2004.06.20,1.6,"Vallejo Pons,F","Vasquez,R",1/2-1/2,B66,e4 c5 Ne2 Nc6 d4 cxd4 Nxd4 Nf6 Nc3 d6 Bg5 e6 Qd2 a6 O-O-O h6 Be3 Nxd4 Bxd4 b5 f3 Qa5 Kb1 b4 Bxf6 gxf6 Ne2 Bb7 Nf4 O-O-O Bc4 Qb6 Nd3 a5 c3 d5 exd5 Bxd5 Bxd5 Rxd5 cxb4 axb4 Qc2+ Kb8 Nf4 Rxd1+ Rxd1 Bd6 g3 f5 Qb3 Rc8 a3 Rc6 axb4 Bxb4 Nd3 Bd6 Qxb6+ Rxb6 Rc1 Rb5 Rc4 Kb7 Rh4 Bf8 Rc4 Rd5 Kc2 Ra5 Kb3 Ra1 Ne5 f6 Nc6 Kc7 Nd4+ Kd7 Ra4 Re1 Ra7+ Ke8 Kc4 Rc1+ Kd3 Rd1+ Kc4 Re1 b4 Rc1+ Kd3 Bxb4 Nxe6 Rc3+ Ke2 Rc2+ Kd3 Rc3+ Ke2 Rc2+ Kd3 Rxh2 Ng7+ Kf8 Nxf5 h5 Rb7 Be1 Rh7 Kg8 Rg7+ Kh8 Rg6 Rd2+ Ke3 Rd5 Rh6+ Kg8 Ne7+ Kg7 Nxd5 Kxh6 Nxf6 Bxg3 Nxh5 Kxh5 Ke4
FIDE WCh KO,Tripoli LBA,2004.06.20,1.6,"Jobava,Ba","Felgaer,R",0-1,D12,d4 d5 c4 c6 Nf3 Nf6 e3 Bf5 Nc3 e6 Nh4 Bg6 Nxg6 hxg6 Qb3 Qc7 Bd2 Nbd7 g3 Nb6 cxd5 exd5 Rd1 Bd6 Bg2 O-O O-O Rfe8 Qc2 Nc4 Bc1 Bb4 b3 Nb6 Bb2 Re7 a3 Bd6 Rfe1 Rae8 Ne2 Nbd7 Nc1 Ne4 Nd3 Re6 b4 Nb6 Nc5 Bxc5 dxc5 Nc4 Bc1 f5 Rd4 Qf7 Red1 Ne5 Bb2 Ng4 Rf1 g5 Bc1 Qh5 h3 Ne5 f4 gxf4 gxf4 Ng6 Qd1 Qh6 Kh2 Nh4 Rg1 Rg6 Bh1 Nf2 Rxg6 Nxg6 Qf3 Ne4 Rd1 Kf7 Rg1 Rh8 Bb2 Rh7 Bg2 Nh4 Qe2 Nd2 Kg3 Nxg2 Qxg2 Ne4+ Kh2 Nf2 Bxg7 Qxh3+ Qxh3 Nxh3 Rb1 Nxf4+ Kg1 Rxg7+ Kf2 Nd3+
FIDE WCh KO,Tripoli LBA,2004.06.20,1.6,Ni Hua,"Vladimirov,E",1-0,C27,e4 e5 Nc3 Nf6 Bc4 Nxe4 Bxf7+ Kxf7 Nxe4 d5 Ng3 Nc6 d3 Be7 Nf3 Rf8 O-O Kg8 h3 Qd6 Re1 Bd7 b3 Rae8 Bb2 Bf6 Rb1 g6 c4 Bg7 cxd5 Qxd5 Ne4 Nd4 Bxd4 exd4 Rc1 Bc6 Qd2 Qd7 Qg5 Rf5 Qg3 Re7 Rc2 Rf8 Rce2 Ree8 Nc5 Qd6 Rxe8 Rxe8 Rxe8+ Bxe8 Qxd6 cxd6 Nxb7 Bb5 Ne1 Bf8 Kf1 Kf7 a4 Bd7 Nf3 Ke6 Nxd4+ Kd5 Nc2 Bg7 Na5 Bc3 Nc4 Kc5 Ke2 d5 Nd2 a5 Nf3 Kd6 Nfd4 Kc5 Ke3 Bb2 Ne2 Bf6 f4 g5 g4 gxf4+ Kxf4 h6 Kf3 Kd6 d4 Be8 Ne3 Bg6 Nf5+ Kc6 Nxh6 Bc2 Kf4 Bxb3 g5 Bh8 Nf7 Bg7 Ne5+ Kd6 Nc3 Bxe5+ dxe5+ Ke6 g6 Bc2 Kg5 d4 Nb5 d3 g7 Kf7 Kh6 d2 Nc3 Bf5 h4 Kg8 h5 Kf7 Kg5 Bc2 h6 Bxa4 e6+ Kg8 Ne4
FIDE WCh KO,Tripoli LBA,2004.06.20,1.6,"Tiviakov,S","Sargissian,G",1-0,B17,e4 c6 d4 d5 Nd2 dxe4 Nxe4 Nd7 Nf3 Ngf6 Ng3 c5 dxc5 e6 b4 a5 c3 Qc7 Bd2 b6 cxb6 Nxb6 Be2 Bd6 Nd4 Bd7 Nb5 Bxb5 Bxb5+ Ke7 Qe2 Be5 Rc1 h5 bxa5 Nbd7 c4 Nc5 Bb4 h4 Qe3 Rhc8 Ne2 Bd6 a3 Qb7 f3 h3 gxh3 Qc7 Rd1 Kf8 Rg1 Be7 Qg5 g6 Qh6+ Kg8 Qf4 e5 Qh6 Ne6 h4 Ng7 Ng3 Rd8 h5 Bxb4+ axb4 Qe7 hxg6 fxg6 Kf2 Qxb4 Qxg6 Qb3 Rxd8+ Rxd8 Ne2 Nh5 Qxh5 e4 Qg4 e3+ Kg2 Qb2 Kh1 Rd6 c5 Rh6 Bc4+
FIDE WCh KO,Tripoli LBA,2004.06.20,1.7,"Felgaer,R","Jobava,Ba",1-0,C41,e4 d6 d4 Nf6 Nc3 e5 Nf3 Nbd7 Bc4 Be7 O-O O-O a4 a5 b3 c6 Bb2 h6 Re1 Re8 Bd3 Qc7 Ne2 Bf8 Ng3 g6 Qd2 Bg7 Rad1 Nf8 h3 Bd7 Bc3 b6 Qc1 Rad8 Qb2 N6h7 Nf1 Bc8 Ne3 Ng5 Nxg5 hxg5 Bc4 exd4 Bxd4 Be5 Qc3 Qe7 Bd3 Bb7 Nc4 Bxd4 Qxd4 c5 Qe3 Nd7 Qg3 Ne5 Nxb6 Qf6 f3 Kg7 Nc4 Nxc4 Bxc4 Qe5 Qf2 Qf4 Re2 f5 exf5 gxf5 Red2 Qe5 Bd5 Ba6 Bc6 Re7 Rd5 Qf6 Bb5 Bb7 R5d2 f4 Bc4 Re3 Rd3 Rde8 Qd2 Re2 Qc3 Qxc3 Rxc3 Rd8
FIDE WCh KO,Tripoli LBA,2004.06.20,1.7,Ni Hua,"Vladimirov,E",1-0,C47,e4 e5 Nf3 Nc6 Nc3 Nf6 g3 Nd4 Bg2 Nxf3+ Qxf3 Bc5 d3 c6 h3 d6 O-O O-O Be3 Bxe3 fxe3 h6 Kh2 Nh7 Rad1 Qe7 Qe2 Bd7 Rf2 f5 exf5 Bxf5 Rdf1 Be6 d4 Rxf2 Rxf2 Nf6 a3 Bf7 Qd2 Re8 Rf1 exd4 exd4 Qe3 Qf2 Qxf2 Rxf2 d5 g4 Bg6 Rd2 Re1 Bf3 Nh7 h4 Nf6 Kg3 Be4 Kf2 Rh1 Bxh1 Bxh1 Kg3 Be4 g5 hxg5 hxg5 Nh5+ Kh4 Bg6 Rf2 Be8 Nd1 g6 Ne3 Ng7 Rf6 Bf7 Rd6 Ne6 c3 Nf4 Rd7 b5 Ng4 Be6 Nf6+ Kf8 Rxa7 Bf5 b3 Ne2 a4 bxa4 bxa4 Nxc3 a5 Nb5 Rb7
FIDE WCh KO,Tripoli LBA,2004.06.20,1.7,"Sargissian,G","Tiviakov,S",0-1,E42,d4 Nf6 c4 e6 Nc3 Bb4 e3 c5 Ne2 cxd4 exd4 O-O a3 Be7 d5 exd5 cxd5 Re8 d6 Bf8 g3 Re6 Bf4 Nh5 Be3 Rxd6 Qc2 Nf6 Bg2 Nc6 O-O Re6 Nf4 Re8 Nfd5 Nxd5 Nxd5 d6 Qb3 Rb8 Rac1 Be6 Rfd1 Qd7 Qa4 a6 Nb6 Qe7 Bxc6 bxc6 Qxc6 Qf6 Rd4 Qg6 b4 Bf5 Qc7 Be4 Nd5 Qf5 Qc4 Qf3 Rxe4 Rxe4 Qc6 Rbe8 Nc7 Rxe3 Qxf3 Rxf3 Nxe8 Rxa3 Rc8 Rb3 Rb8 g6 Nc7 Kg7 Nxa6 d5 b5 d4 Kf1 d3 Ke1 Rb2 b6 Bd6 Rb7 Be5 Kd1 Bc3
FIDE WCh KO,Tripoli LBA,2004.06.21,2.1,"Graf,A","Tkachiev,V",1/2-1/2,D31,d4 d5 c4 e6 Nc3 c6 cxd5 exd5 Bf4 Bd6 Bg3 Ne7 e3 O-O Nf3 Bg4 Bd3 Ng6 Qc2 Bxf3 gxf3 a5 f4 Re8 Bxg6 fxg6 f5 gxf5 Qxf5 Bb4 Rc1 Nd7 O-O Nb6 Ne2 Nc4 Rc2 Qe7 Nf4 Nd2 Rd1 Ne4 Nd3 Rf8 Qh5 Rae8 Be5 Qd7 f4 Rf5 Qf3 Re6 Rg2 Rg6 Nf2 Rxg2+ Kxg2 Nxf2 Kxf2 Qf7 Rg1 g6 Qh3 Kf8
FIDE WCh KO,Tripoli LBA,2004.06.21,2.1,"Sadvakasov,D","Bacrot,E",0-1,C99,e4 e5 Nf3 Nc6 Bb5 a6 Ba4 Nf6 O-O Be7 Re1 b5 Bb3 d6 c3 O-O h3 Na5 Bc2 c5 d4 Qc7 Nbd2 cxd4 cxd4 Nc6 Nb3 a5 Be3 a4 Nbd2 Bd7 Rc1 Qb7 Bd3 Rfe8 Qe2 Rab8 dxe5 Nxe5 Nxe5 dxe5 Nf3 Bb4 Bd2 Bf8 Bg5 Nh5 Nh2 Nf4 Bxf4 exf4 Qd2 Be6 Bb1 Qe7 Qxf4 Qb4 Nf3 Qxb2 Ng5 Bb4 Red1 Qf6 Qe3 Bc4 Nxh7 Qb6 Qxb6 Rxb6 Ng5 Ba3 Rc3 Rd6 Rxd6 Bxd6 Nf3 Rd8 e5 Bb4 Rc1 Ba3 Re1 Bb2 Kh2 a3 Kg3 Kf8 h4 Ke7 Kf4 Bc3 Rh1 b4 Ke3 Rd7 Rc1 Be6 Ke2 Bb2 Rc6 b3 axb3 Bxb3 Nd2 a2 Bxa2 Bxa2 Rc2 Rb7 Nc4 Bb3 Na5 Bxc2 Nxb7 Bxe5 Nc5 Bd4 Na6 Kd6 Nb4 Be4 f3 Bb1
FIDE WCh KO,Tripoli LBA,2004.06.21,2.1,"Delchev,A","Topalov,V",0-1,E48,d4 Nf6 c4 e6 Nc3 Bb4 e3 O-O Bd3 c5 Ne2 d5 cxd5 cxd4 exd4 Nxd5 O-O Nc6 Be4 h6 Nxd5 exd5 Bc2 Bd6 Bf4 Re8 Bxd6 Qxd6 Qd3 g6 Qd2 Kg7 Nf4 Bd7 Rfe1 Rad8 Bb3 Qf6 Red1 Ne7 Rac1 Bc6 Bc2 Nc8 b3 Nd6 f3 Nb5 Ne2 Re7 Re1 Rde8 Kf1 Re3 a4 Nc7 Qa5 Ne6 Qxa7 Qh4 Qa5 Qxh2 Qd2 Ng5 Ng1 Rxf3+ Nxf3 Nxf3
FIDE WCh KO,Tripoli LBA,2004.06.21,2.1,"Elarbi,A","Smirnov,P",0-1,D35,d4 d5 c4 e6 Nf3 Nf6 Nc3 c6 cxd5 exd5 Bg5 h6 Bh4 Bf5 Qb3 g5 Bg3 Qb6 Qxb6 axb6 Rc1 b5 a3 Nbd7 e3 b4 axb4 Bxb4 Nd2 O-O Be2 Bxc3 bxc3 Ra2 c4 Rfa8 cxd5 cxd5 Nb1 Rb2 Nc3 Rc8 f3 Rb3 Kd2 Rb2+ Ke1 b5 Kf2 b4 Nxd5 Rxc1 Nxf6+ Nxf6 Rxc1 Bd3
FIDE WCh KO,Tripoli LBA,2004.06.21,2.1,"Asrian,K","Adams,Mi",1/2-1/2,C88,e4 e5 Nf3 Nc6 Bb5 a6 Ba4 Nf6 O-O Be7 Re1 b5 Bb3 O-O a4 Bb7 d3 d6 c3 Na5 Bc2 c5 Nbd2 Re8 Nf1 h6 Ng3 Bf8 d4 exd4 cxd4 d5 e5 Ne4 Bf4 cxd4 axb5 axb5 Nxd4 Qb6 Ngf5 Nc6 Rxa8 Bxa8 Bxe4 dxe4 Nxc6 Qxc6 Qg4 Re6 Rc1 Qa6 Qd1 Bc6 h4 Re8 h5 b4 Nd6 Bxd6 Qxd6 Bb5 Qxb4 Be2 Qxe4 Bxh5 Qc6 Qxc6 Rxc6 Re7 b4 Rb7 Bd2 Bg4 f3 Bd7 Rc5 Kf8 Kf2 Ke7 Ke3 Ke6 Kd4 Bb5 Rd5 Rd7 Rxd7 Kxd7 g4 Bc6 Ke3 Ke6 Bc3 g6 f4 Ba4 Kf2 Bd1 Kg3 h5 gxh5 Bxh5 b5 Be2 b6 Ba6 Kg4 Bb7 Kg5 Bd5 Bb4 Kd7
FIDE WCh KO,Tripoli LBA,2004.06.21,2.1,"Grischuk,A","Kotronias,V",1-0,B65,e4 c5 Nf3 Nc6 d4 cxd4 Nxd4 Nf6 Nc3 d6 Bg5 e6 Qd2 Be7 O-O-O O-O f4 Nxd4 Qxd4 Qa5 Bc4 Bd7 e5 dxe5 fxe5 Bc6 Bd2 Nd7 Nd5 Qd8 Nxe7+ Qxe7 Rhe1 Rfc8 Qg4 Nf8 h4 Qc5 Bd3 Ng6 Bc3 Qf2 Bxg6 hxg6 Re2 Qf5 Qg3 Qh5 Red2 Bd5 b3 a5 Kb2 b5 a3 a4 b4 Rc4 Bd4 Be4 c3 Rd8 Re1 Bf5 Qg5 Rd5 Qf4 Qg4 Qf2 g5 hxg5 Qxg5 Rh1 Bh7 g4 f6 exf6 gxf6 Qh2 Rc7 Qxc7 Qxd2+ Ka1 Qc2 Qb8+ Kg7 g5 Rxd4 gxf6+ Kg6 Qg3+ Kxf6 cxd4 Bd3 Qf4+ Bf5 Qe3 Be4 Rc1 Qg2 Rg1 Qc2 Qg5+ Kf7 Qg7+ Ke8 Qg8+
FIDE WCh KO,Tripoli LBA,2004.06.21,2.1,"Harikrishna,P","Ivanchuk,V",1/2-1/2,E32,d4 Nf6 c4 e6 Nc3 Bb4 Qc2 O-O a3 Bxc3+ Qxc3 b6 Bg5 Bb7 f3 h6 Bh4 d5 e3 Nbd7 cxd5 Nxd5 Bxd8 Nxc3 Be7 Rfe8 Bh4 Nd5 Bf2 c5 e4 Ne7 Ne2 Red8 Nc3 cxd4 Bxd4 Nc6 Be3 Nde5 Rd1 Na5 Be2 Nec4 Bc1 Rdc8 Nb5 Bc6 Bxc4 Nxc4 Nd4 Bd7 b3 Na5 Bf4 Re8 e5 Red8 Rf1 Bc6 Rf2 Bd5 Rb2 Rac8 Bd2 Nc6 Nxc6 Rxc6 Rc1 Rxc1+ Bxc1 Kh7 b4 Rc8 Kd2 h5 Rc2 Rxc2+ Kxc2 h4 h3 Bc4 Bg5 Bf1 Bxh4 Bxg2 f4 Bxh3 a4 Kg6 Kd3 Kf5 Ke3 Bf1 a5 bxa5 bxa5 a6 Be7 Bb5 Bd8 Kg4 Be7 Kf5 Bd8
FIDE WCh KO,Tripoli LBA,2004.06.21,2.1,"Short,N","Krasenkow,M",0-1,B33,e4 c5 Nf3 Nc6 d4 cxd4 Nxd4 Nf6 Nc3 e5 Ndb5 d6 Bg5 a6 Na3 b5 Bxf6 gxf6 Nd5 f5 Bd3 Be6 O-O Bxd5 exd5 Ne7 Re1 e4 Bf1 Bg7 c3 O-O Qh5 Qc8 Rad1 Ng6 g3 Re8 Bh3 Re5 Nc2 Qc4 Ne3 Qxa2 Qe2 f4 Ra1 Qb3 Ra3 Qxa3 bxa3 fxe3 Qxe3 Ne7 Qb6 Nxd5 Qc6 Rae8 f4 exf3 Qxe8+ Rxe8 Rxe8+ Bf8 Rc8 Nb6 Rc6 d5 Bg4 Nc4 Rxa6 Bc5+ Kh1 f2 Be2 Bxa3 Rf6 Bb2 Rxf2 Bxc3 Rf5 Ne5 Bxb5 Kg7 h3 f6 Kg2 Bd2 Rf2 Be3 Rc2 h6 Rc7+ Kg6 Re7 Bc5 Re8 Be3 Kf1 d4 Re7 Kf5 Ke2 Bg5 Re8 Kg6 Rd8 Be3 Ba4 Kf7 Bc2 Ke7 Ra8 Kf7 Bf5 Ke7 h4 Bc1 Ra7+ Kd6 Ra6+ Ke7 Ra1 Be3 Rb1 Kd6 Rb6+ Ke7 Re6+ Kf7 Ra6 Ke7 Be4 Kf7 Ra7+ Ke6 Ra8 Kf7 Bd5+ Kg6 Be6 Kg7 Bf5 Kf7 Ra7+ Kf8 Rc7 Ke8 Rh7 Kf8 Rb7 Ke8 Rh7 Kf8 Rc7 Ke8 g4 Kf8 Rh7 Kg8 Re7 Kf8 Re6 Kf7 Rd6 Ke7 Rd5 Kf7 h5 Ke7 g5 Bxg5 Rxd4 Bc1 Kd1 Bg5 Kc2 Be3 Rd1 Kf7 Kc3 Kf8 Rd6 Ke7 Re6+ Kf7 Kb4 Bf2 Ra6 Ke7 Kb5 Be3 Re6+ Kf7 Ka6 Bc5 Kb7 Be7 Kc7 Kf8 Ra6 Kf7 Be6+ Kg7 Ra2 Nf3 Kd7 Bc5 Rg2+ Ng5 Bf5 Bf8 Ke8 Bd6 Rd2 Bc5 Rd7+ Kg8 Rc7 Bb4 Kd7 Kf7 Bg6+ Kg8 Kc6 Ba3 Rb7 Kf8 Kd5 Kg8 Ra7 Bb4 Rc7 Ba3 Rc6 Kg7 Kd4 Bb2+ Ke3 Be5 Re6 Nxe6 Bf5 Nd4
FIDE WCh KO,Tripoli LBA,2004.06.21,2.1,"Dominguez,L","Malakhov,V",1/2-1/2,B37,e4 c5 Nf3 Nc6 d4 cxd4 Nxd4 g6 c4 Nf6 Nc3 d6 Nc2 Bg7 Be2 Nd7 Bd2 O-O O-O Nc5 b4 Ne6 Rc1 a5 a3 axb4 axb4 Ned4 Nxd4 Nxd4 Be3 Nxe2+ Qxe2 Be6 Rfd1 Bxc3 Rxc3 Qc7 c5 Rfc8 Rcc1 dxc5 Rxc5 Qb8 h3 Rxc5 Bxc5 Qc7 Qe3 f6 f4 Rd8 Rc1 Qd7 f5 gxf5 exf5 Bxf5 Bxe7 Qd4 Qxd4 Rxd4 Rf1 Be4 Rxf6 Rd2 Rf8+ Kg7 Rf4 Rxg2+ Kf1 Bd5 Rd4
FIDE WCh KO,Tripoli LBA,2004.06.21,2.1,"Nisipeanu,LD","Tiviakov,S",1-0,B51,e4 c5 Nf3 Nc6 Bb5 d6 Bxc6+ bxc6 O-O Bg4 d3 Nf6 Nbd2 Nd7 h3 Bxf3 Qxf3 g6 Nc4 Bg7 Rb1 O-O b3 e6 Bd2 d5 Na5 Qc7 Qe2 Rab8 a3 Rb6 f4 Rfb8 Kh1 Ra6 b4 Rab6 c3 cxb4 cxb4 c5 Rfc1 Qd8 b5 Rxb5 Nc6 Rxb1 Nxd8 Rxc1+ Bxc1 Rxd8 exd5 exd5 Qe7 Bf6 Qd6 Kg7 Qc7 a6 Bd2 Nf8 Qxc5 Ne6 Qc6 Bd4 Bc3 Bxc3 Qxc3+ d4 Qa5 Rc8 Qxa6 Rc1+ Kh2 Nxf4 Qd6 Ne6 a4 Rc3 a5 Rxd3 a6 Rd2 Qe5+ Kh6 a7 Ra2 Qb8
FIDE WCh KO,Tripoli LBA,2004.06.21,2.1,"Kharlov,A","Sokolov,I",1-0,D11,Nf3 d5 d4 Nf6 c4 c6 e3 Bg4 h3 Bh5 cxd5 Bxf3 Qxf3 cxd5 Nc3 Nc6 Bd3 e6 Bd2 Bd6 Qe2 O-O f4 a6 O-O Rc8 Rac1 Nd7 Be1 g6 g4 b5 a4 b4 Na2 a5 Bb5 Qb6 Bh4 Ndb8 b3 Be7 Qf2 Bxh4 Qxh4 Na7 Bd3 Rxc1 Nxc1 Qd8 Qg3 Nc8 Ne2 Nd6 f5 exf5 gxf5 Ne8 Nf4 Qd6 Qg2 Nc7 fxg6 fxg6 Nxd5 Nxd5 Bc4 Rxf1+ Kxf1 Kg7 Qxd5 Qg3 Ke2 Qc7 Kf3 Nc6 Qg8+ Kh6 Qf8+ Kg5 h4+ Kh5 Be2 Qh2 Qf6 Kh6 Qf4+ Qxf4+ Kxf4 Kg7 Bb5 Nd8 Bc4 h6 Bd5
FIDE WCh KO,Tripoli LBA,2004.06.21,2.1,"Dreev,A","Felgaer,R",1-0,D12,d4 d5 c4 c6 Nf3 Nf6 e3 Bf5 Nc3 e6 Nh4 Bg6 Be2 Nbd7 Bd2 Bd6 Nxg6 hxg6 Qc2 dxc4 Bxc4 Qe7 O-O-O e5 Bb3 Nb6 Kb1 O-O-O Nb5 exd4 Ba5 Bc7 Nxd4 Kb8 a3 Rh5 Bd2 Ne4 Bc1 Rc5 Qe2 Be5 Qf3 Ng5 Qg4 f5 Qh4 Bf6 Qg3+ Ka8 Rhf1 Nd5 Rd3 Rd6 f3 Qd8 Rfd1 Nc7 Ne6 Ngxe6 Qxd6 Qe8 Bxe6 Nxe6 Qxe6
FIDE WCh KO,Tripoli LBA,2004.06.21,2.1,"Adianto,U","Akopian,Vl",1/2-1/2,D13,d4 d5 c4 c6 cxd5 cxd5 Nc3 Nf6 Nf3 Nc6 Bf4 a6 e3 Bg4 h3 Bxf3 Qxf3 e6 Bd3 Bd6 O-O Bxf4 Qxf4 O-O Rac1 Rc8 a3 Na5 Rc2 Qd7 Rd1 Rc6 e4 dxe4 Nxe4 Nd5 Qh4 Qe7 Qxe7 Nxe7 Nc5 Rc7 Be4 Rfc8 b4 b6 bxa5 bxc5 Rxc5 Rxc5 dxc5 f5 Bb7 Rxc5 Rd6 Kf7 Rxa6 Rc1+ Kh2 Ra1 Rd6 Rxa3 a6 g5 g4 Kf6 gxf5 Nxf5 Rb6 Ke5 Rb5+ Kf6 Rb6 Ke5 Rb5+ Kf6 Rb6 Ke5
FIDE WCh KO,Tripoli LBA,2004.06.21,2.1,Ye Jiangchuan,Ni Hua,1/2-1/2,B51,e4 c5 Nf3 Nc6 Bb5 d6 Bxc6+ bxc6 O-O Bg4 c3 e5 Re1 Nf6 d4 cxd4 cxd4 Nd7 Be3 Be7 Nbd2 exd4 Bxd4 O-O Qc2 Rc8 Qc3 Nf6 h3 c5 hxg4 cxd4 Qxd4 Nxg4 Nc4 Qc7 Rac1 Rfd8 Qd2 Qb7 Qd5 Qa6 Qa5 Qb7 Qd5 Qa6 Qa5 Qb7
FIDE WCh KO,Tripoli LBA,2004.06.21,2.1,"Anastasian,A","Neelotpal,D",1/2-1/2,A29,c4 e5 Nc3 Nf6 g3 d5 cxd5 Nxd5 Bg2 Nb6 Nf3 Nc6 O-O Be7 d3 O-O Be3 Be6 Qd2 Nd5 Rfd1 Nxe3 Qxe3 Bf6 Rac1 Qe7 h4 Nb4 d4 exd4 Nxd4 Bxd4 Rxd4 c5 Rdd1 Rae8 a3 Na2 Nxa2 Bxa2 Qxe7 Rxe7 Rd2 c4 e3 g6 Rd6 Rc8 a4 Bb3 a5 Rc5 a6 bxa6 Rxa6 Rd7 Rc6 Rxc6 Bxc6 Rd6
FIDE WCh KO,Tripoli LBA,2004.06.21,2.1,"Azmaiparashvili,Z","Lastin,A",0-1,A00,g3 d5 Bg2 c6 d3 e5 Nf3 Bd6 e4 Ne7 O-O O-O c3 Bg4 Nbd2 Nd7 Qc2 Rc8 Re1 Re8 Nf1 h6 Ne3 Be6 b3 Nf6 Bb2 Ng6 Rad1 Qc7 Nd2 Bf8 Rc1 Rcd8 Qb1 Qc8 exd5 cxd5 d4 Bh3 Bh1 Qd7 c4 Bb4 dxe5 Bxd2 exf6 d4 Nd5 Bxe1 Bxd4 Bd2 fxg7 Bg5 Rd1 Qe6 Nc7 Qe2 Nxe8 Rxe8 Bd5 Ne5 Kh1 Nd3 Kg1 Bf6 Bxa7 Kxg7 Bg2 Bg4 f3 Ne1 Rxe1 Qxe1+ Qxe1 Rxe1+ Kf2 Ra1 a4 Ra2+
FIDE WCh KO,Tripoli LBA,2004.06.21,2.1,"Gurevich,M","Kozul,Z",0-1,E94,d4 Nf6 c4 g6 Nc3 Bg7 e4 d6 Nf3 O-O Be2 e5 O-O c6 d5 Na6 Be3 Ng4 Bg5 f6 Bh4 h5 Ne1 c5 a3 Nh6 h3 Nc7 Nd3 Ne8 Qd2 g5 Bg3 f5 exf5 h4 Bh2 Nxf5 Rae1 Nd4 Bg4 Bh6 Ne4 Nf6 Bxc8 Rxc8 Nxd6 Qxd6 Nxe5 Qa6 Qd3 Bg7 b4 Nh5 bxc5 Nf5 d6 Bxe5 Rxe5 Nhg7 Rd5 Qc6 Qd2 Ne6 d7 Rcd8 Re1 Rf7 Bd6 Nfg7 Be5 Rfxd7 Rd1 Rxd5 cxd5 Qxc5 Bf6 Rd7 Bxg5 Nxg5 Qxg5 Qxa3 Qxh4 b5 Qg4 Qd6 h4 Kh7 h5 Re7 g3 b4 Rc1 Re8 Qd4 a5 Qd3+ Kh8 Rc6 Qe5 d6 Qxh5 Kg2 Re1 Rc8+ Ne8 Qd4+ Kg8 Qc4+ Kg7 Qd4+ Nf6 Rc7+ Kg6 Qd3+ Ne4
FIDE WCh KO,Tripoli LBA,2004.06.21,2.1,"Iordachescu,V","Rublevsky,S",1/2-1/2,B43,e4 c5 Nf3 e6 Nc3 a6 d4 cxd4 Nxd4 Qc7 Bd3 Nf6 f4 b5 Qe2 Bb7 Bd2 b4 Na4 d5 exd5 Bxd5 c4 bxc3 Nxc3 Bb7 f5 Nc6 Nxc6 Qxc6 O-O-O Qxg2 Qxg2 Bxg2 Rhe1 Bf3 fxe6 Bxd1 exf7+ Kxf7 Bc4+ Kg6 Bd3+ Kf7 Bc4+ Kg6 Bd3+
FIDE WCh KO,Tripoli LBA,2004.06.21,2.1,"Radjabov,T","Nielsen,PH",1/2-1/2,E05,d4 Nf6 c4 e6 Nf3 d5 g3 Be7 Bg2 O-O O-O dxc4 Qc2 a6 Qxc4 b5 Qc2 Bb7 Bd2 Be4 Qc1 Nbd7 Ba5 Rc8 Nbd2 Ba8 Re1 Ne4 Nxe4 Bxe4 Nd2
FIDE WCh KO,Tripoli LBA,2004.06.21,2.1,"Nakamura,H","Aleksandrov,A",1-0,A18,c4 e6 Nc3 Nf6 e4 d5 e5 d4 exf6 dxc3 bxc3 Qxf6 Nf3 b6 d4 Bb7 Bd3 h6 O-O Nd7 Nd2 Bd6 Qg4 Qg5 Qh3 Qe7 Ne4 Ba3 Qg3 O-O-O c5 Bxc1 cxb6 axb6 Rfxc1 e5 a4 f5 Nd2 e4 Bb5 g5 Qe3 Nf6 a5 f4 Qe2 e3 fxe3 Qxe3+ Qxe3 fxe3 Nc4 Nd5 a6 Ba8 Ne5 Rhf8 Be2 c5 dxc5 Kc7 Nc4 bxc5 Ra5 Kc6 Re1 Nxc3 Bf3+ Rxf3 gxf3 e2 Kf2 Rd4 Ne5+ Kb6 Ra3 Nb5 Re3 Bd5 R3xe2 Kxa6 Rb2 Rb4 Rd2 Rd4 Rc2 c4 Ke3 Rh4 Rb1 c3 Nd3 Ka5 Ra1+ Kb6 Rf2 Nd4 Rb1+ Kc7 Nb4 Bxf3 Rc1 Ne2 Rc2 Bh5 Nd5+ Kd6 Nxc3 Rh3+ Kd2 Nd4 Rb2 Nf3+ Kc1 Ne5 Rf6+ Kc5 Ne4+ Kd4 Nf2 Rc3+ Rc2 Rxc2+ Kxc2 Bg6+ Kd2 h5 Ke2 g4 Kf1 Bc2 Kg2 h4 Rh6 h3+ Kg3 Be4 Rd6+ Ke3 Nd1+ Ke2 Kf4 Bf3 Nc3+ Kf1 Rd2 Ng6+ Kg3 Ne7 Nb5 Ke1 Ra2 Nc6 Rb2 Kf1 Rd2 Ke1 Rd6 Kf1 Re6 Nd8 Re3 Nc6 Re8 Be2 Nd6 Nd4 Ne4 Kg1 Nc3 Nf5+ Kf4 Bf3 Kxf5 Kxh2 Kf4 Kg2 Ne2 h2 Ng3 Kh3 Rh8+ Kg2 Rb8 Kh3 Rb5 Be2 Rb3 Bd1 Ra3 Bf3 Nh1 Kh4 Nf2 Be2 Re3 Bd1 Re1 g3 Rxd1 g2 Rd6
FIDE WCh KO,Tripoli LBA,2004.06.21,2.1,"Beliavsky,A","Kobalia,M",1/2-1/2,D43,d4 d5 c4 c6 Nf3 Nf6 Nc3 e6 Bg5 h6 Bh4 dxc4 e4 g5 Bg3 b5 Be2 Bb7 h4 g4 Ne5 h5 f3 Nbd7 fxg4 Nxe5 Bxe5 hxg4 Bxg4 Rh6 h5 Qa5 O-O Nd7 Bf4 Rh7 e5 Qb6 Ne4 Be7 a4 a5 Kh1 c5 dxc5 Nxc5 Nxc5 Qxc5 Qc2 Rg7 Bf3 Bxf3 Rxf3 Rg4 g3 Qd5 Rf1 O-O-O axb5 Rh8 b3 Qxb5 Rc1 Rxh5+ Kg2 Rg8 Qxc4+ Qxc4 Rxc4+ Kb8 Bd2 Rgh8 Rxf7 Rh2+ Kf3 Rxd2 Rxe7 Rd3+ Kf4 Rf8+ Ke4 Rxg3 Rxe6 Rxb3 Rec6 Kb7 e6 Rb4 Ke5 Rxc4 Rxc4 Kb6 e7 Re8 Kd6 Kb5 Rf4 a4
FIDE WCh KO,Tripoli LBA,2004.06.21,2.1,"Almasi,Z","Vallejo Pons,F",1/2-1/2,C67,e4 e5 Nf3 Nc6 Bb5 Nf6 O-O Nxe4 d4 Nd6 Bxc6 dxc6 dxe5 Nf5 Qxd8+ Kxd8 Nc3 Ne7 h3 h6 b3 Ng6 Bb2 Bd7 Rad1 Kc8 Rd2 Be7 Rfd1 Rd8 Ne2 Nf8 Ng3 a5 Bc3 g6 Bd4 a4 Be3 g5 Nd4 axb3 axb3 Bb4 Rd3 Ng6 Ndf5 Nxe5 Rd4 Bc3 Ne7+ Kb8 Re4 f6 Ne2 Bb2 Kh2 b6 Bd4 Be8 f4 Bxd4 Nxd4 Kb7 fxe5 fxe5 Rxe5 c5 Nef5 Bg6 Ne7 Bh7 Nec6 Rd7 Re6 cxd4 Rxd4 Rg7 c4 Rg6 Rxg6 Bxg6 Ne5
FIDE WCh KO,Tripoli LBA,2004.06.21,2.1,"Bologan,V","Moiseenko,A",1/2-1/2,B51,e4 c5 Nf3 Nc6 Bb5 d6 O-O Bd7 Re1 Nf6 c3 a6 Bf1 Bg4 h3 Bxf3 Qxf3 g6 d3 Bg7 Nd2 O-O Qd1 e5 g3 Qc7 Bg2 Rad8 a4 d5 exd5 Nxd5 Nc4 b5 axb5 axb5 Na3 b4 Nb5 Qb6 c4 Nde7 Qb3 Nf5 Bg5 f6 Be3 Kh8 Ra4 Nxe3 fxe3 f5 e4 f4 Qd1 fxg3 Re3 Rf2 Rxg3 Rdf8 Rf3 R2xf3 Bxf3 Qd8 Bg2 Bh6 Ra6 Nd4 b3 Qh4 Nxd4 exd4 e5 Qg3 Rf6 Qxe5 Rxf8+ Bxf8 Qf3 Bd6 Qe4 Qg3 Kf1 Kg7 Ke2 h5 Qb7+ Kh6 Qf3 Qg5 Kd1 Be5 Qf8+ Bg7 Qf2 Be5 Qf8+ Bg7 Qf2 Qe3 Qxe3+ dxe3 Ke2 Bd4 Bc6 g5 Bd7 Kg7 Kf3 Kf6 Bc8 g4+ hxg4 h4 g5+ Kxg5 Bd7 Kf6 Bc8 Ke5 Bd7 Kd6 Bc8 Ke7 Bh3 Kf6 Bd7 Ke5 Bc8 e2 Kxe2 Kf4 Kf1 Kg3 Bd7 h3 Be6 Be3 Bd7 Bf4 Be6 Bb8 Bd7 Bc7 Be6 Bd6 Bd7 Be5 Be6 h2 Bd5 Kf4 Kg2 Ke3 Bc6 Kd2 Bd7 Kc3 Ba4 Bb8 Kh1 Kxd3 Kg2 Kc3 Kh1 Kb2 Kg2 Ka3 Kh1 Bc7
FIDE WCh KO,Tripoli LBA,2004.06.21,2.1,"Sulskis,S","Sakaev,K",0-1,B14,e4 c6 d4 d5 exd5 cxd5 c4 Nf6 Nc3 g6 cxd5 Nxd5 Bc4 Nb6 Bb3 Bg7 Nf3 O-O h3 Nc6 Be3 Na5 Bc2 Nac4 O-O Nxb2 Qe2 Qc7 Rac1 Qxc3 Bxg6 Qa3 Bb1 Nd5 Bd2 e6 Ng5 h6 Nh7 Bd7 Nxf8 Qxf8 Be4 Bc6 Bxd5 Bxd5 Rc3 Rc8 Rg3 Kh8 Bxh6 Bxh6 Qxb2 f5 Qe2 Qf7 Qe5+ Kh7 Re1 Rg8 Re2 Rc8 Kh2 f4 Rg4 f3 Ree4 fxg2 Rxg2 Rf8 Kg1 Bxe4 Qxe4+ Qf5 Qxb7+ Rf7 Qb8 Rg7 Rxg7+ Bxg7 Qxa7 Qxh3 a4 Kg6 a5 Qg4+ Kf1 Qd1+ Kg2 Qg4+ Kf1 Bxd4 Qa8 Qd1+ Kg2 Qg4+ Kf1 Qf5 Qg8+ Kh5 Qg3 Qb5+ Kg2 Qg5 Kf3 Qd5+ Ke2 Qb5+ Kf3 Qd3+ Kg2 Qxg3+ Kxg3 Kg5 a6 Kf5 Kf3 e5
FIDE WCh KO,Tripoli LBA,2004.06.21,2.1,"Kritz,L","Leitao,R",0-1,B13,e4 c6 d4 d5 exd5 cxd5 Bd3 Nc6 c3 Nf6 Bf4 Bg4 Qb3 Na5 Qa4+ Bd7 Qc2 g6 Nf3 Bg7 Nbd2 Rc8 h3 O-O O-O Nh5 Be3 Nc4 Nxc4 dxc4 Be2 Nf6 Ne5 b5 Nxd7 Qxd7 a4 a6 axb5 axb5 Qd2 Nd5 Bh6 e6 Ra5 Ra8 Rfa1 Bxh6 Qxh6 Qb7 Qc1 Rxa5 Rxa5 Ra8 Qa1 Rxa5 Qxa5 h5 Bf3 Kg7 g3 h4 Qd8 hxg3 fxg3 Qa7 Bxd5 Qa1+ Kh2 exd5 Qxd5 Qxb2+ Kh1 Qc1+ Kg2 Qd2+ Kf1 Qxc3 Qe5+ Kh7 Qd5 Kg8 Qxb5 Qf3+ Ke1 Qxg3+ Ke2 Qd3+
FIDE WCh KO,Tripoli LBA,2004.06.21,2.1,"Lputian,S","Mamedyarov,S",1/2-1/2,E62,d4 Nf6 c4 g6 Nc3 Bg7 g3 O-O Bg2 d6 Nf3 Nc6 O-O Bf5 b3 Ne4 Bb2 Nxc3 Bxc3 Be4 e3 e5 d5 Nb8 Rc1 f5 Nd2 Bxg2 Kxg2 Nd7 b4 Qe7 f4 Rae8 Nf3 h6 Qc2 exf4 exf4 Qe2+ Qxe2 Rxe2+ Rf2 Rxf2+ Kxf2 Nf6 Bxf6 Bxf6 c5 dxc5 Rxc5 Rf7 Ke3 Re7+ Kd3 Kf8 a4 g5 d6 cxd6 Rxf5 Kf7 fxg5 hxg5 g4 Kg6 Rd5 Rd7 a5 a6 Kd2 Rd8 Ke3 Be7 Nd4 Rh8 Nf5 Bf8 Nxd6 Rxh2 b5 Rh3+ Kf2 axb5 Nxb7 Rb3 Ke2 Rb4 Kf3 Rf4+ Kg3 Rb4 Nd8 Rb3+ Kg2 b4 Ne6 Be7 Rb5 Ra3 Nd4 Bf6
FIDE WCh KO,Tripoli LBA,2004.06.21,2.1,"Wojtkiewicz,A","Zvjaginsev,V",1/2-1/2,B44,Nf3 c5 e4 e6 d4 cxd4 Nxd4 Nc6 Nb5 d6 c4 Nf6 N1c3 a6 Na3 b6 Be2 Bb7 O-O Nb8 f3 Be7 Be3 O-O Qd2 Nbd7 Nc2 Rc8 Rac1 Re8 Rfd1 Ne5 b3 Qc7 Nd4 Qb8 Bf1
FIDE WCh KO,Tripoli LBA,2004.06.21,2.1,"Kasimdzhanov,R","Ghaem Maghami,E",1-0,E18,c4 Nf6 Nc3 e6 Nf3 b6 g3 Bb7 Bg2 Be7 O-O O-O d4 Ne4 Bd2 c5 Rc1 cxd4 Nxd4 Nxc3 Bxc3 Bxg2 Kxg2 d5 Qd3 e5 Nf5 d4 Qe4 Nd7 Bxd4 g6 Nxe7+ Qxe7 Rfd1 Rfe8 Bc3 Nc5 Qf3 Na4 Rd5 e4 Qe3 Nxc3 Qxc3 Rad8 Rcd1 Rxd5 Rxd5 Qe6 Qd4 h5 h3 Qc6 b3 Qe6 Rd6 Qf5 Rd5 Qe6 Rd6 Qf5 Qd5 Qxd5 Rxd5 Re7 g4 hxg4 hxg4 f6 g5 Kf7 gxf6 Kxf6 Kg3 Re6 Kf4 e3 f3 Re7 Rd6+ Kf7 Rd4 Kf6 Re4 Rd7 Kxe3 Rd1 Rd4 Ra1 c5 Rxa2 cxb6 axb6 Rd6+ Kf5 Rxb6 Rb2 Rb5+ Ke6 f4
FIDE WCh KO,Tripoli LBA,2004.06.21,2.1,"Filippov,Va","Van Wely,L",1-0,A34,Nf3 c5 c4 Nf6 Nc3 d5 cxd5 Nxd5 e4 Nb4 Bc4 Nd3+ Ke2 Nf4+ Kf1 Ne6 b4 cxb4 Ne2 Nc7 d4 e6 h4 Nd7 h5 h6 Bf4 Nb6 Bd3 Bd7 Ne5 Ba4 Qd2 Be7 Rh3 Nb5 Rg3 Nxd4 Rxg7 Rf8 Rc1 Bf6 Rg3 Nxe2 Qxe2 Bxe5 Bxe5 Rc8 Rxc8 Nxc8 Bg7 Qa5 Bxf8 Kxf8 Qd2 Ne7 Qxh6+ Ke8 Qg5 Qb6 h6 Ng6 h7 Qd4 Kg1
FIDE WCh KO,Tripoli LBA,2004.06.21,2.1,"Hamdouchi,H","Kudrin,S",1/2-1/2,D00,d4 Nf6 Bg5 d5 Bxf6 exf6 e3 Bd6 c4 dxc4 Bxc4 O-O Nc3 f5 Nf3 Nd7 O-O c6 Qc2 Nf6 a3 Qe7 d5 c5 Bd3 g6 Rfe1 Bd7 h3
FIDE WCh KO,Tripoli LBA,2004.06.21,2.1,"Aronian,L","Guseinov,G",1-0,D78,d4 Nf6 c4 g6 Nf3 Bg7 g3 O-O Bg2 c6 Nc3 d5 Qb3 Qb6 O-O Na6 Qxb6 axb6 Na4 Nd7 cxd5 cxd5 Bd2 Nab8 b3 Nc6 e3 e5 Nxe5 Ncxe5 dxe5 b5 Nc3 Bxe5 f4 Bg7 Nxd5 Bxa1 Rxa1 Rd8 Bb4 Kg7 Bc3+ Kf8 Nc7 Rb8 Rd1 b6 Bf6 Nxf6 Rxd8+ Ke7 Rh8
FIDE WCh KO,Tripoli LBA,2004.06.21,2.1,"Acs,P","Movsesian,S",1-0,D15,d4 Nf6 c4 c6 Nf3 d5 Nc3 a6 e3 b5 b3 Bg4 Be2 Nbd7 O-O e6 h3 Bh5 Bb2 Bd6 Ne5 Bxe2 Nxe2 Qc7 cxd5 cxd5 Rc1 Qb8 Nxd7 Nxd7 e4 dxe4 d5 O-O dxe6 Nc5 Nf4 Ra7 Nh5 fxe6 Bd4 Rc7 Qg4 Rff7 b4 Nd3 Rxc7 Qxc7 Nxg7 Nxf2 Bxf2 Rxg7 Qxe6+ Rf7 Be3 Qc4 Qg4+ Rg7 Qf5 Bxb4 Rc1 Qf7 Qxe4 Bf8 Bd4 Qg6 Qd5+ Rf7 Rc8 Qh6 Qe5 Rg7 Rxf8+ Kxf8 Bc5+ Kf7 Qe7+ Kg6 Qe6+ Kh5 g4+
FIDE WCh KO,Tripoli LBA,2004.06.22,2.2,"Topalov,V","Delchev,A",1-0,C88,e4 e5 Nf3 Nc6 Bb5 a6 Ba4 Nf6 O-O b5 Bb3 Bb7 d3 Be7 Re1 O-O a3 Re8 Nbd2 Bf8 Nf1 h6 Ba2 d6 c3 Nb8 Nh4 d5 Qf3 c6 Nf5 Nbd7 g4 Nh7 Qg3 Nc5 h4 a5 Bd2 a4 Rad1 Nb3 Bxb3 axb3 Nh2 c5 Nf3 Qf6 exd5 Bxd5 Nxe5 Rad8 c4 bxc4 Ba5 Ra8 Bc3 Qa6 Nd7 Be6 Nxf8
FIDE WCh KO,Tripoli LBA,2004.06.22,2.2,"Smirnov,P","Elarbi,A",1-0,C67,e4 e5 Nf3 Nc6 Bb5 Nf6 O-O Nxe4 d4 Nd6 Bxc6 dxc6 dxe5 Nf5 Qxd8+ Kxd8 Nc3 Bd7 h3 Kc8 Rd1 b6 b3 a5 Bb2 Be7 a4 Be6 Ne2 c5 Nf4 Rd8 Nxe6 fxe6 Rxd8+ Kxd8 g4 Nh4 Rd1+ Ke8 Nxh4 Bxh4 Kg2 Rd8 Rxd8+ Kxd8 c4 Bg5 Bc3 Ke8 Kf3 Kf7 Ke4 Bh4 f4 c6 f5 Bg5 Be1 Be7 h4 Bd8 h5 Bg5 Bg3 Bd8 Bf4 Bh4 Kf3 Bd8 Kg3 Bc7 Kh3 Bd8 Bg3 Bc7 Bh4 Ke8 fxe6 Bxe5 Kg2 Bf6 Bg3 Ke7 Bc7 Bc3 Bxb6 Bb4 Kf3 Kxe6 Bc7 Bc3 Ke4 g6 hxg6 hxg6 Bf4 Bf6 Bc7 Bc3 Bd8 Be1 Bg5 Bg3 Be3 Bd6 Bf2 Kf7 Bh4 Bc7 Be1 Ke7 Bf2 Bd6 Bh4+ Kd7 Bf6 Bc7 Be5 Bd8 Bb8 Bf6 Kf4 Ke6 Ba7 Bc3 Bxc5 Bd2+ Ke4 Kf6 Kd3 Be1 b4 axb4 a5 Bg3 a6 Bb8 a7 Bxa7 Bxa7 Kg5 c5 Kxg4 Ke4
FIDE WCh KO,Tripoli LBA,2004.06.22,2.2,"Adams,Mi","Asrian,K",1-0,B14,e4 c6 d4 d5 exd5 cxd5 c4 Nf6 Nc3 e6 Nf3 Bb4 cxd5 Nxd5 Qc2 Nc6 Be2 O-O O-O Re8 Rd1 Bf8 Qe4 Bd7 Bd3 f5 Qe2 Bd6 Bc4 Nxc3 bxc3 Na5 Bd3 Bc6 Rb1 Qc7 c4 Bxf3 Qxf3 Nc6 Be3 Bxh2+ Kf1 Bd6 c5 Bf8 d5 exd5 Qxd5+ Kh8 Qxf5 g6 Qh3 Qf7 Kg1 Rad8 Bc2 Bg7 Bb3 Qc7 Bd5 Qe5 Bf7 Rxd1+ Rxd1 Rd8 Rxd8+ Nxd8 Bxg6 h6 Bxh6 Bxh6 Qxh6+ Kg8 Qh4 Kg7 Qh7+ Kf8 Qh4 Ne6 Qh6+ Ke7 Qh7+ Kd8 Qxb7 Qe1+ Kh2 Qxf2 Qb8+ Ke7 Qe8+
FIDE WCh KO,Tripoli LBA,2004.06.22,2.2,"Kotronias,V","Grischuk,A",0-1,C89,e4 e5 Nf3 Nc6 Bb5 a6 Ba4 Nf6 O-O Be7 Re1 b5 Bb3 O-O c3 d5 exd5 Nxd5 Nxe5 Nxe5 Rxe5 c6 d3 Bd6 Re1 Bf5 Qf3 Qh4 g3 Qh3 Bxd5 cxd5 Bf4 Bg4 Qg2 Bxf4 gxf4 d4 Qg3 Rad8 c4 Rd6 Re5 f5 Nd2 Rg6 Kh1 Qh5 f3 Bh3 Qf2 Bg2+ Qxg2 Rxg2 Kxg2 bxc4 dxc4 Qh4 Rae1 Qxf4 R5e2 d3 Rf2 Rf6 Re8+ Kf7 Rd8 Qe3 Rd5 h5 h4 Qe1 Nf1 Rg6+
FIDE WCh KO,Tripoli LBA,2004.06.22,2.2,"Ivanchuk,V","Harikrishna,P",1/2-1/2,D10,d4 d5 c4 c6 cxd5 cxd5 Nc3 Nf6 Bf4 a6 e3 Nc6 Bd3 Bg4 Nge2 e6 O-O Bd6 Qd2 Bxe2 Nxe2 Bxf4 Nxf4 Qa5 Qxa5 Nxa5 Rfc1 Nc6 Be2 Ke7 Nd3 Nd7 Kf1 Rhc8 Ke1 Rc7 Rc3 Rac8 Rac1 Kd6 Kd2 Nd8 Rxc7 Rxc7 Rxc7 Kxc7 h4 Kd6 b4 Nc6 Kc3 a5 bxa5 Nxa5 Nf4 Nc6 Bb5 Nf6 f3 Ne7 g4 h6 a4 Nd7 Nh5 Ng6 Nxg7 Nxh4 f4 Nf6 Ne8+ Nxe8 Bxe8 Ke7 Bb5 Ng2 Kd2 b6 Bf1 Nh4 Be2 Kd6 Ke1 Ng6 Kf2 Ke7 Kg3 Kf6 Bb5 Ne7 Bd7 Ng8 Bb5 Ne7
FIDE WCh KO,Tripoli LBA,2004.06.22,2.2,"Krasenkow,M","Short,N",1/2-1/2,A30,Nf3 c5 c4 Nc6 d4 cxd4 Nxd4 f5 g3 g6 Bg2 Bg7 Nc2 b6 O-O Ba6 Ne3 Nh6 Nc3 O-O Qa4 Bb7 Ned5 e6 Nb4 Na5 Bxb7 Nxb7 Bxh6 Bxh6 Rad1 Nc5 Qa3 Qc8 Nd3 Nb7 Qb4 Rd8 e4 Bf8 Qa4 Bg7 exf5 gxf5 Ne2 Nd6 b3 a6 Qb4 Qc6 c5 bxc5 Qxc5 Rac8 Qxc6 Rxc6 Rc1 Rb6 Rfd1 Kf8 Nc5 Ke7 Na4 Rbb8 Rc2 Rbc8 Rdc1 Rxc2 Rxc2 Rb8 f3 Nb5 Kf2 a5 Ke3 Kd8 Kd3 Bf6 Rc4 Nc7 Rc5 Ra8 Nec3 Na6 Rb5 Nb4+ Kd2 Ra6 Rb8+ Ke7 Rb7 Rd6+ Ke2 Rc6 Kd2 h5 f4 Bd4 a3 Na6 b4 axb4 axb4 Rc7 Rxc7 Nxc7 Ne2 Ba7 Kd3 Nd5 Kc4 Kd6 Nc5 Ne3+ Kb5 Ng4 h4 Bxc5 bxc5+ Kd5 Nc3+ Kd4 Na4 Nf6 Kb6 Ke3 Kc7 Kf3 Nb6 Ne4 Nxd7 Nxc5 Nxc5 Kxg3 Nxe6 Kxh4 Kd6 Kg3 Ng7 Kxf4 Nxh5+ Ke4
FIDE WCh KO,Tripoli LBA,2004.06.22,2.2,"Malakhov,V","Dominguez,L",1/2-1/2,D12,Nf3 d5 c4 c6 e3 Nf6 d4 Bf5 Nc3 e6 Nh4 Bg6 Be2 Nbd7 Bd2 Bd6 Nxg6 hxg6 Qc2 dxc4 Bxc4 e5 d5 Nb6 dxc6 Nxc4 cxb7 Rb8 Qa4+ Qd7 Qxc4 Qxb7 O-O e4 h3 O-O Na4 Rfc8 Qe2 Qd7 Qd1 Rb5 Bc3 Rg5 Kh1 Rh5 Kg1 Rd5 Bd4 Rg5 Kh1 Rh5 Kg1 Rg5 Kh1 Rh5
FIDE WCh KO,Tripoli LBA,2004.06.22,2.2,"Tiviakov,S","Nisipeanu,LD",1/2-1/2,B16,e4 c6 d4 d5 Nd2 dxe4 Nxe4 Nf6 Nxf6+ gxf6 c3 Qd5 Ne2 e5 Be3 Be6 f4 Nd7 dxe5 fxe5 Qxd5 Bxd5 fxe5 Nxe5 Nf4 Be4 Be2 O-O-O O-O Bh6 Bd4 Rhe8 Nh5 Bd3 Bxd3 Nxd3 Rxf7 c5 Bf6 Rd5 Ng7 Re2 Bh4 Nc1 Rf8+ Kd7 Rd8+
FIDE WCh KO,Tripoli LBA,2004.06.22,2.2,"Sokolov,I","Kharlov,A",1/2-1/2,D20,d4 d5 c4 dxc4 e4 e5 Nf3 Bb4+ Bd2 Bxd2+ Nbxd2 exd4 Bxc4 Qf6 b4 Ne7 O-O O-O Re1 Nbc6 b5 Na5 Bd3 Qb6 Rc1 Ng6 e5 Nf4 Qc2 h6 Bf1 d3 Qxc7 Qxb5 a4 Qb6 Qxb6 axb6 g3 Ne2+ Bxe2 dxe2 Rxe2 Rd8 Re4 Nc6 g4 Be6 h3 Bd5 Rf4 g5 Rf6 Kg7 Rd6 Nxe5 Rxd8 Nxf3+ Nxf3 Rxd8 Rd1 Kf6 Nh2 Rd7 Nf1
FIDE WCh KO,Tripoli LBA,2004.06.22,2.2,"Felgaer,R","Dreev,A",0-1,B12,e4 c6 d4 d5 f3 e6 Be3 b6 Nd2 c5 c3 Qd7 Nh3 cxd4 Bxd4 Ne7 Nf4 Nbc6 Bb5 a6 exd5 axb5 dxc6 Qxc6 Ne4 Nf5 Nh5 Bb7 g4 Nxd4 Qxd4 f6 O-O-O e5 Qd3 b4 g5 Ba6 Nhxf6+ gxf6 Nxf6+ Kf7 Qf5 Qe6 Qe4 Be7 Rd7 bxc3 Rhd1 cxb2+ Kxb2 Bb5 Rxe7+ Qxe7 Qd5+ Kg7 Nh5+ Kg6 Ng3 Qa3+ Kb1 Qb4+ Ka1 Rxa2+
FIDE WCh KO,Tripoli LBA,2004.06.22,2.2,"Akopian,Vl","Adianto,U",1-0,C81,e4 e5 Nf3 Nc6 Bb5 a6 Ba4 Nf6 O-O Nxe4 d4 b5 Bb3 d5 dxe5 Be6 Be3 Bc5 Qe2 Qe7 Rd1 Rd8 Nbd2 Bxe3 Qxe3 Nc5 c3 O-O Nd4 Nxd4 cxd4 Nb7 Nf3 Bg4 h3 Bxf3 Qxf3 c6 Qc3 Rc8 a4 Qd7 axb5 axb5 Ra7 Ra8 Rda1 Rxa7 Rxa7 g6 Bd1 Rb8 b4 Qe8 f4 Kg7 f5 gxf5 Qg3+ Kf8 Bc2 Qe7 Qf4 Qxb4 Bxf5 c5 Qh6+ Ke8 Qc6+ Kf8 Qh6+ Ke8 Qc6+ Kf8 Qc7 Qxd4+ Kh1 Qf4 Qxb8+ Kg7 Ra1 Qxf5 Qxb7 b4 Qxd5
FIDE WCh KO,Tripoli LBA,2004.06.22,2.2,Ni Hua,Ye Jiangchuan,1/2-1/2,B48,e4 c5 Nf3 e6 d4 cxd4 Nxd4 Nc6 Nc3 Qc7 Be3 a6 Qd2 Nf6 O-O-O Bb4 f3 Ne5 Nb3 b5 Qe1 Rb8 Bd4 Nc6 Bc5 Bxc5 Nxc5 O-O Qg3 Ne5 Nd3 d6 f4 Ng6 Qe3 b4 Ne2 Bb7 Ng3 Rfc8 Ne1 d5 e5 Ne4 Kb1 Qa5 Ne2 Ne7 Nd4 Nf5 Nxf5 exf5 Rd4 Bc6 Bd3 Nc3+ bxc3 bxc3+ Kc1 Rb1+ Kxb1 Qa3 Rb4 Qxb4+ Kc1 d4 Qg3 Rb8 Kd1 Qb1+ Ke2 Qc1 Kf1 Rb1 Qh4 g6 Rg1 Qd2 g4 Qxf4+ Qf2 Rxe1+ Kxe1 Qc1+ Ke2 Qd2+ Kf1 Qd1+ Qe1 Qf3+ Qf2 Qd1+
FIDE WCh KO,Tripoli LBA,2004.06.22,2.2,"Neelotpal,D","Anastasian,A",1/2-1/2,B17,e4 c6 d4 d5 Nd2 dxe4 Nxe4 Nd7 Bc4 Ngf6 Ng5 e6 Qe2 Nb6 Bb3 h6 N5f3 c5 Bf4 a6 O-O-O c4 Bxc4 Nxc4 Qxc4 b5 Qc7 Qxc7 Bxc7 Bb7 Ne2 Rc8 Be5 Nd5 Kb1 f6 Bg3 Kf7 Ne1 Be7 Nd3 Rhd8 Rhe1 g5 h4 Nb4 Nxb4 Bxb4 c3 Be7 hxg5 hxg5 f3 a5 b3 g4 Rd3 gxf3 gxf3 Rg8 Re3 a4 Rh1 Rh8 Rxh8 Rxh8 bxa4 bxa4 c4 Rc8 c5 e5 dxe5 Bxc5 Rc3 Ba6 Nc1 Bd4 Rxc8 Bxc8 Ne2
FIDE WCh KO,Tripoli LBA,2004.06.22,2.2,"Lastin,A","Azmaiparashvili,Z",0-1,B07,e4 d6 d4 Nf6 Nc3 Nbd7 g4 h6 Be3 e5 h3 a6 a4 b6 Bg2 Bb7 Nge2 Be7 O-O h5 g5 Nh7 h4 Nhf8 f4 Ng6 Qe1 exf4 Nxf4 Nxf4 Rxf4 O-O Qf2 Qe8 Rf1 c5 Bh3 cxd4 Bxd4 Ne5 Qe2 g6 Bxb6 Kg7 Bd4 f6 gxf6+ Bxf6 Qf2 Qe7 Nd5 Bxd5 exd5 Rab8 Bc3 Rb7 Be6 a5 Kg2 Rc7 Bd4 Rb7 Bc3 Rc7 Qe2 Nd7 Bxf6+ Rxf6 Rxf6 Nxf6 Qd3 Rb7 b3 Rb8 Qc3 Rb4 Kh3 Re4 Qg3 Re5 Qf4 Re4 Qf2 Qd8 c4 Nh7 Qb2+ Kh6 Qd2+ g5 hxg5+ Qxg5 Qxg5+ Nxg5+ Kg2 Re2+ Kg1 Ne4 b4 axb4 Rb1 Kg5 Bh3 Nd2 Rxb4 Kh4
FIDE WCh KO,Tripoli LBA,2004.06.22,2.2,"Bacrot,E","Sadvakasov,D",1/2-1/2,D27,d4 d5 Nf3 Nf6 c4 dxc4 e3 e6 Bxc4 c5 O-O a6 dxc5 Bxc5 Qxd8+ Kxd8 Nbd2 Ke7 Be2 Nc6 Ng5 Rd8 Nde4 Bb4 a3 Bd6 Rd1 Ne8 Nxd6 Nxd6 Bf3 f6 Ne4 Ne5 Nxd6 Nxf3+ gxf3 Rxd6 Bd2 Ke8 Bc3 Rxd1+ Rxd1 Bd7 Rd4 Bc6 Kg2 Kf7 Ba5 Ke8 Kg3 Rc8 f4 Bd7 Bc3 Rc5 f3 Bc6 e4 Kf7 Rd8 g5 fxg5 Rxg5+ Kf2 e5 Rd6 Ke7 Bb4 Kf7 Bc3 Rh5
FIDE WCh KO,Tripoli LBA,2004.06.22,2.2,"Kozul,Z","Gurevich,M",1/2-1/2,A88,d4 d6 Nf3 g6 c4 f5 g3 Bg7 Bg2 Nf6 O-O O-O Nc3 c6 d5 Bd7 e4 fxe4 Ng5 Na6 Ncxe4 Nc7 Nxf6+ Bxf6 h4 Bg7 a4 h6 Ne4 Qc8 Re1 Bh3 Bh1 Bg4 Qb3 Kh7 f4 Bd7 Nf2 Rf7 Be3 Na6 Rac1 c5 Be4 Bf5 Kg2 Bxe4+ Nxe4 Rb8 Bd2 Nc7 Bc3 Ne8 Nf2 Bxc3 Rxc3 Ng7 Rce3 Nf5 Re4 Qd7 Qd3 Rg8 b3 Rgg7 Nh3 Kg8 Re6 Qd8 Ng1 g5 fxg5 hxg5 h5 g4 h6 Rg5 Qd2 Rh5 Rg6+ Kh7 Rxg4 Nxh6 Rg5 Rxg5 Qxg5 Qf8 Nh3 Rg7 Qh4 Kg8 Qh5 Qf6 Re6 Qc3 Ng5 Qd2+ Kh3 Qxg5 Qxg5 Rxg5 Rxh6 Re5 Kg4 Kf7 Rh1 Re3 Rf1+ Kg6 Rf3 Re4+ Rf4 Re3 Rf3 Re4+ Rf4
FIDE WCh KO,Tripoli LBA,2004.06.22,2.2,"Rublevsky,S","Iordachescu,V",1/2-1/2,C43,e4 e5 Nf3 Nf6 d4 Nxe4 Bd3 Nc6 dxe5 Nc5 Bc4 d6 Bf4 Ne6 Bg3 dxe5 Qxd8+ Nexd8 Nxe5 Nd4 Bd3 Bf5 Bxf5 Nxf5 Nc3 Ne6 O-O-O h5 Rhe1 h4 Bf4 Bb4 Ng6 Bxc3 bxc3 Rh5 Bxc7 Rc8 Nf4 Rh6 Be5 Nxf4 Bxf4+ Re6 Rxe6+ fxe6 Bg5 b5 Re1 Kd7 Re4 h3 g4 Nd6 Rd4 e5 Rd3 Rc4 f3 Ke6 Bh4 Ra4 Kb1 Nc4 Bf2 Na3+ Kb2 Nc4+ Kb1 Na3+ Kb2 Nc4+
FIDE WCh KO,Tripoli LBA,2004.06.22,2.2,"Nielsen,PH","Radjabov,T",1/2-1/2,D78,d4 Nf6 c4 g6 g3 c6 Nf3 Bg7 Bg2 d5 Qb3 O-O Nc3 Qb6 O-O Rd8 cxd5 Qxb3 axb3 Nxd5 Bg5 Kf8 Rfc1 Be6 Bd2 h6 e3 Nd7 Ne1 Nxc3 Rxc3 g5 Nd3 Bf5 Nc5 Nxc5 Rxc5 Bg6 Bc3 e6 b4 a6 Rca5
FIDE WCh KO,Tripoli LBA,2004.06.22,2.2,"Aleksandrov,A","Nakamura,H",1/2-1/2,D45,d4 d5 c4 c6 Nc3 Nf6 e3 e6 Nf3 Nbd7 Qc2 Bd6 g4 dxc4 Bxc4 e5 g5 Nd5 Ne4 Bb4+ Bd2 Bxd2+ Qxd2 Qe7 a3 N7b6 Ba2 Bh3 Rg1 exd4 Qxd4 O-O-O Ng3 f5 gxf6 Nxf6 Qb4 Qd7 Ne5 Qc7 Nf7 Nbd5 Qh4 Bg4 Nxd8 Qa5+ b4 Qxa3 Kf1 Qd3+ Kg2 Nxe3+ fxe3 Qc2+ Kf1 Qd3+ Kg2
FIDE WCh KO,Tripoli LBA,2004.06.22,2.2,"Kobalia,M","Beliavsky,A",1/2-1/2,C91,e4 e5 Nf3 Nc6 Bb5 a6 Ba4 Nf6 O-O Be7 Re1 b5 Bb3 O-O d4 d6 c3 Bg4 Be3 exd4 cxd4 Na5 Bc2 c5 h3 Bxf3 Qxf3 Nc6 dxc5 dxc5 Nc3 Nd4 Bxd4 cxd4 Rad1 Qb6 Ne2 Rac8 Bb1 Bb4 Rf1 Rfd8 e5 Ne8 Qe4 g6 Rxd4 Rxd4 Qxd4 Qxd4 Nxd4 Ba5 Nf3 Ng7 g3 Ne6 Kg2 Rc5 Rd1 Bc7 a3 Kf8 Rd2 Ke7 Ba2 h6 h4 a5 Bd5 a4 Ba2 Bxe5 Nxe5 Rxe5 Kf3 f5 Rd5 Rxd5 Bxd5 Kd6 Ba2 Ke5 Ke2 g5 hxg5 hxg5 Ke3 f4+ Kf3 fxg3 Kxg3 Nc5 Bb1 Kd4 Kg4 Nd3 Bxd3 Kxd3 Kxg5 Kc2 f4 Kxb2 f5 b4 axb4 a3 f6 a2 f7 a1=Q f8=Q Qg1+ Kf6 Qd4+ Ke6 Kb3
FIDE WCh KO,Tripoli LBA,2004.06.22,2.2,"Vallejo Pons,F","Almasi,Z",1/2-1/2,C48,e4 e5 Nf3 Nc6 Nc3 Nf6 Bb5 Nd4 Ba4 c6 Nxe5 d6 Nf3 Bg4 d3 d5 O-O b5 Bb3 b4 Nb1 dxe4 dxe4 Nxf3+ gxf3 Qxd1 Rxd1 Bxf3 Re1 Nd7 Bf4 Be7 Nd2 Bh5 Nc4 O-O Na5 Rac8 Nb7 c5 Bc4 Nb6 Bb5 c4 a4 bxa3 bxa3 c3 Na5 Rc5 a4 Nxa4 Nc6 Bg5 Bd6 Rxb5 Bxf8 Kxf8 Rxa4 Bd2 Rxa7 g6 Rea1 Bf3 R7a4 Rg5+ Kf1 Kg8 Rc4 Rh5 Nd4 Bxe4 Ne6 fxe6 Rxe4 Kf7 h4 Kf6 Ke2 e5 Ra5 Ke6 Rb5 h6 f3 Kf6 Rc5 Ke6 Kf2 Kf6 Ra4 Kf5 Rc6 Bf4 Raa6 Rxh4 Rf6+ Kg5 Rxg6+ Kh5 Rg2 Rh1 Rc6 Rd1 Rxc3 Rd2+ Kf1 Rd1+ Kf2
FIDE WCh KO,Tripoli LBA,2004.06.22,2.2,"Moiseenko,A","Bologan,V",1/2-1/2,E20,d4 Nf6 c4 e6 Nc3 Bb4 Nf3 c5 g3 Nc6 Bg2 Ne4 Bd2 Nxd2 Qxd2 cxd4 Nxd4 Ne5 Nf3 Nxf3+ Bxf3 O-O O-O Rb8 a3 Be7 Rfd1 b6 Rac1 Bg5 e3 Bb7 Ne4 Bxe4 Bxe4 f5 Bf3 Rf7 Rc3 Qc7 Rd3 Rd8 Qb4 Bf6 b3 g5 Qd2 Qc5
FIDE WCh KO,Tripoli LBA,2004.06.22,2.2,"Sakaev,K","Sulskis,S",1-0,A70,d4 Nf6 c4 c5 d5 d6 Nc3 g6 e4 Bg7 h3 a6 a4 e6 Bd3 exd5 cxd5 O-O Nf3 c4 Bc2 Nbd7 O-O Rb8 Bf4 Nc5 e5 Nh5 Be3 b5 axb5 axb5 Nd4 Bxe5 Nc6 Qf6 Nxb8 Bxh3 Nc6 b4 Nxe5 bxc3 bxc3 Qxe5 Qd4 Qe7 gxh3
FIDE WCh KO,Tripoli LBA,2004.06.22,2.2,"Leitao,R","Kritz,L",1/2-1/2,B51,e4 c5 Nf3 d6 Bb5+ Nd7 d4 a6 Bxd7+ Bxd7 O-O cxd4 Qxd4 e6 c4 Rc8 Bg5 Qc7 Nbd2 h6 Bh4 e5 Qd3 g5 Bg3 Ne7 Ne1 b5 b3 Bg7 Nc2 f5 f3 O-O Rac1 h5 exf5 d5 cxd5 Bxf5 Ne4 Rfd8 Qe3 Nxd5 Qxg5 Bxe4 fxe4 Nf4 Bxf4 exf4 Rcd1 Qb6+ Kh1 Rxd1 Rxd1 Rxc2 Rd8+ Kh7 Qxh5+ Qh6 Qf5+ Qg6 Qh3+ Bh6 Qd7+ Bg7
FIDE WCh KO,Tripoli LBA,2004.06.22,2.2,"Mamedyarov,S","Lputian,S",1/2-1/2,D56,d4 e6 c4 d5 Nc3 Be7 Nf3 Nf6 Bg5 h6 Bh4 O-O e3 Ne4 Bxe7 Qxe7 Qc2 Nxc3 Qxc3 dxc4 Bxc4 b6 O-O Bb7 Be2 c5 dxc5
FIDE WCh KO,Tripoli LBA,2004.06.22,2.2,"Tkachiev,V","Graf,A",1-0,D61,d4 d5 c4 c6 Nf3 Nf6 Nc3 e6 Bg5 Nbd7 e3 Be7 Qc2 O-O Rd1 b6 Bd3 Bb7 O-O h6 Bf4 dxc4 Bxc4 b5 Bd3 Qb6 e4 c5 Nxb5 Rfc8 Qe2 cxd4 Nbxd4 Nc5 Bc4 Ncxe4 Ne5 Rd8 Ndf3 Bc5 Nd3 Bf8 Nde5 Nd6 Bd3 Bd5 a3 a5 Rc1 Qb7 h3 Nde4 Be3 Rab8 Rc2 Bb3 Ba6 Qd5 Rcc1 Ba4 Rfe1 Bd6 Bd4 Bc5 Rxc5 Nxc5 Bc4 Qd6 Nxf7 Kxf7 Bxc5 Qf4 g3 Qe4 Bxe6+ Kg6 Nh4+ Kh7 Bf5+
FIDE WCh KO,Tripoli LBA,2004.06.22,2.2,"Zvjaginsev,V","Wojtkiewicz,A",1/2-1/2,B36,c4 c5 Nf3 g6 d4 cxd4 Nxd4 Nc6 e4 Nf6 Nc3 d6 Be2 Nxd4 Qxd4 Bg7 Bg5 O-O Qd2 Qa5 O-O Be6 Rad1 Rfc8 b3 a6 Bxf6 Bxf6 Nd5 Qxd2 Nxf6+ Kg7 Nh5+ gxh5 Rxd2 Rc5 a4 a5 Rc1 f6 Rc3 Rg8 Rg3+ Kf8 Rxg8+ Kxg8 f4 Kg7 Kf2 Bf7 f5 Rc8 Ke3 Kh6 h4 Kg7 Kd4 Be8 Ke3 b6 Kd4
FIDE WCh KO,Tripoli LBA,2004.06.22,2.2,"Ghaem Maghami,E","Kasimdzhanov,R",1/2-1/2,E18,c4 e6 Nf3 Nf6 g3 b6 Bg2 Bb7 O-O Be7 Nc3 O-O d4 Ne4 Qc2 Nxc3 bxc3 Nc6 h4 Na5 d5 Nxc4 dxe6 dxe6 Ng5 Bxg5 Bxb7 Bxc1 Bxa8 Bb2 Be4
FIDE WCh KO,Tripoli LBA,2004.06.22,2.2,"Van Wely,L","Filippov,Va",1-0,D36,d4 d5 c4 c6 Nc3 Nf6 Nf3 e6 Bg5 Nbd7 cxd5 exd5 e3 Be7 Qc2 Nh5 Bxe7 Qxe7 O-O-O Nb6 Ne5 g6 h3 f6 Nd3 Ng7 Kb1 Be6 Ka1 Bf7 Rc1 Ne6 Be2 Nc4 Bg4 Nd6 g3 Ng5 h4 Nge4 Na4 Be6 Bxe6 Qxe6 Rhg1 Nf7 f3 Ned6 Nf4 Qe7 g4 Nb5 Nc5 O-O-O Qb3 Kb8 a4 Nbd6 Rge1 f5 g5 Ka8 Qb4 Rc8 Rc3 b6 Ncd3 Rhe8 a5 Nc4 Qxe7 Rxe7 b3 Nxe3 Ne5 Rxe5 dxe5 d4 Rcxe3 dxe3 Rxe3 Kb7 e6 Nd6 h5 gxh5 Nxh5 Re8 Re5 Re7 Ng3 Kc8 a6 Kd8 f4 h6 gxh6 Rh7 Nxf5 Nxf5 Rxf5 Rxh6 Rf7 Rxe6 Rxa7 Kc8 Ra8+ Kc7 Rh8
FIDE WCh KO,Tripoli LBA,2004.06.22,2.2,"Kudrin,S","Hamdouchi,H",1/2-1/2,B33,e4 c5 Nf3 Nc6 d4 cxd4 Nxd4 Nf6 Nc3 e5 Ndb5 d6 Bg5 a6 Na3 b5 Bxf6 gxf6 Nd5 Bg7 c3 f5 exf5 Bxf5 Nc2 O-O a4 bxa4 Rxa4 a5 Nce3 Be6 Bc4 Rb8 Qd2 e4 O-O Ne5 Ba2 Qg5 Kh1 f5 f4 exf3 gxf3 f4 Ng2 Kh8 Rxa5 Bh3 b4 Ng6 Rg1 Be5 Bb1 Rb7 Qf2 Qh6 Be4 Rg7 Ra7 Rfg8 Rxg7 Rxg7 b5 Nf8 Ne1 Ne6 Nd3 Ng5 Nxe5 dxe5 Qc5 Rf7 Ne7 Qf6 Nd5 Qh6 Ne7 Qf6 Nd5
FIDE WCh KO,Tripoli LBA,2004.06.22,2.2,"Guseinov,G","Aronian,L",0-1,C65,e4 e5 Nf3 Nc6 Bb5 Nf6 d3 Bc5 O-O Nd4 Nxd4 Bxd4 c3 Bb6 Bg5 h6 Bh4 c6 Ba4 d6 d4 g5 Bg3 Nxe4 Nd2 Nxg3 fxg3 Be6 Bb3 d5 Kh1 g4 dxe5 Qg5 c4 Rd8 cxd5 cxd5
FIDE WCh KO,Tripoli LBA,2004.06.22,2.2,"Movsesian,S","Acs,P",1-0,A25,g3 e5 Bg2 Nc6 d3 g6 c4 Bg7 Nc3 d6 e3 Nge7 Nge2 h5 h3 Bd7 Qd2 Qc8 b3 Nd8 Bb2 O-O g4 h4 d4 a5 f4 a4 bxa4 exd4 Nxd4 Ndc6 O-O Na5 Qd3 Re8 Rae1 Nac6 Re2 Nxd4 exd4 Nc6 Ne4 Rxa4 d5 Nb4 Qd1 f6 a3 Na6 Nxf6+ Bxf6 Bxf6 Rxe2 Qxe2 Qe8 Qf2 Rxa3 Re1
FIDE WCh KO,Tripoli LBA,2004.06.22,2.3,"Ivanchuk,V","Harikrishna,P",1-0,D27,c4 c6 e4 d5 exd5 cxd5 d4 Nf6 Nc3 Nc6 Bg5 dxc4 Bxc4 e6 Nf3 Be7 O-O O-O Rc1 a6 Bd3 Bd7 Re1 Rc8 h4 Nb4 Bb1 Bc6 Ne5 g6 Qb3 Nbd5 Nxc6 bxc6 Na4 Nd7 Qg3 Bxg5 hxg5 Qa5 b3 Rfd8 Be4 Qd2 Red1 Qb4 Bxd5 cxd5 Rc7 Rxc7 Qxc7 Qb8 Rc1 Qa8 Rc6 Nf8 Nc5 e5 Rf6 exd4 Qxf7+ Kh8 Rxa6 Qb8 Ra7 Qe5 Nd3
FIDE WCh KO,Tripoli LBA,2004.06.22,2.3,"Dominguez,L","Malakhov,V",1/2-1/2,B77,e4 c5 Nf3 Nc6 d4 cxd4 Nxd4 g6 Nc3 Bg7 Be3 Nf6 Bc4 O-O Bb3 d6 f3 Bd7 Qd2 Nxd4 Bxd4 b5 a4 a6 O-O Bc6 axb5 axb5 Na2 Qd7 Nb4 h5 Rad1 Kh7 Rfe1 Bb7 c3 Qc7 Qe2 Qa5 e5 dxe5 Qxe5 e6 Qf4 Ng8 Bxg7 Kxg7 Qe5+ Kh7 Rd6 Rad8 Red1 Rxd6 Qxd6 Re8 Kf1 Qa8 Kf2 Qa7+ Qd4 Qb8 Qd6 Qa7+ Qd4 Qb8 Kg1 Ba8 Qe3 Nf6 Ra1 Kg7 Ra7 h4 Na6 Qd8 Nc7 Re7 Nxa8 Rxa7 Qxa7 Qd2 Qa1 h3 gxh3 Qe3+ Kg2 Qe2+ Kg1 Qe3+ Kg2
FIDE WCh KO,Tripoli LBA,2004.06.22,2.3,Ye Jiangchuan,Ni Hua,1-0,C07,e4 e6 d4 d5 Nd2 c5 Ngf3 cxd4 exd5 Qxd5 Bc4 Qd6 O-O Nf6 Nb3 Nc6 Nbxd4 Nxd4 Nxd4 a6 Bb3 Qc7 Qf3 Bd6 Kh1 O-O Bg5 Nd7 c3 Ne5 Qh3 Ng6 Rad1 b5 Bc2 Bf4 Nf3 e5 Qh5 Bb7 Bxf4 Bxf3 Qxf3 Nxf4 g3 Ng6 Bb3 Rad8 h4 Rfe8 Rfe1 Rxd1 Rxd1 e4 Qf5 Nf8 Re1 g6 Qf6 Qb7 Kg1 Ne6 Rd1 e3 fxe3 Qe4 Rd7 Qxe3+ Kh2 Qe2+ Kh3 Ng5+ hxg5 Qh5+ Kg2 Re2+ Kf1
FIDE WCh KO,Tripoli LBA,2004.06.22,2.3,"Anastasian,A","Neelotpal,D",1-0,A07,Nf3 d5 g3 Bg4 Bg2 Nd7 c4 e6 cxd5 exd5 O-O Ngf6 d3 Bc5 Qc2 O-O Nc3 c6 h3 Bxf3 Bxf3 d4 Ne4 Nxe4 Bxe4 Re8 Bd2 a5 a3 Qe7 Kg2 g6 Rab1 a4 Rfc1 Bd6 Qc4 Nc5 Bf3 Nb3 Rd1 Nxd2 Rxd2 Qe5 b3 axb3 Rxb3 Re7 Rdb2 Ra7 h4 Bxa3 Ra2 Bc5 Rxa7 Bxa7 Ra3 Bb8 Ra8 Kg7 Qb3 Bd6 Ra7 Qb5 Qa2 h5 Ra8 Qc5 Rd8 Rc7 Qa8 Qe5 Rh8 Qe7 Qg8+ Kf6 Be4 Rd7 Qc8 Rc7 Qa8 Kg7 Qg8+ Kf6 Qh7 Ke6 Rg8 Be5 Ra8 Bf6 Qg8 Kd7 Rb8 b5 Rb6 Rc8 Rb7+ Rc7 Rb8 Kd6 Ra8 Kd7 Qb8 b4 Ra4 Qd8 Qxb4 c5 Qb6 Ke7 Ra8 Rc8 Qb7+ Rc7 Qa6 Qd6 Qb5 Rd7 Ra6 Qe5 Ra8 Qd6 Rc8 Rd8 Rxc5 Kf8 Rc6 Qe7 Qc4 Kg7 Rc7 Rd7 Rc5 Rd8 Bf3 Rd7 Rc6 Rd6 Rc5 Rd8 Qb5 Rb8 Qa5 Rd8 Qb5 Rb8 Qc4 Rd8 Rb5 Rd7 Qa4 Ra7 Qb3 Rd7 Rb8 Rd8 Rb6 Rd6 Rb5 Rd7 Qc4 Rc7 Qb4 Qxb4 Rxb4 Rd7 Rb5 Be7 Bd5 f5 Kf3 Rc7 Bc4 Bf6 Rb6 Rd7 Ra6 Be5 e4 fxe4+ Kxe4 Bf6 Kf3 Be5 Ra5 Bf6 Bd5 Kh6 Be4 Rf7 Kg2 g5 hxg5+ Bxg5 Rd5 Bf6 f4 Ra7 Kf3 Ra1 Rd7
FIDE WCh KO,Tripoli LBA,2004.06.22,2.3,"Lastin,A","Azmaiparashvili,Z",1/2-1/2,C41,e4 d6 d4 Nf6 Nc3 e5 Nf3 Nbd7 g4 g6 g5 Nh5 Be3 Bg7 Qd2 O-O O-O-O f5 exf5 Rxf5 dxe5 Nxe5 Nxe5 Bxe5 Bc4+ Kh8 Kb1 Bd7 Rhe1 Bc6 Be6 Rf3 Bg4 Rxe3 Qxe3 Nf4 Bf3 Qxg5 Nd5 Bxd5 Bxd5 c6 Bh1 Qf6 Qb3 Qg7 Re3 a5 a4 h5 c3 Rf8 Qc2 Rf6 h3 Qf7 Be4 Kg7 Rg1 Kh6 Qd2 Kg7 Rf3 Qc4 Bc2 b5 axb5 cxb5 Re1 b4 cxb4 axb4 Bb3 Qc6 Rfe3 Qc8 Rc1 Qf5+ Bc2 Qe6 Bb3 Qf5+ Ka2 Ne6 Rc8 Qf4 Qc2 Nc5 Bd5 Qd4 Rc7+ Kh6 Bg8 b3+ Bxb3 Na6 Rc4 Nb4+ Rxb4 Qxb4 Re4 Qa5+ Kb1 Qb6 Re2 Rf8 Re3 Qb7 Re1 Rb8 Re3 Qh1+ Ka2 Ra8+ Ba4 Qb7 Ra3 Qb6 Qd2+ Kg7 f4 Bf6 Qg2 Ra5 Kb1 Qd4 Be8 Qd1+ Ka2 Qd5+ Qxd5 Rxd5 Rg3 g5 fxg5 Rxg5
FIDE WCh KO,Tripoli LBA,2004.06.22,2.3,"Iordachescu,V","Rublevsky,S",1-0,B43,e4 c5 Nf3 e6 Nc3 a6 d4 cxd4 Nxd4 Qc7 Bd3 Nf6 f4 b5 Qe2 Bb7 Bd2 b4 Na4 d5 e5 Ne4 Be3 Nd7 O-O Ndc5 Nxc5 Bxc5 Nb3 Bxe3+ Qxe3 O-O a3 bxa3 Rxa3 Rab8 Nd4 Qb6 Rb3 Qc5 Ra1 g6 h4 h5 Ra4 Qe7 Bxe4 dxe4 Rab4 Qc7 Rb6 Bd5 Rxb8 Rxb8 Rxb8+ Qxb8 b3 Qd8 g3 Qa5 Kf2 Qa1 c4 Bb7 Ne2 Qh1 Nc3 Qh2+ Ke1 Bc6 Ne2 Qh1+ Kd2 Qb1 Qc3 a5 Nd4 Bb7 c5 Bd5 c6 e3+ Kxe3 Qe4+ Kd2 Qg2+ Kc1 Kg7 c7 Bb7 Nc2 Bc8 Kb2 Qf2 Qxa5 Qxg3 Qa8 Bd7 Qd8 Qd3 c8=Q
FIDE WCh KO,Tripoli LBA,2004.06.22,2.3,"Nielsen,PH","Radjabov,T",1/2-1/2,A11,Nf3 Nf6 c4 g6 g3 Bg7 Bg2 c6 O-O O-O b3 d5 Bb2 a5 d3 Na6 Na3 Bg4 h3 Bxf3 Bxf3 Re8 Bg2 e5 Nc2 a4 b4 b5 a3 Qd7 e3 Rad8 Qe2 Nc7 Rfd1 Na8 cxb5 cxb5 Rac1 Nb6 Ne1 d4 Kh2 Nfd5 e4 Nc7 h4 Ne6 Bh3 Qd6 Nf3 Bh6 Rc2 Rc8 Rxc8 Rxc8 Ng5 Bxg5 hxg5 Rc6 Qd2 Qe7 Bxe6 Qxe6 Rc1 Rxc1 Qxc1 Qb3 Qc7 Qxb2
FIDE WCh KO,Tripoli LBA,2004.06.22,2.3,"Beliavsky,A","Kobalia,M",1/2-1/2,A89,d4 f5 Nf3 Nf6 g3 g6 Bg2 Bg7 O-O O-O c4 d6 Nc3 Nc6 d5 Ne5 Nxe5 dxe5 Bg5 e4 Qd2 e6 Rad1 exd5 cxd5 Bd7 f3 exf3 exf3 Qe7 Rfe1 Qc5+ Be3 Qd6 Qf2 Rfc8 Bc5 Qa6 Bf1 Qa5 a4 Bf8 Bd4 Ne8 Qe3 Nd6 Qe5 Nf7 Qf6 Qb4 b3 c5 dxc6 Rxc6 Nd5 Rxf6 Nxb4 Rd6 Bc3 Rxd1 Rxd1 Bxb4 Bxb4 Be6 Rd3 Rd8 Re3 Bd5 a5 Rc8 Be2 Rc2 Bc3 Kf8 Kf2 Ng5 Ke1 Kf7 h4 Ne6 Bd1 Rg2 Be5 Rg1+ Kd2 Rg2+ Kc3 Rg1 Rd3 Bc6 b4 Ke7 Bb3 Rf1 f4 Be4 Rd6 Nc7 Bc4 Rf3+ Kb2 a6 h5 Rxg3 hxg6 hxg6 Rb6 Nb5 Bxb5 axb5 Rxb5 g5 fxg5 Rxg5 Rb6 Rg2+ Kc3 Rc2+ Kd4 Rb2 Bd6+ Kd7 Bc5 Rd2+ Ke5 Rd5+ Kf4 Rd1 Rh6 Rd3 Be3 Rb3 Bc5 Rd3 Rg6 Rd1 Rh6
FIDE WCh KO,Tripoli LBA,2004.06.22,2.3,"Vallejo Pons,F","Almasi,Z",1/2-1/2,C48,e4 e5 Nf3 Nc6 Nc3 Nf6 Bb5 Nd4 Ba4 Bc5 Nxe5 O-O Nd3 Bb6 Nf4 c6 d3 d5 O-O Bg4 Qd2 dxe4 Nxe4 Nxe4 dxe4 Re8 c3 Ne2+ Nxe2 Qxd2 Bxd2 Bxe2 Rfe1 Rxe4 Bc2 Ree8 Be3 Bh5 Bxb6 axb6 f3 Bg6 Bb3 Kf8 Kf2 Rxe1 Rxe1 Rd8 h4 f6 a3 Bf7 Rd1 Rxd1 Bxd1 Ke7 Ke3 Kd6 Bc2 h6 Bf5 b5 g3 b6 Kd4 Bd5 Ke3 Ke5 Bd3 Be6 b4 Bd5 f4+ Kd6 Kd4 c5+ Ke3 Bc6 Be2 Bd7 Ke4 f5+ Ke3 Bc6 Bh5 Ke6 Bd1 Kd6 Bb3 Be8 Bc2 Bd7 Bd3 Kd5 Bf1 Be8 Be2 Kd6 Bd1 Bf7 Bc2 Be6 Bd3 Bd7 Be2 Be8 c4 bxc4 Bxc4 Bd7 Bf7 Bc6 Bg6 Bd7 Kd3 Be6 Bh5 Kd5 Bf3+ Kd6 Kc3 Bf7 Bd1 Be6 Bc2 Bc8 Kd3 Be6 Kc3 Bc8 Bd3 Be6 Ba6 Bd7 Kc4 cxb4 axb4 Be6+ Kd4 Bd7 Bc4 Bc8 Bg8 Bd7 Kc4 Kc6 Bf7 Kd6 Bh5 Kc6 Bf3+ Kd6 Bd1 Be8 Be2 Bc6 Kd4 Bd7 Ba6 Be6 Bb5 Bf7 Bd3
FIDE WCh KO,Tripoli LBA,2004.06.22,2.3,"Bologan,V","Moiseenko,A",1/2-1/2,B30,e4 c5 Nf3 Nc6 Bb5 e6 Bxc6 bxc6 d3 Qc7 O-O d6 c3 Nf6 Re1 e5 d4 cxd4 cxd4 Bg4 dxe5 dxe5 Nbd2 Bb4 Qa4 Bxd2 Nxd2 O-O Nb3 Nd7 Be3 Be6 Rec1 Rfc8 Rc3 Qb7 Rac1 c5 Bxc5 Nxc5 Rxc5 Rxc5 Rxc5 Rd8 Rc1 h6 Qa5 Qd7 h3 Bxb3 axb3 Qd2 Ra1 Qxa5 Rxa5 Rd1+ Kh2 Rd2 Rxe5 Rxf2 Re8+ Kh7 Re7 a5 Kg3 Rxb2 Rxf7 Rxb3+ Kf4 Rb2 Ra7 Rxg2 Rxa5 Kg6 Ra6+ Kf7 h4 h5 Kf5 g6+ Ke5 g5 Ra7+ Kg6 Ra8 Kg7 hxg5 Rxg5+ Kf4 Rb5 e5 Kf7 Kf5 Rb6 Rh8 Ra6 Rh7+ Ke8 Rxh5 Ke7 Rh7+ Ke8 Rb7 Rc6 Ke4
FIDE WCh KO,Tripoli LBA,2004.06.22,2.3,"Lputian,S","Mamedyarov,S",1/2-1/2,E91,d4 Nf6 c4 g6 Nc3 Bg7 e4 d6 Nf3 O-O Be2 Bg4 Be3 Nfd7 Ng1 Bxe2 Ngxe2 e5 d5 f5 f3 Bh6 Bf2 Nf6 Qd3 fxe4 Nxe4 Nxe4 fxe4 Qg5 O-O Nd7 Nc3 Nf6 Kh1 Qd2 Qh3 Nh5 Bg1 Nf4 Qg3 Qxb2 Rab1 Qa3 Rxb7 Rf7 Rfb1 Kg7 R7b4 Qa6 Qg4 Qa5 Qg3 Qa6 Ra4 Qc8 c5 Rb8 Rb3 Rxb3 axb3 Nh5 Qe1 a6 c6 Qg4 Ra1 Bf4 Ne2 Bg5 Nc3 Bf4 Ne2 Bg5 Nc3 Bf4
FIDE WCh KO,Tripoli LBA,2004.06.22,2.3,"Wojtkiewicz,A","Zvjaginsev,V",1/2-1/2,A33,Nf3 c5 c4 Nc6 d4 cxd4 Nxd4 Nf6 Nc3 e6 Ndb5 d5 Bf4 e5 cxd5 exf4 dxc6 bxc6 Qxd8+ Kxd8 O-O-O+ Bd7 Nd6 Bxd6 Rxd6 Ng4 f3 Ne3 Rd4 c5 Rxf4 f5 h4 Rb8 b3 Rb6 g4 Rb4 Rxb4 cxb4 Nd1 Nxd1 Kxd1 fxg4 fxg4 Bxg4 Bh3
FIDE WCh KO,Tripoli LBA,2004.06.22,2.3,"Filippov,Va","Van Wely,L",1-0,A30,Nf3 Nf6 c4 b6 g3 c5 Bg2 Bb7 O-O g6 Nc3 Bg7 d4 cxd4 Qxd4 d6 Be3 Nbd7 Rac1 Rc8 b3 a6 Rfd1 O-O Qh4 Rc7 Bh3 Qb8 g4 Nc5 g5 Nfe4 Nxe4 Bxe4 Bxc5 Bxf3 Bxd6 exd6 exf3 b5 f4 bxc4 Rxc4 Rxc4 bxc4 Qb2 f5 Be5 f6 h5 Qe4 Rb8 Be6 Kf8 Bd5 Re8 Kg2 Bxh2 Rb1 Qd2 Rb8 Be5 Rxe8+ Kxe8 Bxf7+ Kd8 Qa8+ Kc7 Qa7+ Kd8 Qb8+ Kd7 Be8+
FIDE WCh KO,Tripoli LBA,2004.06.22,2.3,"Hamdouchi,H","Kudrin,S",1/2-1/2,B22,e4 c5 Nf3 g6 c3 d5 exd5 Qxd5 d4 Bg7 Na3 cxd4 Bc4 Qe4+ Be3 Nh6 cxd4 O-O O-O Bg4 Bxh6 Bxh6 Re1 Qf4 Rxe7 Nc6 Rxb7 Rab8 Rxb8 Rxb8 Be2 Bxf3 Bxf3 Nxd4 b3 Bg7 Rb1 Be5 Kf1 Qxh2 g3 Nf5 Bg2 Bxg3 Qf3 Bh4 Rd1 Re8 Nc4 Bf6 Nd6 Nh4 Qg3 Qxg3 fxg3 Nxg2 Nxe8 Ne3+ Ke2 Nxd1 Nxf6+ Kg7 Nd5 Nb2 Kd2 h5 Kc2 Na4 bxa4 g5 Kd3 Kg6 Ke4 f5+ Ke5 h4 gxh4 gxh4 Kf4 Kf7 Ne3 Ke6 a5 h3 Nf1 Kd5 Kxf5 Kc5 a6 Kb6 Kg4 Kxa6 Kxh3 Kb5 Kg3 Kb4 Kf3 Ka3 Ke3 Kxa2 Ke4
FIDE WCh KO,Tripoli LBA,2004.06.22,2.3,"Movsesian,S","Acs,P",1-0,A07,g3 d5 Nf3 Nf6 Bg2 c6 O-O Bg4 d3 e6 Nbd2 Nbd7 h3 Bh5 e4 Be7 Re1 O-O e5 Ne8 Nf1 Nc7 Bf4 f6 exf6 Bxf6 d4 e5 dxe5 Be7 Bd2 Ne6 g4 Bg6 Ng3 Qb6 Be3 Qc7 Nd4 Nxd4 Bxd4 Nc5 e6 Rae8 b4 Ne4 Nxe4 dxe4 Bxe4 Bxb4 Bxg6 hxg6 Re4 c5 Bb2 Re7 Qd5 Rd8 Qg5 Rf8 Rd1 c4 Bd4 b6 Qxg6 Bc5 Qg5 Bxd4 Rdxd4 c3 Qe5 Qc8 f4 Qa6 a4 Rfe8 f5 b5 Qxb5 Qc8 Rc4 Qd8 Red4 Qa8 Rxc3 Rb7 Qc6 Qb8 Rcd3 Rb1+ Kg2 Kh7 g5 Rc8 Rh4+ Kg8 e7 Rg1+ Kxg1 Qb1+ Kg2
FIDE WCh KO,Tripoli LBA,2004.06.22,2.4,"Harikrishna,P","Ivanchuk,V",0-1,E43,d4 Nf6 c4 e6 Nc3 Bb4 e3 b6 Nf3 Ne4 Qc2 Bb7 Bd3 f5 Nd2 Bxc3 bxc3 Nxd2 Bxd2 Qh4 O-O-O Bxg2 Rhg1 Bf3 Rde1 Nc6 Rxg7 O-O-O Reg1 Qxh2 c5 Bg4 R1xg4 fxg4 Ba6+ Kb8 Qe4 Qg1+ Kc2 Qxf2 Qxg4 h5 Qh3 h4 Qh1 h3 Bb5 h2 Ba6 Rdg8
FIDE WCh KO,Tripoli LBA,2004.06.22,2.4,"Malakhov,V","Dominguez,L",1/2-1/2,D12,Nf3 d5 c4 c6 e3 Nf6 d4 Bf5 Nc3 e6 Nh4 Bg6 Be2 Nbd7 Bd2 Bd6 Nxg6 hxg6 Qc2 dxc4 Bxc4 Qe7 O-O-O Nb6 Be2 e5 Kb1 O-O-O Nb5 exd4 Ba5 Bb8 Nxd4 Bc7 Bxb6 Bxb6 Nxc6 bxc6 Qxc6+ Qc7 Qa8+ Qb8 Qc6+ Qc7 Qa8+ Qb8 Qc6+
FIDE WCh KO,Tripoli LBA,2004.06.22,2.4,Ni Hua,Ye Jiangchuan,1-0,B26,e4 c5 Nc3 e6 g3 Nc6 Bg2 g6 d3 Bg7 Nge2 d6 Be3 Nd4 O-O Ne7 Rb1 Nec6 Qd2 O-O Nc1 b6 Nd1 e5 c3 Ne6 f4 Nc7 Ne2 d5 f5 d4 cxd4 Nxd4 Nxd4 cxd4 Bh6 Ne8 Nf2 Nf6 g4 Qd6 Qg5 Ne8 Qh4 f6 g5 fxg5 Bxg5 Nf6 Nh3 Bd7 Rf3 Rac8 Rbf1 gxf5 exf5 Bc6 Rg3 Bxg2 Rxg2 Kh8 Rf3 Rg8 Rfg3 Qe7 Nf2 Qf7 Rh3 Rcf8 Ne4 Rc8 Nxf6
FIDE WCh KO,Tripoli LBA,2004.06.22,2.4,"Neelotpal,D","Anastasian,A",1/2-1/2,B15,e4 c6 d4 d5 Nd2 dxe4 Nxe4 Nf6 Nxf6+ exf6 c3 Bd6 Bd3 O-O Qc2 Kh8 Ne2 Nd7 Be3 Re8 O-O-O Nf8 Kb1 a5 Ng3 Qc7 Qd2 Be6 Ne4 a4 h4 Rad8 h5 Be7 f3 b5 g4 Qd7 Ka1 Qd5 Bb1 Qc4 g5 fxg5 Bxg5 Bxg5 Qxg5 Qd5 Qg3 Nd7 Rdg1 Rg8 Qh4 h6 Qf4 b4 Rg6 Qf5 Qxf5 Bxf5 Rxc6 bxc3 bxc3 Be6 c4 Nb8 Rd6 Bxc4 Rc1 Be6 Rc7 a3 f4 Rgf8 Ra7 Rxd6 Nxd6 Nc6 Ra4 Rd8 Nb7 Rb8 Nc5 Kg8 Be4 Nb4 Nxe6 fxe6 Rxa3 Nd5 Bxd5 exd5 Ra5 Rd8 Ra7 Rf8 Rd7 Rxf4 Rxd5 g6 hxg6 Kg7 a4 Kxg6 a5 h5 a6 h4 Ra5 Rf8 a7 Ra8 Kb2 h3 Ra3 h2 Rh3 Rxa7 Rxh2 Kf5 Re2 Rc7 Kb3 Rc8 Kb4 Ra8 Kc5 Rc8+ Kb5 Rd8 Kc4 Rc8+ Kd3 Rd8 Re1 Kf6 Ke4
FIDE WCh KO,Tripoli LBA,2004.06.22,2.4,"Azmaiparashvili,Z","Lastin,A",0-1,A07,g3 d5 Bg2 c6 d3 Bg4 h3 Bh5 Nf3 Nd7 e4 e6 O-O Bd6 Qe2 Ne7 b3 O-O Bb2 a5 a4 Be5 d4 dxe4 dxe5 exf3 Bxf3 Bxf3 Qxf3 Ng6 Qe3 Qc7 Re1 Rfd8 Na3 b5 axb5 cxb5 Qe2 b4 Nc4 Ne7 Ra2 Nb8 Nd6 Nbc6 Qf3 Ng6 Nc4 Rd5 h4 Rad8 Qe2 h6 Raa1 Nge7 Rad1 Nf5 Rxd5 Rxd5 Qe4 Qd8 Kg2 Na7 Ra1 Qc7 c3 bxc3 Bxc3 Nc6 Kh3 Qd8 Ra2 h5 Rd2 g6 Qe1 Ncd4 Bxd4 Nxd4 Qd1 Nxb3 Rxd5 Qxd5 Qxd5 exd5 Nb6 d4 Kg2 Nd2 f3 Nb1 Kf2 Nc3 Nc4 a4 Na3 Kf8 Ke1 Ke7 Nc2 d3 Na3 Ne2 g4 Ke6 Kd2 Nf4 Ke3 Kxe5 Nc4+ Ke6 Kd2 g5 gxh5 gxh4 h6 h3 h7 Ng6
FIDE WCh KO,Tripoli LBA,2004.06.22,2.4,"Rublevsky,S","Iordachescu,V",1-0,C43,e4 e5 Nf3 Nf6 d4 Nxe4 Bd3 Nc6 dxe5 Nc5 Nc3 Nxd3+ Qxd3 d6 Bf4 dxe5 Nxe5 Qxd3 Nxd3 Bd6 Nb5 a6 Nxd6+ cxd6 Bxd6 Bf5 O-O-O O-O-O Nf4 g5 Ne2 Rhe8 Nc3 b6 a3 h5 Rd5 Bg6 Rhd1 f6 f4 g4 f5 Bf7 R5d2 Ne5 b3 h4 Bxe5 Rxd2 Rxd2 Rxe5 Rd4 h3 gxh3 gxh3 Ne4 Kc7 Nxf6 Kc6 Rf4 Re2 Ng4 Kd6 f6 Rg2 Nh6 Ke6 Rf3 Kd5
FIDE WCh KO,Tripoli LBA,2004.06.22,2.4,"Radjabov,T","Nielsen,PH",1/2-1/2,D37,d4 Nf6 c4 e6 Nf3 d5 Nc3 Be7 Bf4 O-O e3 Nbd7 a3 c5 cxd5 Nxd5 Nxd5 exd5 dxc5 Nxc5 Be5
FIDE WCh KO,Tripoli LBA,2004.06.22,2.4,"Kobalia,M","Beliavsky,A",0-1,C91,e4 e5 Nf3 Nc6 Bb5 a6 Ba4 Nf6 O-O Be7 Re1 b5 Bb3 O-O d4 d6 c3 Bg4 Be3 d5 exd5 exd4 Bxd4 Nxd4 cxd4 Re8 Nc3 b4 Na4 Nxd5 Qd3 Be6 Ne5 Bd6 Nc5 Bxc5 dxc5 Nf6 Qf3 Bxb3 Qxb3 Qd5 Qxd5 Nxd5 Nc6 Kf8 Kf1 a5 Rad1 Rxe1+ Kxe1 Ne7 Ne5 Ke8 Ke2 a4 Rd4 b3 axb3 axb3 Rb4 f6 Nd3 Nc6 Rg4 Kf7 Rh4 h6 Kd2 Ke6 Kc3 Ne5 Nf4+ Kf5 Nd5 Ra5 Rf4+ Ke6 Ne3 Rxc5+ Kxb3 Rb5+ Kc3 Rxb2 Nf5 g5 Nxh6 Ra2 Re4 Rxf2 h4 Rxg2 hxg5 Rxg5 Rh4 c5 Rh1 Rg3+ Kc2 f5 Rh5 f4 Nf5 Rg1 Nh4 Rh1 Rh8 Kd5 Kc3 Ke4 Rh5 Rh3+ Kc2 f3
FIDE WCh KO,Tripoli LBA,2004.06.22,2.4,"Almasi,Z","Vallejo Pons,F",1-0,B90,e4 c5 Nf3 d6 d4 cxd4 Nxd4 Nf6 Nc3 a6 Be3 e5 Nb3 Be7 f3 Be6 Qd2 O-O O-O-O Nbd7 g4 b5 g5 b4 Ne2 Ne8 f4 a5 Kb1 a4 Nbc1 exf4 Nxf4 Bxg5 Nxe6 Bxe3 Nxd8 Bxd2 Rxd2 Rxd8 Rd4 Nef6 Rxb4 Nc5 Bg2 Rfe8 Re1 Nd5 Rd4 Nf4 Bf3 g5 Rg1 f6 Nd3 Nfxd3 cxd3 Kf8 Bg4 Ke7 Rg3 h5 Bf5 Rb8 Rc4 h4 Re3 a3 b3 Rb7 d4 Ne6 Kc2 Reb8 Kc3 Kf7 Rc6 Nc7 Kd3 Ke7 Re2 Ra7 e5 dxe5 dxe5 fxe5 Rxe5+ Kf8 Kc4 Rab7 Bd3 g4 Rf6+ Kg7 Rg6+ Kf7 Rh5 Rg8 Rh7+ Kf8 Rxg8+ Kxg8 Rxh4 Na6 Rxg4+ Kf7 Kc3 Nc5 b4 Na4+ Kb3 Nc5+ Kc2 Na4 Bc4+ Kf6 Kb3 Kf5 h3 Nb6 Kxa3 Re7 Bd3+ Kf6 Rg6+
FIDE WCh KO,Tripoli LBA,2004.06.22,2.4,"Moiseenko,A","Bologan,V",1-0,E30,d4 Nf6 c4 e6 Nc3 Bb4 Nf3 Nc6 Bg5 h6 Bh4 g5 Bg3 Ne4 Rc1 d5 Ne5 Nxg3 Nxc6 bxc6 hxg3 Bd7 e3 Qf6 a3 Be7 Be2 Rb8 Qc2 e5 cxd5 exd4 exd4 Qxd4 O-O c5 Rfe1 Kf8 a4 h5 Bb5 Bg4 Be2 Bd7 Bb5 Bg4 Be2 Qf6 b3 Bf5 Bd3 Bxd3 Qxd3 Rxb3 Qc2 Rb4 Ne4 Qd4 Rcd1 Qc4 Qd2 Qd4 Qc2 Qb2 Qd3 h4 Qf3 hxg3 Nxg3 Qf6 d6 cxd6 Nf5 d5 Qxd5 Rf4 Qa8+
FIDE WCh KO,Tripoli LBA,2004.06.22,2.4,"Mamedyarov,S","Lputian,S",1/2-1/2,D59,d4 d5 c4 e6 Nf3 Nf6 Nc3 Be7 Bg5 h6 Bh4 O-O e3 b6 cxd5 Nxd5 Nxd5 Bxh4 Nxc7 Bxf2+ Kxf2 Qxc7 Rc1 Qe7 Qc2 Nd7 Qc7 Qb4 Qc3 Qa4 Qc4 Qxc4 Rxc4 Nf6 Rc7 Nd5 Rc1 Bb7 a3 Rac8 Bd3 Nf6 Ne5 Ne4+ Ke2 Nd6 Kf2 Rfd8 Rhd1 f6 Nf3 Kf7 Nd2 Ke7 Be2 g5 Bf3 Bxf3 gxf3 f5 a4 Kf6 e4 e5 d5 f4 b4 a6 Ke2 h5 h3 Rg8 Rg1 Rgd8 Kd3 Rg8 Ke2 Rgd8
FIDE WCh KO,Tripoli LBA,2004.06.22,2.4,"Zvjaginsev,V","Wojtkiewicz,A",1-0,B50,e4 c5 Nf3 d6 Nc3 Nf6 e5 dxe5 Nxe5 Nbd7 Nc4 e6 Be2 Be7 O-O Nb6 b3 O-O Bb2 Nbd5 Bf3 Nxc3 Bxc3 Nd5 Bb2 Bf6 Ne5 Qc7 Re1 Rd8 Be4 Nf4 Qf3 Ng6 Bxg6 hxg6 d3 Bd7 Re3 Rac8 Rae1 Be8 a4 b6 Qh3 Rd5 c4 Rd6 Rf3 Qd8 Re4 Bg5 Rg3 Bc6 Reg4 Bf6 Rf4 Be8 Nxg6 fxg6 Bxf6 gxf6 Rh4 Kf8 Rh7 Bf7 Qh6+ Ke8 Rxf7 Kxf7 Qxg6+ Ke7 Qh7+
FIDE WCh KO,Tripoli LBA,2004.06.22,2.4,"Van Wely,L","Filippov,Va",1-0,D36,d4 d5 c4 c6 Nc3 Nf6 Nf3 e6 Bg5 Nbd7 cxd5 exd5 e3 Be7 Qc2 Nh5 Bxe7 Qxe7 O-O-O Nb6 Ne5 g6 h3 Bf5 Nd3 Nf6 g4 Bxd3 Bxd3 O-O-O Rhe1 Kb8 f3 Ne8 Qh2+ Qc7 Qf2 Ng7 Kb1 Ne6 h4 a6 Bc2 c5 dxc5 Qxc5 Bb3 Rd7 Rd3 Rhd8 Red1 Ka7 a3 Qa5 Ba2 Qc5 f4 f5 gxf5 gxf5 Qg2 Rg7 Qh3 d4 exd4 Qd6 Bxe6 Qxe6 d5 Qf6 Qe3 Rd6 Na4 Kb8 Nxb6 Rxb6 Qe5+ Rd6 Re3 Rd7 h5 Qf7 Qe8+ Qxe8 Rxe8+ Kc7 Re5 Rf7 Rg1 Kd7 Rg5 Rdf6 Kc2 a5 Kc3 h6 Rg8 Rb6 Ra8 Rg7 Rxf5 a4 Rxa4 Rg3+ Kd4 Rxb2 Rb4 Rd2+ Ke5 Re3+ Kf6 Kc7 a4 b6 Re5 Red3 Ke6 Rd4 Rxd4 Rxd4 f5 Rxa4 f6 b5 f7
FIDE WCh KO,Tripoli LBA,2004.06.22,2.4,"Kudrin,S","Hamdouchi,H",1/2-1/2,B33,e4 c5 Nf3 Nc6 d4 cxd4 Nxd4 Nf6 Nc3 e5 Ndb5 d6 Bg5 a6 Na3 b5 Bxf6 gxf6 Nd5 Bg7 c3 f5 exf5 Bxf5 Nc2 O-O a4 Ne7 Bd3 e4 Be2 Be6 Nxe7+ Qxe7 O-O Bb3 axb5 axb5 Qd2 Bxc2 Qxc2 b4 Rxa8 Rxa8 Bc4 bxc3 bxc3 Rc8 Bd5 Rxc3 Qxe4 Qxe4 Bxe4 Bh6 g3 Rc1 Rxc1 Bxc1 f4 Kg7 Kf2 h6 Kf3 f6
FIDE WCh KO,Tripoli LBA,2004.06.22,2.4,"Acs,P","Movsesian,S",1-0,D15,d4 Nf6 c4 c6 Nf3 d5 Nc3 a6 e3 b5 b3 Bg4 Be2 Nbd7 O-O e6 h3 Bh5 Bb2 Bd6 Ne5 Bxe2 Nxe2 Qc7 cxb5 cxb5 Rc1 Qb8 Nxd7 Nxd7 e4 dxe4 d5 O-O dxe6 Nc5 Nf4 Ra7 Nh5 Nxe6 Nf6+ gxf6 Qg4+ Ng5 Bxf6 h6 Rc6 Be5 h4 Bh2+ Kh1 Qf4 Qh5 Nh7 Bd4 Rfa8 Rxh6 f6 Rg6+ Rg7 Qd5+ Kf8 Bc5+ Ke8 Qe6+
FIDE WCh KO,Tripoli LBA,2004.06.22,2.5,"Dominguez,L","Malakhov,V",1/2-1/2,B35,e4 c5 Nf3 Nc6 d4 cxd4 Nxd4 g6 Nc3 Bg7 Be3 Nf6 Bc4 Qa5 O-O O-O Nd5 Nxd5 exd5 Nxd4 Bxd4 e5 dxe6 dxe6 Bxg7 Kxg7 Qd4+ e5 Qe3 Bf5 c3 Rac8 Bb3 Qc5 Qxc5 Rxc5 Rad1 Re8 Rd6 Re7 Rfd1 e4 R1d5 Rcc7 Rd2 b6 Kf1 e3 Re2 exf2 Rxe7 Rxe7 Kxf2 h5 Bd1 Be6 a3 Kf6 Be2 Ke5 Rd8 Rd7 Rxd7 Bxd7 Ke3 h4 g3 hxg3 hxg3 f5 Bd3 g5 Bc2 Bc6 Bd3 f4+ gxf4+ gxf4+ Kf2 Be4 Ba6 Bd5 Bd3 Bf7 Ba6 Ke4 Bb5 Bd5 Bf1 Ke5 Bd3 Kd6 Bf1 Kc5 b4+ Kd6 Bd3 Bb3 Kf3 Ke5 Kf2 Bd5 Ba6 Bc6 Bf1 b5 Be2 a6 c4 Kd4 cxb5 axb5 Bf1 Kc3 Bxb5 Bxb5
FIDE WCh KO,Tripoli LBA,2004.06.22,2.5,Ni Hua,Ye Jiangchuan,1-0,B48,e4 c5 Nf3 e6 d4 cxd4 Nxd4 Nc6 Nc3 Qc7 Be3 a6 Qd2 Nf6 O-O-O Bb4 f3 Na5 Kb1 Bxc3 bxc3 d5 Bg5 dxe4 Bxf6 gxf6 fxe4 Bd7 Nb3 O-O-O Bd3 Bc6 Qf2 Nxb3 axb3 Qe5 Kb2 Rhg8 Rhf1 Rg6 g3 h5 Qb6 Rd7 Bxa6 Qc7 Qxc7+ Kxc7 Rxd7+ Kxd7 Bd3 h4 gxh4 Rh6 Rf4 Ke7 c4 e5 Rg4 Bd7 Rg8 Rxh4 Rb8 f5 exf5 e4 Bf1 Rf4 Be2 e3 Kc3 Bxf5 Rxb7+ Kf6 c5 Rf2 Bd3 e2 Kd2 Bg4 Rb4 Kg5 c6 f5 Rxg4+ fxg4 c7 Rf8 Ba6
FIDE WCh KO,Tripoli LBA,2004.06.22,2.5,"Rublevsky,S","Iordachescu,V",1/2-1/2,B15,e4 g6 d4 Bg7 Nc3 c6 f4 d5 e5 Nh6 Be3 Ng4 Qd2 c5 Nf3 Nc6 Bb5 Nxe3 Qxe3 c4 Bxc6+ bxc6 O-O O-O b3 Ba6 Rf2 Bb5 e6 f5 Ng5 Rf6 Re1 a5 Nf7 Qc8 Rd2 a4 b4 a3 Nd1 Ba6 Nf2 Qb8 g4 c3 Qxc3 fxg4 Nxg4 Rxf4 Nge5 Bb5 Qg3 Rf6 Nd7 Qxg3+ hxg3 Rf3 Kg2 Rc3 Nc5 Bc4 Nb3 Rb8 Na5 Bxa2 Ra1 Rxb4 Rxa2 Rb2 Ra1 Rcxc2 Rxc2 Rxc2+ Kh3 a2 Nb3 c5 Ne5 cxd4 Nd3 Bh6 Nbc1 Bxc1 Nxc1 Rc3 Ne2 Ra3 Nxd4 Kg7 Nc2 Ra6 Nb4 Rxe6 Nxd5 Re5 Nb4 Re4 Nc6 Re6 Nb4 Re4 Nc6 Re6 Nb4 Re4 Nc6
FIDE WCh KO,Tripoli LBA,2004.06.22,2.5,"Nielsen,PH","Radjabov,T",1/2-1/2,D78,Nf3 g6 g3 Bg7 d4 Nf6 Bg2 d5 O-O O-O Ne5 c6 c4 dxc4 Nxc4 Be6 b3 Bd5 Bb2 Bxg2 Kxg2 Nbd7 Nbd2 Nb6 e3 Qd7 Rc1 Nbd5 a3 Rad8 Qf3 Qe6 b4 Rc8 h3 Rfd8 Rfe1 Nb6 Na5 Rb8 e4 Qa2 Qb3 Qxb3 Ndxb3 Nfd7 Ba1 Kf8 Red1 Nc8 d5 cxd5 Bxg7+ Kxg7 Rc7 Nd6 exd5 Nb5 Rxb7 Rxb7 Nxb7 Rb8 N7a5 Nxa3 Nc6 Rc8 Ra1 Nb5 Ra5 Nd6 Rxa7 Nf6 Nxe7 Rc2 Nd4 Rb2 Rc7 Rxb4 Nec6 Rb2 Ne5 Nxd5 Rd7 Ne3+ Kf3 Nec4 Nxc4 Nxc4 Rc7 Nd6
FIDE WCh KO,Tripoli LBA,2004.06.22,2.5,"Mamedyarov,S","Lputian,S",1/2-1/2,D59,d4 Nf6 c4 e6 Nc3 d5 Nf3 Be7 Bg5 h6 Bh4 O-O e3 b6 cxd5 Nxd5 Bxe7 Qxe7 Nxd5 exd5 Rc1 Be6 Qa4 c5 dxc5 bxc5 Qa3 Rc8 Be2 a5 Nd4 Na6 Bxa6 Rxa6 O-O Bd7 Nb3 Rg6 Kh1 Qe4 f3 Qxe3 Nxc5 Qd2 g4 Be6 Qc3 Qxc3 Rxc3 d4 Rcc1 Bxa2 Nd3 Rgc6 Rxc6 Rxc6 Ra1 Bd5 Kg2 Rf6 Ne1 Rb6 Rxa5 Rxb2+ Kg3 Bc4 Rc5 d3 Ng2 d2 Ne3 Rb3 Rxc4 Rxe3 Rd4 Re2 f4 Re3+ Kg2 Re4 Rxd2 Rxf4 Kg3 Ra4 Rd7 Ra5 Rc7 g6 Rb7 Kg7 Rc7 h5 h3 Ra3+ Kh4 Ra4 Kg3 Ra5 Rb7 Re5 Kh4 Kf6 Rb6+ Re6 Rb7 Re4 Rb6+ Kg7 Rb7 Re3 Ra7 hxg4 hxg4 Kh6 g5+ Kg7 Kg4 Re4+ Kg3 Kf8 Kf3 Re7 Ra6 Kg7 Kf4 Rc7 Ra4 Rb7 Kg4 Rb5 Ra7 Kf8 Ra8+ Ke7 Ra7+ Ke6 Ra6+ Ke7 Ra7+ Kf8 Ra4 Rb7 Kf4 Ke8 Ra5 Rd7 Ra6 Ke7 Ke4 Rb7 Kf4 Rb4+ Kf3 Rd4 Rb6 Rd6 Rb7+ Ke6 Ke4 Ra6 Rb4 Kd6 Rd4+ Ke7 Rb4 Ke6 Kf4 Kd5 Rb5+ Kc6 Rb4 Ra5 Kg4 Rc5 Rf4
FIDE WCh KO,Tripoli LBA,2004.06.22,2.5,"Van Wely,L","Filippov,Va",0-1,D36,d4 d5 c4 e6 Nc3 c6 Nf3 Nf6 Bg5 Nbd7 cxd5 exd5 e3 Be7 Qc2 Nh5 Bxe7 Qxe7 O-O-O Nb6 h3 g6 g4 Nf6 Ne5 Nfd7 Nd3 h5 Be2 Nf6 Ne5 Nfd7 f4 Nxe5 dxe5 Be6 e4 hxg4 hxg4 Rxh1 Rxh1 O-O-O f5 Bd7 exd5 Qxe5 fxg6 fxg6 Rd1 g5 dxc6 Bxc6 Rxd8+ Kxd8 Qd3+ Kc7 Qh7+ Nd7 Kc2 a5 Bd3 Kb6 Qf5 Qxf5 Bxf5 Ne5 Nd1 Kc5 Kc3 b5 a3 b4+ axb4+ axb4+ Kd2 Kd4 Ne3 b3 Be6 Nf3+ Ke2 Ke4 Kf2 Nd4 Bc4 Bb5 Bf7 Bd7 Bd5+ Kd3 Nf5 Be6 Bb7 Nxf5 gxf5 Bxf5
FIDE WCh KO,Tripoli LBA,2004.06.22,2.5,"Kudrin,S","Hamdouchi,H",0-1,C41,e4 d6 d4 Nf6 Nc3 Nbd7 Nf3 e5 Bc4 Be7 O-O O-O a4 c6 Qe2 a5 Rd1 Qb6 Ba2 exd4 Nxd4 Nc5 h3 Be6 Nxe6 fxe6 Be3 d5 exd5 exd5 Rab1 Rae8 Qd2 Kh8 Re1 Qb4 Qd4 Nce4 Nxe4 Nxe4 c3 Qxd4 Bxd4 Bf6 Bxf6 gxf6 Rbd1 Nc5 Rxe8 Rxe8 c4 dxc4 Bxc4 Nxa4 b3 Nb2 Rd7 Nxc4 bxc4 Rb8 c5 a4 Rd3 Ra8 Ra3 Kg7 Kf1 Kf7 Ke2 Ke6 Kd2 Kd5 Kc2 Kxc5 Rf3 b5 Rxf6 b4 Rf7 a3 Kb1 b3 Rb7 Kc4
FIDE WCh KO,Tripoli LBA,2004.06.22,2.5,"Movsesian,S","Acs,P",1-0,A07,g3 d5 Nf3 Nf6 Bg2 c6 O-O Bg4 d3 e6 Nbd2 Be7 h3 Bh5 e4 O-O Re1 Nbd7 e5 Ne8 Nf1 c5 Bf4 b5 g4 Bg6 Qd2 c4 Ng3 cxd3 cxd3 Nc5 Bf1 d4 h4 h6 h5 Bh7 Rac1 Nc7 g5 Qd5 Bg2 Qxa2 Rxc5 Bxc5 gxh6 Nd5 hxg7 Rfc8 Bh6 Bb4 Qg5 Bxe1 Nxe1 Qb1 Qd2 a5 Kh2 a4 Ne4 a3 bxa3 Rxa3 Nd6 Qc1 Qxc1 Rxc1 Bxc1 Ra1 Bd2 Rd1 Ba5 b4 Bxd5 Rxe1 Bc4 Rxe5 Bxb4 Rxh5+ Kg2 Kxg7 Nb5 e5 Nd6 Rg5+ Kf1 Bg6 Ne8+ Kh7 Be7 Rf5 Bd5 e4 dxe4 Re5 Nf6+ Kg7 Bd8 d3 f4 d2 Ke2 Bxe4 fxe5
FIDE WCh KO,Tripoli LBA,2004.06.22,2.6,"Malakhov,V","Dominguez,L",1/2-1/2,D12,Nf3 d5 c4 c6 e3 Nf6 d4 Bf5 Nc3 e6 Nh4 Bg6 Be2 Nbd7 Bd2 Bd6 Nxg6 hxg6 Qc2 dxc4 Bxc4 Qe7 O-O-O Nb6 Be2 e5 Kb1 O-O-O Nb5 exd4 Ba5 Bc7 Nxd4 Nbd5 Bxc7 Qxc7 h3 Kb8 Bf3 Rhe8 Nb3 Ne7 Nc5 Rxd1+ Rxd1 Rd8 Rxd8+ Qxd8 Qd3 Qxd3+ Nxd3 Nd7 h4 Kc7 Bd1 Kd6 Bb3 f6 Kc2 Ne5 Nxe5 Kxe5 Kd3 g5 hxg5 fxg5 g3 b5 f4+ gxf4 gxf4+ Kd6 e4 c5 e5+ Kc6 Be6 g6 Ke4 c4 Kd4 a6 Bg4 Kb6 Bf3 a5 a4 Nf5+ Kc3 Kc5 axb5 Kxb5 Bd5 Ne3 Kd4 Nf5+ Kc3 Ne3 Be4 Kc5 Kd2 Nf1+ Ke1 Ne3 Ke2 Nd5 Bxd5 Kxd5 Kd2 Kc5 Kc2 Kc6 Kb1 Kd5 Ka2 Kc5 Ka3 Kb5 Ka2 Kc5 Kb1 Kd5 Kc2 Kc6 Kd2 Kc5 Ke2 Kc6 Ke3 Kd5 Kd2 Kc5 Kc2 Kc6 Kb1 Kc5 Ka2 Kc6 Ka3 Kb5 e6 Kc6 Ka4 Kd6 Kxa5 Kxe6 Kb5 Kd5 Kb4
FIDE WCh KO,Tripoli LBA,2004.06.22,2.6,Ye Jiangchuan,Ni Hua,1-0,B26,e4 c5 Nc3 Nc6 g3 g6 Bg2 Bg7 d3 d6 Be3 e6 Qd2 Rb8 Nge2 b5 d4 b4 Na4 cxd4 Nxd4 Ne5 b3 Ne7 h3 O-O O-O Bd7 Nb2 Qc7 a3 Qc3 axb4 Qxd2 Bxd2 N5c6 Nxc6 Nxc6 c3 Rfd8 Nc4 d5 exd5 exd5 Na5 Ne7 Rfe1 Kf8 Rac1 Rbc8 Nb7 Be6 Nxd8 Rxd8 Be3 Nc6 b5 Na5 b4 Nb3 Rcd1 Bxc3 Bxa7 Bxe1 Rxe1 Nd2 Bc5+ Ke8 b6 Kd7 Rd1 Nc4 Bxd5 Kc8 Bxe6+ fxe6 b7+
FIDE WCh KO,Tripoli LBA,2004.06.22,2.6,"Iordachescu,V","Rublevsky,S",0-1,B30,e4 c5 Nf3 e6 Nc3 Nc6 Bb5 Nd4 Bd3 Nxf3+ Qxf3 a6 O-O Qc7 Re1 Bd6 g3 Nf6 Bf1 Be5 Bg2 b5 a4 b4 Nd5 Nxd5 exd5 Bb7 d4 cxd4 Qh5 d6 f4 g6 Qh6 Bf6 dxe6 Bxg2 Kxg2 Qxc2+ Kg1 Qf5 Bd2 fxe6 Bxb4 Kd7 Rad1 Rac8 Rd2 Rc4 Ba3 Qh5 b3 Rc6 Bb2 e5 Rf1 Rb8 fxe5 dxe5 Rdf2 Bg5 Rf7+ Ke6 Ba3 Rxb3 Bf8 d3 h4 Be3+ Kg2 Rb2+ Kh3 Rcc2 Re7+ Kd5 Rh1 d2 Bg7 Bd4 Qxh5 gxh5 Bh6 d1=Q
FIDE WCh KO,Tripoli LBA,2004.06.22,2.6,"Radjabov,T","Nielsen,PH",1/2-1/2,E29,d4 Nf6 c4 e6 Nc3 Bb4 e3 O-O f3 c5 a3 Bxc3+ bxc3 Nc6 Bd3 b6 Ne2 Ba6 e4 Ne8 O-O Na5 f4 f5 exf5 exf5 Ng3 g6 Be3 d6 Qf3 Bb7 Qe2 Nf6 h3 Qc7 Rae1 Rae8 Qc2 Ne4 Nxe4 Bxe4 Bf2 Qb7 d5 Nxc4 Rxe4 Rxe4 Bxe4 fxe4 Qxe4 Nd2 Qe6+ Qf7 Re1 Qxe6 dxe6 Re8 Bh4 d5 Re5 d4 cxd4 cxd4 Rd5 Nc4 a4 Ne3 Rd7 Rxe6 Rxd4 Nf5 Rd8+ Kf7 Rd7+ Ke8 Rd8+ Kf7 Rd7+ Ke8 Rd8+
FIDE WCh KO,Tripoli LBA,2004.06.22,2.6,"Lputian,S","Mamedyarov,S",1/2-1/2,D76,d4 Nf6 c4 g6 Nf3 Bg7 g3 d5 cxd5 Nxd5 Bg2 O-O O-O Nb6 Nc3 Nc6 e3 Re8 d5 Na5 Nd4 Bd7 b3 c5 dxc6 Nxc6 Nxc6 Bxc6 Bxc6 bxc6 Bb2 Nd5 Na4 Bxb2 Nxb2 Qd7 Rc1 Qe6 Qd4 a5 Nd3 Red8 Nc5 Qh3 Rfd1
FIDE WCh KO,Tripoli LBA,2004.06.22,2.6,"Filippov,Va","Van Wely,L",1-0,A28,c4 Nf6 Nc3 e5 Nf3 Nc6 e3 Bb4 Nd5 e4 Ng1 O-O a3 Bd6 Ne2 Nxd5 cxd5 Ne5 Nc3 f5 d4 exd3 Bxd3 Nxd3+ Qxd3 Be5 O-O d6 Bd2 Bd7 f4 Bf6 e4 Kh8 exf5 Bxf5 Qf3 Qe8 h3 Qg6 Kh2 h5 Rae1 a6 b4 Bd3 f5 Bxf1 fxg6 Be5+ Rxe5 Rxf3 Rxh5+
FIDE WCh KO,Tripoli LBA,2004.06.22,2.6,"Hamdouchi,H","Kudrin,S",0-1,B22,e4 c5 Nf3 g6 c3 d5 exd5 Qxd5 d4 Bg7 Na3 cxd4 Bc4 Qe4+ Be3 Nh6 Nb5 O-O Bd3 Qg4 Bxh6 Bxh6 Nc7 dxc3 bxc3 Qxg2 Rg1 Qh3 Nxa8 Bf4 Be2 Nc6 Qb3 Be6 Qa4 Qh6 h4 Rxa8 Ng5 Bxg5 hxg5 Qh2 O-O-O Qxf2 Qb5 Bxa2 Rgf1 Qe3+ Kb2 Be6 Rfe1 a6 Qa4 Qxg5 Bf3 Ne5 Be4 b5 Qd4 Nc4+ Ka1 Rf8 Bb7 Nd6 Bh1 a5 Rg1 Qh5 Rde1 b4 Re5 Qh2 Rxa5 bxc3 Bg2 c2 Qf2 Rc8 Rc1 Bh3 Rg5 Bxg2 Qxg2 Qf4 Qg1 Ra8+
FIDE WCh KO,Tripoli LBA,2004.06.22,2.6,"Acs,P","Movsesian,S",0-1,E69,d4 Nf6 c4 g6 Nc3 Bg7 g3 O-O Bg2 d6 Nf3 Nbd7 O-O e5 h3 c6 e4 Qa5 Re1 exd4 Nxd4 Ne5 Bf1 Re8 Rb1 Be6 b4 Qc7 f4 Ned7 f5 gxf5 exf5 Bxc4 Bxc4 d5 Rxe8+ Nxe8 Bf4 Qb6 Be3 dxc4 f6 Ndxf6 Nf5 Qd8 Qf3 Qd3 Rc1 a5 b5 cxb5 Kf2 b4 Nxg7 Kxg7 Qxb7 Rd8 Rd1 Qc2+ Ke1 Qxc3+
FIDE WCh KO,Tripoli LBA,2004.06.22,2.7,"Dominguez,L","Malakhov,V",1-0,B37,e4 c5 Nf3 Nc6 d4 cxd4 Nxd4 g6 c4 Nf6 Nc3 d6 Nc2 Bg7 Be2 Nd7 Bd2 O-O O-O a5 Na3 Nc5 Nab5 Be6 Be3 a4 Rb1 Qa5 f4 f5 exf5 Bxf5 Rc1 Qb4 g4 Bd7 Nd5 Qa5 Bd2 Qd8 Bc3 Bxc3 Rxc3 Rc8 Re3 Rf7 Bf3 Na5 b3 axb3 axb3 Nc6 Rfe1 Na6 h3 Qf8 Nb6 Rd8 Nxd7 Rxd7 Bd5 Kg7 Bxf7 Qxf7 Nd4 Nab4 Ne6+ Kg8 Qa1 Na6 Rf1 Nd8 Nxd8 Rxd8 Qd4 Nb8 Qb6 Rd7 f5 Nc6 fxg6 Qxg6 Ref3 Ne5 Rf5 e6 Rf6 Qd3 Qf2 Kg7 Qf4
FIDE WCh KO,Tripoli LBA,2004.06.22,2.7,Ye Jiangchuan,Ni Hua,1-0,C42,e4 e5 Nf3 Nf6 Nxe5 Nxe4 Qe2 Qe7 Qxe4 d6 d4 dxe5 dxe5 Nc6 Bf4 g5 Bd2 f5 Qe2 Bg7 Nc3 Nd4 Qh5+ Qf7 Qxf7+ Kxf7 O-O-O f4 Bxf4 gxf4 Rxd4 Bxe5 Bc4+ Be6 Bxe6+ Kxe6 Re1 Kf5 Rd5 Rhe8 g4+ Kf6 g5+ Kf5 Nb5 Rac8 Nd4+ Kxg5 Rdxe5+ Rxe5 Rxe5+ Kg4 f3+ Kh3 Rh5+ Kg2 b4 c5 bxc5 Rd8 c3 Kf2 Kd2 Rd7 Kd3 Re7 a4 a6 a5 Rf7 Ke4 Ke1 Rf5 Rc7 Kxf4 Kd2 c4 Kd3 Ne6 Re7 Ke5 Kxc4 Kd6 Re8 Rf7 Kb5 Rxb7+ Kxa5 c6
FIDE WCh KO,Tripoli LBA,2004.06.22,2.7,"Radjabov,T","Nielsen,PH",1-0,A30,Nf3 Nf6 b3 c5 Bb2 Nc6 g3 g6 Bg2 Bg7 O-O O-O c4 d5 d3 e6 Nbd2 b6 Rc1 Bb7 a3 a5 Rc2 d4 Qa1 Qc7 e4 e5 Qd1 a4 bxa4 Nd8 Bc1 Bc6 Qe2 Bxa4 Ra2 Ne6 h3 Rab8 Nh2 Nd7 Ng4 h5 Nh2 Bh6 h4 Nf6 Bh3 Bd7 Kg2 Qc8 Kh1 Ng7 Bg2 Bc6 Ndf3 Bxc1 Rxc1 Qc7 Qd2 Nh7 Qh6 Bd7 Rb2 Ra8 Rb3 Ra6 Ng5 Nxg5 hxg5 Be6 Bf3 Rfa8 g4 h4 Qxh4 Bd7 Kg2 Ne6 Rh1 Kf8 Qh8+ Ke7 Qf6+ Kd6 Qxf7 Rf8 Qxg6 Qd8 Nf1 Rg8 Qh6 Kc7 Ng3 Nf4+ Kg1 Ba4 Rb1 Bd7 Qf6 Qxf6 gxf6 Rxa3 Rh7 Rxd3 Bd1 Rf8 Ba4 Rd8 Ra1 Kd6 Bxd7 Rxd7 Nf5+ Ke6 Rxd7 Kxd7 f7 Ne6 Ra7+ Kc6 Re7 Nf8 Re8 Ng6 Rg8 Rd1+ Kh2
FIDE WCh KO,Tripoli LBA,2004.06.22,2.7,"Mamedyarov,S","Lputian,S",1-0,A06,b3 d5 Bb2 c5 e3 Nf6 Nf3 e6 c4 Nc6 a3 Bd6 cxd5 exd5 d4 cxd4 Nxd4 O-O Be2 Qe7 b4 a5 b5 Ne5 Nd2 a4 O-O Bd7 Rc1 Bxa3 Bxa3 Qxa3 Rc7 Rfb8 N2f3 Qd6 Rc2 Rc8 Ra2 Nxf3+ Bxf3 Qb4 Qa1 a3 h3 Ne4 Rb1 Qc3 Bxe4 dxe4 Rb3 Qxa1+ Rxa1 a2 Rb2 Be6 Nxe6 fxe6 Raxa2 Rxa2 Rxa2 Rc5 Rb2 Kf7 Kh2 Kf6 Kg3 Kf5 Kh4 h6 b6 Rc6 g4+ Kf6 Rb4 e5 Rb2 g6 Kg3 g5 h4 gxh4+ Kxh4 Kg6 Rb5 Re6 Rb4 Rf6 Kg3 Rc6 Rxe4 Kf6 Rb4 Kg6 Rb5 Kf6 Kf3 Ke6 Rb4 Kf6 Ke4 Ke6 Kf3 Kd5 Rb5+ Ke6 Rb1 Kf6 Ke4 Rc4+ Kf3 Rc6 Kg3 Kg6 Rb5 Kf6 Kh4 Re6 Kh5 Kg7 f3 Kh7 f4 exf4 exf4 Kg7 f5 Rc6 Kh4 Kf6 Kg3 Kg5 Kf3 Rc3+ Ke4 Rc6 Ke5 Kxg4 f6 Kg5 f7 Rc8 Ke6+ Kg6 Rb1 Kg7 Rg1+ Kh7 Ke7 Rf8
FIDE WCh KO,Tripoli LBA,2004.06.22,2.7,"Hamdouchi,H","Kudrin,S",1-0,B22,e4 c5 Nf3 g6 c3 d5 exd5 Qxd5 d4 Bg7 Na3 cxd4 Bc4 Qe4+ Be3 Nh6 Nb5 Na6 cxd4 O-O Nc3 Qc6 Bb5 Qd6 O-O Nf5 Qd2 Nxe3 fxe3 Nc7 Bd3 Bg4 Ng5 e5 Bc4 Be6 Nce4 Qe7 d5 Nxd5 Bxd5 Rad8 Nxe6 fxe6 Rxf8+ Bxf8 Bxe6+ Kg7 Bd5 Qd7 Rd1 Bc5 Nxc5 Qc8 Ne6+
FIDE WCh KO,Tripoli LBA,2004.06.23,3.1,"Topalov,V","Movsesian,S",1-0,B48,e4 c5 Nf3 Nc6 d4 cxd4 Nxd4 Qc7 Nc3 e6 Be3 a6 Qd2 Nf6 O-O-O Bb4 f3 Ne5 Nb3 b5 Kb1 Be7 Qf2 d6 Bb6 Qb8 Bd4 Nc6 Be3 Nd7 g4 O-O g5 b4 Na4 Nce5 Rg1 Bb7 Na5 Rc8 b3 Bc6 Nxc6 Nxc6 f4 Nc5 Nxc5 dxc5 f5 Ne5 Bh3 exf5 exf5 Re8 Bf4 Bd6 g6 hxg6 fxg6 Ra7 Qg2 Nc4 Rxd6 Nxd6 Qd5 Rd8 gxf7+ Rxf7 Be6 Qb7 Qg5
FIDE WCh KO,Tripoli LBA,2004.06.23,3.1,"Aronian,L","Smirnov,P",1/2-1/2,A34,c4 c5 Nf3 Nf6 Nc3 Nc6 g3 d5 cxd5 Nxd5 Bg2 Nc7 O-O e5 d3 Be7 Nd2 Bd7 Nc4 f6 f4 b5 Ne3 Rc8 a4 b4 Nb5 exf4 Bxc6 fxe3 Be4 Nxb5 axb5 Bxb5 Rxa7 O-O Bxe3 Kh8 Qa1 Bd6 Rf5 Bd7 Qf1 Qe8 Rd5 f5 Qh3 fxe4 Qxd7 Qxd7 Rxd7 exd3 exd3 Rce8 Bg5 Be5 Be7 Rxe7 Rxe7 Bxb2 Rf7 Re8 Rfd7 Bd4+ Kg2 b3 Rd8 Rg8 R5d7 b2 Rxg8+ Kxg8 Rb7 Bc3 Rb3 Kf7 Kf3 Kf6 Ke2 Kf5 h3 g5 Kd1 g4 hxg4+ Kxg4 Kc2 Bd4 Rb6 h5 Rg6+ Kf5 Rg8 Ke5
FIDE WCh KO,Tripoli LBA,2004.06.23,3.1,"Adams,Mi","Hamdouchi,H",1-0,B51,e4 c5 Nf3 Nc6 Bb5 d6 O-O Bd7 Re1 Nf6 h3 a6 Bf1 g5 d4 g4 d5 gxf3 dxc6 Bxc6 Qxf3 e6 Nc3 Be7 Bf4 Rg8 Rad1 Rg6 a3 Qc7 b4 cxb4 axb4 b5 g3 O-O-O Ra1 Qb7 Bg2 Rd7 Red1 Qb6 Be3 Qb7 Bd4 Bd8 Ra3 Ne8 Rda1 Nc7 Qh5 Rg5 Qxh7 f5 Qh8 fxe4 h4 Rf5 Bh3 Rff7 Ne2 e3 Bxe3 e5 Bg5
FIDE WCh KO,Tripoli LBA,2004.06.23,3.1,"Filippov,Va","Grischuk,A",1/2-1/2,D14,d4 d5 Nf3 Nf6 c4 c6 cxd5 cxd5 Nc3 Nc6 Bf4 Bf5 e3 e6 Bd3 Bxd3 Qxd3 Bd6 Bxd6
FIDE WCh KO,Tripoli LBA,2004.06.23,3.1,"Ivanchuk,V","Kasimdzhanov,R",1/2-1/2,D58,d4 d5 c4 e6 Nc3 Be7 Nf3 Nf6 Bg5 h6 Bh4 O-O e3 b6 Bd3 Nbd7 O-O Bb7 Bg3 c5 cxd5 Nxd5 Nxd5 Bxd5 Qe2 cxd4 Nxd4 Bf6 Rfd1 Bxd4 exd4 Nb8 Rac1 Nc6 Qd2 a6 Bb1 Qg5 Qd3 f5 f3 Rfc8 Qe2 Kf7 Rc3 Ne7 Re3 Rc6 Qe1 Qf6 Be5 Qg6 h3 Rac8 Kh2 Qg5 Bg3 Qf6 Be5 Qg5 Bg3 Qf6 Be5
FIDE WCh KO,Tripoli LBA,2004.06.23,3.1,"Zvjaginsev,V","Krasenkow,M",1/2-1/2,D46,Nf3 d5 d4 Nf6 c4 e6 Nc3 c6 e3 Nbd7 Qc2 Bd6 Bd3 O-O O-O dxc4 Bxc4 a6 Ng5 Bxh2+ Kxh2 Ng4+ Kg1 Qxg5 f3 Ngf6 e4 Qh4 Qf2 Qxf2+ Kxf2 e5 Be3 exd4 Bxd4 c5 Be3 b5 Be2 Bb7 g4 h6 Rfd1 Rfc8 Rd6 Nf8 Rc1 c4 a4 Bc6 Na2 bxa4 Rxc4 Bb5 Rxc8 Rxc8 Nb4 Ng6 Bxb5 axb5 Rb6 Nd7 Rxb5 Nde5 Bd4
FIDE WCh KO,Tripoli LBA,2004.06.23,3.1,"Dominguez,L","Tkachiev,V",1-0,C43,e4 e5 Nf3 Nf6 d4 Nxe4 Bd3 d5 Nxe5 Nd7 Nxd7 Bxd7 O-O Bd6 Nc3 Nxc3 bxc3 O-O Qh5 f5 Re1 c6 Bg5 Qc7 c4 Be8 Qh3 dxc4 Bxc4+ Bf7 Be6 g6 Re2 Rfe8 Rae1 Bf8 Qb3 Rxe6 Rxe6 Bxe6 Rxe6 Qf7 Bf6 Bh6 h4 Rf8 Be5 a5 a4 Rd8 h5 Rd5 Rf6 Qe8 Qxb7 Rxd4 Bxd4 Qe1+ Kh2 Bf4+ g3 Bxg3+ Kg2 Qe4+ f3 Qe2+ Kxg3
FIDE WCh KO,Tripoli LBA,2004.06.23,3.1,"Mamedyarov,S","Nisipeanu,LD",1/2-1/2,A04,Nf3 Nf6 g3 b6 Bg2 Bb7 O-O c5 d3 d5 e4 dxe4 Nfd2 Nc6 Nxe4 Nxe4 dxe4 g6 c3 Bg7 Na3 O-O
FIDE WCh KO,Tripoli LBA,2004.06.23,3.1,"Kharlov,A","Leitao,R",1-0,D15,d4 d5 c4 c6 Nf3 Nf6 Nc3 a6 e3 b5 b3 Bg4 Be2 e6 O-O Nbd7 h3 Bh5 Bb2 Bd6 Ne5 Bxe2 Nxe2 Qc7 cxd5 cxd5 Rc1 Qb8 Nxd7 Nxd7 e4 dxe4 d5 O-O dxe6 Nc5 Nf4 Ra7 Bd4 Bxf4 Bxc5 Bxc1 Bxa7 Qxa7 exf7+ Qxf7 Qxc1 h6 Qe3 Qd5 Re1 Rc8 Qf4 Rc2 Rxe4 Rxa2 Re5 Qd3 Re8+ Kh7 Qf8 Qd5 Qh8+ Kg6 Re3 Qd4 Rg3+ Kf7 Rf3+ Kg6 Qe8+ Kh7 Rf8
FIDE WCh KO,Tripoli LBA,2004.06.23,3.1,"Sakaev,K","Dreev,A",1/2-1/2,D35,d4 d5 c4 c6 Nf3 Nf6 Nc3 e6 Bg5 Nbd7 cxd5 exd5 e3 Be7 Bd3 Ne4 Bf4 Ng5 Qc2 Nxf3+ gxf3 Bf6 O-O-O Nf8 Be5 Bxe5 dxe5 Qe7 f4 g6 h4 Bg4 Rdg1 Bh5 Kb1 Ne6 Be2 Bxe2 Nxe2 O-O-O h5
FIDE WCh KO,Tripoli LBA,2004.06.23,3.1,"Akopian,Vl","Moiseenko,A",1-0,B51,e4 c5 Nf3 Nc6 Bb5 d6 O-O Bd7 c3 Nf6 Re1 a6 Ba4 b5 Bc2 Bg4 d3 e6 Nbd2 Be7 h3 Bh5 Nf1 Nd7 Ng3 Bg6 d4 cxd4 Nxd4 Nxd4 cxd4 O-O Nf5 Rc8 Bd3 exf5 exf5 Bg5 fxg6 hxg6 Bxg5 Qxg5 a4 Nf6 axb5 axb5 Qb3 Rfe8 Rxe8+ Rxe8 Qxb5 Qd2 Qb3 Re1+ Rxe1 Qxe1+ Bf1 Ne4 Qe3 Qb1 b4 d5 b5 Qd1 Qd3 Qe1 Qe2 Qa1 Qe3 Qd1 g3 Nd2 Qe2 Qc1 h4 Kh7 Kg2 Nxf1 Qxf1 Qb2 Qd3 Kg8 g4 Kf8 g5 Kg8 Kg3 Kf8 Kf4 f6 Kg3 Kf7 Kg2 Qb4 gxf6 gxf6 h5 gxh5 Qh7+ Ke6 Qg8+ Kf5 Qxd5+ Kg6 Qe4+ f5 Qe6+ Kg5 Qe5 h4 Kh3 Qb1 Qg7+ Kf4 Qh6+ Ke4 Qe3+ Kd5 Kxh4 Kc4 Qe5 Qh1+ Kg5 Qg1+ Kxf5 Qxf2+ Ke6 Qf8 Qd5+ Kb4 Qd6+
FIDE WCh KO,Tripoli LBA,2004.06.23,3.1,"Almasi,Z",Ye Jiangchuan,1-0,B48,e4 c5 Nf3 Nc6 d4 cxd4 Nxd4 Qc7 Nc3 e6 Be3 a6 Qd2 Nf6 O-O-O Bb4 f3 Ne5 Nb3 b5 Qe1 Rb8 Qg3 Be7 f4 Nc4 e5 Nh5 Qf2 Nxe3 Qxe3 g6 g4 Ng7 Bd3 Bb7 Rhf1 O-O f5 exf5 gxf5 Bb4 f6 Ne6 Rf5 Rfe8 Rh5 Bf8 Rg1 Ng7 fxg7 Bxg7 Qf2 b4 Ne2 Bd5 Nf4 Bxb3 axb3 Rxe5 Bc4 Rf8 Kb1 Rxh5 Nxh5 Bxb2 Kxb2 Qe5+ Kb1 Qxh5 Qd2 a5 Rf1 Qh3 Qd6
FIDE WCh KO,Tripoli LBA,2004.06.23,3.1,"Anastasian,A","Beliavsky,A",1/2-1/2,D43,d4 d5 c4 c6 Nf3 Nf6 Qb3 e6 Nc3 Nbd7 Bg5 Qa5 cxd5 exd5 e3 Ne4 Bd3 Nxg5 Nxg5 Qd8 f4 Qe7 Kf2 h6 Nf3 Qb4 Qc2 Be7 a3 Qd6 Rhf1 O-O Kg1 c5 Rad1 Nf6 Ne5 cxd4 exd4 Bd7 h3 Bd8 g4 Bb6 Qf2 Bc6 Kg2 Rad8 Rfe1 Rfe8 Bb1 Ne4 Qf3 Qc7 Nxc6 Qxc6 Nxe4 dxe4 Rxe4 Rxe4 Qxe4 Qxe4+
FIDE WCh KO,Tripoli LBA,2004.06.23,3.1,"Nakamura,H","Lastin,A",1-0,D48,c4 c6 d4 d5 Nc3 Nf6 e3 e6 Nf3 Nbd7 Bd3 dxc4 Bxc4 b5 Bd3 Bb7 O-O a6 e4 c5 d5 Qc7 dxe6 fxe6 Bc2 c4 Nd4 Nc5 Be3 O-O-O Qe2 e5 Nf3 Nd3 a4 b4 Nd5 Nxd5 exd5 e4 Nd2 b3 Bxd3 cxd3 Qg4+ Qd7 Qf4 Bxd5 Rfc1+ Kb7 Qe5 Be7 Nxe4 Rhe8 Qd4 Ka8 Nd6 Bxd6 Qxd5+ Qb7 Qxb7+ Kxb7 Rc3 Bb4 Rxb3 a5 Kf1 d2 Rd1 Kc6 Ke2 Kd5 Rd3+ Kc6 b3 Rb8 Rd4 Re5 Kd3 Bc5 Rc4 Rxb3+ Kxd2 Rb2+ Kc3 Rb4 Rdd4 h5 g3 g5 h4 g4 Rf4 Rxc4+ Rxc4 Kb6 Rxc5 Rxc5+ Kd3 Kc6 Bxc5 Kxc5 Ke3
FIDE WCh KO,Tripoli LBA,2004.06.23,3.1,"Bacrot,E","Radjabov,T",1/2-1/2,E97,d4 Nf6 c4 g6 Nc3 Bg7 e4 d6 Nf3 O-O Be2 e5 O-O Nc6 d5 Ne7 b4 Ne8 c5 f5 Ng5 Nf6 f3 Kh8 Be3 Bh6 Nf7+ Rxf7 Bxh6 f4 Rc1 Neg8 Bg5 Rg7 g4 h5 h3 Rh7 Kg2 Bd7 Rh1 Rc8 Qg1 Ra8 a4 Qf8 a5 Nh6 Bh4 g5 Bf2 a6 Kf1
FIDE WCh KO,Tripoli LBA,2004.06.23,3.1,"Rublevsky,S","Kozul,Z",0-1,B52,e4 c5 Nf3 d6 Bb5+ Bd7 Bxd7+ Qxd7 O-O Nf6 Qe2 Nc6 c3 e5 Rd1 Qg4 d3 Be7 Nbd2 d5 exd5 Nxd5 Nc4 f6 Qe4 Qd7 Ne3 O-O-O d4 cxd4 cxd4 exd4 Nxd4 Ndb4 Nef5 Bc5 Be3 g6 Qf3 Ne5 Qe2 gxf5 Nb3 Bd6 Bc5 Nbd3 Bxa7 Rhg8 g3 Bc7 Nd4 Rg4 Rxd3 Nxd3 Qxd3 Rxd4 Bxd4 Qxd4 Qxf5+ Kb8 Qxh7 Qxb2 Rf1 Qxa2 Qf5 Rd6 h4 Qd5 Qxd5 Rxd5 Kg2 b5 Rh1 f5 h5 Be5 h6 b4 h7 Rd8 Rh6 Kc7 Re6 Bc3 Kf3 Rh8 Re7+ Kd6 Rb7 Kc6 Re7 Rb8 Re3 Kd5 Rd3+ Kc4 Rd7 b3 Kf4 b2 Rd1 Bd2+
FIDE WCh KO,Tripoli LBA,2004.06.24,3.2,"Movsesian,S","Topalov,V",1/2-1/2,C54,e4 e5 Nf3 Nc6 Bc4 Nf6 d3 Bc5 c3 d6 Bb3 a6 Nbd2 O-O h3 Ba7 Nf1 d5 Qe2 Be6 Bg5 dxe4 dxe4 Bxb3 axb3 Qd6 Ng3 Qe6 b4 Ne8 O-O f6 Be3 Bxe3 fxe3 Nd6 Rf2 a5 bxa5 Nxa5 Nh4 g6 Raf1 Nb3 Qc2 Ra1 Nf3 Rxf1+ Nxf1 Nc5 N3d2 b5 Kh2
FIDE WCh KO,Tripoli LBA,2004.06.24,3.2,"Smirnov,P","Aronian,L",1/2-1/2,C87,e4 e5 Nf3 Nc6 Bb5 a6 Ba4 Nf6 O-O Be7 Re1 d6 c3 Bg4 h3 Bh5 d3 Qd7 Nbd2 g5 Nf1 g4 hxg4 Bxg4 Ne3 Rg8 Kf1 h5 d4 b5 Bc2 h4 dxe5 Bxf3 Qxf3 Nxe5 Qf5 Nfg4 Nxg4 Nxg4 Bb3 Ne5 Bf4 Nc4 a4 Qxf5 exf5 Kd7 Re4 Rgb8 axb5
FIDE WCh KO,Tripoli LBA,2004.06.24,3.2,"Hamdouchi,H","Adams,Mi",1/2-1/2,C87,e4 e5 Nf3 Nc6 Bb5 a6 Ba4 Nf6 O-O Be7 Re1 d6 Bxc6+ bxc6 d4 exd4 Nxd4 Bd7 Qf3 O-O Nc3 Re8 h3 h6 Bd2 Nh7 Rad1 Bf6 Bf4 Qb8 Nb3 Ng5 Qd3 Bxc3 bxc3 Ne6 Be3 a5 a4 c5 Ra1 Bc6 c4 Qd8 Bd2 Qd7 Nxa5 Bxa4 Bc3 Ra6 Nb3 Rea8 Rab1 Qe7 Re3 Nf4 Qd2 Ng6 Bb2 Be8 Rg3 Qxe4 Re1 Qf5 Qc3 f6 Rf3 Qg5 Rg3 Qf5 Rf3 Qg5 Rg3
FIDE WCh KO,Tripoli LBA,2004.06.24,3.2,"Grischuk,A","Filippov,Va",1/2-1/2,B31,e4 c5 Nf3 Nc6 Bb5 g6 Bxc6 dxc6 d3 Bg7 h3 Nf6 Nc3 O-O Be3 b6 Qd2 e5 Bh6 Qd6 O-O-O a5 Nh2
FIDE WCh KO,Tripoli LBA,2004.06.24,3.2,"Kasimdzhanov,R","Ivanchuk,V",1/2-1/2,C10,e4 e6 d4 d5 Nc3 Nf6 Bg5 dxe4 Nxe4 Nbd7 Nf3 h6 Nxf6+ Nxf6 Bxf6 Qxf6 Bb5+ c6 Bd3 Bd7 O-O c5 c3 cxd4 Qb3 Bd6 Nxd4 Qe5 g3 O-O-O Rfe1
FIDE WCh KO,Tripoli LBA,2004.06.24,3.2,"Krasenkow,M","Zvjaginsev,V",1-0,D45,Nf3 d5 d4 Nf6 c4 e6 Nc3 c6 e3 a6 c5 Nbd7 b4 g6 Bb2 Bg7 Be2 O-O O-O Rb8 Na4 Qe7 Ne5 Nxe5 dxe5 Nd7 f4 f6 exf6 Bxf6 Bxf6 Rxf6 e4 b5 e5 Rf7 Nb2 a5 a3 Ra8 Qd4 axb4 axb4 Rxa1 Rxa1 Nf8 Nd3 Bd7 Nf2 g5 fxg5 Qxg5 g3 h5 Nh3 Qh6 Nf4 Rf5 Bd3 Rg5 Ra8 Rg7 Qf2 Rf7 Bg6
FIDE WCh KO,Tripoli LBA,2004.06.24,3.2,"Tkachiev,V","Dominguez,L",0-1,B13,c4 c6 e4 d5 exd5 cxd5 d4 Nf6 Nc3 Nc6 Bg5 dxc4 Nf3 h6 Bxf6 exf6 Bxc4 Bd6 O-O O-O h3 Bf5 Bd3 Bd7 a3 Rc8 Rc1 f5 Re1 Bf4 Rb1 Ne7 Bc2 Be6 Bb3 Nd5 Qd3 g6 h4 h5 Na4 b6 g3 Bh6 Ne5 Re8 Qf3 Kg7 Nc3 Nxc3 bxc3 Bd2 d5 Rxc3 Qe2 Bxe1 dxe6 Qd2 Qf1 Rxb3 Rxb3 Bxf2+ Qxf2 Qd1+ Kh2 Qxb3
FIDE WCh KO,Tripoli LBA,2004.06.24,3.2,"Nisipeanu,LD","Mamedyarov,S",1/2-1/2,C87,e4 e5 Nf3 Nc6 Bb5 a6 Ba4 Nf6 O-O Be7 Re1 d6 c3 Bg4 h3 Bh5 d3 Qd7 Nbd2 g5 Nf1 g4 hxg4 Bxg4 d4 b5 Bb3 exd4 cxd4 Bxf3 Qxf3 Nxd4 Qd1 c5 Be3 Nxb3 axb3 Rg8 Ng3 Qg4 e5 dxe5 Bxc5 Qxd1 Raxd1 Bxc5 Rxe5+ Be7 Nf5 Ra7 Rde1 Rg5 Rxe7+ Rxe7 Rxe7+ Kd8 Re5 Nd7 Rd5
FIDE WCh KO,Tripoli LBA,2004.06.24,3.2,"Leitao,R","Kharlov,A",1/2-1/2,B80,e4 c5 Nf3 Nc6 d4 cxd4 Nxd4 e6 Nc3 d6 Be3 Nf6 f3 Be7 Qd2 d5 Bb5 Bd7 exd5 Nxd5 Nxd5 exd5 O-O-O O-O Nb3 Be6 Bxc6 bxc6 Nc5 Re8 g4 Rb8 Bd4 Bxg4 Qc3 Bf5 Rhg1 g6 f4 f6 b3 Kf7 Kb2 Qd6 a4 Bf8 Rge1 Bh6 Qa5 Bxf4 Qxa7+ Kg8 Qa5
FIDE WCh KO,Tripoli LBA,2004.06.24,3.2,"Dreev,A","Sakaev,K",1/2-1/2,D80,d4 Nf6 c4 g6 Nc3 d5 Bg5 Bg7 Bxf6 Bxf6 cxd5 c6 Rc1 O-O dxc6 Bxd4 c7 Bxc3+ Rxc3 Qxd1+ Kxd1 Nc6 g3 Be6 Bg2 Rac8 Bxc6 bxc6 Nf3 Rxc7 Kc1 Rb8 b3 a5 Ng5 Bf5 Rc4 Rb4 Rxb4 axb4 Nf3 c5 Ne5 f6 Nc4 Kf7 Kb2
FIDE WCh KO,Tripoli LBA,2004.06.24,3.2,"Moiseenko,A","Akopian,Vl",1/2-1/2,E20,d4 Nf6 c4 e6 Nc3 Bb4 Nf3 c5 g3 cxd4 Nxd4 Ne4 Qd3 Bxc3+ bxc3 Nc5 Qf3 d6 Bg2 Nbd7 O-O Ne5 Qf4 Bd7 Nb3 Rc8 Ba3 b6 Qd4 f6 Rad1 Nf7 Qh4 f5 Qd4 O-O Rfe1
FIDE WCh KO,Tripoli LBA,2004.06.24,3.2,Ye Jiangchuan,"Almasi,Z",1/2-1/2,C88,e4 e5 Nf3 Nc6 Bb5 a6 Ba4 Nf6 O-O Be7 Re1 b5 Bb3 O-O a4 b4 a5 d6 d3 Be6 Nbd2 Qc8 Bc4 h6 h3 Re8 b3 Bf8 Bb2 Bxc4 Nxc4 Rb8 d4 exd4 Nxd4 Nxd4 Qxd4 Rb5 e5 dxe5 Rxe5 Rbxe5 Nxe5 Qf5 f4
FIDE WCh KO,Tripoli LBA,2004.06.24,3.2,"Beliavsky,A","Anastasian,A",1-0,E38,d4 Nf6 c4 e6 Nc3 Bb4 Qc2 c5 dxc5 Qc7 Nf3 a6 g3 Bxc5 Bg2 Be7 Bf4 d6 Nd2 Nbd7 O-O O-O Rfd1 Rb8 Nde4 Nxe4 Nxe4 e5 Bd2 b5 Bb4 bxc4 Bxd6 Bxd6 Nxd6 Nb6 Qe4 Qc5 b4 Qxb4 Qxe5 Be6 Be4 Nd7 Qd4 Nf6 Bc2 Qb2 Rac1 Qxd4 Rxd4 Rfd8 Nf5 Kf8 Rcd1 Rxd4 Nxd4 Rb2 a3 Bd7 Rb1 c3 Rc1 Ra2 Bb3 Rd2 e3 Bh3 Bc4 Ne4 Be2 Ra2 f3 Nd6 Kf2 Nb5 Nxb5 axb5 Rxc3 Be6 Ke1 Rb2 e4 g6 g4 h6 f4 b4 axb4 Rxb4 f5 Bd7 Bd3 gxf5 gxf5 f6 Bc2 Ke7 Kd2 Rb2 Ke3 Bb5 Kf4 Kd6 h3 Ra2 Bd1 Rf2+ Bf3 Rf1 Rc2 Be8 Rd2+ Ke7 Kg3 Rg1+ Bg2 Bb5 Kf4 h5 Rb2 Bf1 Rb7+ Kf8 Bf3 Bxh3 Bxh5 Kg8 Bf7+ Kf8 Bc4 Rg7 Rxg7
FIDE WCh KO,Tripoli LBA,2004.06.24,3.2,"Lastin,A","Nakamura,H",1/2-1/2,D15,d4 d5 c4 c6 Nc3 Nf6 Nf3 dxc4 e4 b5 e5 Nd5 a4 e6 Ng5 Bb7 Qh5 g6 Qf3 Qc7 Be2 h6 Qh3 Nd7 O-O Be7 Bg4 Nf8 Re1 Qb6 a5 Qxd4 Nf3 Qc5 Ne4 Qb4 a6 Bc8 Bg5 Bd7 Bxe7 Kxe7 Nfg5 Nh7 Qxh6 Nxg5 Qxg5+ Kf8 Nf6 Qe7 Bf3 Kg7 Rad1 Rad8 Bxd5 exd5 Rd4 Be6 Rf4 Qb4 Rf1 Rdf8 h4 Rh6 h5 Rfh8 g4 Qxb2 Nd7 Qa3 Qf6+ Kg8 Qd8+ Kg7 Rxf7+ Bxf7 Qf6+ Kg8 e6 Be8 e7 gxh5 Qf8+ Kh7 Qf5+ Kg7 Qe5+ Kf7 Qf5+ Kg7 Qe5+
FIDE WCh KO,Tripoli LBA,2004.06.24,3.2,"Radjabov,T","Bacrot,E",1/2-1/2,D15,d4 d5 c4 c6 Nc3 Nf6 Nf3 a6 e3 b5 b3 Bg4 Be2 Nbd7 O-O e6 h3 Bf5 Bd3 Bb4 Bb2 Bxd3 Qxd3 O-O Rfc1 bxc4 bxc4 Qe7 Rc2
FIDE WCh KO,Tripoli LBA,2004.06.24,3.2,"Kozul,Z","Rublevsky,S",1-0,D11,d4 d5 c4 c6 Nf3 Nf6 e3 a6 Nbd2 Bf5 Be2 e6 O-O Bd6 c5 Bc7 b4 Nbd7 Bb2 Ne4 a4 Qf6 Nxe4 dxe4 Nd2 Qh6 g3 Nf6 b5 Qh3 b6 Bd8 f3 h5 Nxe4 Bxe4 Rf2 Ng4 Qe1 Nxf2 Qxf2 Bg6 Bf1 Qf5 e4 Qg5 f4 Qe7 f5 Bh7 d5 O-O dxc6 bxc6 Be5 Qd7 Bd6 Be7 Rd1 Rfd8 Qf4 Bxd6 Rxd6 Qe7 Rxc6 Rd7 Bxa6 exf5 Rc7 g5 b7 Rf8 Rxd7 Qxd7 Qxg5+ Bg6 Qf4 Qd4+ Kg2 Qb2+ Kh3 fxe4 c6 Qb3 c7 Qe6+ Kg2 Qa2+ Qf2 Qd5 b8=Q e3+ Qf3
FIDE WCh KO,Tripoli LBA,2004.06.24,3.3,"Radjabov,T","Bacrot,E",1/2-1/2,D15,d4 d5 c4 c6 Nc3 Nf6 e3 a6 Nf3 b5 b3 Bg4 Be2 Nbd7 h3 Bf5 Bd3 Bxd3 Qxd3 e6 O-O Be7 Bb2 O-O Rac1 Qb8 Rc2 Rd8 cxd5 cxd5 Rfc1 Qb7 Ne2 Rac8 Ne5 Nxe5 dxe5 Nd7 Qd2 Nb6 Bd4 Ba3 Rxc8 Rxc8 Rxc8+ Nxc8 Qa5 Be7 Nf4 Na7 Nd3 Nc6 Qb6 Qxb6 Bxb6 Nb4 Nxb4
FIDE WCh KO,Tripoli LBA,2004.06.24,3.3,"Nisipeanu,LD","Mamedyarov,S",1/2-1/2,C87,e4 e5 Nf3 Nc6 Bb5 a6 Ba4 Nf6 O-O Be7 Re1 d6 Bxc6+ bxc6 d4 exd4 Nxd4 Bd7 c4 O-O Nc3 Qb8 b3 Qb4 Bb2 Qc5 Qd2 Rfe8 Rad1 Qh5 f3 Bf8 Nc2 g6 Qf2 Bg7 Ne3 Re7 Re2 Rae8 Red2 Qa5 Na4 Qg5 Nf1 Bc8 Qg3 Qh6 Qf2 Qg5 Qg3 Qh6 Qf2 Qg5
FIDE WCh KO,Tripoli LBA,2004.06.24,3.3,"Aronian,L","Smirnov,P",1/2-1/2,D15,d4 d5 c4 c6 Nf3 Nf6 e3 a6 Nc3 b5 b3 Bg4 Be2 Nbd7 O-O e6 h3 Bf5 Bd3 Bb4 Bb2 Bxd3 Qxd3 O-O Rfc1 bxc4 bxc4 Qe7 Rc2 dxc4 Qxc4 c5 Rac1 cxd4 Nxd4 Ne5 Qe2 Ba3 f4 Ng6 Nc6 Qd6 Rd2 Qxc6 Bxa3 Rfc8 Kh2 Qb7 Rdc2 h6 g3 Rc7 Ne4 Rxc2 Nxf6+ gxf6 Rxc2 Rd8 Bb2 f5 Bf6 Rc8 Rxc8+ Qxc8 h4 h5 Qxh5 Qc2+ Kh3 Qf2 Qd1 Qxe3 Qd8+ Kh7 Qc7 Kh6 Bg5+ Kg7 h5 Qf3 h6+ Kg8 h7+ Kg7 Bf6+ Kh6 Bg5+ Kh5 Qc2 e5 Qg2 Qxg2+ Kxg2 f6 fxe5 fxe5 Bf6 f4 Bxe5 fxg3 Kxg3 Kh6 h8=Q+ Nxh8 Bxh8 Kg5
FIDE WCh KO,Tripoli LBA,2004.06.24,3.3,"Grischuk,A","Filippov,Va",1/2-1/2,D52,d4 d5 c4 c6 Nf3 Nf6 Nc3 e6 Bg5 Nbd7 e3 Qa5 cxd5 Nxd5 Qd2 h6 Bh4 Bb4 Rc1 c5 a3 Bxc3 bxc3 b6 c4 Qxd2+ Nxd2 N5f6 Be2 Bb7 f3 O-O O-O cxd4 exd4 e5 c5 bxc5 dxe5 Rfe8 Bb5 Rxe5 Nc4 Re6 Na5 Ba6 Bc4 Bxc4 Nxc4 Rae8 Rfd1 Re2 Bf2 R8e6 Kf1 Ra2 Rd2 Rxd2 Nxd2 Ra6 Rc3 Kf8 h4 Ke7 Bxc5+ Nxc5 Rxc5 Rxa3 Ne4 Nxe4 Re5+ Kd6 Rxe4 a5 h5 a4 Kf2 Ra1 Rf4 Ke6 g4 a3 Ra4 Kd5 Kg3 g5 hxg6 fxg6 f4 h5 gxh5 gxh5 Ra5+ Kc4 Kg2 Kb4 Ra8 Rd1 Rb8+ Kc3 Rc8+ Kb2 Rb8+ Ka1 f5 a2 f6 Rb1 Re8 Kb2 f7 a1=Q Re2+ Kc3 f8=Q Rg1+ Kh3 Rh1+ Rh2 Kb3
FIDE WCh KO,Tripoli LBA,2004.06.24,3.3,"Kasimdzhanov,R","Ivanchuk,V",1/2-1/2,C18,e4 e6 d4 d5 Nc3 Bb4 e5 Ne7 a3 Bxc3+ bxc3 c5 Qg4 Kf8 Qd1 b6 Nf3 h6 a4 Ba6 Bxa6 Nxa6 O-O Kg8 Qd3 Nb8 Nh4 Nbc6 f4 Qd7 dxc5 bxc5 Ba3 Rc8 c4 Nb4 Qb3 dxc4 Qxc4 Qxa4 c3 Qa6 Qe4 Qd3 Qxd3 Nxd3 Rad1 g5 Rxd3 gxh4 Rd7 Nd5 Rf3 Rh7 Rxa7 Rg7 f5 exf5 Ra5 h3 Rxh3 Nf4 Rf3 Rxg2+ Kf1 Rg4 h3 Rh4 Ra4 Ng6 Rxh4 Nxh4 Rf4 Ng6 Rxf5 Rc6 e6 fxe6 Rxc5 Ra6 Rc8+ Kf7 Bc5 e5 Be3 Rf6+ Ke2 Nf4+ Bxf4 Rxf4 Rc5 Rh4
FIDE WCh KO,Tripoli LBA,2004.06.24,3.3,"Sakaev,K","Dreev,A",1/2-1/2,D36,d4 d5 c4 c6 Nf3 Nf6 Nc3 e6 Bg5 Nbd7 cxd5 exd5 e3 Be7 Qc2 Nh5 Bxe7 Qxe7 O-O-O Nb6 Kb1 g6 Ka1 Bf5 Qb3 Nf6 h3 Ne4 Nxe4 dxe4 Nd2 Be6 Qc2
FIDE WCh KO,Tripoli LBA,2004.06.24,3.4,"Bacrot,E","Radjabov,T",0-1,E97,d4 Nf6 c4 g6 Nc3 Bg7 e4 d6 Nf3 O-O Be2 e5 O-O Nc6 d5 Ne7 b4 Nh5 Re1 f5 Ng5 Nf6 Bf3 c6 Qb3 h6 Ne6 Bxe6 dxe6 Qc8 Rd1 Rd8 b5 Qxe6 bxc6 Nxc6 exf5 Qxf5 Qxb7 Nd4 Bd5+ Kh7 Be3 Rab8 Qxa7 Rb2 Kh1 Ng4 Ne4 Rf8 h3 Nxe3 fxe3 Nf3 Nf6+ Rxf6 Bxf3 e4 Rd5 Qe6 Bg4 Qe8 h4 Rff2 Bh3 Qd8 h5 Rxg2 hxg6+ Kh8 Qa5 Rh2+ Kg1 Qe8 Bf5 Rbg2+ Kf1 Bxa1 Qa7 Bg7 Rxd6 Rxa2
FIDE WCh KO,Tripoli LBA,2004.06.24,3.4,"Mamedyarov,S","Nisipeanu,LD",0-1,E46,d4 Nf6 c4 e6 Nc3 Bb4 e3 O-O Ne2 d5 a3 Bd6 cxd5 exd5 g3 c6 Bg2 Re8 O-O a5 f3 c5 g4 h6 Qe1 Nc6 Qf2 b6 Bd2 Ba6 Rfe1 cxd4 exd4 Qc7 h4 Bxe2 Nxe2 Rxe2 Qxe2 Nxd4 Qd3 Bc5 Kf1 Qg3 Bc3 Nxg4 Bxd4 Nh2+ Ke2 Qxg2+ Kd1 Bxd4 Qxd4 Nxf3 Qxd5 Nxe1
FIDE WCh KO,Tripoli LBA,2004.06.24,3.4,"Smirnov,P","Aronian,L",1/2-1/2,C87,e4 e5 Nf3 Nc6 Bb5 a6 Ba4 Nf6 O-O Be7 Re1 d6 c3 Bg4 d3 Nd7 h3 Bh5 Be3 h6 Nbd2 Bg5 Qe2 Bxe3 Qxe3 b5 Bc2 O-O d4 Bg6 Rac1 Rb8 a3 Kh8 b4 Re8 Bb3 f5 exf5 Bxf5 c4 Nxd4 Nxd4 exd4 Qxd4 Ne5 cxb5 axb5 f4 Qh4 Re3 c5 bxc5 Nd3 Rxd3 dxc5 Rxc5 Bxd3 Qxd3 Rbd8 Rd5 Rxd5 Bxd5 Qxf4 Nf1 Rd8 Qe3 Qxe3+ Nxe3 Rc8 Nf5 Rc3 Ne7 g5 Nf5 h5 Bf3 Rxa3 Bxh5 b4 Nd4 Rd3 Nf3 Kg7 Be8 b3 Ba4 b2 Bc2 Rc3 Be4 Rc4 Bd3 Rc3 Be4 Rc4 Bd3 Rc3
FIDE WCh KO,Tripoli LBA,2004.06.24,3.4,"Filippov,Va","Grischuk,A",1/2-1/2,E05,Nf3 Nf6 c4 e6 g3 d5 d4 Be7 Bg2 O-O O-O dxc4 Ne5 Nc6 Bxc6 bxc6 Nxc6 Qe8 Nxe7+ Qxe7 Qa4 e5 dxe5 Qxe5 Qxc4 Be6 Qd3 Rad8 Qe3 Qh5 f3 Bc4 Nc3 Rfe8 Qg5 Qh3 Be3 Nd5 Bd4 f6 Qc1 Nxc3 Qxc3 Bxe2 Rf2 a6 b3 Qd7 Re1 Bb5 Rxe8+ Rxe8 Kg2
FIDE WCh KO,Tripoli LBA,2004.06.24,3.4,"Ivanchuk,V","Kasimdzhanov,R",0-1,E16,d4 Nf6 c4 e6 Nf3 Bb4+ Nbd2 b6 g3 Bb7 Bg2 O-O O-O c5 a3 Bxd2 Bxd2 cxd4 Bb4 Re8 Qxd4 Nc6 Qd6 Rc8 Rfd1 Nxb4 Qxb4 Qc7 Rac1 d5 Nd4 a6 b3 Red8 Qe1 dxc4 Rxc4 Qe7 Rxc8 Rxc8 Rc1 Qxa3 Rxc8+ Bxc8 Qc3 Bd7 Bc6 Qc5 Qxc5 bxc5 Bxd7 cxd4 Bc6 a5
FIDE WCh KO,Tripoli LBA,2004.06.24,3.4,"Dreev,A","Sakaev,K",1/2-1/2,D80,d4 Nf6 c4 g6 Nc3 d5 Bg5 Bg7 Bxf6 Bxf6 cxd5 c6 e3 cxd5 Bb5+ Nc6 Nf3 O-O O-O Na5 b4 a6 Be2 Nc6 Qb3 e6 Rac1 Ne7 Na4 Nf5 Nc5 Be7 Ne5 f6 Ned3 b6 Na4 Bd7 Nf4 Bd6 Nd3 Be7 Rc2 Nd6 Rfc1 Ra7 Nab2 g5 a4 Qb8 Bg4 Kg7 Qa2 Rc8 a5 Rxc2 Rxc2 b5 Nc5 f5 Bd1 Nc4 Nbd3 Bd6 g3 Bc8 Rc1 Kf8 Qe2 Rg7 Qh5 Qc7 Qh6 Qe7 Be2 Kg8 Kh1 Rg6 Qh5 Qg7 Qf3 Rh6 Qg2 Kf8 Qg1 g4 Qg2 Kg8 Nf4 Kh8 Kg1 Bxf4 gxf4 Rh3 Rd1 Qe7 Bf1 Nb2 Rc1 Nc4 Rc2 Na3 Re2 Nc4 Kh1 Qf6 Qg1 Rh6 Rc2 Rg6 Qg3 h5 Bd3 h4 Qg2 Rg7 Qg1 Kg8 Kg2 Kh8 Kf1 Kg8 Ke1 Kh8 Kd1 Kg8 Kc1 Kh8 Bxc4 bxc4 Kb2 Qd8 Qe1 Kg8 Kc3 Qe8 Rb2 Qd8 Ra2 Qe8 Qd1 Kf8 Qb1 Qb5 Qe1 Qe8 Rb2 Kg8 b5 axb5 Kb4 Qd8 Ra2 Kh7 a6 Ra7 Ra5 Kh6 Qa1 Qd6 Qa3 Kh5 Qa1 Bd7 Qe1 Be8 Ka3 Bd7 Kb2 Bc8 Qb4
FIDE WCh KO,Tripoli LBA,2004.06.24,3.5,"Aronian,L","Smirnov,P",0-1,D45,d4 d5 c4 e6 Nf3 Nf6 Nc3 c6 e3 Nbd7 Qc2 Bd6 g4 dxc4 Bxc4 e5 g5 Nd5 Bd2 exd4 Nxd4 O-O Bxd5 cxd5 O-O-O Ne5 f4 Nc4 Nxd5 Bg4 Bc3 Bxd1 Rxd1 Nxe3 Nxe3 Bxf4 Nf5 Qxg5 Kb1 Bxe3 h4 Qf4 Nxg7 Rfd8 Nh5 Rxd1+ Qxd1 Qf5+ Ka1 Bc5 a3 Be7 Ng3 Qg6 Qd4 f6 Qd5+ Kf8 Nf5 Rd8 Qf3 Qg1+ Ka2 Qd1 Qf4 Qd5+ Ka1 Qh1+ Ka2 Qd5+ Kb1 Qb3 Nd4 Qc4 Qe4 Rd6 h5 Rb6 Kc2 Bc5 b3 Qf7 Qf3 Bxd4 Bxd4 Rc6+ Kb2 Qd7 Qf4 Qe6 a4 Kf7 Qf3 Qd6 Qe4 Qh2+ Ka3 Qxh5 Qd3 Rd6 Qe4 Rd7 Bxa7 Qh3 Bc5 Qd3 Qh4 Rd5 Qb4 Kg6 Bf8 Qb1 Qxb7 Qa1+ Kb4 Rd4+ Ka5 Qe1+ b4 Qe5+ Bc5 h5 Qc8 Re4 b5 h4 Qg8+ Kf5 Qc8+ Kg5 Qg8+ Kf4 Qf8 Qc3+ Kb6 Rxa4 Qd6+ Kg5 Qd5+ Qe5 Be3+ Kg6 Qg8+ Kf5 Qh7+ Kg4 Qg6+ Kf3 Bc5 Qe6+ Kc7 Qe5+ Kb6 Re4 Qg1 Qe6+ Ka5 Qa2+ Kb6 Re6+ Kc7 Qe2 Qh1+ Kg4 Qg1+ Kh5 b6 Qe5+ Kb7 Qe4+ Ka7 Qa4+ Kb7 Re8 Kc7 Qf4+ Kd7 Qe4 Qd1+ Kg6 Qd6 Rg8 Qd2 Qb7+
FIDE WCh KO,Tripoli LBA,2004.06.24,3.5,"Grischuk,A","Filippov,Va",1-0,D29,d4 d5 c4 e6 Nf3 Nf6 Nc3 dxc4 e3 a6 Bxc4 b5 Bb3 Bb7 O-O c5 Qe2 Nbd7 Rd1 b4 Na4 Qb8 dxc5 Bxc5 Nxc5 Nxc5 Bc2 O-O b3 a5 Bb2 Ba6 Qe1 Nfe4 Ne5 Rc8 Rac1 Nc3 Bxc3 bxc3 Nf3 e5 Bf5 Rd8 Qxc3 Qb4 Rxd8+ Rxd8 Qxb4 axb4 Nxe5 g6 h3 Nxb3 axb3 gxf5 Nc6 Rd2 Ne7+ Kg7 Nxf5+ Kf6 Nd4 Bd3 Rc6+ Ke7 Rb6 Rd1+ Kh2 Rf1 Kg3 Rg1 Nf3 Rb1 Rxb4
FIDE WCh KO,Tripoli LBA,2004.06.24,3.5,"Sakaev,K","Dreev,A",1-0,D36,d4 d5 c4 c6 Nf3 Nf6 Nc3 e6 Bg5 Nbd7 cxd5 exd5 e3 Be7 Qc2 Nh5 Bxe7 Qxe7 O-O-O Nb6 Kb1 g6 Bd3 Be6 Ka1 Ng7 Rhe1 O-O-O Na4 Nxa4 Qxa4 Kb8 Rc1 Bf5 Bf1 Ne6 Rc3 Nc7 Rec1 f6 Rb3 Bd7 Qa5 Qd6 Ra3 a6 Rb3 Ka8 g3 Nb5 Qb6 Qb8 Qa5 Qa7 Ne1 Bf5 Bxb5 cxb5 Rbc3 Qb8 b3 Ka7 Qc7 Qxc7 Rxc7 b4 Kb2 Kb6 Rf7 Rdf8 Rcc7 Rxf7 Rxf7 a5 Rxf6+ Kc7 a3 bxa3+ Kxa3 h5 Nf3 b6 Nh4 Be4 Nxg6 Rc8 Nf4 Kb7 Rd6 Rc2 Nxd5 Rxf2 Rxb6+ Ka7 Rb5 Rxh2 Rxa5+ Kb7 Nf6 Bf3 Rf5 Bd1 e4 Rd2 d5 Rd3 Kb4 Rxg3 Nxh5 Rxb3+ Kc5 Bf3 Rf7+ Kc8 Nf6 Re3 d6 Rd3 Rf8+ Kb7 d7
FIDE WCh KO,Tripoli LBA,2004.06.24,3.6,"Smirnov,P","Aronian,L",0-1,B04,e4 Nc6 Nf3 Nf6 e5 Nd5 d4 d6 c4 Nb6 e6 fxe6 Nc3 g6 Be3 Bg7 h4 O-O h5 gxh5 Rxh5 Qe8 Rh1 e5 d5 Na5 Bd3 Bf5 Bxf5 Rxf5 Qd3 Rh5 O-O-O Naxc4 Bg5 Rxh1 Rxh1 Qg6 Ne4 Rf8 b3 Na5 g4 Rxf3 Qxf3 Nxd5 Bd2 Nc6 Ng3 e6 Nf5 Nd4 Nxd4 exd4 Re1 c6 g5 Ne7 Qh3 Nf5 Qd3 d5 Bf4 Kf7 b4 Ne7 Qg3 Bf8 Bb8 a6 a3 Nf5 Qc7+ Be7 f4 Ne3 Rxe3 dxe3 Qd7 e2 Kd2 Qe4 Ke1 Qd3
FIDE WCh KO,Tripoli LBA,2004.06.24,3.6,"Filippov,Va","Grischuk,A",0-1,A14,Nf3 Nf6 c4 e6 g3 d5 Bg2 Be7 O-O O-O b3 c5 e3 Nc6 cxd5 Nxd5 Bb2 b6 d4 Ba6 Re1 cxd4 Nxd4 Nxd4 Bxd4 Rc8 Nd2 Bf6 Ne4 Bxd4 Qxd4 f5 Nd2 Nc3 Bf1 Bxf1 Kxf1 Qxd4 exd4 Nb5 Nf3 Rc3 Kg2 Rxf3 Kxf3 Nxd4+ Kf4 Nc2 Rac1 Nxe1 Rxe1 Kf7 Rc1 Kf6 Ke3 g5 b4 Rf7 Rc8 Rd7 a4 g4 b5 Ke5 Rc4 Kd6 h3 gxh3 Rh4 Rc7 Kd3 Rc1 Rxh3 Ra1 Rh4 Ra3+ Ke2 Kd5 Kf1 e5 Kg2 e4 Rxh7 Rxa4 Kh3 Ra2 Kh4 Rxf2 Rxa7 Kc5 Rf7 Rf3
FIDE WCh KO,Tripoli LBA,2004.06.24,3.6,"Dreev,A","Sakaev,K",1-0,D03,d4 Nf6 Nf3 g6 Bg5 Bg7 Nbd2 d5 e3 O-O Be2 Nbd7 c4 c5 cxd5 Nxd5 Nb3 cxd4 Nfxd4 N7f6 Bf3 h6 Bh4 e5 Nc2 Be6 O-O Rc8 Na3 Qb6 Nd2 Qxb2 Ndc4 Qb4 Rb1 Qc5 Rb5 Qc7 Bxd5 Nxd5 Rxd5 Bxd5 Qxd5 Qc6 Qd3 Qe6 Rb1 b6 e4 f5 f3 fxe4 fxe4 Bf6 Bg3 Rfd8 Qb3 Rd4 Rf1 Bg7 Nxe5 Qxb3 axb3 Bxe5 Bxe5 Rxe4 Bd6 Re3 Nc4 Rxb3 Ne5 Rd8 Be7 Re8 Bf6 Re3 Nf3 g5 h3 R3e6 Bd4 a6 Rc1 a5 Rc7 R8e7 Rc8+ Re8 Rc7 R8e7 Rc4 Kh7 Kh2 Kg6 g4 Kh7 Kg3 Kg6 h4 gxh4+ Nxh4+ Kh7 Nf5 Rd7 Rc8 Kg6 Rf8 Rxd4 Nxd4 Re4 Nf3 a4 Ra8 Rb4 Ra6 Kf6 Kh4 Rb3 Nd4 Rb4 Nc6 Re4 Nb8 Ke5 Nd7+ Kf4 Nxb6
FIDE WCh KO,Tripoli LBA,2004.06.24,3.7,"Smirnov,P","Aronian,L",1-0,C67,e4 e5 Nf3 Nc6 Bb5 Nf6 O-O Nxe4 d4 Nd6 Bxc6 dxc6 dxe5 Nf5 Qxd8+ Kxd8 Nc3 Ne7 h3 h6 Be3 Ke8 Rad1 Bd7 Rfe1 Rd8 Ne4 Bf5 Nc5 b6 Na6 Nd5 c4 Nxe3 Nxc7+ Ke7 fxe3 Rd7 Na6 Bc2 Rxd7+ Kxd7 Nb8+ Kc7 Nxc6 Kxc6 Nd4+ Kc5 Nxc2 Kxc4 Rd1 Bc5 Rd7 Re8 Rxf7 Kd3 Ne1+ Kxe3 Nf3 Re7 e6 Rxe6 Rxg7 a5 Rd7 Ke2+ Kh2 Re4 b3 a4 Rd2+ Ke3 Rd1 axb3 axb3 Rb4 Re1+ Kd3 Ne5+ Kc3 Ng4 h5 Nf6 h4 Nd5+ Kxb3 Nxb4 Bxb4 Re4 Bd6+ Kg1 Bg3 Kf1 b5 Ke2 Kc3 Re3+ Kc4 Kd1 Kd4 Rb3 Kc4 Rf3 b4 Kc2 Be5 Re3 Bg3 Re4+ Kc5 Kb3 Kd5 Rxb4 Be1 Rg4 Ke5 Kc2 Kf5 Kd3 Bg3 Rxg3 hxg3 Ke3
FIDE WCh KO,Tripoli LBA,2004.06.24,3.7,"Dreev,A","Sakaev,K",1-0,A48,d4 Nf6 Nf3 g6 Bf4 Bg7 e3 b6 c4 d6 Nc3 O-O h3 Bb7 Be2 Nbd7 Qc2 e6 O-O Qe7 Bh2 e5 d5 h5 e4 Nh7 Nb5 Qd8 Nd2 a6 Nc3 Qe8 Qd1 Bh6 b4 Qe7 Nb3 f5 exf5 gxf5 Bxh5 Kh8 f4 Rg8 fxe5 dxe5 Rxf5 Qh4 Bg4 Nhf6 Qe1 Qxe1+ Rxe1 Nxg4 hxg4 Rxg4 c5 bxc5 bxc5 Rag8 c6 Rxg2+ Kh1 Bc8 cxd7 Bxd7 Bxe5+ Kh7 Rf7+ Kg6 Rxd7 Rg4 Rg1 Rxg1+ Kxg1 Kf5+ Kf2 Kxe5 Rxc7 Rg4 Re7+ Kf5 Rf7+ Ke5 Ke2 Rg2+ Kd1 Rg1+ Ke2 Rg2+ Rf2 Rg3 Rf3 Rg2+ Kd3 Bg7 Re3+ Kf5 Rf3+ Ke5 Re3+ Kf5 Nd4+ Kg6 Re6+ Kf7 Rxa6 Rg3+ Kc4 Rg4 Ra7+ Kf8 Ne2 Be5 a4 Rg2 Ra8+ Ke7 Ra7+ Kd6 Ra6+ Kc7 Nb5+ Kb7 Nec3 Rg4+ Kb3 Rg3 Re6 Bg7 Re7+ Kb6 d6 Kc5 Rc7+ Kb6 Re7 Bf6 Re6
FIDE WCh KO,Tripoli LBA,2004.06.26,4.1,"Kozul,Z","Topalov,V",0-1,E10,d4 Nf6 Nf3 e6 c4 d5 g3 Bb4+ Nbd2 dxc4 Bg2 b5 O-O O-O a4 c6 e4 c3 Nb3 Ba6 a5 Nxe4 Qc2 cxb2 Bxb2 Nf6 Ne5 Nd5 Rfc1 Bb7 Nc5 Bxc5 dxc5 f6 Nd3 Na6 Re1 Bc8 Be4 h6 Rad1 Qc7 Qe2 e5 f4 Be6 fxe5 f5 Bxd5 cxd5 Nf4 Qc6 Qh5 Nc7 Qg6 Qe8 Ba3 Rb8 Rd4 Bf7 Qd6 Ne6 Nxe6 Bxe6 c6 Rf7 Rc1 Rc8 Rxd5 f4 Rxb5 fxg3 hxg3 Rd8 Qb4 Rf3 c7 Rxg3+ Kf2 Qf7+ Kxg3 Rd3+ Kg2 Qf3+
FIDE WCh KO,Tripoli LBA,2004.06.26,4.1,"Smirnov,P","Radjabov,T",1/2-1/2,B41,e4 c5 Nf3 e6 d4 cxd4 Nxd4 Nf6 Nc3 Nc6 Ndb5 d6 Bf4 e5 Bg5 a6 Na3 b5 Bxf6 gxf6 Nd5 Bg7 c3 f5 exf5 Bxf5 Nc2 Be6 a4 O-O axb5 axb5 Rxa8 Qxa8 Nce3 Qb7 g4 Ne7 Bg2 Nxd5 Bxd5 Qe7 h4 Qf6 Qd3 Qf4 Qe4
FIDE WCh KO,Tripoli LBA,2004.06.26,4.1,"Nakamura,H","Adams,Mi",0-1,E12,d4 Nf6 c4 e6 Nf3 b6 a3 Ba6 e3 d5 Nbd2 Be7 b3 c5 Bb2 O-O Bd3 cxd4 exd4 Nbd7 O-O Rc8 Qe2 g6 Rac1 Rc7 Rc2 Qb8 Rfc1 Rfc8 Nf1 Bf8 Ne3 Bb7 a4 a5 cxd5 Nxd5 Bb5 Nf4 Qd1 Rxc2 Rxc2 Rxc2 Qxc2 Bxf3 Bxd7 Bb7 Bc6 Bg7 d5 Nxd5 Bxd5 Bxd5 Ng4 Qd8 Qd2 h5 Bxg7 Kxg7 Qc3+ f6 Ne3 Qd6 h3 Qc6 Qd3 Qc1+ Kh2 Qc7+ Kg1 Bb7 Qd2 Bc6 Qc3 Qd6 Nc4 Qc5 Qd3 Bd5 Ne3 Kf7 Kh2 f5 f3 Ke7 Kh1 Bb7 Qd2 Ba6 Nc2 e5 b4 axb4 Nxb4 Bc4 Qe1 Kf7 Kh2 e4 fxe4 fxe4 Nc2 Bb3 Ne3 Bxa4 Qg3 Bd7 Qf4+ Kg7 Qxe4 Qd6+ Kh1 Bc6 Qc2 b5 Qc3+ Kh7 Nc2 Be4 Nd4 b4 Qe3 Bd5 Qd3 b3 Qb5 Qe5 Qb4 Qe4 Qd2 Qxg2+
FIDE WCh KO,Tripoli LBA,2004.06.26,4.1,"Grischuk,A","Beliavsky,A",1/2-1/2,C88,e4 e5 Nf3 Nc6 Bb5 a6 Ba4 Nf6 O-O Be7 Re1 b5 Bb3 O-O a4 b4 d4 Nxd4 Nxd4 exd4 e5 Ne8 Qxd4 Bb7 Bf4 c5 Qe3 d5 exd6 Bxd6 Nd2 Qc7 Be5 Bxe5 Qxe5 Qc6 f3 Nd6 Nc4 Nxc4 Bxc4 Rae8 Qf4 a5 Bb5 Rxe1+ Rxe1 Qd5 h3 Bc8 Bc4 Qf5 Qc7 Be6 Bxe6 fxe6 Re4 Qd5 Kh2 h6 c4 bxc3 bxc3 Qd2 Qxc5 Rxf3 Qc8+ Kh7 Qxe6 Rf2 Rg4 Qxc3 Qe4+
FIDE WCh KO,Tripoli LBA,2004.06.26,4.1,"Almasi,Z","Kasimdzhanov,R",0-1,C99,e4 e5 Nf3 Nc6 Bb5 a6 Ba4 Nf6 O-O Be7 Re1 b5 Bb3 O-O c3 d6 h3 Na5 Bc2 c5 d4 Qc7 Nbd2 cxd4 cxd4 Nc6 Nb3 a5 Be3 a4 Nbd2 Bd7 Rc1 Qb7 Bb1 Bd8 dxe5 dxe5 b4 Bb6 a3 Be6 Bxb6 Qxb6 Qc2 Ra6 Re3 Rd8 Rc3 Rd6 Rd3 Rxd3 Qxd3 Qb8 Rc5 Rb6 Qc3 Qb7 Nxe5 Nxe5 Qxe5 Nd7 Qd4 Qb8 Rc1 Rd6 Qc3 Nb6 e5 Rd5 Nf3 Qd8 Kh2 Nc4 Bc2 g6 Re1 Rd7 Re4 Qc7 Nd4 Nxa3 Qxc7 Rxc7 Bd3 Bc4 Be2 Bxe2 Nxe2 Nb1 e6 fxe6 Re5 a3 Rxb5 Ra7 Nc1 a2 Nb3 a1=Q Nxa1 Rxa1 Ra5 Ra3 Rxa3 Nxa3 Kg3 Kf7 Kf4 Kf6 Ke4 Nc2
FIDE WCh KO,Tripoli LBA,2004.06.26,4.1,"Krasenkow,M","Akopian,Vl",1/2-1/2,D45,d4 d5 c4 c6 Nc3 Nf6 e3 e6 Nf3 Nbd7 Qc2 Bd6 g4 Nxg4 Rg1 f5 h3 Ngf6 Rxg7 Ne4 Bd2 Qf6 Rg2 Nf8 O-O-O Ng6 Be1 Bd7 Bd3 O-O-O cxd5 Nxc3 Bxc3 exd5 Rdg1 Rhe8 Rg5 f4 e4 dxe4 Bxe4 Qe6 Re1 Qxh3 Ne5 Nxe5 dxe5 Bc7 Bxh7 Qh6 Qg6 Qh3 Qh5 Qxh5 Rxh5 Bb6 Re2 Be6 Bf5 f3 Rc2 Bxf5 Rxf5 Rd3 Rd2 Rxd2 Kxd2 Bxf2 Rxf3 Rd8+ Ke2 Bd4 Bxd4 Rxd4 Rf8+ Kd7 Rf7+ Ke6 Rxb7 Ra4 a3 Kxe5 Kd3 Kd5 Kc3 c5 Kb3 Ra6 Rh7 Rb6+ Kc3 a6 Rh5+ Kc6 b3 Kb5 b4
FIDE WCh KO,Tripoli LBA,2004.06.26,4.1,"Dreev,A","Dominguez,L",1/2-1/2,D12,d4 d5 c4 c6 Nf3 Nf6 e3 Bf5 Nc3 e6 Nh4 Bg6 Be2 Nbd7 Bd2 Bd6 Nxg6 hxg6 Qc2 dxc4 Bxc4 Qe7 O-O-O Nb6 Bb3 c5 dxc5 Bxc5 Kb1 Rc8 Rc1 O-O Qd3 Rfd8 Qe2 Nbd5 Rhd1 Nxc3+ Bxc3 Bb4 Bxb4 Qxb4 Rxc8 Rxc8 Rd4 Qa5 a3 Rd8 Rb4 Qc7 Qf3 b6 g3 Nd7 Rd4 Nc5 Rxd8+ Qxd8 Bc2 Qd2 h4 Nd3 Bxd3
FIDE WCh KO,Tripoli LBA,2004.06.26,4.1,"Nisipeanu,LD","Kharlov,A",1/2-1/2,B58,e4 c5 Nf3 d6 d4 cxd4 Nxd4 Nf6 Nc3 Nc6 Be2 e6 O-O Be7 Kh1 O-O f4 Nxd4 Qxd4 b6 f5 Bb7 Bg5 Rc8 Rad1 Rc5 Bh4 exf5 exf5 Nd5 Nxd5 Rxd5 Bxe7 Qxe7 Qf2 Rxd1 Rxd1 Qf6 c3 Re8 Bd3 Re5 Kg1 h6 h3 Qg5 Kh2 Kf8 Qg3 Ke7 Qxg5+ hxg5 Kg1 Bc8 g4 Re3 Bf1 Bb7 Kf2 Rf3+ Ke2 Rf4 Ke3 Bf3 Rd4 Rxd4 cxd4 Bd5
FIDE WCh KO,Tripoli LBA,2004.06.27,4.2,"Kharlov,A","Nisipeanu,LD",1/2-1/2,B14,c4 e6 Nc3 c5 e3 Nf6 d4 cxd4 exd4 d5 Nf3 Bb4 Bd3 dxc4 Bxc4 Bxc3+ bxc3 Qc7 Qe2 O-O O-O Nbd7 Ba3 Re8 Rac1 a6 Bd3 b5 Ne5
FIDE WCh KO,Tripoli LBA,2004.06.27,4.2,"Beliavsky,A","Grischuk,A",1/2-1/2,E11,d4 Nf6 c4 e6 g3 d5 Nf3 Bb4+ Bd2 Be7 Bg2 O-O O-O c6 Qc2 b6 Rd1 Ba6 b3 Nbd7 Bf4 Rc8 Nc3 Nh5 Bc1 Nhf6 e4 dxc4 Nd2 b5 bxc4 bxc4 Nf1 e5 Qa4 Bb5
FIDE WCh KO,Tripoli LBA,2004.06.27,4.2,"Dominguez,L","Dreev,A",1/2-1/2,C10,e4 e6 d4 d5 Nc3 dxe4 Nxe4 Nd7 Nf3 Ngf6 Nxf6+ Nxf6 c3 c5 Ne5 a6 Be3 Qc7 Qa4+ Nd7 O-O-O cxd4 Nxd7 Qxd7 Qc2 Bc5 Bxd4 Bxd4 Rxd4 Qc6 f4 b5 Bd3 Bb7 Be4 Qc7 Kb1 Rd8 Rxd8+ Kxd8 Bxb7 Qxb7 Rd1+ Ke7 Qd3 Qc6 Qg3 h6 Re1 g6 Qf2
FIDE WCh KO,Tripoli LBA,2004.06.27,4.2,"Kasimdzhanov,R","Almasi,Z",1-0,B42,e4 c5 Nf3 e6 d4 cxd4 Nxd4 a6 Bd3 g6 c4 Bg7 Ne2 Nc6 Nbc3 Nge7 O-O O-O Bg5 h6 Be3 d5 cxd5 exd5 Bc5 Re8 Qb3 d4 Nd5 Nxd5 exd5 Ne5 Bxd4 b5 Rad1 Bb7 Be4 Qd6 Ng3 Rad8 Bc3 h5 Rfe1 h4 Nf1 Nc4 Bxg7 Kxg7 Nd2 Nxd2 Qc3+ Qf6 Qxd2 Rxe4 Rxe4 Rxd5 Rd4 Rg5 Rf4 Rxg2+ Kf1 Qg5 Qd4+ f6 Qxf6+ Qxf6 Rd7+ Kh6 Rxf6
FIDE WCh KO,Tripoli LBA,2004.06.27,4.2,"Topalov,V","Kozul,Z",1-0,B67,e4 c5 Nf3 d6 d4 cxd4 Nxd4 Nf6 Nc3 Nc6 Bg5 e6 Qd2 a6 O-O-O Bd7 f3 Be7 Kb1 O-O h4 Qb8 g4 Rc8 Nxc6 Bxc6 Bd3 b5 Ne2 b4 Nd4 Be8 h5 a5 Be3 Nd7 Bb5 Ne5 Bxe8 Rxe8 b3 Qb7 g5 a4 Qg2 Rec8 g6 axb3 gxf7+ Kxf7 cxb3 Rc3 Rhg1 Bf8 Bd2 Rd3 Bc1 Qa7 Rxd3 Nxd3 Be3 Qa6 Rd1 Nc5 Qe2 Qxe2 Nxe2 Nd7 Rc1 Nf6 Rc7+ Kg8 Nf4 e5 Ne6 Nxh5 Bd2 Rb8 Rc4 Be7 Rxb4 Re8 Rb7 Bh4 Nc7 Rf8 a4 Rxf3 a5 Bf2 a6 Nf6 Ne6 Nxe4 Be1 h5 Bxf2 Rxf2 a7 Nc3+ Kc1 Ra2 Rxg7+ Kh8 Rc7 h4 Rc8+ Kh7 a8=Q Rxa8 Rxa8 Ne4 b4 Kg6 b5
FIDE WCh KO,Tripoli LBA,2004.06.27,4.2,"Radjabov,T","Smirnov,P",1/2-1/2,D11,d4 d5 c4 c6 Nf3 Nf6 e3 a6 Bd3 Bg4 Nbd2 e6 O-O Nbd7 b3 Bf5 Qc2 Bxd3 Qxd3 Be7 Bb2 O-O Rfd1 a5 a3 Qb6 Rac1
FIDE WCh KO,Tripoli LBA,2004.06.27,4.2,"Akopian,Vl","Krasenkow,M",1-0,C77,e4 e5 Nf3 Nc6 Bb5 a6 Ba4 Nf6 d3 d6 c3 g6 Nbd2 Bg7 Nf1 O-O Ng3 b5 Bc2 d5 Qe2 h6 O-O Be6 Re1 Qe7 d4 Nd7 Nxe5 Ndxe5 dxe5 d4 f4 dxc3 bxc3 Qc5+ Qe3 Qxe3+ Bxe3 Bc4 Ne2 Bxe2 Rxe2 Rfd8 Kf2 Na5 Bb3 Nc4 Bxc4 bxc4 Rb1 Rd3 Rc2 g5 g3 Bf8 Rb7 c5 fxg5 hxg5 Bxg5 Bg7 Bf6 Re8 Rc7 Bxf6 exf6 Rxe4 Rxc5 Kh7 Rg5 Ree3 Rg7+ Kh6 Rxf7 Rxc3 Rxc3 Rxc3 Rg7 Rd3 g4 c3 g5+ Kh5 f7 Rd2+ Kf3 Rd1 Ke4
FIDE WCh KO,Tripoli LBA,2004.06.27,4.2,"Adams,Mi","Nakamura,H",1/2-1/2,B04,e4 Nf6 e5 Nd5 d4 d6 Nf3 Nc6 c4 Nb6 exd6 exd6 h3 Be7 Be2 O-O O-O Bf6 Nc3 Re8 b3 Be6 Ne4 d5 Nxf6+ Qxf6 c5 Nd7 Be3 Bf5 Qd2 h6 Rfe1 Nf8 Rad1 g5 Ne5 Ng6 Nxg6 Qxg6 Bb5 Re7
FIDE WCh KO,Tripoli LBA,2004.06.27,4.3,"Nisipeanu,LD","Kharlov,A",1-0,B63,e4 c5 Nf3 d6 d4 cxd4 Nxd4 Nf6 Nc3 Nc6 Bg5 e6 Qd2 Be7 O-O-O O-O f3 a6 h4 Nxd4 Qxd4 b5 Kb1 Bb7 Bd3 Rc8 Ne2 Nd7 Ng3 f6 Bc1 Qc7 Nh5 g6 Ng3 Qc5 Ne2 Ne5 h5 g5 Be3 Kf7 c3 Qxd4 cxd4 Nxd3 Rxd3 g4 Nf4 gxf3 gxf3 Rg8 d5 e5 Ne6 Rg3 Bd2 Rc4 Rc1 Rxe4 fxe4 Rxd3 Ba5 f5 Rc7 Bxd5 exd5 Rxd5 Nd8+ Ke8 Nc6 Bg5 Nb4 Rd1+ Kc2 Rc1+ Kd3 Rxc7 Bxc7 Kd7 Bb6 e4+ Kd4 Bf6+ Kd5 Bxb2 Nxa6 Bc1 Nb8+ Kc8 Nc6 Kd7 Nd4 Be3 Ba5 Bxd4 Kxd4 Kc6 Bd2 Kc7 Kd5 Kd7 a3 Kc7 Be3 Kb7 Kxd6 Ka6 Ke5 Ka5 Kxf5 Ka4 Kxe4 Kxa3
FIDE WCh KO,Tripoli LBA,2004.06.27,4.3,"Beliavsky,A","Grischuk,A",1/2-1/2,E32,d4 Nf6 c4 e6 Nc3 Bb4 Qc2 O-O a3 Bxc3+ Qxc3 b6 Bg5 Bb7 e3 d6 Ne2 Nbd7 Qd3 Ba6 Nc3 d5 Qc2 Bxc4 Bxc4 dxc4 Qa4 c5 Qxc4 cxd4 Qxd4 h6 Bh4 Qc7 O-O Rfc8 Rfd1 Qc4 e4 Qxd4 Rxd4 Ne5 f3 Nh5 Be1 Nf4 Rad1 Nc4 g3 Ng6 Rb1 Nge5 Kf2 Rd8 Rbd1 Rxd4 Rxd4 Nxb2 Ke2 Rc8 f4 Nc6 Rd7 Nc4 a4 a6 Bf2 b5 axb5 axb5 Nxb5 Rb8 Nd6 Rb2+ Kf1 Rb1+ Kg2 Nxd6 Rxd6 Rc1 Rd7 h5 Kh3 Rc2 Bg1 Rc1 Bb6 Rb1 Be3 Re1 Rd3 Re2 Rc3 Ne7 Bc5 Ng6 Re3 Rxe3 Bxe3 f5
FIDE WCh KO,Tripoli LBA,2004.06.27,4.3,"Dreev,A","Dominguez,L",1/2-1/2,D12,d4 d5 c4 c6 Nf3 Nf6 e3 Bf5 Nc3 e6 Nh4 Bg6 Be2 Nbd7 Bd2 Bd6 Nxg6 hxg6 Qc2 dxc4 Bxc4 e5 O-O-O exd4 exd4 Nb6 Bb3 Nbd5 Rde1+ Kf8 Bxd5 Nxd5 Nxd5 cxd5 Qb3 Qc7+ Bc3 Qc4 Qxb7 Rb8 Qd7 Ba3 Kb1 Rxb2+ Bxb2 Qd3+ Ka1 Bxb2+ Kxb2 Qd2+ Kb1 Qd3+ Kb2 Qd2+ Kb3 Qd3+ Kb4 Qxd4+ Kb3 Qd3+ Kb2 Qd2+
FIDE WCh KO,Tripoli LBA,2004.06.27,4.3,"Radjabov,T","Smirnov,P",1/2-1/2,D15,d4 d5 c4 c6 Nf3 Nf6 e3 a6 Nc3 b5 c5 Bg4 Qb3 Nbd7 a4 e5 Qa3 Bxf3 gxf3 Rb8 axb5 axb5 Qa5 Qe7 Ne2 g6 Qc7 Bh6 Bh3 O-O Ra7 exd4 Bxd7 Qxc5 O-O dxe3 Kg2 d4 b4 Qc4 Qxc6 Qxc6 Bxc6 d3 Nd4 e2 Bxh6 exf1=Q+ Kxf1 Rfd8 Nb3 Rb6 Rc7 Rbb8 Bg5 Rbc8 Rxc8 Rxc8 Bxb5 Nd5 Bxd3 Nxb4 Be2 Nd5 Nd4 Kg7 Kg2 Ra8 Bc4 Nf6 Be3 Rc8 Bb3 Rb8 Kf1 Rb7 Ke2 Rd7 Ba4 Rd6 Kd3 Nd5 Bd2 Nc7 Bf4 Ra6 Bb3 Ne8 Be5+ Kf8 Nb5 Rb6 Bc4 Rc6 Bd5 Rc5 Nc3 Rc8 Ne4 Rd8 Kc4 Rc8+ Kd4 Rd8 Kc5 Ke7 h3 Rc8+ Bc6 Rd8 Bd5 Rc8+ Kb4 Rd8 Bb3 Rd3 Bg3 Rxf3 Ba4 Rd3 Kc4 Ra3 Bb3 Ra6 Kd4 Rb6 Bc4 Rc6 Bb5 Rb6 Kc5 Re6 Ng5 Rf6 Bd3 h6 Ne4 Re6 Nc3 Nf6 Bc4 Ne4+ Kd4 Nxc3 Kxc3
FIDE WCh KO,Tripoli LBA,2004.06.27,4.4,"Kharlov,A","Nisipeanu,LD",1-0,E37,d4 Nf6 c4 e6 Nc3 Bb4 Qc2 O-O a3 Bxc3+ Qxc3 Ne4 Qc2 d5 Nf3 b6 g3 Ba6 cxd5 exd5 Bg2 c5 dxc5 bxc5 O-O Nd7 Rd1 Ndf6 Ng5 Re8 Nxe4 Nxe4 Be3 Rc8 Rac1 Nf6 Bxc5 Bxe2 Rd2 Bg4 b4 Ne4 Rd4 Nxc5 bxc5 Be6 c6 Qd6 Qc5 Qxc5 Rxc5 Kf8 Bxd5 Bxd5 Rdxd5 Re6 Rd7 Rcxc6 Rxc6 Rxc6 Rxa7 Rc3 h4 h5 Ra8+ Ke7 Ra4 Kf8 Kf1 g6 Ke2 Kg7 Ra8 Rb3 a4 Ra3 a5 Kf6 a6 Kf5 Ra7 Kf6 Kd2 Rf3 Ke1 Ra3 Ke2 Ke5 Kd2 Ra2+ Kc3 Rxf2 Re7+ Kf6 Rb7 Ra2 a7 g5 Kb4 gxh4 gxh4 Kg6 Kb5 f6 Kb6 Kf5 Rb8 Kg4 a8=Q Rxa8 Rxa8 Kxh4 Kc5 Kg3 Rg8+ Kf3 Rh8 f5 Kd4 f4 Rxh5 Ke2 Rh2+
FIDE WCh KO,Tripoli LBA,2004.06.27,4.4,"Grischuk,A","Beliavsky,A",1/2-1/2,C88,e4 e5 Nf3 Nc6 Bb5 a6 Ba4 Nf6 O-O Be7 Re1 b5 Bb3 O-O h3 Bb7 d3 d6 a3 Nd7 Nc3 Nd4 Nxd4 exd4 Ne2 c5 Ng3 g6 Bh6 Re8 Qd2 Rc8 Ba2 Bf6 Bd5 Rc7 a4 b4 Bxb7 Rxb7 b3 a5 Rf1 Bh4 Ne2 d5 exd5 Nb6 Nf4 Bg5 Bxg5 Qxg5 Rae1 Rbb8 Qc1 Nxd5 Nxd5 Qxd5 Rxe8+ Rxe8 Re1 Re6 Rxe6 Qxe6 Kf1 Qe5 f4 Qd6 Kf2 h5 g3 Qe6 h4 Kg7 Qe1 Qh3 Qe5+ Kh7 Qd5 Kg8 Qd8+ Kg7 Qd5 Qc8 Qe5+ Kg8 Qd5 Qe8 Qf3 Qe6 Qe2
FIDE WCh KO,Tripoli LBA,2004.06.27,4.4,"Dominguez,L","Dreev,A",1-0,C10,e4 e6 d4 d5 Nc3 dxe4 Nxe4 Nd7 g3 b6 Bg2 Rb8 Nf3 Bb7 Qe2 Ngf6 Nxf6+ Nxf6 O-O Be7 Rd1 O-O c4 Nd7 Bf4 Bd6 Ne5 Bxg2 Kxg2 Bxe5 dxe5 Qe7 Rd2 Rfd8 Qg4 Qe8 Bh6 g6 Qf4 f6 exf6 e5 f7+ Qxf7 Qxf7+ Kxf7 Rad1 Ke6 Bg5 a5 a4 Ra8 f4 h6 Bxd8 Rxd8 fxe5 Ke7 g4 Ke6 h4 Ke7 e6 Kxe6 Re2+ Kf7 Rf1+ Kg8 Rd2
FIDE WCh KO,Tripoli LBA,2004.06.27,4.4,"Smirnov,P","Radjabov,T",1/2-1/2,B32,e4 c5 Nf3 Nc6 d4 cxd4 Nxd4 e5 Nb5 d6 c4 Be7 N1c3 a6 Na3 f5 exf5 Bxf5 Nc2 Nf6 Ne3 Be6 g3 b5 Bg2 Nd4 cxb5 axb5 Ncd5 Rc8 O-O O-O b3 Kh8 Bb2 Nf5 Nxf5 Bxf5 Nxe7 Qxe7 Ba3 Rcd8 Qe2 Qa7 Bb4 Qd4 Qd2 Qg4 Rac1 Ne4 Qe1 Ng5 f4 Bd3 fxg5 Qd4+ Rf2 Rxf2 Qxf2 Qxb4 Rc7 Qg4 h4 Qe6 Rf7 Rg8 Kh2 e4 Bh3 Qe5 Rf8 Qe7 Rxg8+ Kxg8 Qf5 e3 Qxd3 e2 Qd5+ Kf8 Qf3+ Kg8 Qa8+ Kf7 Qf3+ Kg8 Qd5+ Kf8 Qf3+
FIDE WCh KO,Tripoli LBA,2004.06.27,4.5,"Radjabov,T","Smirnov,P",1/2-1/2,D36,d4 d5 c4 e6 Nf3 Nf6 Nc3 c6 Bg5 Nbd7 cxd5 exd5 e3 Be7 Qc2 O-O Bd3 Re8 O-O Nf8 h3 Be6 Rab1 a5 a3 N6d7 Bf4 Ng6 Bh2 Nb6 Nd2 Bd6 f4 Nf8 Nf3 f6 Rbe1 Bf7 Nh4 Bc7 Nf5 Bg6 b3 Nc8 g4 Nd6 Kh1 Nxf5 gxf5 Bh5 Qf2 Qd7 Qh4 Qf7 e4 Bb6 Bg1 g6 fxg6 hxg6 f5 g5 Qg3 Qc7 e5 Nh7 Be3 Kh8 Bf2 fxe5 dxe5 d4 Nb1 c5 Nd2 Qf7 e6 Qg7 Ne4 Bc7 Qg2 Nf6 Nxc5 Rad8 Bg3 Bxg3 Qxg3 Rd5 Ne4 Rg8 Nxf6 Qxf6 e7 Bf7 Bc4 Rxf5 Rxf5 Qxf5 Bxf7 Qxf7 Qe5+ Kh7 Qe4+ Kh6 Kg1 Re8 Qxd4 Qxb3 Qf6+ Kh5 Qf5 Qg3+ Kf1 Qf4+ Qxf4 gxf4 Kf2 Kg5 Kf3 Kf6 Kxf4 Rxe7 Rb1 Rc7 Rb6+ Kg7 Rb5 b6
FIDE WCh KO,Tripoli LBA,2004.06.27,4.5,"Grischuk,A","Beliavsky,A",1-0,C88,e4 e5 Nf3 Nc6 Bb5 a6 Ba4 Nf6 O-O Be7 Re1 b5 Bb3 O-O h3 Bb7 d3 d6 a3 Re8 Nc3 Nd4 Nxd4 exd4 Ne2 c5 Ng3 Bf8 Nf5 d5 e5 Nd7 Qg4 Kh8 Bf4 Re6 c3 dxc3 bxc3 c4 Bc2 d4 Bg5 Qe8 cxd4 c3 Bb3 Nb6 Ne3 Rg6 Qf4 Kg8 d5 Rc8 d6 Re6 d4 h6 Bh4 g5 Qg4 Nc4 Bxc4 bxc4 d5 Rxe5 d7 Qd8 dxc8=Q Bxc8 Qd4 Bg7 Bg3 Re8 Qxc4 f5 Bc7 Qf6 Nc2
FIDE WCh KO,Tripoli LBA,2004.06.27,4.5,"Nisipeanu,LD","Kharlov,A",1/2-1/2,B65,e4 c5 Nf3 d6 d4 cxd4 Nxd4 Nf6 Nc3 Nc6 Bg5 e6 Qd2 Be7 O-O-O O-O f4 Nxd4 Qxd4 Qa5 Kb1 h6 Bh4 e5 Qf2 Ng4 Qe1 Bxh4 Qxh4 exf4 Rxd6 Qc5 Rd2 Be6 Be2 Qg5 Qxg5 hxg5 h4 gxh4 Bxg4 Bxg4 Rxh4 f5 exf5 Bxf5 Kc1 Bg6 Rf2 Rae8 Rhxf4 Rxf4 Rxf4 Re1+ Kd2 Rg1 Rf2 Be8 Nd5 Kh7 c4 Bc6 Kc3 Kh6 Re2 g6 Kd4 Kg5 b4 a6 Kc5 Rc1 Re5+ Kh4 Ne7 Bxg2 Nxg6+ Kg4 Kd4 Rd1+ Kc5 Rc1 Re2 Bf1 Ne5+ Kf5 Re3 b5 Kd4
FIDE WCh KO,Tripoli LBA,2004.06.27,4.6,"Kharlov,A","Nisipeanu,LD",1/2-1/2,E32,d4 Nf6 c4 e6 Nc3 Bb4 Qc2 O-O a3 Bxc3+ Qxc3 d6 Bg5 Nbd7 e3 b6 Nf3 Ba6 Nd2 c5 dxc5 Nxc5 Bxf6 Qxf6 Qxf6 gxf6 b4 Na4 Ne4 f5 Nxd6 Rfd8 Nb5 Bxb5 cxb5 Rac8 Be2 Nc3 Bf3 Nxb5 O-O Nc3 g3 Kf8 Rfc1
FIDE WCh KO,Tripoli LBA,2004.06.27,4.6,"Beliavsky,A","Grischuk,A",1/2-1/2,E05,d4 Nf6 c4 e6 g3 d5 Nf3 Be7 Bg2 O-O O-O dxc4 Qc2 a6 Qxc4 b5 Qc2 Bb7 Bd2 Be4 Qc1 Qc8 Bg5 c5 Nbd2 Bb7 dxc5 Qxc5 Qxc5 Bxc5 Bxf6 gxf6 Ne1 Bxg2 Kxg2 Nd7 Nd3 Bb6 Rfc1 Rfc8 a4 Rxc1 Rxc1 bxa4 Ra1 Nc5 Nxc5 Bxc5 Rxa4 a5 Nc4 Rb8 e3 Bb4 Kf3 f5 Ke2 Kg7 Kd3 Rd8+ Kc2 Rc8 b3 Kf6 Ra1 h5 h4 Rc7 Kd3 Rd7+ Ke2 Rc7 Ra2 Rc5 Rc2 Rc7 Rc1 Rc8 Ra1 Rc7 Kd3 Rd7+ Kc2 Rc7 Ra2 Rc8 Kb1 Rc5 Rc2 Rd5 Nb2 Rd7 Kc1 Ba3 Kb1 Bb4 Nc4 Rd8 Rc1 Rd7 Kc2 Rc7 Kb2 Rd7 Kc2 Rc7 Ra1 Rc8 Ra4 Rc7 Kd3 Rd7+ Ke2 Rb7 Kf3 Bc3 Ra3 Bb4 Ra4 Bc3 Nxa5 Bxa5 Rxa5 Rxb3 Ra8 Kg7 Kf4 f6 Ra7+ Kg6 Re7 e5+ Kf3 Rb2
FIDE WCh KO,Tripoli LBA,2004.06.27,4.6,"Smirnov,P","Radjabov,T",0-1,B33,e4 c5 Nf3 Nc6 d4 cxd4 Nxd4 Nf6 Nc3 e5 Ndb5 d6 Bg5 a6 Na3 b5 Bxf6 gxf6 Nd5 Bg7 Bd3 Ne7 Nxe7 Qxe7 c4 f5 O-O O-O Qf3 d5 cxd5 fxe4 Bxe4 Rb8 Rad1 Rb6 Qd3 Qd7 Bxh7+ Kh8 Qe3 Rh6 Bc2 Qd6 g3 Bh3 Rfe1 f5 f4 exf4 Qe7 Qb6+
FIDE WCh KO,Tripoli LBA,2004.06.27,4.7,"Nisipeanu,LD","Karlov,A",0-1,B50,e4 c5 Nf3 d6 c3 Nf6 Bd3 Bg4 h3 Bxf3 Qxf3 Nc6 O-O a6 Bc2 g6 d3 Bg7 Be3 O-O Nd2 Nd7 Qe2 b5 Nf3 Nde5 Nxe5 Nxe5 a3 Nc6 Qd2 Rc8 Rfc1 Qc7 Bd1 Rfd8 b4 Ne5 Be2 Nd7 d4 Nb6 Qe1 Na4 bxc5 dxc5 e5 e6 Bd1 Nb2 Be2 cxd4 cxd4 Qb7 Qb4 Na4 Bf3 Qd7 Qa5 Bf8 Qxa6 Rxc1+ Rxc1 Bxa3 Rc2 Bb4 Bc6 Qe7 Bxb5 Nc3 Bf1 Nd5 Bh6 Qh4 Rc8 Be7 Rxd8+ Bxd8 Qc8 Qxh6 Qxd8+ Kg7 g3 Qd2 h4 Qxd4 Qd6 h5 Bg2 Qd1+ Kh2 Nc3 Qe7 Ne2 Qf6+ Kg8 Qf3 Qg1+ Kh3 Qe1 Qe4 Ng1+ Kh2 Qxf2
FIDE WCh KO,Tripoli LBA,2004.06.28,5.1,"Topalov,V","Kharlov,A",1-0,D20,d4 d5 c4 dxc4 e4 e5 Nf3 Bb4+ Nc3 exd4 Nxd4 Ne7 Bxc4 Nbc6 Be3 Nxd4 Qxd4 Qxd4 Bxd4 O-O a3 Bxc3+ Bxc3 Be6 Be2 Bb3 h4 Rfe8 Rh3 Ng6 Bd2 Ba4 h5 Nf8 b3 Bc6 f3 Ne6 Rg3 f5 Bc3 fxe4 fxe4 Rad8 Bc4 Bxe4 Bxg7 Kf7 Bc3 Bd5 Kf2 Rg8 Rxg8 Kxg8 Rd1 Bxc4 Rxd8+ Nxd8 bxc4 a6 Ke3 Kf7 g4 Ne6 Ke4 Nc5+ Kd5 Nd7 g5 Nb6+ Kd4 Na4 Ba1 Nb6 c5 Nc8 Ke4 c6 Bf6 b5 Bd8 Ke6 h6 Kf7 Kf5 a5 Bxa5
FIDE WCh KO,Tripoli LBA,2004.06.28,5.1,"Dominguez,L","Radjabov,T",1-0,B30,e4 c5 Nf3 Nc6 Nc3 Nf6 Bb5 Qc7 O-O Nd4 Re1 a6 Bf1 e5 Bc4 d6 Ng5 h6 Nxf7 Rh7 Nd5 Nxd5 c3 Nf4 cxd4 Be6 Nxe5 dxe5 d5 b5 d4 bxc4 Bxf4 exf4 dxe6 O-O-O d5 Qe5 Rc1 g5 Rxc4 Rb7 b3 Kb8 Ra4 Ka7 Qe2 Rb6 Rc4 Bd6 Qh5 Rb7 Qd1 f3 Qxf3 Qxh2+ Kf1 Qe5 Qc3 Rb5 Qxe5 Bxe5 Rec1 Bd6 Ke2 h5 g3 Rb7 Rh1 Rh7 Ke3 Rf8 b4 cxb4 Rc6 Bb8 d6 Kb7 Rhc1 Rfh8 e5 h4 e7 h3 Rc8 Rxc8 Rxc8 h2 Rc1
FIDE WCh KO,Tripoli LBA,2004.06.28,5.1,"Adams,Mi","Akopian,Vl",1-0,B80,e4 c5 Nf3 d6 d4 cxd4 Nxd4 Nf6 Nc3 a6 Be3 Nc6 f3 e6 Qd2 Be7 O-O-O O-O g4 Nxd4 Qxd4 Nd7 h4 Ne5 Be2 b5 Kb1 Bd7 f4 Nc6 Qd2 Qa5 Bf3 Rfc8 Ne2 Qxd2 Rxd2 Na5 b3 Rab8 g5 Nb7 Rf1 Nc5 Ng3 b4 f5 Bb5 Rg1 Bf8 h5 Nd7 fxe6 fxe6 Bg4 Re8 Rf2 g6 h6 Ne5 Bh3 Rb7 Ne2 Bxe2 Rxe2 Rf7 Rg3 Nd7 Bd2 a5 c3 bxc3 Rxc3 Nc5 a4 Rb7 Ka2 Rf7 Bc1 Na6 Ba3 Nb4+ Bxb4 axb4 Rc4 Rf3 Bg4 Rg3 e5 dxe5 Rxe5 Bd6 Bxe6+ Kh8 Rd5 Rg2+ Kb1 Be7 Bg4 Rf8 a5 Rf1+ Bd1 Rff2 Rc8+ Bf8 Rd2
FIDE WCh KO,Tripoli LBA,2004.06.28,5.1,"Kasimdzhanov,R","Grischuk,A",1-0,C69,e4 e5 Nf3 Nc6 Bb5 a6 Bxc6 dxc6 O-O f6 d4 exd4 Nxd4 c5 Ne2 Qxd1 Rxd1 Bd7 Nbc3 O-O-O Be3 Re8 Rd2 Bc6 Rad1 b6 f3 Ne7 Nf4 Ng6 Nh5 Ne5 b3 c4 Nd5 a5 a4 Kb7 Kf2 cxb3 cxb3 Nd7 g4 Nc5 Bxc5 Bxc5+ Kg2 Bf8 h4 Re5 Rd3 Rg8 Ng3 Bc5 h5 Rf8 Nf4 Be8 Nf5 g6 hxg6 hxg6 Ng3 Bf7 Rh1 Re7 Rh6 Rg8 Rh1 c6 Rhd1 Kc7 Nh3 Rf8 Nf4 Rb8 Nh3 b5 g5 fxg5 Nxg5 Bg8 f4 bxa4 bxa4 Rb3 Rd8 Rb2+ Kf3 Bb3 R1d3 Bc2 Ne6+ Rxe6 R3d7+ Kb6 Rb8+ Ka6 Ra8+ Kb6 Rb8+ Ka6 Rxb2 Bxa4 e5 Bb5 Rd8 Bb6 Ra8+ Kb7 Rf8 Bc4 Kg4 Bd5 Ne2 a4 Nc3 Bb3 Ne4 Ka6 Nd6 Ka5 Ra8+ Kb4 Rb8 Kc5 Ne4+ Kd5 Nf6+ Kc5 Nd7+ Kd4 Rxb6 Re7 Nf6 Kc3 Rb1 Rc7 Rc1+ Bc2 Ne4+ Kd3 Nc5+ Kd2 Rxc2+
FIDE WCh KO,Tripoli LBA,2004.06.29,5.2,"Kharlov,A","Topalov,V",0-1,C24,e4 e5 Bc4 Nf6 d3 c6 Nf3 Be7 O-O d6 a4 O-O Re1 Nbd7 Nc3 Nc5 d4 exd4 Nxd4 a5 Bf4 Ng4 Be2 Nf6 Bf3 Re8 Qd2 g6 h3 Nfd7 Rad1 Bf8 g4 Qb6 Bg2 Ne5 b3 Qb4 Nde2 f6 Be3 h5 f4 Nxg4 hxg4 Bxg4 Qc1 f5 Rd4 Qb6 Qd2 Qc7 Bf2 Re6 Rc4 Rae8 Nd4 Rxe4 Nxe4 Nxe4 Bxe4 fxe4 Rc3 d5 Rg3 Bd6 Be3 Qd7 c3 Rf8 Rf1 b6 Rf2 c5 Nb5 Bb8 Rfg2 g5 Rf2 Kg7 Qc1 Kg6 Qf1 Rf5 Rgg2 Qf7 fxg5 Bf3 Rh2 Bxh2+ Rxh2 Rf4 Bxf4 Qxf4 Rg2 h4 Qe1 e3 Rh2 Qxg5+ Kf1 h3 Qb1+ Be4 Qb2 Bd3+
FIDE WCh KO,Tripoli LBA,2004.06.29,5.2,"Radjabov,T","Dominguez,L",1-0,B98,e4 c5 Nf3 d6 d4 cxd4 Nxd4 Nf6 Nc3 a6 Bg5 e6 f4 Be7 Qf3 Qa5 O-O-O Bd7 Bxf6 Bxf6 e5 dxe5 fxe5 Bg5+ Kb1 Nc6 Ne4 Nxe5 Nd6+ Ke7 Qb3 Qa4 Qb6 Rhc8 Nxc8+ Rxc8 Qxb7 Qa5 Bxa6 Rc7 Qb8 Qc5 Rhe1 Bf6 c3 Qa7 Qxa7 Rxa7 Bb5 Bxb5 Nxb5 Rb7 a4
FIDE WCh KO,Tripoli LBA,2004.06.29,5.2,"Akopian,Vl","Adams,Mi",1/2-1/2,C42,e4 e5 Nf3 Nf6 Nxe5 d6 Nf3 Nxe4 d4 d5 Bd3 Nc6 O-O Be7 c4 Nb4 Be2 O-O Nc3 Be6 Ne5 f6 Nf3 Kh8 Re1 f5 a3 Nc6 cxd5 Bxd5 Bf4 Nxc3 bxc3 Bd6 Bxd6 Qxd6 Bb5 Qg6 Bxc6 bxc6 g3 f4 Ne5 Qh6 c4 fxg3 fxg3 Be6 Qc1 Qh5 Nd3 Qg4 d5 cxd5 Nf4 Bg8 cxd5 Rf7 Rb1 Raf8 Rb4 Qf5 Qc5 a6 Rbe4 Qd7 Qc3 Qb5 Rb4 Qd7 Rbe4 Qb5 Rb4 Qd7 Rc4 Qb5 Rc5 Qb6 Ne6 Re8 Kg2 Rf6 Rxc7 Qf2+ Kh1 Bxe6 dxe6 Rexe6 Rc8+ Rf8 Rxf8+ Qxf8 Kg1
FIDE WCh KO,Tripoli LBA,2004.06.29,5.2,"Grischuk,A","Kasimdzhanov,R",1-0,D31,d4 d5 c4 e6 Nc3 Be7 cxd5 exd5 Bf4 c6 e3 Bd6 Nge2 Ne7 h4 Na6 h5 Nc7 h6 g6 Bg5 O-O Qd2 f6 Bf4 Bb4 f3 Ne6 Bg3 Nf5 Bf2 Re8 O-O-O Ng5 Nf4 Nd6 Qc2 Qa5 Qb3 Bxc3 bxc3 Qb6 Qa3 Ngf7 g4 Be6 Rh2 Rac8 Bg3 c5 Rb2 Qc6 Qxa7 cxd4 Qxd4 Qxc3+ Kb1 Qxd4 Rxd4 Rc3 Rb3 Rc5 Rb6 Rc6 Rb3 Nxh6 Nxd5 Bxd5 Rxd5 Nhf7 Rd1 Ne5 Be2 Rec8 g5 Kg7 e4 Nef7 gxf6+ Kxf6 Bf2 Ke7 Bd4 Nd8 Bb2 Nc4 Bc1 Rd6 Rxd6 Nxd6 f4 h5 Bf3 Ke6 Bg2 Rc4 Rd3 N6f7 Bh3+ Kf6 e5+ Kg7 e6
FIDE WCh KO,Tripoli LBA,2004.06.29,5.3,"Dominguez,L","Radjabov,T",1/2-1/2,B45,e4 c5 Nf3 Nc6 Nc3 e6 d4 cxd4 Nxd4 Nf6 Nxc6 bxc6 e5 Nd5 Ne4 Qc7 f4 Rb8 a3 Qa5+ c3 Ba6 b4 Qb6 c4 Nxb4 axb4 Bxb4+ Ke2 Bxc4+ Kf3 Bd5 Be3 Qd8 Bd3 a5 Kf2 Be7 Qc2 O-O Rhb1 Bb4 g3 f5 Nc3 Qe7 Nxd5 cxd5 Rc1 Qf7 Be2 g5 Qd3 gxf4 Bxf4 Qg7 Rc7 Rfd8 Qe3 Ra8 Bb5 Rab8 Ba4 Bf8 Bg5 Rdc8 Rac1 Rxc7 Rxc7 h6 Bxd7 Qxg5 Bxe6+ Kh8 Qxg5 hxg5 Bxd5
FIDE WCh KO,Tripoli LBA,2004.06.29,5.3,"Kasimdzhanov,R","Grischuk,A",1-0,C88,e4 e5 Nf3 Nc6 Bb5 a6 Ba4 Nf6 O-O Be7 Re1 b5 Bb3 O-O a4 b4 d3 d6 a5 Be6 Nbd2 Qc8 Bc4 Re8 b3 Bf8 Bb2 h6 h3 Rb8 Nf1 g6 Ne3 Bg7 Nd2 Bxc4 dxc4 Nd4 Nd5 Nxd5 exd5 c5 dxc6 Qxc6 Bxd4 exd4 Rxe8+ Rxe8 Ra4 Qc5 Nf3 d5 cxd5 Qxd5 Rxb4 Qxa5 Ra4 Qc3 Rxa6 Rc8 Ra2 d3 cxd3 Rb8 Qc2 Qxc2 Rxc2 Rxb3 Rd2 Rb1+ Kh2 Bf8 d4 Bb4 Rc2 Rb3 Rc1 Kg7 Kg1 Bd6 Kf1 Rb2 Rc6 Bb8 g3 Rb4 h4 Ba7 Rd6 Kf8 Rd5 Ke7 Re5+ Kd6 Re4 f6 Rf4 Ke7 Re4+ Kd6 Re8 Bxd4 Rd8+ Kc5 Rh8 Kd5 Nxd4 Rxd4 Rxh6 g5 hxg5 fxg5 Rh5 Rg4 f3
FIDE WCh KO,Tripoli LBA,2004.06.29,5.4,"Radjabov,T","Dominguez,L",1/2-1/2,D12,d4 d5 c4 c6 Nf3 Nf6 e3 Bf5 Nc3 e6 Nh4 Bg6 Nxg6 hxg6 g3 Nbd7 Qe2 dxc4 Bg2 Be7 Qxc4 e5 O-O Nb6 Qd3
FIDE WCh KO,Tripoli LBA,2004.06.29,5.4,"Grischuk,A","Kasimdzhanov,R",0-1,D31,d4 d5 c4 e6 Nc3 Be7 cxd5 exd5 Bf4 c6 e3 Bd6 Nge2 Nf6 h3 O-O g4 Re8 Bxd6 Qxd6 Ng3 Be6 Qc2 a5 Bd3 Na6 a3 g6 Nce2 Rac8 Qd2 Ra8 Rc1 Nc7 f3 Re7 Kf2 Rae8 Qxa5 Bc8 Nf1 Ne6 Qb4 Qd8 Kg2 Ng7 Qd2 Qd6 Rc3 h5 Qe1 Qd8 Qf2 Qd6 b4 Qd8 Bb1 Qd6 Nf4 b6 Nd3 Nd7 Qg3 Qf6 g5 Qf5 Bc2 h4 Qxh4 Qe6 Nf4 Qd6 Qg3 c5 bxc5 bxc5 dxc5 Nxc5 Nh5 Qxg3+ Nhxg3 Nce6 Ba4 Rd8 h4 Bb7 Kf2 d4 exd4 Rxd4 Bc2 Nf4 Ne4 Bxe4 fxe4 Ngh5 Kf3 Ne6 Rh2 Red7 Rf2 R4d6 Kg4 Kg7 Bb3 Nd4 Bd5 f5+ Kh3 Ne2 Re3 Nef4+ Kh2 Nxd5 exd5 Rxd5 Rff3 Rd4 Kh3 Nf4+ Kg3 Nh5+ Kh3 Nf4+ Kh2 Nd5 Rd3 Rxh4+ Kg1 Nb6 Rb3 Nc4 Rfc3 Rg4+ Kf2 Nd6 Nd2 Rd4 Ke2 Rg4 Nf3 Ne4 Rc4 Ng3+ Kf2 Nh1+
FIDE WCh KO,Tripoli LBA,2004.06.29,5.5,"Dominguez,L","Radjabov,T",1/2-1/2,B30,e4 c5 Nf3 Nc6 Nc3 e5 Bc4 Be7 O-O d6 d3 Nf6 Ng5 O-O f4 Bg4 Qd2 exf4 Qxf4 Qd7 h3 Be6 Be3 Ne5 b3 h6 Nf3 Ng6 Qg3 d5 exd5 Nxd5 Bxd5 Bxd5 Ne5 Nxe5 Qxe5 Be6 Ne4 b6 Qg3 Kh7 Bf4 f5 Nd2 g5 Be5 Bd5 Rae1 Rae8 Bc3 Bd6 Qf2 Bf4 Nc4 b5 Ne5 Qc7 d4 Be4 Bd2 Bxd2 Qxd2 cxd4 Nf3 Bxf3 Rxe8 Rxe8 Rxf3 Qc5 b4 Qd5 Rd3 Re4 c3 Kg6 cxd4 g4 hxg4 Rxg4 Qf2 Qe4 Rg3 h5 Rxg4+ hxg4 g3 Kf6 Qd2 Ke6 Qc3 Qb1+ Kg2 Qxa2+ Kg1 Qc4 Qe3+ Kd7 Qe5 Qc1+ Kf2 Qd2+ Kg1 Qd1+ Kf2 Qf3+ Kg1 Qd1+ Kf2 Qd2+ Kg1 Qd1+
FIDE WCh KO,Tripoli LBA,2004.06.29,5.6,"Radjabov,T","Dominguez,L",1/2-1/2,B96,e4 c5 Nf3 d6 d4 cxd4 Nxd4 Nf6 Nc3 a6 Bg5 e6 f4 h6 Bh4 Nbd7 Qf3 e5 fxe5 Nxe5 Qd1 Be7 Be2 Nxe4 Bxe7 Nxc3 Bxd8 Nxd1 Bc7 Nxb2 Bxd6 Nbc4 Bb4 Bg4 Bxc4 Nxc4 O-O O-O-O Rf4 Ne5 h3 Bd7 Re1 f6 Ba5 Rde8 Rfe4 Kb8 Bb4 Kc7 Kf2 h5 R4e3 b5 Nf3 Nc6 Rxe8 Bxe8 Bc5 Bf7 a3 Rd8 Be3 Rd5 Rc1 Na5 Nd2 h4 g4 hxg3+ Kxg3 Rf5 h4 Bd5 Kg4 Be6 Kg3 Bd5 Kg4 Be6 Kg3 Kd7 Re1 Bd5 Bf4 g5 hxg5 fxg5 Be3 Re5 Bf2 Nc6 Rxe5 Nxe5 Be3 Nf7 Kg4 Be6+ Kg3 Bd5 Kg4 Be6+ Kg3 g4 Ne4 Kc6 Ng5 Nd8 Ne4 Kd5 Nc5 Bc8 Nb3 Nc6 Nd2 Bf5 c3 Ne5 Bb6 Nd3 Ba5 Bc8 Bb6 Ne1 Bd8 Kd6 Ne4+ Kd5 Nd2 Kd6 Ne4+ Kd7 Bb6 Kc6 Bd8 Nc2 Be7 Kd5 Nd2 Bd7 Bf8 Ne3 Bb4 Bc8 Kf4 Ng2+ Kg3 Ne3 Kf4 Nc2 Bf8 a5 Be7 Bd7 Bf8 Bc8 Be7 Be6 Bf8 Bc8 Be7 a4 Bf8 b4 axb4 a3 c4+ Kd4 b5 a2 Bg7+ Kd3 Nb3 Kxc4 Nc1 a1=Q Bxa1 Nxa1 b6 Nc2 b7 Bxb7 Kxg4 Nd4 Kf4 Kc3 Ke3 Ba6 Na2+ Kc4 Nc1
FIDE WCh KO,Tripoli LBA,2004.06.29,5.7,"Dominguez,L","Radjabov,T",1/2-1/2,B33,e4 c5 Nf3 Nc6 d4 cxd4 Nxd4 Nf6 Nc3 e5 Ndb5 d6 Bg5 a6 Na3 b5 Nd5 Qa5+ Bd2 Qd8 c4 Nxe4 cxb5 Be6 Bc4 Ne7 Be3 Rc8 Nb6 d5 Qa4 dxc4 Rd1 Nd5 bxa6+ Bd7 Nxd7 Bb4+ Kf1 Qxd7 Qxd7+ Kxd7 Rxd5+ Ke6 Rb5 Bxa3 bxa3 Nc3 Rb6+ Kd7 a7 Nd5 Rb7+ Kc6 Rxf7 Nxe3+ fxe3 Rhf8 Rxf8 Rxf8+ Ke2 Ra8 Rc1 Kc5 Rc3 Rxa7 Kf3 Kd5 Ke2 Kc5 Kd2 Rf7 Kc1 Rf1+ Kb2 Re1 Rc2 Rxe3 Rf2 Rd3 Rf7 Rd2+ Kc3 Rxg2 Rc7+ Kb6 Re7 Rxh2 Kxc4 Rc2+ Kb4 Rc7 Rxe5 Kb7 a4 Ka7 a5 Rb7+ Ka4 Rc7 Re6 Rd7 Kb5 Rb7+ Kc5 Rc7+ Kb5 Rb7+ Rb6 Rd7 a4 Rf7 Rc6 Rb7+ Kc5 Rf7 a6 Rf5+ Kb4 Rf4+ Kb5 Rf5+
FIDE WCh KO,Tripoli LBA,2004.07.01,6.1,"Kasimdzhanov,R","Topalov,V",1/2-1/2,D27,Nf3 d5 d4 Nf6 c4 e6 Nc3 dxc4 e3 a6 a4 c5 Bxc4 Nc6 O-O Be7 Qe2 cxd4 Rd1 e5 exd4 exd4 Nxd4 Nxd4 Qe5 Qd6 Qxd6 Bxd6 Rxd4 Bc5
FIDE WCh KO,Tripoli LBA,2004.07.01,6.1,"Radjabov,T","Adams,Mi",0-1,E04,d4 Nf6 c4 e6 g3 d5 Nf3 dxc4 Bg2 a6 O-O Nc6 e3 Bd7 Nc3 Nd5 Nd2 Nb6 Qe2 Na5 e4 Bb4 Qg4 Qf6 Nf3 h5 Qf4 Qxf4 Bxf4 O-O-O Rac1 f6 h4 Kb8 Rc2 Rhe8 Re1 Nc6 Rd2 Na7 Rde2 Nb5 Bd2 Bxc3 bxc3 Na4 Re3 c5 e5 Bc8 dxc5 Nxc5 Bf1 Na3 Nd4 Nc2 Nxc2 Rxd2 Nd4 b5 R3e2 Rxe2 Bxe2 Rh8 exf6 gxf6 f4 Na4 Rc1 Kc7 Kf2 Nc5 Ke3 Bb7 Rg1 Bd5 g4 hxg4 Rxg4 Kd6 f5 e5 Nc2 Be4 Rxe4 Nxe4 Kxe4 Rxh4+ Ke3 Rf4 Nd4 b4 Ne6 bxc3
FIDE WCh KO,Tripoli LBA,2004.07.02,6.2,"Topalov,V","Kasimdzhanov,R",1/2-1/2,B41,e4 c5 Nf3 e6 d4 cxd4 Nxd4 a6 c4 Nf6 Nc3 Qc7 a3 b6 Be3 Bb7 f3 d6 Be2 Be7 O-O O-O Qd2 Nbd7 Rac1 Rac8 Rfd1 Qb8 Bf1 Rfe8 Kh1 Bd8 Bg1 h5 Qf2 Ne5 b3 Ng6 b4 h4 Nb3 h3 g3 Ne5 Rd4 Nc6 Rdd1 Ne5 Rd4 Nc6
FIDE WCh KO,Tripoli LBA,2004.07.02,6.2,"Adams,Mi","Radjabov,T",1/2-1/2,B30,e4 c5 Nf3 Nc6 Bb5 e6 Bxc6 bxc6 b3 f6 O-O Ne7 Nh4 g6 Bb2 Bg7 f4 O-O d3 d6 Nd2 e5 fxe5 fxe5 Rxf8+ Bxf8 Qe1 Be6 Nhf3 h6 Qg3 Bg7 Rf1
FIDE WCh KO,Tripoli LBA,2004.07.03,6.3,"Radjabov,T","Adams,Mi",1/2-1/2,C45,e4 e5 Nf3 Nc6 d4 exd4 Nxd4 Nf6 Nxc6 bxc6 e5 Qe7 Qe2 Nd5 c4 Nb6 Nc3 a5 Bd2 a4 O-O-O Ba6 Qe4 Qe6 f4 g6 g4 Bb4 f5 Qe7 Bd3 Qc5 e6 fxe6 fxe6 O-O-O Be3 Qa5 Bxb6 cxb6 exd7+ Kb7 Nb5 Rxd7 a3 Bf8 Rhf1 Re7 Nd6+ Kc7 Qf4 Bg7 Ne8+
FIDE WCh KO,Tripoli LBA,2004.07.03,6.3,"Kasimdzhanov,R","Topalov,V",1/2-1/2,B52,e4 c5 Nf3 d6 Bb5+ Bd7 Bxd7+ Qxd7 O-O Nf6 Qe2 Nc6 c3 e6 d4 cxd4 cxd4 d5 e5 Ng8 Rd1 Nge7 Nc3 Nc8 Be3 Nb6 b3 Rc8 Qb2 Be7 Ne2 O-O Nf4 Rc7 Qe2 Rfc8 Ne1 Qd8 Qg4 Nd7 Ned3 Nf8 g3 Ba3 Nh5 Ng6 h4 Qf8 Bg5 h6 Be3 Kh8 Qh3 Nb4 Nxb4 Bxb4 Rd3 Rc2 a4 R8c3 Rad1 Rxd3 Rxd3 Ne7 g4 Ba3 Kg2 Nc6 Qf3 Be7 g5 g6 Nf6 h5 Bd2 Bxf6 gxf6 Nb4 Qd1 Rc8 Rg3 Nc6 Be3 b6 Rg5 Qg8 Qd2 Rc7 Rg3 Kh7 Rg5 Kh8 Kh2 Rc8 Rg1 Kh7 Rg5 Kh8 Rg1 Kh7 Kh3 a5 Rc1 g5 Qc2+ Qg6 Qxg6+ Kxg6 Bxg5 Kf5 Be3 Ke4 Kh2 Rc7 Kg3 Rc8 Kh2 Rc7 Kg2 Rc8 Kh3 Rc7 Kg2 Rc8 Kh2
FIDE WCh KO,Tripoli LBA,2004.07.04,6.4,"Adams,Mi","Radjabov,T",1/2-1/2,C40,e4 e5 Nf3 Qe7 Nc3 c6 d4 d6 Bc4 Bg4 dxe5 dxe5 h3 Bh5 g4 Bg6 Bg5 f6 Be3 Nd7 Nh4 O-O-O Qe2 Nb6 Bb3 Qc7 Bd2 Bc5 O-O-O Ne7 Nf5 Nxf5 exf5 Bf7 Ne4 Bxb3 axb3 Be7 Ba5 Rd5 Bxb6 axb6 Rd3 Rxd3 Qxd3 Rd8 Qe2 b5 Rd1 Rd4 c3 Rd5 b4 Qb6 Kb1 Kb8 h4 Qd8 Kc2 Kc7 h5 Qa8 Kb1 Qg8 f3 Qd8 Rd2 Qd7 Kc2 h6 Rd1 Kb8 Ra1 b6 Qe1 c5 bxc5 bxc5 Qe2 c4 Rd1 Kc7 Rxd5 Qxd5 Qe3 Kb7 Nd2 Kb8
FIDE WCh KO,Tripoli LBA,2004.07.04,6.4,"Topalov,V","Kasimdzhanov,R",1/2-1/2,E11,d4 Nf6 c4 e6 Nf3 Bb4+ Nbd2 O-O a3 Bxd2+ Bxd2 Ne4 e3 b6 Bd3 Bb7 O-O Nxd2 Nxd2 f5 Qe2 Nc6 Rac1 Qf6 c5 Rae8 b4 Kh8 f4 g5 b5 Na5 fxg5 Qxg5 Nf3 Qg7 cxb6 cxb6 Rc7 Rc8 Rfc1 Rxc7 Rxc7 Rc8 Rxc8+ Bxc8 e4 Bb7 h3 d6 Qc2 Qf6 Kf2 fxe4 Bxe4 Bxe4 Qxe4 Kg7 Qc2 Qf7 Ke2 h6 a4 Qb7 g4 Qf7 Qc3 Kh7 h4 Kg7 h5 Kg8 Qc1 e5 Qxh6 e4 Ng5 Qa2+ Ke3 Nc4+ Kxe4 Qg2+ Kf4 Qf2+ Ke4 Qg2+ Kf4 Qf2+ Ke4
FIDE WCh KO,Tripoli LBA,2004.07.05,6.5,"Topalov,V","Kasimdzhanov,R",0-1,E17,d4 Nf6 c4 e6 Nf3 b6 g3 Bb7 Bg2 Be7 Nc3 O-O d5 Bb4 O-O Na6 Nd4 Bxc3 bxc3 Nc5 Nb3 Nce4 f3 Nxc3 Qc2 Na4 e4 d6 Nd4 Nc5 Bb2 Qd7 Bh3 Rfe8 a4 a5 Rfe1 Qe7 e5 dxe5 Rxe5 Ncd7 Re3 Qc5 Rae1 e5 Nb3 Qd6 Bxd7 Nxd7 f4 f6 Nd2 Qf8 fxe5 Nxe5 Bxe5 Rxe5 Rxe5 fxe5 Rxe5 Qc5+ Kg2 Rf8 Nf3 h6 Qd3 Ba6 Re4 Qb4 Ne5 Qxa4 h4 Qa2+ Re2 Qa1 Kh2 Qf1 Qe3 Bc8 g4 Re8 Kg3 h5 Re1 Qf6 gxh5 Qf5 Kh2 Qxh5 Qg3 a4 Ng4 Bxg4 Rxe8+ Qxe8 Qxg4 Qe5+ Kg2 a3 Qc8+ Kh7 Qa6 Qb2+ Kf3 a2
FIDE WCh KO,Tripoli LBA,2004.07.05,6.6,"Kasimdzhanov,R","Topalov,V",1-0,B40,e4 c5 Nf3 e6 b3 b6 d4 cxd4 Nxd4 Bb7 Bd3 Bc5 Be3 Qf6 c3 Nc6 Bc2 Nxd4 cxd4 Bb4+ Kf1 Rc8 a3 Be7 h4 e5 dxe5 Qxe5 Bd4 Qc7 Nc3 Nf6 Rh3 O-O e5 Nd5 Qg4 g6 h5 f5 Bxf5 Nf4 Rg3 Rxf5 hxg6 h5 Qxf5 Rf8 Qc2 Ba6+ Ke1 h4 g7 Rc8 Qe4 hxg3 Qxf4 Qc6 Qxg3 Qh6 Qh3 Qg6 Qxd7 Rxc3 Qd5+ Kxg7 Bxc3 Qc2 Qd2 Qh7 e6+ Kg8 Qe3 Qh1+ Kd2 Qh4 Qg3+ Bg5+ Kd1 Qh5+ f3 Qg6 Qb8+
FIDE WCh KO,Tripoli LBA,2004.07.06,7.1,"Adams,Mi","Kasimdzhanov,R",1/2-1/2,B42,e4 c5 Nf3 e6 d4 cxd4 Nxd4 a6 Bd3 Bc5 Nb3 Ba7 c4 Nc6 Nc3 Nge7 O-O d6 Kh1 e5 f4 exf4 Bxf4 Ng6 Bg3 Nge5 Be2 O-O Qe1 Be6 Nd5 a5 a4 Bxd5 cxd5
FIDE WCh KO,Tripoli LBA,2004.07.07,7.2,"Kasimdzhanov,R","Adams,Mi",1-0,C42,e4 e5 Nf3 Nf6 Nxe5 d6 Nf3 Nxe4 d4 d5 Bd3 Nc6 O-O Be7 c4 Nb4 Be2 O-O Nc3 Be6 Ne5 f6 Nf3 Kh8 a3 Nxc3 bxc3 Nc6 Nd2 Na5 cxd5 Bxd5 c4 Bf7 Bb2 f5 Bc3 c5 d5 Bf6 Qc2 b6 Bd3 Bxc3 Qxc3 Nb7 Nf3 Nd6 Ne5 f4 Rfe1 Bg8 Nc6 Qg5 Qe5 Qxe5 Nxe5 Rfe8 a4 g6 g3 fxg3 hxg3 Kg7 f4 Re7 a5 b5 cxb5 Bxd5 Bf1 Nf5 Ra3 Nd4 Rd1 Rd8 Rc3 Be6 Kf2 Rc8 Rb1 g5 b6 axb6 axb6 gxf4 gxf4 Bd5 Bd3 Rf8 Ke3 Nc6 Rxc5 Nxe5 fxe5 Bb7 Be4 Rff7 Bxb7 Rxb7 Ke4 Rfd7 Rc6 Kf8 e6 Rd2 Rf1+ Ke8 Rc8+
FIDE WCh KO,Tripoli LBA,2004.07.08,7.3,"Adams,Mi","Kasimdzhanov,R",1-0,B43,e4 c5 Nf3 e6 d4 cxd4 Nxd4 a6 Nc3 b5 Bd3 Qb6 Nf3 Qc7 O-O Bb7 Re1 Bc5 Qd2 Be7 b3 Nf6 Bb2 d6 a4 b4 Na2 Nc6 Nd4 Nxd4 Bxd4 a5 Rac1 O-O c3 bxc3 Nxc3 Qd8 Nb5 e5 Rc7 exd4 Rxb7 d5 Qf4 Bb4 Rd1 dxe4 Bxe4 Nxe4 Qxe4 Qf6 Nc7 Rad8 Nd5 Qd6 Qxd4 Qe6 g3 Rd6 Rxb4 axb4 Ne7+ Qxe7 Qxd6 Qe2 Rd4 h5 Qxb4 Qf3 h4 Rc8 Qd2 Rc3 Rf4 Qc6 Kh2 Rxb3 Qd8+ Kh7 Qd1 Rb7 Qxh5+ Kg8 Rd4 Qf6 Rd2 Ra7 a5 g6 Qb5 Kh7 Qb6
FIDE WCh KO,Tripoli LBA,2004.07.10,7.4,"Kasimdzhanov,R","Adams,Mi",1-0,C68,e4 e5 Nf3 Nc6 Bb5 a6 Bxc6 dxc6 O-O Bg4 h3 h5 d3 Qf6 Be3 Bxf3 Qxf3 Qxf3 gxf3 Bd6 Nd2 Ne7 Rfb1 f5 b4 a5 a3 O-O Nc4 axb4 axb4 b5 Na5 Ra6 c4 Ng6 Kf1 Rfa8 Bd2 fxe4 fxe4 Be7 c5 Bf6 Rd1 Kf7 Ke2 Ke8 Ra3 Nf8 d4 Ne6 dxe5 Bxe5 Be3 Bb2 Rad3 Be5 Rg1 Rxa5 bxa5 Rxa5 f4 Bxf4 Rg6 Kf7 Rxe6 Kxe6 Bxf4 Ra4 Kf3 Rc4 Be3 b4 Rd4 Rxd4 Bxd4 g5 Ke3
FIDE WCh KO,Tripoli LBA,2004.07.11,7.5,"Adams,Mi","Kasimdzhanov,R",1-0,C97,e4 e5 Nf3 Nc6 Bb5 a6 Ba4 Nf6 O-O Be7 Re1 b5 Bb3 d6 c3 O-O h3 Na5 Bc2 c5 d4 Qc7 d5 Nc4 a4 Bd7 b3 Nb6 a5 Nc8 c4 b4 Nbd2 g6 Nf1 Nh5 Bh6 Re8 Qd2 Bf8 g4 Ng7 N3h2 Qd8 f4 exf4 Qxf4 Qe7 Nf3 f6 Ng3 Rd8 Rf1 Ne8 Bxf8 Qxf8 e5 dxe5 Nxe5 Ncd6 Rae1 Qg7 Nd3 Rac8 Qf2 f5 Ne5 Nf6 Nxd7 Rxd7 gxf5 g5 Re6 Kh8 Bd1 g4 hxg4 Rg8 Qf4 Nxg4 Bxg4 Qxg4 Qxg4 Rxg4 Kh2 h5 Kh3 Rd4 f6 Nf7 Rf5
FIDE WCh KO,Tripoli LBA,2004.07.12,7.6,"Kasimdzhanov,R","Adams,Mi",1/2-1/2,C91,e4 e5 Nf3 Nc6 Bb5 a6 Ba4 Nf6 O-O Be7 Re1 b5 Bb3 O-O d4 d6 c3 Bg4 Be3 exd4 cxd4 Na5 Bc2 c5 h3 cxd4 Bxd4 Bh5 g4 Bg6 Nc3 Rc8 Rc1 Nc6 Be3 Nb4 Bb1 d5 e5 Ne4 Ne2 Nc5 Bxc5 Rxc5 Rxc5 Bxc5 Nf4 Qb6 Rf1 Be4 a3 Nc6 Nxd5 Bxd5 Qxd5 Nd4 Kg2 Nxf3 Qxf3 g6 b4 Bd4 Qe4 Bb2 Rd1 Rd8 Rxd8+ Qxd8 Ba2 Qe7 e6 fxe6 Qa8+ Kf7 Qxa6 Qd7 g5 Ke7 Qa8 Bd4 Qg8 Qc6+ Kg3 Bxf2+ Kxf2 Qc2+ Ke3
FIDE WCh KO,Tripoli LBA,2004.07.13,7.7,"Adams,Mi","Kasimdzhanov,R",0-1,B51,e4 c5 Nf3 Nc6 Bb5 d6 O-O Bd7 Re1 Nf6 c3 a6 Ba4 b5 Bc2 Rc8 a4 g6 axb5 axb5 d4 cxd4 cxd4 Bg4 Nc3 b4 Ne2 Bg7 d5 Bxf3 gxf3 Ne5 Ba4+ Nfd7 Nd4 O-O f4 Nc4 Nc6 Rxc6 dxc6 Nc5 Qe2 Nb6 Bb5 Nb3 Ra6 Nd4 Qd3 Na8 Ra4 Nc7 Rxb4 Qb8 Rxd4 Bxd4 Qxd4 Qxb5 f5 Rc8 Bh6 Ne8 e5 Rxc6 exd6 Rxd6 Qe5 Qxe5 Rxe5 Rd7 Rc5 f6 fxg6 hxg6 Be3 Rb7 Bd4 Kf7 Kg2 Nd6 Bc3 e5 Ra5 Nc4 Ra1 Rb6 b4 Nd6 Rb1 Ke6 Bd2 f5 Be3 Rb7 Bc5 Ne4 Rd1 Rc7 Bb6 Rc6 Ba7 Ra6 Be3 f4 Bc1 Ra4 Re1 Kf5 Bb2 Rxb4 Bxe5 f3+ Kxf3 Kxe5 Kg4 Kf6 f4 Nf2+ Kg3 Nd3
FIDE WCh KO,Tripoli LBA,2004.07.13,7.8,"Kasimdzhanov,R","Adams,Mi",1/2-1/2,C68,e4 e5 Nf3 Nc6 Bb5 a6 Bxc6 dxc6 O-O Qd6 d3 Ne7 Be3 Ng6 Nbd2 c5 a4 b6 Nc4 Qe6 Ng5 Qf6 Qh5 h6 Nh3 Bxh3 Qxh3 Bd6 Qg4 Rd8 g3 h5 Qe2 Qe6 f4 exf4 gxf4 Qg4+ Qxg4 hxg4 Rae1 Kd7 e5 Be7 f5 Nh4 e6+ fxe6 Ne5+ Kc8 fxe6 Rdf8 Rf7 Bd6 Bg5 Nf3+ Nxf3 gxf3 h4 Rxf7 exf7 Kd7 Re8 Rxe8 fxe8=Q+ Kxe8 Kf2 Kf7 Kxf3 g6 Kg4 Ke6 Bd2 Be7 Bf4 c6 c4 b5 b3 Bf6 Be3 Be7 Bf4 Bf8 Kg5 Kf7 Kg4 Kf6 Bg3 Bh6 Bd6 Be3 Bg3 Ke6 Bc7
