Event,Site,Date,Round,White,Black,Result,ECO,Moves
FIDE WCh KO,New Delhi ITA,2000.11.27,1.1,"Bezgodov,A","Gulko,B",1/2-1/2,B52,e4 c5 Nf3 d6 Bb5+ Bd7 Bxd7+ Qxd7 c4 Nc6 Nc3 g6 d4 cxd4 Nxd4 Nf6 Nde2 Bg7 O-O O-O f3 Qd8 Be3 Rc8 Qd2 a6 Rad1 Qa5 b3 b5 Nd5 Qxd2 Rxd2 bxc4 Nb6 Rb8 Rc1 Ne5 Nxc4 Nxc4 Rxc4 Rfc8 Rdc2 Rxc4 Rxc4 d5 exd5 Nxd5 Bd2 h5 Kf2 Rb6 Nf4 Nxf4 Bxf4 f5 Bc7 Rb5 Rc6 Kf7 Bf4 a5 Rc4 Be5 Ke1 Ke8 Bc1
FIDE WCh KO,New Delhi ITA,2000.11.27,1.1,"Chernin,A","Utnasunov,A",1-0,D46,d4 d5 c4 c6 Nc3 Nf6 e3 e6 Nf3 Nbd7 Qc2 Bd6 Bd3 O-O O-O dxc4 Bxc4 b5 Be2 Bb7 Rd1 Qe7 e4 e5 dxe5 Nxe5 Nd4 g6 Bg5 Rad8 Nb3 b4 Na4 h6 Bh4 Ned7 Na5 Ba8 Nc4 Bb8 f3 c5 b3 g5 Bf2 Nh5 Ne3 Ng7 Rac1 Rc8 Ba6 Rc6 Bb5 Rd6 Nc4 Rxd1+ Rxd1 Rd8 Qd2 Ne6 Bxd7 Bc6 Bxc6 Rxd2 Rxd2 Qf6 Rd1 Nf4 Bd7 Ne2+ Kf1 Nc3 Nxc3 bxc3 Rc1 Qd8 Bf5 Qd3+ Ke1 c2 g3 a5 Bh3 a4 Bf1 Qxf3 Rxc2 Qxe4+ Ne3 axb3 axb3 Be5 Bc4 Bd4 Ke2 g4 Bd5 Qe5 Rd2 Kg7 b4 Bc3 bxc5 Bxd2 Kxd2 Qd4+ Ke2 Kf8 c6 Qc5 Kf1 h5 Be4 Qe5 Bf5 Qb5+ Kg1 Qxc6 h4 Qf3 Bd3 Ke7 Bf1 Qe4 Bg2 Qb1+ Kh2 f5 Nd5+ Kf7 Nf4 Qb2 Bc5 Qh8 Bg1 Ke8 Bf2 Kf7 Bf1 Qb2 Kg1 Qh8 Bc4+ Ke8 Kg2 Qc3 Bd3 Qc6+ Kh2 Qf3 Kg1 Qd1+ Bf1 Kf7 Nxh5 Kg6 Nf4+ Kh6 Ng2 Kg6 Be3 Qf3 Bf4 Qc3 Ne3 Qe1 Kh2 Qf2+ Bg2 Qe2 Bg5 Qf2 Nd5 Kg7 Be3 Qe2 Bd4+ Kh6 Nf4 Qd2 Bc5 Kg7 Bg1 Kh6 Nd5 Kg6 Be3 Qc2 Nf4+ Kh7 Kg1 Qd1+ Kf2 Qc2+ Ne2 Qd3 Bc6 Qc2 Bg2 Kg6 Bf1 Kh7 Kg1 Qd3 Bf2 Qd1 Nf4 Kh6 Ng2 Kg6 Ne3 Qb1 Ng2 Qd1 Be3 Kh7 Bf4 Kg6 Ne3 Qb1 Kh2 Qe1 Bb5 Qf2+ Ng2 Kf7 Bd3 Kg6 Be3 Qf3 Nf4+ Kh6 Bg1 Qd1 Bxf5 Qd2+ Ng2 Qe2 Bd7 Kh7 Be3 Kg6 Be8+ Kg7 Bc6 Qc2 Bb5 Kg6 Bf1 Qd1 Nf4+ Kf6 Be2 Qc2 Kg1 Qe4 Kf2 Qc2 Ng2 Kf5 Bf4 Kg6 Ne3 Qa2 Nxg4 Qa7+ Ne3 Qd4 Kf3 Qc3 Bc4 Qe1 h5+ Kg7 h6+ Kh8 Bf1 Qb1 g4 Qb7+ Kg3 Qe4 Bg2 Qd3 g5 Kh7 Bh3 Qe2 Bf5+ Kg8 h7+
FIDE WCh KO,New Delhi ITA,2000.11.27,1.1,"Bologan,V","Stefansson,H",1/2-1/2,C54,e4 e5 Nf3 Nc6 Bc4 Bc5 c3 Nf6 d3 a6 Nbd2 O-O Bb3 d6 h3 Be6 Nf1 h6 g4 Nh7 Rg1 d5 Qe2 Be7 Bd2 Ng5 Bxg5 Bxg5 exd5 Bxd5 Ng3 Ne7 h4 Bxf3 Qxf3 Bxh4 O-O-O c6 Ne4 Nd5 Kb1 Qe7 d4 Rad8 Rde1 Nf4 Ng3 Bxg3 Rxe5 Qd6 Qxg3 Ng6 Re3 Qxg3 Rgxg3 Rd7 g5 h5 Re4 Re7 Rxe7 Nxe7 g6 Nd5 c4 Nf4 c5 Nd5 gxf7+ Rxf7 Rg5 h4 Rg4
FIDE WCh KO,New Delhi ITA,2000.11.27,1.1,"Lautier,J","Leitao,R",0-1,E45,d4 Nf6 c4 e6 Nc3 Bb4 e3 b6 Ne2 Ba6 Ng3 c5 d5 exd5 cxd5 Bxf1 Kxf1 O-O e4 d6 Bf4 Re8 f3 Bxc3 bxc3 Nfd7 Bxd6 Qf6 Bxb8 Raxb8 Qc2 Ne5 Kf2 c4 Rhb1 b5 Kg1 Nd3 Kh1 b4 cxb4 Rxb4 a3 Rb3 Rf1 Rb2 Qxc4 Nf2+ Rxf2 Rxf2 Rb1 g6 a4 h5 Ne2 Qg5 Rg1 Qe3 Nd4 Rb8 Qc7 Rb6 Qd8+ Kh7 Ne6 Rxg2 Ng5+ Rxg5 Qxg5 Qxf3+ Qg2 Qe3 Rf1 Kg7 Rd1 Rf6 d6 Rf2 Qg3 Qe2 Rc1 Qxe4+ Kg1 Rf3 Qe1 Qd4+ Kg2 Rd3
FIDE WCh KO,New Delhi ITA,2000.11.27,1.1,"Sutovsky,E","Nataf,IA",0-1,B30,e4 c5 Nf3 Nc6 Bb5 e6 Bxc6 bxc6 d3 Ne7 h4 h5 Qe2 f6 e5 fxe5 Qxe5 Nf5 Qe4 Rb8 Ne5 Rb4 c4 d5 Qf3 Qf6 Nxc6 Rb6 Nxa7 Bb7 Qd1 dxc4 Bg5 Qe5+ Kf1 Qd5 Rh2 Bd6 Nc3 Qxd3+ Qxd3 cxd3 Rh3 Rxb2 Nab5 c4 Nxd6+ Nxd6 Re3 Kd7 Na4 Rb5 Rae1 Re8 Bf4 Bc6 Nc3 Rb2 Re5 Rc2 Rc1 Rxc1+ Bxc1 g6 f3 Nf5 Rc5 Bd5 Bf4 Rc8 Ra5 Nxh4 Ra7+ Kc6 a4 Kc5 Bg5 Nf5 g4 hxg4 fxg4 Ng3+ Ke1 Kb4 Bd2 Kb3 Kd1 Rh8 a5 Rh1+ Be1 Rxe1+
FIDE WCh KO,New Delhi ITA,2000.11.27,1.1,"Kunte,A","Milos,G",1/2-1/2,C96,e4 e5 Nf3 Nc6 Bb5 a6 Ba4 Nf6 O-O Be7 Re1 b5 Bb3 d6 c3 O-O h3 Na5 Bc2 c5 d4 Bb7 d5 Nc4 b3 Nb6 Nbd2 g6 Nf1 Nh5 Bh6 Re8 Qd2 Bf6 Ng3 Nf4 Rac1 Nd7 Bb1 a5 a3 c4 bxc4 bxc4 Bxf4 exf4 Qxf4 Nc5 Ne2 Rb8 Ned4 Nb3 Rcd1 Be5 Qh6 Bg7 Qf4 Be5 Qh6 Bg7 Qf4
FIDE WCh KO,New Delhi ITA,2000.11.27,1.1,"Dizdarevic,E","Psakhis,L",1/2-1/2,A30,c4 Nf6 Nf3 b6 g3 c5 Bg2 Bb7 O-O g6 b3 Bg7 Bb2 O-O d4 cxd4 Qxd4 d6 Rd1 Nbd7 Ne1 Qb8 Nc3 Ne4 Qe3 Nxc3 Bxc3 Bxc3 Qxc3 Nf6 Rac1 Rc8 Qe3 Qc7 Nd3 Bxg2
FIDE WCh KO,New Delhi ITA,2000.11.27,1.1,"Kharlov,A","Hansen,SuB",1/2-1/2,D32,c4 Nf6 Nc3 c5 Nf3 e6 e3 a6 d4 d5 cxd5 exd5 Be2 Nc6 O-O Bd6 dxc5 Bxc5 b3 O-O Bb2 Ba7 Rc1 Be6 Na4 Ne4 Nd4 Qd6 Re1 Rfe8 Bd3 Bd7 Nxc6 Bxc6 Qg4 Qh6 Qf5 Rad8 Bxe4 Rxe4 Nc5 Rh4 h3 Rh5 Qf4 Qg6 Qc7 Re8 Nxb7 Bb5 Qd6 f6 Nd8 Bd3 Kh2 Be4 f3 Bxf3 gxf3 Qf5 Qg3 Rxd8 f4 Bb8 Qf3 Rh4 Kg2 g5 Qg3 Rh6 Qg4 Qxg4+ hxg4 gxf4 exf4 Bxf4 Rc6 Rh2+ Kf3 Bg5 Re2 Rxe2 Kxe2 Re8+ Kd1 Kf7 Rxa6 Re4 Ra4 Rxa4 bxa4 Ke6 Bd4 Bf4 a5 h6 Kc2 f5 a6 Bb8 gxf5+ Kxf5 Kb3 Ke6 Ka4 Kd6 Kb5 Kc7 Bb6+ Kc8 Kc6 Ba7 Bxa7 d4
FIDE WCh KO,New Delhi ITA,2000.11.27,1.1,"Villamayor,B","Minasian,Art",1/2-1/2,B07,d4 g6 e4 d6 c3 Nf6 Bd3 Bg7 Nf3 O-O O-O Nc6 d5 Nb8 c4 Bg4 h3 Bxf3 Qxf3 c6 Nc3 Na6 Bd2 Nd7 Qe2 Rc8 Rac1 Ne5 b3 Nxd3 Qxd3 Re8 Rfd1 Nc5 Qe2 a6 b4 Nd7 Be3 c5 a3 cxb4 axb4 b5 Na2 bxc4 Rxc4 Ne5 Rxc8 Qxc8 Rc1 Qb7 f4 Nd7 Rc6 Nb8 Rb6 Qd7 b5 axb5 Nb4 Rc8 Qxb5 Qxb5 Rxb5 Bc3 Kf2 Kf8 Kf3 Bxb4 Rxb4 Nd7 Bd4 f6 g4 Ra8 g5 fxg5 fxg5 Kf7 Rc4 Ra3+ Kg2 Rd3 Ra4 Rd1 Kf2 Rd2+ Kg3 Rd3+ Kg2 Rd2+
FIDE WCh KO,New Delhi ITA,2000.11.27,1.1,"Van Wely,L","Asrian,K",1/2-1/2,D37,d4 d5 c4 e6 Nf3 Nf6 Nc3 Be7 Bf4 O-O e3 Nbd7 Qc2 c5 cxd5 cxd4 exd4 Nxd5 Nxd5 exd5 Be2 Bb4+ Bd2 Bxd2+ Qxd2 Nf6 O-O
FIDE WCh KO,New Delhi ITA,2000.11.27,1.1,"Yermolinsky,A","Al Modiahki,M",1-0,E97,d4 Nf6 c4 g6 Nc3 Bg7 e4 d6 Nf3 O-O Be2 e5 O-O Nc6 d5 Ne7 b4 c6 Nd2 a5 bxa5 Qxa5 Bb2 Qd8 a4 c5 Ra3 Ne8 Nb5 f5 f4 exf4 Bxg7 Nxg7 exf5 gxf5 Rxf4 Ng6 Rf1 Qe7 Re1 Bd7 Bf1 Ne5 Nf3 Nxf3+ Rxf3 Qf6 Qa1 Bxb5 cxb5 b6 Bd3 Qxa1 Rxa1 Rf7 g4 Rfa7 gxf5 Rxa4 Raf1 Rg4+ Kh1 c4 Bb1 Ne8 f6 Nc7 Rh3 Nxd5 f7+ Kf8 Rxh7
FIDE WCh KO,New Delhi ITA,2000.11.27,1.1,"Bacrot,E","Rytshagov,M",1/2-1/2,A29,c4 e5 Nc3 Nf6 Nf3 Nc6 g3 d5 cxd5 Nxd5 Bg2 Nb6 O-O Be7 d3 O-O a3 Be6 b4 Nd4 Bb2 Nxf3+ Bxf3 c6 Ne4 Nd7 Bc3 Bd5 Nd2 Bxf3 Nxf3 Bd6 a4 Qe7 Rb1 a6 Nd2 b5 axb5 axb5 Qb3 Kh8 Ne4 Bc7 Bd2 Bb6 Rbc1 Rac8 Be3 Bxe3 fxe3 f5 Nc5 Nxc5 Rxc5 f4 gxf4 exf4 e4 Rf6 Kh1 Rcf8 Qc3 Qd7 d4 h6 e5 Rg6 Qd3 Qg4 Qf3 Qd7 e3 Kg8 d5 cxd5 exf4 Rg4 f5 Rxb4 e6 Qb7 Qg2 Re4 h3 Re5 Rfc1 Qe7 Rc7 Qf6 Rg1 g5 fxg6 Qxe6 g7 Re8 Rf1 Rg5 Qf3 Rxg7 Rc5 Qe4 Qxe4 dxe4 Rxb5 e3 Re1 e2 Rb2 Rge7 Kg2 Kh7 Ra2 Re5 h4 Rg8+ Kf3 Rf5+ Ke4 Rh5 Ra7+ Kh8 Rxe2 Rxh4+ Kf3 Rh3+ Kf2 Rh2+ Ke1 Rxe2+ Kxe2 Rf8 Ke3 Rf6 Ke2
FIDE WCh KO,New Delhi ITA,2000.11.27,1.1,"Fiorito,F","Benjamin,Joe",0-1,A48,Nf3 c5 e3 g6 d4 Nf6 Be2 Bg7 O-O O-O c3 b6 Nbd2 Bb7 Re1 Qc7 Bd3 Nc6 a3 d5 dxc5 bxc5 e4 e6 exd5 exd5 Nf1 Rfe8 Rxe8+ Rxe8 Be3 d4 cxd4 Nxd4 Bxd4 cxd4 N1d2 Nd5 Qa4 Rd8 Re1 Nf4 Re8+ Rxe8 Qxe8+ Bf8 Bc4 Bxf3 gxf3 Qe7 Qxe7 Bxe7 Kf1 d3 Ne4 Kg7 Ke1 f5 Nc3 Bc5 Nd1 Kf6 Kd2 Bd6 Ne3 Nh3 Bxd3 Nxf2 Bf1 Bxh2 Ke2 Nh1 Bg2 Ng3+ Kf2 Nh5 Nd5+ Ke6 Nb4 Bd6 Nd3 Nf4 Nxf4+ Bxf4 b4 Bc1 a4 Bd2 b5 Ke5 Bf1 Kf4 Bc4 g5 Ke2 Ba5 Bf7 g4 fxg4 fxg4 Kd3 Bb6 Kc4 Ke3 Kb4 g3 Bd5 Kf2 a5 Bd8 b6 Bxb6
FIDE WCh KO,New Delhi ITA,2000.11.27,1.1,"Zaja,I","Baklan,V",1/2-1/2,E12,d4 Nf6 c4 e6 Nf3 b6 Nc3 Bb4 Qb3 a5 Bg5 Bb7 a3 Bxc3+ Qxc3 d6 e3 Nbd7 Nd2 Qe7 f3 e5 Be2 exd4 Qxd4 a4 e4 Qe5 Be3 Nc5 Rc1 Nfd7 O-O O-O Qc3 Qxc3 Rxc3 f5 exf5 Rxf5 Bd1 Re8 Bd4 Rf4 Bf2 Ba6 g3 Rf7 Re1 Rxe1+ Bxe1 Ne5 Bc2 g5 Bf2 Bb7 Bxc5 dxc5
FIDE WCh KO,New Delhi ITA,2000.11.27,1.1,"Hakki,I","Adianto,U",0-1,B17,e4 c6 d4 d5 Nc3 dxe4 Nxe4 Nd7 Ng5 Ngf6 Bd3 e6 N1f3 Bd6 Qe2 h6 Ne4 Nxe4 Qxe4 Qc7 Qg4 Kf8 O-O c5 c3 b6 Qh4 Bb7 Be4 Be7 Bg5 Bxg5 Nxg5 Kg8 Bxb7 hxg5 Qxh8+ Kxh8 Bxa8 cxd4 cxd4 Nf6 d5 Qc8 Bc6 exd5 Rac1 Qa6 a3 Qe2 Rb1 Qe5 g3 Qe6 Rbc1 Ng4 f3 Qe3+ Kh1 Nf2+ Kg2 Nd3 Rc2 d4 Be4 Nc5 Rff2 d3 Rcd2 g6 Bd5 f5 b4 Nd7 Rd1 Ne5 Rfd2 Kg7 Rf2 Qd4 Ba2 g4 f4 Qe4+ Kg1 Nf3+ Kf1 Nd4
FIDE WCh KO,New Delhi ITA,2000.11.27,1.1,"Aleksandrov,A","El Taher,F",1/2-1/2,E71,d4 Nf6 c4 g6 Nc3 Bg7 e4 d6 h3 O-O Be3 e5 d5 a5 g4 Na6 Nge2 h5 Qd2 Nc5 f3 Nh7 Rg1 h4 O-O-O Bd7 Kb1 g5 Nc1 Bf6 Nd3 b6 Rc1 Re8 Be2 Nf8 Bd1 Ng6 Nxc5 bxc5 Ba4 Bxa4 Nxa4 Nf4 Rh1 Qb8 Nc3 Qb6 Nb5 a4 Rc3 Ra5 Qc2 Rea8 Bd2 R5a6 Ra3 Kg7 Rh2 Qb7 Nc3 Qa7 Kc1 Be7 Nd1 Bf6 Ne3 Qb7 Kd1 Rb6 Bc3 Rba6 Ke1 Kg8 Kf1 Kh7 Kg1 Kg8 Qd1 Kh7 Qf1 Kg6 Rd2 Be7 Kh2 Bf6 Qd1 Kg7 Qc2 Kg8 Rf2 Kh7 Nd1 Kg7 Bd2 Qb8 Nc3 Qa7 Rf1 Be7 Rb1 Bd8 Ra1 Bf6 Nb5 Qb8 Rb1 Bd8 Nc3 Qa7 Bxf4 exf4 e5 dxe5 Qf5 f6 Qd7+ Kf8 Nb5 Qb8 Qh7 Qb6
FIDE WCh KO,New Delhi ITA,2000.11.27,1.1,"Hamdouchi,H","Vaganian,R",0-1,C08,e4 e6 d4 d5 Nd2 c5 Ngf3 Nf6 exd5 exd5 Bb5+ Bd7 Bxd7+ Nbxd7 O-O Be7 dxc5 Nxc5 Re1 O-O Nf1 Re8 Be3 Bf8 c3 Qd7 Qc2 b5 Bd4 Nfe4 Rad1 Qb7 Ne3 Rad8 b4 Ne6 Nxd5 Nxd4 Rxd4 Ng5 Rxe8 Nxf3+ gxf3 Rxe8 Kg2 Re5 Qd3 Rg5+ Kf1 Qc8 Nf4 g6 Rd7 Qb8 Qd4 Rf5 Nd5 Qxh2 Rd8 Re5 Ne3 Qh3+ Ke2 Qe6 Qxa7 Qc4+ Kd2 Qh4 Qd4 Qxf2+ Kd3 f6 Qf4 Kg7 Rd7+ Be7 Ra7 h5 a4 bxa4 b5 Qe1 c4 g5 Qd4 Kg6 Ra6 Qb1+ Ke2 Qc2+ Kf1 Qb1+ Ke2 Kg7 Ra7 a3 b6 Qc2+ Kf1 Qb1+ Ke2 Kh6 Rxe7 Qb2+ Kd3 Rxe7 Nf5+ Kh7 Qxb2 axb2 Kc2 Re6 c5 Rc6 Kxb2 Rxc5 Nd6 Rc6 b7 Rb6+ Kc3 h4
FIDE WCh KO,New Delhi ITA,2000.11.27,1.1,"Nevednichy,V","Labib,I",1/2-1/2,A28,c4 e5 Nc3 Nf6 Nf3 Nc6 d4 exd4 Nxd4 Bb4 Bg5 h6 Bh4 Bxc3+ bxc3 Ne5 f4 Ng6 Bxf6 Qxf6 g3 h5 h4 O-O Bg2 d6 O-O Bg4 Qd2 Rae8 e4 Re7 Nc2 c6 Ne3 Rfe8 Qd4 Nf8 c5 Qxd4 cxd4 dxc5 dxc5 Ne6 Rfc1 Rd8 Rc3 Red7 Bf1 Nd4 Nc4 Nf3+ Kf2 Nd2 Ke3 Nxe4 Kxe4 Re8+ Ne5 f6 Rd3 fxe5 Rxd7 exf4+ Kxf4 Bxd7 Bc4+ Be6 Bxe6+ Rxe6 Rb1 Re7 Kg5 Kh7 Kxh5 Re5+ Kg4 Rxc5 Rxb7 Ra5 Rc7 Rxa2 Rxc6 Ra4+ Kh5 Ra5+
FIDE WCh KO,New Delhi ITA,2000.11.27,1.1,"Hernandez,Gi","Piket,Je",1/2-1/2,B19,e4 c6 d4 d5 Nd2 dxe4 Nxe4 Bf5 Ng3 Bg6 h4 h6 Nf3 Nd7 h5 Bh7 Bd3 Bxd3 Qxd3 e6 Bf4 Qa5+ Bd2 Qc7 O-O-O Ngf6 Ne4 O-O-O g3 Nxe4 Qxe4 Nf6 Qe2 Bd6 c4 c5 Bc3 cxd4 Bxd4 Qa5 a3 Bc7 Rd2 a6 Rh4 Qf5 Bc3 Rxd2 Nxd2 Rd8 Ne4 Be5 Bxe5 Qxe5 Nc3 Qxe2 Nxe2 Rd3 Ng1 e5 Kc2 e4 Rxe4 Rxg3 fxg3 Nxe4 Ne2 Nf6 Nf4 Ne4 Ne2 Nf6 Nf4
FIDE WCh KO,New Delhi ITA,2000.11.27,1.1,"Simutowe,A","Sasikiran,K",1/2-1/2,E97,Nf3 Nf6 c4 g6 Nc3 Bg7 e4 d6 d4 O-O Be2 e5 O-O Nc6 Be3 Ng4 Bg5 f6 Bc1 f5 Bg5 Qe8 dxe5 Ngxe5 exf5 Bxf5 Qd2 Be6 Nxe5 dxe5 Ne4 Nd4 Bd3 Qc6 Rfe1 Bf5 b3 Ne6 Rad1 Nxg5 Qxg5 Rad8 Qe3 Rd4 Nc3 Bxd3
FIDE WCh KO,New Delhi ITA,2000.11.27,1.1,"Malakhov,V","Kveinys,A",1-0,B42,e4 c5 Nf3 e6 d4 cxd4 Nxd4 a6 Bd3 g6 O-O Bg7 Be3 Ne7 c4 O-O Nc3 Nbc6 Nxc6 dxc6 Be2 Qc7 c5 Rd8 Qb3 Bd7 Na4 Rab8 Rad1 Be8 g3 Rxd1 Rxd1 Nc8 Rd2 Bf6 Qb4 g5 Nb6 Qe7 Nc4 b5 Nd6 Bd7 Bh5 Nxd6 cxd6 Qd8 Qc5 e5 f4 gxf4 gxf4 Bg7 fxe5 Qh4 e6 Bxe6 Qg5 Qxg5+ Bxg5 Rb7 Bf4 Kf8 Bf3 Ke8 e5 Kd7 Rg2 Bf8 Rc2 Bd5 Bg4+ Be6 Bxe6+ Kxe6 Rxc6 Bg7 Rxa6 Kf5 Bg3 Bxe5 Bxe5 Kxe5 Kf2 b4 Kf3 Ke6 Kf4 Rb5 Kg4 Rd5 Rb6 Rd4+ Kh5 Rd2 Rxb4 Rxh2+ Kg4 Kxd6 a4 Rg2+ Kf3 Rg8 Rh4 Rb8 b4 Ra8 a5 Kc6 Rh6+ Kc7 Rxh7 Rb8 Rxf7+ Kc6 Rf4 Kb5 Rf6 Rb7 Kf4 Rb8 Kf5 Rb7 Ke4
FIDE WCh KO,New Delhi ITA,2000.11.27,1.1,"Agrest,E","Onischuk,Al",0-1,E39,d4 Nf6 c4 e6 Nc3 Bb4 Qc2 c5 dxc5 O-O a3 Bxc5 Nf3 b6 Bf4 Nh5 Bg3 Bb7 e3 Bxf3 gxf3 f5 f4 Nc6 Be2 Nf6 Bh4 Be7 O-O-O Rc8 Kb1 Ne8 Bxe7 Qxe7 Rd2 Qh4 Rxd7 Qxf2 Qc1 Nf6 Rd6 Na5 Rxe6 Nxc4 Ka2 Kf7 Rxf6+ gxf6 Qc2 Kg7 Qxf5 Kh8 Bxc4 Rxc4 Nd5 Rc5 e4 Qd4 Qe6 Rc2 Rb1 Rxh2 Ne7 Re2 e5 fxe5 f5 Rh2 Nc6 Qf4 Rf1 Rh6 Rxf4 Rxe6 fxe6 exf4
FIDE WCh KO,New Delhi ITA,2000.11.27,1.1,"Serper,G","Bagheri,A",1-0,E13,d4 Nf6 c4 e6 Nc3 Bb4 Qc2 O-O Nf3 d6 Bg5 Nbd7 e3 h6 Bh4 b6 Bd3 Bb7 O-O-O Bxc3 Qxc3 Bxf3 gxf3 Nd5 cxd5 Qxh4 Kb1 Nf6 dxe6 fxe6 Qxc7 Qxf2 Rhg1 Rf7 Qxd6 Qxe3 Bc4 Kh8 Bxe6 Rb7 f4 Re8 f5 Ne4 Qc6 Rbe7 Rge1 Nd2+ Ka1 Qf4 Qc1
FIDE WCh KO,New Delhi ITA,2000.11.27,1.1,"Ivanov,AV","Fedorov,Alex",1-0,B32,e4 c5 Nf3 Nc6 d4 cxd4 Nxd4 e5 Nb5 d6 N1c3 a6 Na3 b5 Nd5 Nce7 c4 Nxd5 exd5 bxc4 Nxc4 Be7 Be3 Rb8 a4 f5 a5 Nf6 Ba7 Rb7 Bb6 Qd7 Be2 O-O O-O f4 f3 Qf5 Rc1 Kh8 Re1 Qg6 Bd3 Qf7 Bf2 Nxd5 Be4 Be6 Nb6 Rc7 Bxd5 Rxc1 Qxc1 Bxd5 Qc7 Re8 Nxd5 Qxd5 Qd7 Qa8 Rc1 Bf8 Bb6 e4 fxe4 Qxe4 Rf1 d5 h3 Re5 Qc8 Kg8 Qxa6 Rg5 Rf2 f3 Qf1 Bd6 Rxf3 Qe5 Qf2 d4 a6 h5 a7 Qe4 Bxd4 Ra5 Qe3 Qb1+ Rf1 Bh2+ Kxh2 Qxf1 Qe8+
FIDE WCh KO,New Delhi ITA,2000.11.27,1.1,"Lima,Da","Grischuk,A",1/2-1/2,C45,e4 e5 Nf3 Nc6 d4 exd4 Nxd4 Bc5 Nb3 Bb6 Nc3 Qf6 Qe2 Nge7 Be3 O-O O-O-O d6 h4 Be6 f3 h6 Kb1 Rfd8 g4 Ne5 Nd2 Bxe3 Qxe3 N7g6 h5 Qf4 Qg1 Nf8 Ne2 Qf6 f4 Nc6 Qg3 a5 Nf3 a4 g5 hxg5 fxg5 Qe7 Nc3 a3 b3 Ra5 Bg2 Ne5 Nd5 Bxd5 exd5 Nxf3 Bxf3 Nh7 Rhg1 f6 Rge1 Qf8 g6 Ng5 Bg2 Raa8 Re3 Re8 Rde1 Re5 Rxe5 dxe5 c4 Re8 Qe3 b6 Qc3 e4 b4 Qd6 Qxa3 Qh2 Qa4 Kf8 Qc2 Qxh5 c5 Qxg6 d6 Qf7
FIDE WCh KO,New Delhi ITA,2000.11.27,1.1,"Godena,M","Iordachescu,V",1/2-1/2,C47,e4 e5 Nf3 Nf6 Nc3 Nc6 d4 exd4 Nxd4 Bb4 Nxc6 bxc6 Bd3 O-O O-O d5 exd5 cxd5 Bg5 Be6 Ne2 h6 Bh4 Bc5 c3 a5 Nd4 Bd7 Qf3 Rb8 b3 g5 Bg3 Bg4 Qe3 Re8 Qc1 Rb6 f3 Bd7 Bf2 Nh5 Re1 Nf4 Bf1 Rxe1 Qxe1 Qf6 Qd2 Rb8 Re1 Re8 Rxe8+ Bxe8 g3 Ng6 Be2 Ne5 f4 gxf4 Qxf4 Qxf4 gxf4 Ng6 Be3 Bd6 Nf5 Bxf4 Ne7+ Kg7 Nxd5 Bxe3+
FIDE WCh KO,New Delhi ITA,2000.11.27,1.1,"Nogueiras,J","Ehlvest,J",1/2-1/2,D11,Nf3 d5 d4 Nf6 c4 c6 e3 Bg4 cxd5 Bxf3 gxf3 cxd5 Qb3 Qd7 Nc3 Nc6 Bd2 e6 Na4 Bd6 Bb5 O-O Rc1 Rac8 Ke2 Qe7 Bxc6 bxc6 Rc2
FIDE WCh KO,New Delhi ITA,2000.11.27,1.1,"Lesiege,A","Vasquez,R",1-0,E52,d4 Nf6 c4 e6 Nc3 Bb4 e3 O-O Bd3 d5 Nf3 b6 O-O Bb7 cxd5 exd5 a3 Bd6 b4 a6 Qb3 Nbd7 a4 Re8 Ba3 Qe7 b5 a5 Bxd6 cxd6 Rac1 Nf8 Bf5 Ne6 Rc2 Rac8 Rfc1 Rc7 Bh3 h6 g3 Ng5 Nxg5 hxg5 Ne4 Rxc2 Nxf6+ gxf6 Qxc2 Kf8 Qh7 Qd8 Rc3 Ke7 Bg4 Qb8 Qc2 Kf8 Rc7 Re7 Qh7
FIDE WCh KO,New Delhi ITA,2000.11.27,1.1,"Rustemov,A","Tregubov,P",1/2-1/2,A59,d4 Nf6 c4 c5 d5 b5 cxb5 a6 bxa6 g6 Nc3 Bxa6 e4 Bxf1 Kxf1 d6 g3 Bg7 Kg2 Nbd7 Nf3 O-O Re1 Qa5 h3 Rfb8 Re2 Ne8 Rc2 Nb6 Qe2 Qa6 Qxa6 Rxa6 b3 f5 exf5 Bxc3 Rxc3 Nxd5 Rd3 Nb4 Rd2 gxf5 Re2 e5 Nxe5 dxe5 Rxe5 Nd3 Rxf5 Rf6 Rxf6 Nxf6 Be3 Nd5 Rd1 Nxe3+ fxe3 Nb4 Rc1 Nxa2 Rxc5 Rxb3 Rc8+ Kg7 Rc7+ Kg6 Rc6+ Kf5 g4+ Ke5
FIDE WCh KO,New Delhi ITA,2000.11.27,1.1,"Barua,D","Vladimirov,E",0-1,C03,e4 e6 d4 d5 Nd2 Nc6 Ngf3 Bd7 c3 Nge7 Bd3 Ng6 O-O Nce7 Re1 Bc6 e5 Qd7 a4 Nf5 b4 Qc8 Nb3 Be7 b5 Bd7 Ba3 Bxa3 Rxa3 b6 a5 O-O Qc2 Qe8 c4 Nf4 Bxf5 exf5 Qd2 Qe7 Rea1 dxc4 Qxf4 cxb3 Rxb3 Be6 Rb2 h6 h3 Rad8 Rc2 Rd5 Qc1 Rc8 axb6 axb6 Ra7 Rd7 Qa3 Qd8 Qe3 Bd5 Qf4 Be6 Qe3 Qe7 Qa3 Qe8 Qc1 Kh7 Raxc7 Rdxc7 Rxc7 Rxc7 Qxc7 Qxb5 Kh2 Qb3 d5 Bxd5 Qd6 Bxf3 gxf3 Qxf3 Qxb6 Qf4+ Kg1 Qxe5 Qa7 Qe6 Qc5 Kg6 Qd4 Qe1+ Kh2 Qe4 Qb6+ Kg5 Qd8+ f6 Qd7 g6 Qd8 Qe5+ Kg2 Kh4 Qb6 Qc3 f3 Qd2+ Kf1 Kg3 Qg1+ Kxf3 Qh1+ Kf4
FIDE WCh KO,New Delhi ITA,2000.11.27,1.1,"Ponomariov,R",Dao Thien Hai,1/2-1/2,B43,e4 c5 Nf3 e6 Nc3 a6 d4 cxd4 Nxd4 b5 Bd3 Bb7 O-O Nc6 Nxc6 Bxc6 Re1 Ne7 Qh5 Ng6 a4 b4 Nd5 Bd6 Be3 O-O Nb6 Rb8 a5 Nf4 Bxf4 Bxf4 e5 g6 Qg4 Qg5 Qxg5 Bxg5 Be4 Bb5 Red1 Bf4 Bd3 Bc6 Bxa6 Bxe5 Nxd7 Bxd7 Rxd7 Bxb2 Ra2 Bc3 Bc4 Rfd8 Rxd8+ Rxd8 a6 Bd4 Kf1 Ba7 Ke2 Kf8 Rb2 Rb8 g4 h6 Rb3 Ke7 Rh3 Rh8 Bd3 h5 Be4 f5 gxf5 gxf5 Bb7 Kd6 Rd3+ Ke7 Rg3 Kf6 Rb3 Bc5 c3 bxc3 Rxc3 Bd4 Rc4 Bb6 Rc6 Bd4 Rc7 Re8 Bf3 Re7 Rc4 Ba7 h4 e5 Rc8 e4 Bxh5 Re6 Rf8+ Ke5 Re8 Rxe8 Bxe8 f4 h5 f3+ Kf1 e3 fxe3
FIDE WCh KO,New Delhi ITA,2000.11.27,1.1,"Lutz,C","Ghaem Maghami,E",1/2-1/2,B90,e4 c5 Nf3 d6 d4 cxd4 Nxd4 Nf6 Nc3 a6 Be3 e5 Nb3 Be6 f3 Nbd7 g4 Be7 Qd2 h6 O-O-O b5 Kb1 Nb6 Qf2 Nfd7 h4 Rc8 Nd5 Bxd5 exd5 Nc4 Bc1 Qb6 Qe1 Qc7 Bd3 g6 Nd2 Ncb6 Ne4 Nxd5 Rh2 N5b6
FIDE WCh KO,New Delhi ITA,2000.11.27,1.1,"Sakaev,K","Volkov,S",1-0,C14,e4 e6 d4 d5 Nc3 Nf6 Bg5 Be7 e5 Nfd7 Bxe7 Qxe7 Qd2 a6 Nd1 c5 c3 Nc6 f4 cxd4 cxd4 g5 fxg5 h6 Nf3 hxg5 Nf2 Rg8 h3 f6 exf6 Nxf6 O-O-O Ne4 Nxe4 dxe4 Ne5 Nxe5 dxe5 Bd7 Kb1 O-O-O Qe3 Bc6 Rc1 Qc7 Qa7 e3 Be2 Rg7 Rc3 Rd5 Rhc1 Kd8 Rxe3 Rgd7 Qa8+ Qc8 Qxc8+ Kxc8 Bc4
FIDE WCh KO,New Delhi ITA,2000.11.27,1.1,"Wohl,A","Galkin,A",0-1,A00,g3 d5 Bg2 g6 c4 c6 cxd5 cxd5 Qb3 Nf6 Nc3 e6 Nf3 Nc6 d4 Bg7 O-O O-O Bf4 Nh5 Rfd1 Nxf4 gxf4 b6 Rac1 Bb7 Qa4 Qe7 e3 Rfc8 Ne5 Na5 Nb5 f6 Nf3 Bc6 Qa3 Qd7 Nc3 Bf8 b4 Qd6 Rb1 Bd7 Qb2 Nc4 Qb3 a5 b5 Na3 Rbc1 Ra7 Nd2 Rac7 Bf1 Qb4 Nxd5 Qxb3 Nxf6+ Kf7 Nxb3 Kxf6 Rxc7 Rxc7 e4 Nxb5 e5+ Kf7 d5 exd5 e6+ Bxe6 Bxb5 Bh6 Nd4 Bg4 f3 Bh3 Bc6 Bxf4 Bxd5+ Kf6 Re1 Rc1 Rxc1 Be3+ Kh1 Bxc1 Ne2 Be3 Bc6 Ke5 Nc3 Bd4 Ne2 Be3 Nc3 g5 a4 h5 Ne4 h4 Nc3 Bf1 Ne4 h3 f4+ gxf4 Ng5 Kd6 Bf3 Kc5 Ne6+ Kb4 Bc6 b5 axb5 Bxb5 Nd4 Bf1 Nc2+ Kc3 Ne1 Bf2
FIDE WCh KO,New Delhi ITA,2000.11.27,1.1,"Speelman,J","Macieja,B",1-0,A46,Nf3 Nf6 d4 e6 c3 c5 Bg5 cxd4 cxd4 Qb6 Qc2 Nc6 Bxf6 gxf6 e3 d5 Nc3 Bd7 Be2 Rc8 O-O f5 Rfc1 Nb8 Ne5 Bd6 f4 O-O Bh5 f6 Nxd7 Nxd7 Qe2 Bb4 Kh1 Kh8 Rab1 Qa5 Rg1 Qa6 Nb5 Qb6 a3 a6 Na7 Qxa7 axb4 Qb6 g4 fxg4 Qxg4 Rg8 Qh4 Qd6 f5 exf5 Bg6 Qe7 Bxf5 Rxg1+ Rxg1 Rf8 Qg4 Nb6 Be6 h5 Qf4 Qh7 Bf5
FIDE WCh KO,New Delhi ITA,2000.11.27,1.1,"Lputian,S","Blehm,P",1-0,E66,d4 Nf6 Nf3 g6 c4 Bg7 g3 d6 Bg2 O-O O-O Nc6 Nc3 a6 d5 Na5 Nd2 c5 Rb1 Rb8 b3 b5 Bb2 Bf5 e4 Bd7 Ba1 bxc4 bxc4 Rb4 a3 Rxb1 Ncxb1 e5 Bc3 Bh6 Bf3 Qb6 Be2 Bh3 Qa4 Nb7 Re1 Rb8 Bd3 Bd7 Qd1 Nh5 Bc2 Na5 Kg2 Ng7 Rf1 Nh5 Qe2 Qd8 Kh1 Nb7 Nb3 a5 Qd1 a4 N3d2 Ra8 Ba1 Na5 Bxa4 Nxc4 Bxd7 Nxd2 Nxd2 Qxd7 Nc4 Ra6 Qb3 Bf8 Rb1 Qg4 Qd3 Ra4 Re1 f5 Qb3 Ra7 Bxe5 dxe5 Nxe5 Qg5 d6+ Kg7 d7 Qe7 Qd3 Qd8 exf5 Nf6 Rd1 Be7 Qc4 Nxd7 Qf7+ Kh6 Ng4+ Kg5 fxg6 Qa8+ f3 Nf6 Ne5 Bd6 h4+ Kf5 g4+ Kxe5 Re1+ Kf4 Qxf6+ Kg3 Qxd6+ Kxf3 Kh2
FIDE WCh KO,New Delhi IND,2000.11.28,1.2,"Minasian,Art","Villamayor,B",1/2-1/2,C02,e4 e6 d4 d5 e5 c5 c3 Nc6 Nf3 Bd7 Be2 Nge7 Na3 cxd4 cxd4 Nf5 Nc2 Nb4 O-O Nxc2 Qxc2 Rc8 Qb3 Qb6 Qxb6 axb6 Bd3 Ne7 a3 Nc6 Be3 Be7 Nd2 Na7 f4 f5 Kf2 Bb5 Bxb5+ Nxb5 Ke2 Kd7 Kd3 Na7 h3 h5 Rg1 g6 Rac1 Nc6 Rc3 Na5 Rxc8 Rxc8 g4 hxg4 hxg4 b5 gxf5 gxf5 Nf3 Nc4 Bc1 Rh8 Ke2 Ke8 Rg2 Rh1 Rg1 Rxg1
FIDE WCh KO,New Delhi IND,2000.11.28,1.2,"Labib,I","Nevednichy,V",0-1,B51,e4 c5 Nf3 d6 Bb5+ Nd7 c3 Nf6 Qe2 a6 Ba4 b5 Bc2 e5 d4 Be7 O-O O-O Nbd2 Qc7 dxe5 dxe5 Re1 c4 Nf1 Nc5 Ne3 Bb7 Nf5 Nfxe4 Nd2 Nxd2 Bxd2 Bf6 Qg4 Rfd8 Bh6 Bc8 Re3 g6 Bg5 Bxf5 Bxf5 gxf5 Qxf5 Bg7 Rh3 Rd6 Qxh7+ Kf8 Bh6 Rxh6 Rxh6 Nd3 a4 bxa4 Rh4 Qb6 Qf5 Qxb2 Rf1 Qxc3 Qe4 Rd8 g3 a3 Qxc4 Qxc4 Rxc4 e4 Ra4 Bb2 Rxa6 Nc5 Ra7 Rd4 Re1 Na4 Ra8+ Kg7 Rb8 a2
FIDE WCh KO,New Delhi IND,2000.11.28,1.2,"Vaganian,R","Hamdouchi,H",1-0,A35,Nf3 c5 c4 Nc6 Nc3 g6 e3 Bg7 d4 d6 Be2 cxd4 exd4 Bg4 O-O Nh6 d5 Bxf3 Bxf3 Ne5 Be2 Nf5 Kh1 h5 Bd2 a6 Rc1 Rc8 Ne4 Kf8 b4 Qd7 Bc3 e6 Ba1 Rd8 a3 Qe7 dxe6 fxe6 Qd2 Nc6 Qg5 Bxa1 Rxa1 Nfd4 Ra2 Qxg5 Nxg5 Ke7 f4 b5 Bd3 Rhg8 Re1 Rdf8 g3 e5 Kg2 Kd7 Rf2 exf4 Rxf4 Rxf4 gxf4 bxc4 Bxc4 Rf8 Re4 Rf6 a4 Nc2 Nh7 Rf5 Be6+ Kc7 Bxf5 gxf5 Re2 N6xb4 Nf6 Kc6 Nxh5 d5 Ng3 d4 Nf1 d3 Re6+ Kd5 Re8 Kd4 h4 Nd5 Kf3 Nf6 Rd8+ Kc3 Rc8+ Kd4 Ng3 Ne3 h5 d2 Ne2+
FIDE WCh KO,New Delhi IND,2000.11.28,1.2,"El Taher,F","Aleksandrov,A",1/2-1/2,C67,e4 e5 Nf3 Nc6 Bb5 Nf6 O-O Nxe4 d4 Nd6 Bxc6 dxc6 dxe5 Nf5 Qxd8+ Kxd8 Nc3 a5 Rd1+ Ke8 h3 a4 a3 h6 Ne2 Ne7 Nf4 h5 Be3 Nf5 Bd2 Be7 Bb4
FIDE WCh KO,New Delhi IND,2000.11.28,1.2,"Baklan,V","Zaja,I",1/2-1/2,C78,e4 e5 Nf3 Nc6 Bb5 a6 Ba4 Nf6 O-O b5 Bb3 Bc5 c3 d6 d3 h6 Re1 O-O Nbd2 Re8 Nf1 Bb6 a4 Rb8 axb5 axb5 Be3 Bxe3 Nxe3 Be6 Nd5 Bxd5 exd5 Ne7 d4 e4 Nd2 Nexd5 Bxd5
FIDE WCh KO,New Delhi IND,2000.11.28,1.2,"Gulko,B","Bezgodov,A",1/2-1/2,E06,c4 e6 Nf3 d5 g3 Nf6 Bg2 Be7 O-O O-O d4 c5 dxc5 Bxc5 a3 dxc4 Qc2 Nc6 Qxc4 Qd5 Nbd2 Bd7 b4 Be7 Bb2 Rac8 Qxd5 Nxd5 Rac1 Rfd8 Nc4 Be8 Rfd1 b5 Nce5
FIDE WCh KO,New Delhi IND,2000.11.28,1.2,"Utnasunov,A","Chernin,A",1/2-1/2,E25,d4 Nf6 c4 e6 Nc3 Bb4 f3 d5 a3 Bxc3+ bxc3 c5 cxd5 Nxd5 dxc5 Qa5 e4 Nf6 Be3 O-O Qb3 Nfd7 Rd1 Qc7 Qb5 b6 Nh3 Nxc5 Bxc5 bxc5 Qa4 Nd7 Bb5 Nb6 Qa5 c4 Rd4 e5 Rxc4 Qe7 Qb4 Qh4+ Nf2 Nxc4 Bxc4 Qh6 O-O Ba6 Ng4 Qb6+ Qxb6 axb6 Nxe5 Bxc4 Nxc4 b5 Nd6 Rxa3 Nxb5 Rb3 c4 Rd8 Kf2 Rb2+ Kg3 Rc2 Nc7 Rxc4 Kf4
FIDE WCh KO,New Delhi IND,2000.11.28,1.2,"Leitao,R","Lautier,J",1/2-1/2,B85,e4 c5 Nf3 Nc6 d4 cxd4 Nxd4 Qc7 Nc3 e6 Be2 a6 O-O Nf6 Be3 Be7 Kh1 O-O f4 d6 Qe1 Bd7 Qg3 b5 a3 Nxd4 Bxd4 Bc6 Rae1 Qb7 Bd3 b4 axb4 Qxb4 Ne2 g6 Qg5 Nd5 Qh6 Nf6 Qg5 Nd5 Qh6 Nf6 Qg5
FIDE WCh KO,New Delhi IND,2000.11.28,1.2,"Nataf,IA","Sutovsky,E",1/2-1/2,B97,e4 c5 Nf3 d6 d4 cxd4 Nxd4 Nf6 Nc3 a6 Bg5 e6 f4 Qb6 Nb3 Nc6 Qf3 Be7 O-O-O O-O Bxf6 Bxf6 Rxd6 a5 a4 Qb4 e5 Be7 Rd2 f6 Bd3 g6 Qg3 fxe5 fxe5 Bh4 Qe3 Qg4 Qe2 Qxe2 Rxe2 Rf2 Rxf2 Bxf2 Ne4 Be3+ Kb1 Nxe5 Bb5 Nf7 Re1 Bf4 Nbc5 Bxh2 Nf6+ Kg7 Ne8+ Kf8 Rh1 Be5 Rxh7 Kg8 Rh1 b6 Nd3 Bd4 c3 Bh8 Rf1 e5 Nf6+ Bxf6 Rxf6 Kg7 Rxb6 Bf5 Kc1 e4 Nf4 e3 Nd5 e2
FIDE WCh KO,New Delhi IND,2000.11.28,1.2,"Ghaem Maghami,E","Lutz,C",1/2-1/2,B90,e4 c5 Nf3 d6 d4 cxd4 Nxd4 Nf6 Nc3 a6 Be3 Ng4 Bc1 Nf6 Be3 e5 Nb3 Be6 f3 Be7 Qd2 h5 Be2 Nbd7 Nd5 Bxd5 exd5 a5 a4 O-O O-O Qc7 c4 Nc5 Nxc5 dxc5 Bg5 Ra6 Bd3 Re8 Rae1
FIDE WCh KO,New Delhi IND,2000.11.28,1.2,"Psakhis,L","Dizdarevic,E",1/2-1/2,B12,e4 c6 d4 d5 e5 Bf5 c3 e6 Be3 Nd7 Nd2 Qb6 Qb3 a5 Qxb6 Nxb6 a4 h5 f4 Ne7 Ngf3 Ng6 Be2 Be7 O-O Nh4 Nxh4
FIDE WCh KO,New Delhi IND,2000.11.28,1.2,"Piket,Je","Hernandez,Gi",1/2-1/2,E94,d4 Nf6 c4 g6 Nc3 Bg7 e4 d6 Nf3 O-O Be2 e5 O-O Na6 Be3 Ng4 Bg5 Qe8 dxe5 dxe5 h3 f6 Bd2 Nh6 Be3 c6 Rb1 Nf7 b4 Kh8 b5
FIDE WCh KO,New Delhi IND,2000.11.28,1.2,"Macieja,B","Speelman,J",1-0,B17,e4 c6 d4 d5 Nc3 dxe4 Nxe4 Nd7 Ng5 Ngf6 Bd3 e6 N1f3 Bd6 Qe2 h6 Ne4 Nxe4 Qxe4 Qc7 a4 c5 O-O Nf6 Qh4 c4 Be2 Bd7 c3 Bc6 Nd2 Bd5 b3 cxb3 c4 Bc6 Nxb3 Be4 c5 Be7 Bf4 Qd8 Be5 Bd5 Bb5+ Kf8 Qg3 h5 Nd2 h4 Qh3 Nd7 Bf4 g5 Bd6 Bxd6 cxd6 Rg8 Rfc1 Nf6 Qa3 a6 Bc4 Bc6 Nf3 Bxf3 Qxf3 Kg7 Qe3 Kh6 Rab1 b5 axb5 axb5 Rxb5 Qxd6 g3 Ra3 Bb3 Qf4 Qc3 Qg4 d5 Nxd5 Rxd5 Rxb3 Qf6+ Kh7 Rd7 Rg7 Rxf7 Rxf7 Qxf7+ Kh6 Qf6+ Kh5 Qf7+ Kh6 Re1 Rb6 Qf6+ Kh7 Qf7+ Kh6 Qf6+ Kh7 Qe7+ Kg6 Qe8+ Kg7 Qe7+ Kg6 Qd8 Rb7 Qg8+ Kf6 f4 Rf7 Rf1 Ke7 Ra1 hxg3 Ra7+ Kd6 Qb8+ Kc6 Ra6+ Kc5 Qd6+
FIDE WCh KO,New Delhi IND,2000.11.28,1.2,"Blehm,P","Lputian,S",1/2-1/2,C01,e4 e6 d4 d5 Nc3 Bb4 exd5 exd5 Bd3 Nc6 a3 Bxc3+ bxc3 Nf6 Ne2 Na5 O-O O-O Ng3 Bg4 f3 Bd7 Re1 Re8 Bf4 Rxe1+ Qxe1 Nc4 Bxc4 dxc4 Qe5 Qe8 Qc5 Be6 Bg5 b6 Qxc7 Nd5 Qxc4 Rc8 Qe2 Qc6 Bd2 Nxc3 Qd3 Qc4 Qxc4 Rxc4 Bxc3 Rxc3 Rc1 Kf8 Ne4 Rxa3 c4 Ke7 d5 Bf5 c5 bxc5 Rxc5 Bxe4 fxe4 Re3 Rc4 f5 exf5 Kf6 Rc6+ Kxf5 Rc7 Kf6 Rxa7 Re7 Ra5 Rd7 Kf2 Ke5 Ke3 Rxd5
FIDE WCh KO,New Delhi IND,2000.11.28,1.2,"Stefansson,H","Bologan,V",0-1,C95,e4 e5 Nf3 Nc6 Bb5 a6 Ba4 Nf6 O-O Be7 Re1 b5 Bb3 d6 c3 O-O h3 Nb8 d4 Nbd7 Nbd2 Bb7 Bc2 Re8 a4 Bf8 Bd3 c6 b3 g6 Bf1 Rc8 Ba3 Qb6 Qc2 Nh5 Rad1 Nf4 Qa2 Ne6 dxe5 Nxe5 Nxe5 dxe5 Nf3 Qc7 Bxf8 Rxf8 b4 Rcd8 c4 Rxd1 Rxd1 c5 cxb5 cxb4 Bc4 Nc5 Qb2 a5 Qxe5 Qxe5 Nxe5 Bxe4 Nd7 Nxd7 Rxd7 Bc2 b6 b3 Rxf7 b2 Ra7+ Kh8 Ba2 Rb8 b7 Kg7 Rxa5 Rxb7 h4 Rb3 Rb5 b1=Q+ Bxb1 Rxb1+ Rxb1 Bxb1 f3 Kf6 Kf2 Ke5 Ke3 Bf5 a5 Bc8 g3 Bb7
FIDE WCh KO,New Delhi IND,2000.11.28,1.2,Dao Thien Hai,"Ponomariov,R",1-0,E90,d4 Nf6 c4 g6 Nc3 Bg7 e4 d6 Nf3 O-O h3 e5 d5 Na6 g4 Nc5 Qc2 a5 Be3 c6 g5 Nh5 O-O-O cxd5 Nxd5 b6 Nd2 Bb7 h4 Nf4 Kb1 Rc8 Bxf4 exf4 Bh3 Ne6 Qb3 Bc6 Nf3 Rb8 Bxe6 fxe6 Nc3 a4 Qc2 b5 Nd4 Bxd4 Rxd4 b4 Nb5 b3 Qd3 d5 exd5 exd5 Rd1 bxa2+ Kxa2 Qb6 Rd2 Rf7 Na3 Re7 cxd5 Re1 b4 axb3+ Kb2 Bd7 d6 Be6 d7 Rd8 Qc3 Bf7 Rd6 Qb7 Qf6 Qb8 Rc6 Kf8 Rc8 Rxc8 dxc8=Q+ Qxc8 Rd8+ Qxd8 Qxd8+ Re8 Qd6+ Kg8 Qxf4 Re2+ Kc3 Ra2 Nc4 Rc2+ Kxb3 Rxc4 Qxc4 Kf8 Kc3 Bxc4 Kxc4 Ke7 Kd5 Kd7 Ke5 Ke7 f3 Kf7 Kd6 Kf8 Ke6 Ke8 Kf6 Kf8 f4 Kg8 Ke7 Kg7 h5 h6 gxh6+ Kxh6 hxg6 Kxg6 Ke6 Kg7 f5 Kf8 Kf6
FIDE WCh KO,New Delhi IND,2000.11.28,1.2,"Rytshagov,M","Bacrot,E",1/2-1/2,C92,e4 e5 Nf3 Nc6 Bb5 a6 Ba4 Nf6 O-O Be7 Re1 b5 Bb3 d6 c3 O-O h3 Bb7 d4 Re8 Ng5 Rf8 Nf3 Re8 Nbd2 Bf8 d5 Nb8 Nf1 Nbd7 N3h2 Nc5 Bc2 a5 Qf3 g6 Ng3 h5 Bd2 c6 b4 Ncd7 dxc6 Bxc6 Bg5 Be7 a4 axb4 axb5 Rxa1 Rxa1 Bxb5 cxb4 Nh7 Bxe7 Qxe7 Bb3 Rc8 Rd1 Nb6 h4 Na4 Rd2 Nf6 Rc2 Rxc2 Bxc2 Nb6 Bb3 Nc4 Qc3 d5 Bxc4 dxc4 Nf3 Ng4 Nf1 Qa7 Ne3 Nxe3 fxe3 Qa4 Qxe5 Qxb4
FIDE WCh KO,New Delhi IND,2000.11.28,1.2,"Onischuk,Al","Agrest,E",1/2-1/2,A30,Nf3 c5 c4 b6 d4 cxd4 Nxd4 Bb7 Nc3 a6 e4 e6 Bd3 g6 O-O Bg7 Nf3 d6 Bf4 Nf6 Bc2 e5 Bg5 h6 Bxf6 Bxf6 Qd2 Be7 Rfd1 Qc8 Nd5 Bxd5 Qxd5 Ra7 Ba4+ Kf8 Rac1 Kg7 Nd2 Rd8 Nf1 Rc7 Rc3 Qe6 Ne3 Bg5 Qd3 Bxe3 Qxe3 Nd7 Bxd7 Rdxd7 Rd5 Rc6 h3 Rdc7 Qe2 Qc8 Qg4 Qxg4 hxg4 Rxc4 Rxc4 Rxc4 Rxd6 Rc1+ Kh2 Rc2 Rxb6 Rxf2 Kg3 Rd2 a4 a5 b3 Rc2 Kf3 Rb2 Rb5 Kf6 Kg3 Rc2 g5+ hxg5 Rxa5 Rc3+ Kg4 Rxb3 Ra6+ Kg7 Ra5 Rb4 Rxe5 f6 Re7+ Kf8 Ra7 Rxe4+ Kf3 f5 a5 Kg8 a6 Ra4 g4 Kf8 Kf2 Ra3 Kg2 Ra2+ Kf3 Kg8 Kg3 Ra1 Kf2 Ra3 Kg2 Ra2+ Kg3 Kf8 Kf3 f4 Ke4 Ke8 Ke5 f3 Ra8+ Kf7 Ra7+ Kf8 Ra8+ Kg7 Ra7+ Kh6 Rf7 f2 Ke4 Ra4+ Ke3 Rxg4 Kxf2 Ra4 a7 g4 Kg3 Kg5 Rb7 Ra3+ Kg2 Kh4
FIDE WCh KO,New Delhi IND,2000.11.28,1.2,"Bagheri,A","Serper,G",1/2-1/2,B42,e4 c5 Nf3 e6 d4 cxd4 Nxd4 a6 Bd3 Nf6 O-O Qc7 Nd2 d6 c4 g6 b3 Bg7 Bb2 O-O Qe2 Nbd7 Rac1 b6 Rfe1 Bb7 Nf1 Rfe8 Ng3 Rad8 h4 Ne5 Bb1 h5 f4 Neg4 Nf3 Bh6 Bxf6 Nxf6 Ng5 Ng4 b4 b5
FIDE WCh KO,New Delhi IND,2000.11.28,1.2,"Fedorov,Alex","Ivanov,AV",1/2-1/2,C36,e4 e5 f4 exf4 Nf3 d5 exd5 Nf6 Bc4 Nxd5 Bxd5 Qxd5 Nc3 Qf5 O-O Nc6 d4 Be6 Ne2 g5 b3 O-O-O Bb2 Bd5 c4 Bxf3 Rxf3 Bg7 Qd2 Rhe8 d5 Bxb2 Qxb2 Qe5 Nc3 Qd4+ Rf2 Ne5 Nb5 Qxb2 Rxb2 c6 Nc3 Ng4 h3 Ne3
FIDE WCh KO,New Delhi IND,2000.11.28,1.2,"Grischuk,A","Lima,Da",1/2-1/2,B00,e4 b6 d4 Bb7 Bd3 e6 Nf3 c5 c3 Nf6 Qe2 Be7 a3 c4 Bc2 b5 Nbd2 Nc6 Nf1 Na5 Ng3 Qc7 O-O a6 d5 O-O Re1 exd5 e5 Ne4 Nxe4 dxe4 Bxe4 Nb3 Rb1 Bxe4 Qxe4 Nc5 Qg4
FIDE WCh KO,New Delhi IND,2000.11.28,1.2,"Iordachescu,V","Godena,M",1/2-1/2,C96,e4 e5 Nf3 Nc6 Bb5 a6 Ba4 Nf6 O-O Be7 Re1 b5 Bb3 d6 c3 O-O h3 Na5 Bc2 c5 d4 Bb7 d5 Nc4 b3 Nb6 a4 Bc8 Nbd2 g6 Nf1 Nh5 Bh6 Re8 Qd2 Bf8 axb5 axb5 Rxa8 Nxa8 Ra1 Nb6 h4 Qc7 g3 Bd7 Bxf8 Rxf8 Ne3 Ra8 Rxa8+ Nxa8 Nf5 Bxf5 exf5 Kg7 Ng5 Qe7 Qe2 Nf6 fxg6 hxg6 Qxb5 Nc7 Qc4 Ncxd5 b4 Qa7 Be4 Nb6 Qb5 cxb4 cxb4 Qa1+ Kg2 Qd4 Bf3 e4 Be2
FIDE WCh KO,New Delhi IND,2000.11.28,1.2,"Ehlvest,J","Nogueiras,J",1/2-1/2,B05,e4 Nf6 e5 Nd5 d4 d6 Nf3 Bg4 Be2 e6 O-O Be7 c4 Nb6 Nc3 O-O Be3 Nc6 exd6
FIDE WCh KO,New Delhi IND,2000.11.28,1.2,"Benjamin,Joe","Fiorito,F",1-0,C42,e4 e5 Nf3 Nf6 Nxe5 d6 Nf3 Nxe4 Qe2 Qe7 d3 Nf6 Bg5 Qxe2+ Bxe2 Be7 Nc3 c6 O-O-O Na6 Ne4 Nxe4 dxe4 Nc5 Bxe7 Kxe7 Rd4 Ne6 Rd2 Nf4 Bf1 Bg4 Nd4 Rad8 h3 Bc8 g3 Ng6 f4 Nf8 Bg2 g6 Rhd1 Ne6 Nb3 Ng7 Na5 h5 Nc4 Ne8 Rd4 f6 R4d3 Be6 Ne3 f5 h4 Nf6 exf5 gxf5 Ra3 Rhg8 Re1 Kf7 Rxa7 Rd7 Nf1 d5 Ra3 d4 Nd2 d3 Re3 dxc2 Nf3 Ng4 Ng5+ Rxg5 hxg5 Rd1+ Kxc2 Rg1 Re2 Bc4 Rd2 Re1 Ra7 Ke6 b3 Ba6 Bxc6
FIDE WCh KO,New Delhi IND,2000.11.28,1.2,"Tregubov,P","Rustemov,A",1/2-1/2,D37,d4 d5 c4 e6 Nf3 Nf6 Nc3 Be7 Bf4 O-O e3 c5 dxc5 Bxc5 Be2 dxc4 Bxc4 a6 Bd3 Nbd7 O-O b5 Ne4 Bb7 Nxc5 Nxc5 Be2 Nd5 Be5 f6 Bd4 Na4 b3 Nac3 Qd2 Nxe2+ Qxe2 e5 Bc5 Rf7 Rfc1 Rd7 a3 Qe8 Rc2 Rad8 Rac1 Qg6 h3 Qh5 Nd4 Qxe2 Nxe2 Kf7 e4 Nf4 Nxf4 Rd1+ Kh2 exf4 f3 Ke6 Bb6 Rxc1
FIDE WCh KO,New Delhi IND,2000.11.28,1.2,"Vladimirov,E","Barua,D",1-0,D90,d4 Nf6 c4 g6 Nc3 d5 Nf3 Bg7 cxd5 Nxd5 Bd2 O-O Rc1 c5 dxc5 Na6 e4 Ndb4 a3 Nd3+ Bxd3 Qxd3 b4 Be6 Qe2 Rfd8 Nb5 Qb3 O-O Qa4 Bc3 Bd7 Bxg7 Bxb5 Qb2 Nc7 Rfe1 Rd3 Bc3 Rad8 Ne5 Rd1 Ng4 Rxc1 Qxc1 Qb3 h4 Ne6 h5 Bd3 hxg6 fxg6 f3 Bc2 Be5 Qd3 Kh2 Bb3 c6 bxc6 Qxc6 Qd2 Rb1 Qd3 Rb2 h5 Nf2 Qe3 Qc3 Qxc3 Bxc3 Ba4 Rd2 Rc8 Be5 a6 Nd1 Rc1 Nc3 Be8 Nd5 Kf7 Bb2 Rc4 Kg3 g5 Ne3 Rc8 Kf2 Bb5 g3 h4 gxh4 gxh4 Nf5 h3 Be5 Rc1 Ne3 Rb1 Rd1 Rb3 Rh1 Ng5 Bf4 Ne6 Be5 Rxa3 Rxh3 Ng5 Rh5 Kg6 Rh8 Nf7 Rg8+ Kh5 Bc7 Ng5 Bf4 Nh3+ Kg3 Nxf4 Kxf4 Be2 Rg2 Bb5 Nf5
FIDE WCh KO,New Delhi IND,2000.11.28,1.2,"Milos,G","Kunte,A",1/2-1/2,E15,d4 Nf6 c4 e6 Nf3 b6 g3 Ba6 b3 Bb4+ Bd2 Be7 Bg2 c6 Bc3 d5 Ne5 Nfd7 Nxd7 Nxd7 Nd2 O-O O-O Rb8 Bb2 f5 Qc2 b5 c5 Bf6 b4 Qc7 Nf3 Bc8 Qc3 a5 bxa5 b4 Qd2 Ba6 Rfb1 Bc4 a3 b3 Qe3 Rfe8 Nd2 Ba6 f4 Qxa5 Bc3 Qa4 Bb4 b2 Rxb2 Nxc5 Rc1 Nd7
FIDE WCh KO,New Delhi IND,2000.11.28,1.2,"Sasikiran,K","Simutowe,A",1-0,E48,d4 Nf6 c4 e6 Nc3 Bb4 e3 O-O Bd3 d5 a3 Be7 Qe2 b6 Nf3 Bb7 O-O Nbd7 cxd5 exd5 b3 Ne4 Bb2 Nxc3 Bxc3 Bd6 b4 a6 a4 Qe7 Rfc1 Nf6 b5 axb5 axb5 Ne4 Bb2 f6 g3 Qe6 Qc2 g6 Bf1 Kg7 Bg2 h5 Nd2 Nxd2 Qxd2 h4 Qc3 hxg3 hxg3 Rxa1 Rxa1 Ra8 Rc1 Qe8 Qb3 Ra5 Bf1 Qa8 Bc3 Ra3 Qb1 Qa4 Bb4 Rb3 Qxb3 Qxb3 Bxd6 cxd6 Rc7+ Kh6 Rxb7 Qb4 Rxb6 f5 Rb8 Qa5 Rc8 Qb4 Rc6 g5 b6 f4 gxf4 gxf4 exf4 Kh5 Be2+ Kh4 Rc8 Qe1+ Bf1 Qb1 Rg8 Qxb6 Be2 Qb1+ Kh2 Qb8 Rg5 Qe8 Rh5+
FIDE WCh KO,New Delhi IND,2000.11.28,1.2,"Asrian,K","Van Wely,L",0-1,B85,e4 c5 Nf3 d6 d4 cxd4 Nxd4 Nf6 Nc3 a6 Be2 e6 O-O Be7 a4 Nc6 Be3 O-O f4 Qc7 Kh1 Re8 Bf3 Bf8 Qe1 e5 Nxc6 bxc6 fxe5 dxe5 Bg5 Nd7 Bh5 g6 Be2 Nc5 Bc4 Be6 Qe2 Qb7 b3 Qb4 Bxe6 Nxe6 Bd2 Qc5 Rad1 Red8 Qf3 Ra7 Be3 Nd4 Bxd4 Rxd4 Rxd4 exd4 Ne2 Qxc2 Nxd4 Qc5 Qf6 Rd7 Nf3 Re7 e5 Bg7 Qd6 Qxd6 exd6 Rd7 Rd1 f6 g4 Bf8 Kg2 Kf7 h3 Rxd6 Rxd6 Bxd6 Kf2 Ke6 Ke3 Kd5 Kd3 Bc5 Nd2 Ke5 Nc4+ Kd5 Nd2 Bd6 Nc4 Kc5 Kc3 Be5+ Kd3 Kb4 Kc2 Bc7 Ne3 Bf4 Ng2 Bg3 Ne3 Bc7 Kb2 Be5+ Kc2 Bd4 Ng2 c5 Nf4 c4 Nd5+ Kc5 Nc7 a5 Ne6+ Kd5 Nc7+ Kd6
FIDE WCh KO,New Delhi IND,2000.11.28,1.2,"Kveinys,A","Malakhov,V",0-1,B27,e4 c5 Nf3 g6 c3 Bg7 d4 cxd4 cxd4 d5 exd5 Nf6 Bb5+ Nbd7 d6 O-O dxe7 Qxe7+ Be2 Re8 Nc3 Ne4 Nxe4 Qxe4 Be3 Nb6 Qd3 Qe7 O-O Nd5 Bg5 Qd6 Qd2 Bf5 Rfe1 a6 Bh6 Nb4 Bxg7 Kxg7 Bc4 Rec8 Ne5 Rc7 Bb3 Rac8 Rad1 f6 Nf3 Bc2 Rc1 Bxb3 axb3 Rc2 Rxc2 Rxc2 Qe3 Nd5 Qd3 Rxb2 g3 Qb4 Rb1 Qc3 Qxc3 Rxb1+ Qe1 Rxe1+ Nxe1 Kf7 Kg2 Nb4 Kf3 Ke6 Ke4 f5+ Ke3 Kd5 Nf3 a5 Kd2 b5 Kc3 Nc6 Ng5 h6 Nf7 b4+ Kd3 Nxd4 Nxh6 Nxb3 h4 a4
FIDE WCh KO,New Delhi IND,2000.11.28,1.2,"Hansen,SuB","Kharlov,A",0-1,C67,e4 e5 Nf3 Nc6 Bb5 Nf6 O-O Nxe4 d4 Nd6 Bxc6 dxc6 dxe5 Nf5 Qxd8+ Kxd8 Nc3 h6 Ne2 a5 h3 Bd7 Nf4 c5 Rd1 Kc8 c4 a4 Nd5 Be6 Bf4 b6 Rd2 Ne7 g4 Nc6 Bg3 Kb7 Rc1 h5 Ne3 hxg4 hxg4 Be7 Nh2 Nd4 Kg2 Rad8 Rcd1 Bd7 f4 Bc6+ Kf2 Rh3 Nd5 Bxd5 cxd5 Bh4 Nf1 Bxg3+ Nxg3 Rxd5 Kg2 Rh4 Ne2 g5 fxg5 Rxg4+ Kh3 Rxg5 Nxd4 cxd4 Rxd4 Rxd4 Rxd4 a3 bxa3 Rxe5 a4 Re3+
FIDE WCh KO,New Delhi IND,2000.11.28,1.2,"Adianto,U","Hakki,I",1/2-1/2,D40,d4 Nf6 Nf3 e6 c4 c5 e3 d5 Nc3 a6 a3 dxc4 dxc5 Qxd1+ Kxd1 Bxc5 Bxc4 b5 Bd3 Bb7 Ke2 Nc6 b4 Bb6 Bb2 O-O Rhd1 Rfd8 Ne4 Nd4+ Bxd4 Bxd4 Nxd4 Bxe4 Bxe4 Nxe4 Kf3 Nc3 Rdc1 Rac8 Ne2 Nxe2 Kxe2 Kf8 g4 Ke7 h4 h6 a4 bxa4 Rxc8 Rxc8 Rxa4 Rc6 Ra5 Rc4 f4 Rxb4 Rxa6 g5 hxg5 hxg5 Kf3 gxf4 exf4 Rb3+ Ke4 Rb4+ Kf3 Rb3+
FIDE WCh KO,New Delhi IND,2000.11.28,1.2,"Galkin,A","Wohl,A",1-0,B40,e4 c5 Nf3 e6 d4 cxd4 Nxd4 Bc5 Nc3 Nc6 Nb3 Bb6 Nb5 Qh4 Nd6+ Ke7 g3 Qf6 f4 h5 Nc4 Bc7 Be3 b6 Qd2 Qg6 Bg2 Nf6 e5 Nd5 O-O-O Ba6 Bxd5 exd5 Qxd5 Qxc2+ Kxc2 Nb4+ Kc3 Nxd5+ Rxd5 Rac8 Rhd1 h4 Kb4 hxg3 hxg3 Ke6 Nd6 Bxd6+ Rxd6+ Kf5 Rxd7 Rc4+ Ka3 b5 Nc5
FIDE WCh KO,New Delhi IND,2000.11.28,1.2,"Volkov,S","Sakaev,K",1-0,E25,d4 Nf6 c4 e6 Nc3 Bb4 f3 d5 a3 Bxc3+ bxc3 c5 cxd5 Nxd5 dxc5 Qa5 e4 Nf6 Be3 O-O Kf2 Nfd7 Rb1 Rd8 Rb5 Qxa3 Ne2 Nc6 Nd4 e5 Nxc6 bxc6 Rb1 Ba6 Bxa6 Qxa6 Qd6 Nb6 Qxc6 Rac8 Rbd1 Qa2+ Kg3 Re8 Qb5 Qa4 Qb4 Qxb4 cxb4 Nc4 Bf2 Rb8 Rd7 Rxb4 Rc1 Rc8 Rxa7 Nb2 Rd7 h5 c6 Kh7 c7 Nc4 Bc5 Ra4 Rxf7 Kg6 Rd7 Kf6 Rb1
FIDE WCh KO,New Delhi IND,2000.11.28,1.2,"Al Modiahki,M","Yermolinsky,A",1/2-1/2,B88,e4 c5 Nc3 e6 Nf3 Nc6 d4 cxd4 Nxd4 d6 Bc4 Nf6 Bb3 Be7 Be3 O-O f4 Bd7 Qf3 Nxd4 Bxd4 Bc6 f5 exf5 Qxf5 Qc8 Qf3 b5 O-O a5 a4 b4 Nd5 Bxd5 exd5 Qg4 Qe3 Rae8 Rf4 Qg6 Qf3 Bd8 Bc4 Re4 Rxe4 Qxe4 Qxe4 Nxe4 Re1 Re8 Bd3 Nf6 Rxe8+ Nxe8 c3 bxc3 Bxc3 Nf6 Bc4 Ng4 b3 Ne3 Bd4 Nxc4 bxc4 f5 Kf2 Kf7 Ke3 g5 c5 dxc5 Bxc5 Ke8 Kd4 Bf6+ Kc4 Bd8 d6 Kd7 Kd5 Bf6 Be3 f4 Bd2 Bd8 h3 Bb6 Ke5 h5 Kf5 Kxd6 h4 f3 gxf3 gxh4 Kg5 h3 Kh4 h2 Bf4+ Kc5 Bxh2 Kb4 Bg3
FIDE WCh KO,New Delhi IND,2000.11.28,1.2,"Vasquez,R","Lesiege,A",0-1,B99,e4 c5 Nf3 d6 d4 cxd4 Nxd4 Nf6 Nc3 a6 Bg5 e6 f4 Be7 Qf3 Qc7 O-O-O Nbd7 g4 b5 Bxf6 Nxf6 g5 Nd7 f5 Bxg5+ Kb1 Ne5 Qh5 Qe7 Nxe6 Bxe6 fxe6 g6 exf7+ Kxf7 Qh3 Kg7 Nd5 Qd8 Qc3 Ra7 Qa3 Rf8 Bxb5 Rf3 Qa4 Qc8 h4 Bh6 Be2 Rf2 Qd4 Qc5 Nc3 Qxd4 Rxd4 Nf7 Ra4 a5 Bc4 Ne5 Bd5 Bd2 Nb5 Ra6 Nd4 Be3 Ne6+ Kh6 Ra3 Bd2 Rg3 Ra7 h5 g5 Nd4 g4 Nf5+ Kg5 Nxd6 Bf4 Rgg1 Rd7 Nb7 g3 Nc5 Rd6 Ne6+ Kg4 Nd4 g2 Be6+ Kg5 Bh3 Rxd4 Bxg2 Rdd2 Bf3+ Kf6 Bd1 Nc4
FIDE WCh KO,New Delhi IND,2000.11.29,1.5,"Psakhis,L","Dizdarevic,E",0-1,A41,d4 d6 Nf3 Bg4 g3 Bxf3 exf3 d5 Bg2 e6 O-O g6 Nd2 Bg7 c3 Nd7 f4 Ne7 Nf3 O-O h4 h5 Ne5 c6 a4 Rc8 a5 Nxe5 fxe5 c5 Bg5 Qd7 Re1 cxd4 cxd4 Rc7 g4 hxg4 Qxg4 Nf5 h5 f6 exf6 gxh5 Qxh5 Bxf6 Qg6+ Qg7 Qxg7+ Rxg7 Bf4 Bxd4 Kf1 Nh4
FIDE WCh KO,New Delhi IND,2000.11.29,1.4,"Hernandez,Gi","Piket,Je",0-1,C54,e4 e5 Nf3 Nc6 Bc4 Bc5 c3 Nf6 d3 a6 O-O O-O Nbd2 d6 Bb3 Ba7 Nc4 Be6 Bg5 h6 Bh4 g5 Bg3 Ne7 Re1 b5 Ne3 Qd7 Qc2 Bxe3 Rxe3 c5 Bxe6 Qxe6 d4 cxd4 cxd4 Rfc8 Qb3 Qxb3 axb3 Ng6 dxe5 dxe5 h3 Re8 Rc1 Re6 Rc5 Rae8 Re1 R8e7 Kf1 Kg7 Bh2 Nd7 Rc7 f6 Rd1 Ndf8 Rc8 Kf7 Ne1 Rd7 Rxd7+ Nxd7 Nc2 Ne7 Rc7 Rc6 Rxc6 Nxc6 f3 Nc5 b4 Nd3 Ke2 Ncxb4 Nxb4 Nxb4 Bg1 h5 Bc5 Nc6 g3 a5 Kd3 Ke6 g4 h4 Kc3 Kd7 Kd3 Nd8 Bb6 Ne6
FIDE WCh KO,New Delhi IND,2000.11.29,1.5,"Aleksandrov,A","El Taher,F",1/2-1/2,A43,d4 c5 d5 g6 e4 Bg7 Nf3 d6 Be2 Nf6 Nc3 e6 Bb5+ Kf8 dxe6 fxe6 Bf4 Ke7 e5 dxe5 Nxe5 a6 Be2 Qd4 Qc1 Nd5 Bg5+ Ke8 Nf3 Qb4 O-O Nxc3 bxc3 Qxc3 Rb1 Nc6 Rb3 Qa5 Bh6 Qc7 Re1 b5 Qg5 c4 Re3 Rf8 Bxg7 Qxg7 Qc5 Nd8 Ng5 Rf5 Nxe6 Bxe6 Rxe6+ Nxe6 Qc6+ Kf7 Qxa8 Qd4 Bf3 Re5 Qb7+ Kf6 Rf1 h5 h3 Qd2 Qxa6
FIDE WCh KO,New Delhi IND,2000.11.29,1.5,"Baklan,V","Zaja,I",1/2-1/2,C78,e4 e5 Nf3 Nc6 Bb5 a6 Ba4 Nf6 O-O b5 Bb3 Bc5 a4 Bb7 d3 O-O Nc3 b4 Nd5 h6 a5 d6 c3 Nxd5 Bxd5 bxc3 bxc3 Rb8 Qa4 Ne7 Bxb7 Rxb7 d4 exd4 cxd4 Ba7 Ba3 Qe8 Qxe8 Rxe8 Rfc1 Ng6 Rc6 Rxe4 Rxa6 Nf4 Kf1 g5 h3 f5 Rc6 g4 a6 Rb6 Rxb6 Bxb6 Bc1 Nd3 hxg4 fxg4 Be3 gxf3 a7 Bxa7 Rxa7 fxg2+ Kxg2 Ne1+ Kf1 Nc2 Bxh6 Nxd4 Rxc7 Nf5
FIDE WCh KO,New Delhi IND,2000.11.29,1.5,"Villamayor,B","Minasian,Art",0-1,A48,d4 Nf6 Nf3 g6 Bg5 Bg7 Nbd2 c5 c3 cxd4 cxd4 Nc6 e3 O-O Be2 d6 O-O Bf5 Rc1 a6 h3 Rc8 a3 Re8 Re1 h6 Bh4 g5 Bg3 Bg6 b4 Na7 Qb3 Qd7 Nc4 Qe6 Nfd2 Ne4 Nxe4 Bxe4 Nd2 Qxb3 Nxb3 Nb5 Nd2 Bd5 Bc4 Bxc4 Nxc4 Rc6 Na5 Rxc1 Rxc1 Nxa3 Nxb7 Rb8 Rc7 Bf6 Rd7 Nc2 Nxd6 exd6 Rxd6 Bg7 Rxa6 Rxb4 Rc6 Rb2 d5 Nb4 Rc8+ Kh7 d6 Rb1+ Kh2 Rd1 Rc4 Nd3 Rc7 Kg6 f4 gxf4 exf4 Bd4 f5+ Kxf5 Rxf7+ Kg6 Rf3 Bg1+ Kh1 Nf2+ Bxf2 Bxf2+ Kh2 Bc5 Rg3+ Kf5 Rg8 Bxd6+ g3 Rd2+ Kh1 Ke4 Rg6 Kf3 Rf6+ Kxg3 Rg6+ Kf3 Rf6+ Bf4 Rg6 Rh2+ Kg1 Rxh3 Rf6 Rh5 Rf8 Ra5
FIDE WCh KO,New Delhi IND,2000.11.29,1.4,"Aleksandrov,A","El Taher,F",1/2-1/2,E71,d4 Nf6 c4 g6 Nc3 Bg7 e4 d6 h3 O-O Be3 e5 d5 a5 g4 Na6 Nge2 h5 f3 Nh7 Qd2 Qh4+ Bf2 Qf6 Bg2 h4 O-O Qe7 Rae1 Nc5 f4 exf4 Nxf4 Nd7 Nd3 Ne5 Nxe5 Bxe5 Nb5 a4 Nd4 Bd7 Nf3 Bf6 Bd4 Bxd4+ Qxd4 Rae8 e5 Ng5 Nxg5 Qxg5 exd6 cxd6 Rxe8 Bxe8 Qf4 Qxf4 Rxf4 f6 Re4 Bd7 Re7 Rd8 Be4 Re8 Rxd7 Rxe4 Rxd6 Rxc4 Rxf6 Rc1+ Kg2 Rc2+ Rf2 Rc5 Rd2 Kf7 Kf3 Rc4 d6 Ke8 Re2+ Kd7 Re7+ Kxd6 Rxb7 a3 Rb6+ Ke5 Rb5+ Ke6 Rb3 axb2 Rxb2 Ra4 Rb3 Rxa2 Kf4 Ra5 Rb7 g5+ Ke4
FIDE WCh KO,New Delhi IND,2000.11.29,1.6,"Zaja,I","Baklan,V",0-1,E11,d4 Nf6 c4 e6 Nf3 Bb4+ Nbd2 b6 a3 Bxd2+ Bxd2 Bb7 Bg5 d6 e3 Nbd7 Be2 a5 b4 h6 Bh4 g5 Bg3 Ne4 Qc1 h5 h3 Qf6 b5 O-O-O Ra2 h4 Bh2 g4 hxg4 h3 c5 hxg2 Rg1 Ndxc5 dxc5 Nxc5 g5 Qf5 Qc2 Be4 Qd1 Bxf3 Bxf3 Rxh2 Ke2 Qxg5 Qd4 d5 Rc2 e5 Qg4+ Qxg4 Bxg4+ Kb8 Bf3 e4 Bxg2 Rg8 Kf1 Nd3 Rc6 Rg6 Rxg6 fxg6 f3 exf3 Bxf3
FIDE WCh KO,New Delhi IND,2000.11.29,1.4,"Baklan,V","Zaja,I",1/2-1/2,C78,e4 e5 Nf3 Nc6 Bb5 a6 Ba4 Nf6 O-O b5 Bb3 Bc5 a4 Bb7 d3 O-O Nc3 b4 Nd5 Nxd5 Bxd5 Qf6 a5 h6 c3 Rab8 Qa4 Rfd8 Be3 Bf8 d4 exd4 cxd4 Ne7 Bxb7 Rxb7 Rac1 c6 Ne5 Qe6 Rfd1 Rb5 f3 f5 Qc2 Rxa5 Re1 Rb5 Bf2 fxe4 fxe4 Ng6 Nf3 b3 Qd1 Bb4 Re3 Bd6 d5 cxd5 Nd4 Qe5 Rg3 Qf6 Rf3 Nf4 Nxb5 axb5 g3 Qg6 Rxf4 Bxf4 Qxd5+ Kh7 Rc3 Re8 Qf5 Qxf5 exf5 Bg5 Rxb3 Re5 g4 Rd5 Kg2 g6
FIDE WCh KO,New Delhi IND,2000.11.29,1.7,"Aleksandrov,A","El Taher,F",1/2-1/2,B07,d4 d6 e4 Nd7 Be3 Ngf6 Nc3 e5 h3 Be7 Nge2 c6 a4 O-O g4 d5 exd5 Nxd5 Nxd5 cxd5 dxe5 Nxe5 Bg2 Nc4 Bd4 Bb4+ c3 Be7 b3 Na5 Ng3 Nc6 O-O Nxd4 Qxd4 Bf6 Qd3 Be6 Rfd1 Rc8 Ne2 Qb6 b4 Rfd8 a5 Qc7 Rac1 h6 f4 Qe7 Nd4 Rc4 f5 Bc8 Nb3 Qc7 Bxd5 Rf4 Rc2 h5 Rg2 hxg4 hxg4 b6 c4 Rxc4 g5 Rc3 Qe4 Bxg5 Rxg5 Rg3+ Rxg3 Qxg3+ Qg2 Qxg2+ Kxg2 Rxd5 Rxd5 Bb7 Kg3 Bxd5 Nd4 bxa5 bxa5 Kf8 Kf4 Ke7 Ke5 Bb7 Ne2 f6+ Kd4 Bc8 Ng3 Kd6 Ke4 Kc5 Nh5 Kb5 Nxg7 Kxa5 Ne8 Kb4 Nxf6 Bxf5+
FIDE WCh KO,New Delhi IND,2000.11.29,1.7,"Psakhis,L","Dizdarevic,E",0-1,A54,c4 e5 Nc3 Nf6 Nf3 d6 g3 Be7 Bg2 O-O O-O Re8 d4 Nbd7 Qc2 c6 Rd1 Qc7 e4 a6 d5 cxd5 cxd5 b5 a3 Nb6 Qe2 Bd7 h3 Rec8 Bf1 Qb7 Nh4 g6 Kh2 Na4 Na2 Nc5 Bg2 a5 Bg5 Ng4+ hxg4 Bxg5 Bh3 Nb3 Rab1 b4 Nf3 Bd8 Qe3 Ba4 Qh6 Rc2 Kg2 Qb6 Rf1 Bb5 g5 Bxf1+ Rxf1 Nd2 Nxd2 Rxd2 Nc1 Qa7 Bg4 Be7 axb4 axb4 Ne2 Bf8 Qh4 Qe7 Ng1 h6 Nf3 Rxb2 Qh3 Raa2 gxh6 Qa7 h7+ Kh8 Qh4 Rxf2+ Kh3 Qe7
FIDE WCh KO,New Delhi IND,2000.11.29,1.6,"Nogueiras,J","Ehlvest,J",0-1,A11,c4 c6 Nf3 d5 e3 Nf6 Nc3 a6 b3 Bg4 Bb2 Nbd7 h3 Bxf3 Qxf3 e6 g4 h6 Be2 dxc4 bxc4 Ne5 Qg3 Nd3+ Bxd3 Qxd3 Qc7 Rd8 Rd1 Qxc4 Qxb7 Bb4 Ne2 O-O Nd4 Ne4 Nxc6 Bxd2+
FIDE WCh KO,New Delhi IND,2000.11.29,1.6,"Minasian,Art","Villamayor,B",1-0,C16,e4 e6 d4 d5 Nc3 Bb4 e5 Ne7 a3 Bxc3+ bxc3 b6 Qg4 Ng6 h4 h5 Qg3 Ba6 Bxa6 Nxa6 a4 Nb8 a5 Nc6 a6 Nce7 Bg5 Nf5 Qd3 Qd7 Ne2 Rc8 g3 c5 O-O cxd4 cxd4 Rc4 c3 Qc6 Ra3 Nge7 Qf3 Ra4 Rfa1 Rxa3 Rxa3 Qc4 Nf4 g6 Bf6 Rg8 Nh3 Nc6 Ng5 b5 Ra1 b4 cxb4 Nfxd4 Qd1 Ne2+ Kg2 Nc3 Qc1 d4 Kh2 Qxb4 Ne4 Kd7 Nxc3 Qxc3 Qxc3 dxc3 Rc1 Rb8 Rxc3 Rb6 Ra3 Nb4 Rb3 Nd5 Ra3 Kc6 Bg5 Kd7 Kg2 Rc6 Rf3 Ke8 Rb3 Rb6 Rxb6 Nxb6 Be3 Nc8 Kf3 Kd7 Kf4 Ne7 Bxa7 Nd5+ Kg5 Nb4 Bc5 Nxa6 Bd6
FIDE WCh KO,New Delhi IND,2000.11.29,1.3,"El Taher,F","Aleksandrov,A",1/2-1/2,C77,e4 e5 Nf3 Nc6 Bb5 Nf6 d3 d6 c3 g6 O-O Bg7 Re1 O-O Nbd2 a6 Ba4 Nd7 Nf1 Nc5 Bxc6 bxc6 d4 Nd7 Bg5 Qe8 Qd2 Rb8 h3 f6 Be3 exd4 Nxd4 Ne5 b3 c5 Ne2 c4 Nc1 Qf7 Bd4 Re8 Ne3 Bh6 Qe2 Be6 Bxe5 Bxe3 Qxe3 fxe5 b4 a5 a3 Bd7 Ne2 Ra8 Reb1 Reb8 f4 Qg7 bxa5 Re8 fxe5 Qxe5 Rb7 Rec8 Nd4 Rxa5 Nf3 Qg7 Kh2 Bc6 Rb4 Rc5 Rab1 Qf8 Nd2 Re8 Rf1 Qe7 Qd4 Bxe4 Rxc4 Rxc4 Qxc4+ d5 Qc6 Kg7 a4 Kh6 Qf6 Qxf6 Rxf6 Ra8 Nxe4 dxe4 Rc6 Rxa4 Rxc7 Kg5 Kg3 h5
FIDE WCh KO,New Delhi IND,2000.11.29,1.3,"Zaja,I","Baklan,V",1/2-1/2,E11,d4 Nf6 c4 e6 Nf3 Bb4+ Nbd2 O-O a3 Bxd2+ Bxd2 b6 Bg5 Bb7 e3 d6 Be2 Nbd7 O-O Qe8 Nd2 a5 Rc1 a4 Bf3 Qc8 Bxf6 Nxf6 Nb1 c5 Bxb7 Qxb7 Nc3 Qc6 Qf3 Qxf3 gxf3 cxd4 exd4 Rfc8 Ne4 d5
FIDE WCh KO,New Delhi IND,2000.11.29,1.5,"Ehlvest,J","Nogueiras,J",1-0,E07,Nf3 d5 g3 Nf6 Bg2 e6 O-O Be7 c4 O-O d4 c6 Nc3 Nbd7 b3 b6 Bb2 Ba6 Nd2 b5 c5 b4 Na4 Bb5 Re1 Qc7 Qc2 e5 e4 dxe4 Nxe4 exd4 Bxd4 Rfe8 Rad1 Rad8 Nb2 Ne5 Bxe5 Qxe5 Nd6 Bxd6 Rxe5 Bxe5 Rxd8 Rxd8 Nc4 Bc7 Bf3 h6 Be2 Re8 Ne3 Bxe2 Qxe2 a5 Qa6 Be5 Qxc6 Bd4 Nf5 Bc3 Qb7 Re1+ Kg2 Re2 c6
FIDE WCh KO,New Delhi IND,2000.11.29,1.4,"Rytshagov,M","Bacrot,E",0-1,C92,e4 e5 Nf3 Nc6 Bb5 a6 Ba4 Nf6 O-O Be7 Re1 b5 Bb3 d6 c3 O-O h3 Bb7 d4 Re8 Nbd2 Bf8 a3 g6 Ba2 Bg7 b4 Rc8 Bb2 a5 d5 Ne7 bxa5 c6 c4 cxd5 cxd5 Qxa5 Nb3 Qa4 Bb1 Nd7 Bd3 f5 Ng5 Bf6 Ne6 fxe4 Bxe4 Nb6 f4 Nexd5 fxe5 Rxe6 exf6 Rxe4 f7+ Kxf7 Qf3+ Nf4 Rf1 Kg8 Nd4 Nc4 Rac1 Rf8
FIDE WCh KO,New Delhi IND,2000.11.29,1.4,"Milos,G","Kunte,A",1-0,E52,d4 Nf6 c4 e6 Nf3 b6 Nc3 Bb4 e3 O-O Bd3 d5 O-O Bb7 cxd5 exd5 Bd2 a6 Ne5 Bd6 f4 c5 Qf3 Nc6 Qh3 g6 Rad1 cxd4 Nxc6 Bxc6 exd4 Ne4 Bxe4 dxe4 f5 Ra7 d5 Bc5+ Kh1 Bb5 Rf4 f6 fxg6 hxg6 Rh4 f5 Rh8+ Kf7 Rh7+ Kf6 Bg5+
FIDE WCh KO,New Delhi IND,2000.11.29,1.3,"Godena,M","Iordachescu,V",0-1,C41,e4 e5 Nf3 Nf6 Nc3 d6 d4 Nbd7 Bc4 Be7 O-O O-O Re1 c6 a4 b6 b3 a6 Bb2 Bb7 Bd3 Re8 Ne2 Bf8 Ng3 Qc7 Qd2 g6 h3 Rad8 Rad1 Bg7 Qc1 h6 Qa1 Nh7 Qc1 Ndf8 Bf1 Ne6 c3 Nf6 Ba3 Nf4 Qc2 Bc8 Ne2 N6h5 Nxf4 Nxf4 dxe5 dxe5 Kh2 Bf8 Bxf8 Kxf8 g3 Ne6 Qc1 Kg7 b4 c5 b5 c4 bxa6 Bxa6 Rxd8 Rxd8 Rd1 Rxd1 Qxd1 Nc5 Qd5 Nxa4 Nxe5 Nxc3 Qd4 Nb5 Qa1 Qc5 Qxa6 Qxe5 Bxc4 Nd6 Bd5 Qd4 Qa2 b5 f4 Nc4 Bxc4 bxc4 Kg2 c3 Qe2 Qc5 Qc2 Qe3 Kf1 Qxg3 Qc1
FIDE WCh KO,New Delhi IND,2000.11.29,1.4,"Lutz,C","Ghaem Maghami,E",1-0,B42,e4 c5 Nf3 e6 d4 cxd4 Nxd4 a6 Bd3 g6 Nc3 Bg7 Nb3 Ne7 Be3 Nbc6 Qd2 d5 Bh6 O-O Bxg7 Kxg7 exd5 exd5 O-O-O Be6 Nc5 Qd6 Nxe6+ fxe6 Kb1 Qf4 Qxf4 Rxf4 f3 Rd8 Rhe1 e5 Ne2 Rff8 c3 b5 Bc2 a5 Nc1 Kf6 Nd3 h5 Nc5 h4 Rd2 b4 Bb3 Rfe8 Ka1 bxc3 bxc3 d4 cxd4 Nxd4 Ba4 Nec6 f4 e4 Nxe4+ Kg7 Rdd1 Re6 Ng5 Rxe1 Rxe1 Rb8 Rc1 Rb6 g3 hxg3 hxg3 Kf6 g4 Ke7 a3 Kd6 Ka2 Kd5 Rd1 Kc4 Ne4 Ne2 Bb3+ Rxb3 Nd2+ Kb5 Kxb3 Nxf4 a4+ Kb6 Nf3 Kc5 Rd7 Nd5 Rg7 Nf4 Rf7 Nd5 Nh4 Ne5 Rb7 Kc6 Rb5 g5 Nf5 Nxg4 Rxa5 Ngf6 Nd4+ Kc7 Ne6+ Kb6 Rb5+ Kc6 Nxg5 Nc7 Rf5 Ncd5 Rf1 Kb6 Ne6 Ne4 Rd1 Nef6 Nf4
FIDE WCh KO,New Delhi IND,2000.11.29,1.4,"Sakaev,K","Volkov,S",0-1,A43,d4 Nf6 Nf3 c5 d5 e6 Nc3 b5 Bg5 b4 Na4 Qa5 Bxf6 gxf6 b3 f5 e3 Rg8 Ne5 Bb7 Qh5 Rg7 dxe6 dxe6 Nb2 Nc6 Nbc4 Qc7 Nxc6 Bxc6 Rd1 Bd5 Be2 Bxg2 Rg1 Bf3 Qxf3 Rxg1+ Bf1 Rd8 Rxd8+ Kxd8 Qa8+ Ke7 f4 Bg7 Kf2 Rg6 Bg2 e5 Bd5 exf4 Qg8 fxe3+ Ke2 Kf6 h4 f4 Qe8 Bh6 Ne5 f3+ Kxf3 Kg7 Ke2 Rf6 Ng4 Qf4 Nxf6 Qf2+ Kd3 Qf1+ Ke4 Qxf6 Bc4 Qxh4+ Kd5 Qg5+ Kc6 Qf5 Bd3 Qg5 Kb7 Qd5+ Kxa7 Bg5 Bc4 Qf5 Kb6 h5 Kb5 h4 Qc6 h3 Qh1 Bf4 Bd3
FIDE WCh KO,New Delhi IND,2000.11.29,1.4,"Minasian,Art","Villamayor,B",1-0,C18,e4 e6 d4 d5 Nc3 Bb4 e5 c5 a3 Bxc3+ bxc3 Qc7 Qg4 f5 Qg3 cxd4 cxd4 Ne7 Bd2 O-O Bd3 b6 Ne2 Ba6 Nf4 Qd7 h4 Bxd3 Qxd3 Nbc6 Rh3 Rf7 Rg3 Rc8 h5 Nd8 c3 Qa4 h6 g6 Nh3 Kh8 Bg5 Ng8 Nf4 Qe8 Qd2 Rfc7 Kf1 Nf7 Bh4 Nfxh6 Re1 Nf7 Bf6+ Nxf6 exf6 Nd6 Rxe6 Qb5+ Kg1 Ne4 Nxg6+ hxg6 Rh3+ Kg8 Qh6 Kf7 Re7+
FIDE WCh KO,New Delhi IND,2000.11.29,1.4,"Lima,Da","Grischuk,A",1/2-1/2,A08,g3 d5 Bg2 Nf6 d3 g6 Nf3 Bg7 O-O O-O Nbd2 c5 e4 Nc6 Re1 e5 c3 Re8 a4 h6 exd5 Nxd5 Nc4 Qc7 a5 Be6 Qa4 Rab8 Nfd2 b5 axb6 axb6 Na3 Ra8 Qc2 Qb8 Ndc4 b5 Ne3 Nde7 Bd2 Qb6 Rad1 Rad8 Bc1 f5 f4 Bf7 fxe5 Nxe5 c4 b4 Nb5 N7c6 Kh1 Rd7 Nd5 Bxd5 Bxd5+ Rxd5 cxd5 Qxb5 dxc6 Qxc6+ Qg2 Qxg2+ Kxg2 Rd8 Be3 Nxd3 Re2 Nf4+ gxf4 Rxd1 Bxc5 Rb1 Bxb4 Rxb2
FIDE WCh KO,New Delhi IND,2000.11.29,1.4,"Iordachescu,V","Godena,M",1/2-1/2,C96,e4 e5 Nf3 Nc6 Bb5 a6 Ba4 Nf6 O-O Be7 Re1 b5 Bb3 d6 c3 O-O h3 Na5 Bc2 c5 d4 Bb7 d5 Nc4 b3 Nb6 a4 Bc8 Na3 Bd7 Be3 Qc7 Nd2 Rfb8 axb5 axb5 Bd3 Nc8 Qe2 b4 cxb4 Rxb4 Nc2 Rxa1 Rxa1 Rb8 Qd1 g6 Ra3 Nh5 Nc4 Qd8 Qa1 Bg5 Bf1 Bxe3 N2xe3 Qg5 Ra8 Rxa8 Qxa8 Kg7 Qb8 Qe7 b4 cxb4 Qxb4 f5 exf5 gxf5 Na5 Nf6 Nc6 Qe8 Bd3 e4 Ba6 f4 Ng4 Bxg4 hxg4 e3 Qd4 h6 fxe3 fxe3 Be2 Qe4 Bf3 Qb1+ Kh2 Qe1 Qd3 Qh4+ Kg1 Qf2+ Kh2 Qh4+ Kg1 Qf2+ Kh2 Nb6 Nd4 Qh4+ Kg1 Qf2+ Kh2 Qh4+ Kg1 Qe1+ Kh2 Nbxd5 Nf5+ Kf8 Qa6 Qb4 Qa8+ Kf7 Bxd5+ Kg6 Nh4+ Kg5 Nf3+ Kg6 Nh4+ Kg5 Nf3+ Kg6 Nh4+ Kg5 Nf3+
FIDE WCh KO,New Delhi IND,2000.11.29,1.4,"Ehlvest,J","Nogueiras,J",1/2-1/2,D48,d4 d5 c4 e6 Nf3 Nf6 Nc3 c6 e3 Nbd7 Bd3 dxc4 Bxc4 b5 Bd3 a6 e4 c5 d5 c4 dxe6 fxe6 Bc2 Qc7 Be3 Bc5 Nd4 Ne5
FIDE WCh KO,New Delhi IND,2000.11.29,1.4,"Rustemov,A","Tregubov,P",1/2-1/2,A43,d4 Nf6 Nf3 c5 d5 b5 Bg5 Qb6 Bxf6 Qxf6 c3 Qb6 a4 b4 Nbd2 Ba6 e4 Bxf1 Kxf1 g6 g3 Bg7 Qc2 d6 Kg2 bxc3 bxc3 Nd7 Rhb1 Qa6 Rb5 O-O Rab1 Nb6 a5 Nd7 c4 Rab8 Qa4 Bc3 Rxb8 Nxb8 Nb3 Rd8 e5 Nd7 exd6 exd6 Qc6 Nb8 Qa4 Nd7 Qc6 Nb8 Qa4 Nd7 Qc6 Nb8
FIDE WCh KO,New Delhi IND,2000.11.29,1.4,"Psakhis,L","Dizdarevic,E",1/2-1/2,E61,d4 Nf6 Nf3 g6 c4 d6 Nc3 Bf5 Qb3 Qc8 g3 Bg7 Bg2 Nc6 d5 Nd8 O-O O-O Be3 Ne4 Nxe4 Bxe4 c5 e6 dxe6 Nxe6 cxd6 cxd6 Rac1 Qd8 Rfd1 Qe7 Qb4 Bc6 b3 Rfd8 Ne1 a5 Qa3 Ra6 Rc2 Bf6 Nd3 Bxg2 Kxg2 d5 Qxe7 Bxe7 Nf4 Nxf4+ Bxf4 Bb4 Rc7 Re6 e3 b6 Bh6 Red6 Bg5 f6 Bf4 R6d7 h4 Bc5 g4 Rxc7 Bxc7 Rd7 Bf4 Kf7 Kf3 Ke6 Ke2 Rd8 Kd3 Rh8 f3 h5 g5 f5 Rc1 Rd8 Re1 Rc8 Rc1 Rd8
FIDE WCh KO,New Delhi IND,2000.11.29,1.5,"Volkov,S","Sakaev,K",1/2-1/2,E46,d4 Nf6 c4 e6 Nc3 Bb4 e3 O-O Ne2 d5 a3 Be7 cxd5 Nxd5 Bd2 Nd7 g3 Nxc3 Bxc3 c5 Bg2 cxd4 Qxd4 Bf6 Qd6 Nb6 Qxd8 Bxc3+ Nxc3 Rxd8 a4 Rb8 Ke2 Bd7 a5 Nc4 b3 Ne5 f4 Bc6 Be4 Bxe4 Nxe4 Nc6 Rhc1 a6 Nc5 Rd6 Rc4 Kf8 b4 Ke7 Rac1 Na7 Na4 Nc6 Nc5
FIDE WCh KO,New Delhi IND,2000.11.29,1.3,"Piket,Je","Hernandez,Gi",1/2-1/2,E94,d4 Nf6 c4 g6 Nc3 Bg7 e4 d6 Nf3 O-O Be2 e5 O-O Na6 d5 Nc5 Qc2 a5 Bg5 h6 Be3 Nh5 g3 Bh3 Rfe1 b6 Nd2 Nf6 f3 Nh7 Nd1 Bd7 Nf2 f5 exf5 gxf5 f4 Qf6 Rab1 Rae8 Bh5 Re7 Nf3 Be8 Bxe8 Rfxe8 Bxc5 bxc5 Nh4 exf4 Rxe7 Rxe7 Qxf5 fxg3 hxg3 Re2 Kf1 Qxf5
FIDE WCh KO,New Delhi IND,2000.11.29,1.3,"Dizdarevic,E","Psakhis,L",1/2-1/2,A07,Nf3 Nf6 g3 d5 Bg2 c6 O-O Bg4 d3 Nbd7 c4 Bxf3 Bxf3 dxc4 dxc4 Ne5 Qb3 Nxf3+ exf3 Qb6 Be3 Qxb3 axb3 a6 b4 e6 b5 cxb5 cxb5 Bb4 bxa6
FIDE WCh KO,New Delhi IND,2000.11.29,1.3,"Grischuk,A","Lima,Da",1-0,B28,e4 c5 Nf3 a6 c3 d5 exd5 Qxd5 d4 Nf6 Be2 e6 O-O Nc6 Be3 cxd4 Nxd4 Bd7 Bf3 Qd6 Nd2 Qc7 Nc4 Rc8 Nxc6 Bxc6 Nb6 Rd8 Bxc6+ Qxc6 Qa4 Qxa4 Nxa4 Nd5 Bd4 f6 c4 Nf4 Bb6 Rc8 b3 Bd6 Rad1 Ke7 Rfe1 Rc6 g3 Ng6 Kg2 Ne5 c5 Bc7 Bxc7 Rxc7 Rd6 Rxc5 Rxe6+ Kxe6 Nxc5+ Kd5 Nxb7 Rc8 Rd1+ Kc6 Nc5 Kb5 Ne6 Rc3 Rd8 Kb4 Rd4+ Kb5 Nxg7 Rc2 Ne8 Kc5 Rd8 Rxa2 Nxf6 Kb4 Rb8+ Kc3 Ne4+ Kd3 Nc5+ Kd4 b4 Ng4 Rf8 Ne3+ Kf3 Nd5 Rb8 Kc4 Rc8 Kb5 Nd3
FIDE WCh KO,New Delhi IND,2000.11.29,1.8,"El Taher,F","Aleksandrov,A",0-1,C77,e4 e5 Nf3 Nc6 Bb5 Nf6 d3 d6 c3 g6 O-O Bg7 Re1 O-O Nbd2 a6 Ba4 Nd7 Nf1 Nc5 Bc2 Ne6 Be3 f5 exf5 gxf5 d4 e4 d5 exf3 dxc6 fxg2 Ng3 f4 Qh5 Ng5 h4 h6 hxg5 Qxg5 Bd2 bxc6 Qxg5 hxg5 Nh5 Be5 Kxg2 Kf7 Rh1 Rh8 f3 Be6 Kf2 Rab8 b3 Rbg8 Rag1 Ke7 Rg2 Bf7 Rgh2 Rh6 Bf5 a5 Rh3 a4 Nxf4 Rf6 Be4 gxf4 bxa4 d5 Bc2 Bd6 R1h2 Kd7 Rh7 Bc5+ Ke2 Re6+ Kd3 Re7 Bxf4 Bg6+ Kd2 Rxh7 Rxh7+ Bxh7 Bxh7 Rf8 Be3 Kd6 f4 Rh8 Bd3 Bxe3+ Kxe3 Rh3+ Kd2 Rf3 f5 Rf2+ Be2 Rxf5 a5 Rf8 a6 Ra8 Kc2 c5 c4 Rxa6
FIDE WCh KO,New Delhi IND,2000.11.29,1.3,"Nogueiras,J","Ehlvest,J",1/2-1/2,E05,Nf3 Nf6 c4 e6 g3 d5 Bg2 Be7 O-O O-O d4 dxc4 Qc2 a6 Qxc4 b5 Qc2 Bb7 Bf4 Nc6 Nbd2 Nxd4 Nxd4 Bxg2 Nxe6 fxe6 Kxg2 c5 Nf3 Nd5 Be5 Qe8 Qe4 Qf7 Rad1 Rad8 Rd2 c4 a3 h6 Rfd1
FIDE WCh KO,New Delhi IND,2000.11.29,1.4,"Bezgodov,A","Gulko,B",0-1,B65,e4 c5 Nf3 d6 d4 cxd4 Nxd4 Nf6 Nc3 Nc6 Bg5 e6 Qd2 Be7 O-O-O O-O f4 h6 Bh4 Nxd4 Qxd4 Qa5 Bc4 e5 fxe5 dxe5 Qd3 Bg4 Bxf6 Bxf6 Rdf1 Bh4 Kb1 Qc5 h3 Rad8 Bd5 Be6 Qf3 b6 Rd1 Bf2 Bb3 Qe3 Qxe3 Bxe3 Nb5 Bxb3 axb3 a5 Nd6 Bc5 Nc4 f6 c3 Kf7 Kc2 Ke6 g4 g6 h4 h5 gxh5 gxh5 Rdf1 Rg8 Rh2 Rg4 Nd2 Be3 Nc4 Bg1 Re2 Bc5 Rh1 Rdg8 Nd2 Rf4 Rh3 Rgg4 Rd3 Rxh4 Rd8 Rhg4 Rh8 h4 Rh7 Rg3 Rh2 Be3 Nc4 Rxe4 R7xh4 Rxh4 Rxh4 Rg2+ Kb1 Bc5 Rh8 e4 Re8+ Kf5 b4 axb4 cxb4 b5 bxc5 bxc4 c6 Rg7 Rc8 Kf4 Kc2 f5 c7 Rd7 Kc3 e3 Kxc4 Re7 Kd3 e2 Kd4
FIDE WCh KO,New Delhi IND,2000.11.29,1.3,"Kunte,A","Milos,G",1/2-1/2,C84,e4 e5 Nf3 Nc6 Bb5 a6 Ba4 Nf6 O-O b5 Bb3 Bb7 d3 Be7 Nc3 O-O Nd5 Na5 Nxe7+ Qxe7 Bg5 h6 Bh4 Nxb3 axb3 Qe6 Re1 d6 Bxf6 Qxf6 d4 exd4 Qxd4 Qxd4 Nxd4 Rfe8 f3 Re5 b4 Rae8 Kf2 g6 c3 Kg7 Nb3 Bc8 Nc1 g5 Nb3 f5 exf5 Rxe1 Rxe1 Rxe1 Kxe1 Bxf5 Nd4 Bd7 Nc2 Kf6 Ke2 Ke5 g3 c5 Ne3 cxb4 cxb4 Kd4 Kd2 Be6 Ke2 d5 Kd2 Ke5 Nd1 Bf5 Ne3 Be6 Nd1 h5 Ke3 d4+ Kd2 g4 fxg4 hxg4 Nf2 Bf5 b3 Kd5 Ke2 Ke5 Kd2 Kd5 Ke2 Ke5
FIDE WCh KO,New Delhi IND,2000.11.29,1.3,"Bacrot,E","Rytshagov,M",1-0,A29,c4 e5 Nc3 Nf6 Nf3 Nc6 g3 d5 cxd5 Nxd5 Bg2 Nb6 O-O Be7 a3 Be6 b4 Nd4 Rb1 Nxf3+ Bxf3 c6 b5 Rc8 bxc6 bxc6 d3 O-O Bb2 c5 Nb5 Qd7 Bxe5 Rfd8 a4 f6 Ba1 Nd5 Bg2 Bf8 Na3 Nb4 Bc3 Qf7 Bd2 a5 Nb5 Bf5 Rc1 Be6 Rb1 Bf5 Rb2 Be6 Qa1 Bg4 Re1 h5 Be3 c4 dxc4 Rxc4 Rd1 Rdc8 Qb1 Be6 Rbd2 Nc6 Rd6 Rb4 Qa1 Ne7 Bd2 Rbc4 Bxa5 Rc2 Nd4 Bb3 Nxc2 Rxc2 R6d2 Rc4 Rb1 Rxa4 Qc3 Bd5 e4 Bxe4 Bxe4 Rxe4 Rd8 Ng6 Qd3 f5 Qd5 Qxd5 Rxd5 Ne7 Rdb5 g6 Rd1 f4 Rd8 Nc6 Rd7 fxg3 hxg3 Nxa5 Rxa5 Be7 Rb7 Kf7 Ra3 h4 gxh4 Kf8 Rf3+ Kg8 Rg3 Bxh4 Rxg6+ Kf8 Rh6 Kg8 Kg2 Be7 Ra6 Kf8 Raa7 Ke8 Kf3 Re6 Rxe7+ Rxe7 Rxe7+ Kxe7 Kf4 Kf6 f3 Ke6 Kg5 Kf7 Kf5 Ke7
FIDE WCh KO,New Delhi IND,2000.11.29,1.3,"Ghaem Maghami,E","Lutz,C",1/2-1/2,B50,e4 c5 Nf3 d6 c3 Nf6 Bd3 Nc6 Bc2 Bg4 d3 g6 Nbd2 Bg7 O-O O-O h3 Bd7 Re1 b5 d4 b4 dxc5 bxc3 bxc3 dxc5 Nb3 c4 Nc5 Bc8 Qxd8 Rxd8 Bg5 Nd7 Nxd7 Bxd7 e5 Rab8 Rad1 Be8 Rxd8 Rxd8 Re4 h6 Be3 Rb8 Rxc4 Nxe5 Nxe5 Bxe5 Bb3 a5 Rc5 Bf6 Rxa5 Bxc3 Ra7 e6 Bxh6 Bd4 Rc7 Be5 Rc1 Ra8 Be3 Bf6 g3 Bb5 h4 Kg7 Rc7 Kg8 Rc1 Kg7 Rd1 Bc6 Bd4 Bd5 Bxd5 exd5 Bc5 Rxa2 Rxd5 Rc2 Kg2 Ra2 Kh3 Rc2 Be3 Rc4 g4 Bb2 Kg3 Ra4 Rb5 Bf6 h5 gxh5 gxh5 Bd4 Bg5 Ra1 Rd5 Ra3+ f3 Be3 Be7 Ra1 Kg4 Ra4+ Kg3 Ra1 Kg4 Ra4+ Kh3 f6 Rd7 Kh6 Bxf6 Kxh5 Rd5+ Kg6 Be5 Bf4 Bd4 Bc1 Kg3 Bd2 f4 Kf7 f5 Bg5 Kf3 Bf6 Bc5 Rc4 Be3 Ke7 Bf4 Kf7 Rd7+ Ke8 Rh7 Ra4 Rb7 Rc4 Rb6 Kf7 Rb7+ Ke8 Rb1 Ra4 Kg4 Be5 Rf1 Kf7 Kg5 Bxf4+ Rxf4 Rxf4 Kxf4 Kf6 Ke4
FIDE WCh KO,New Delhi IND,2000.11.29,1.3,"Volkov,S","Sakaev,K",0-1,E20,d4 Nf6 c4 e6 Nc3 Bb4 f3 c5 d5 b5 e4 O-O Bg5 h6 Bh4 Re8 dxe6 Rxe6 Ne2 g5 Bf2 bxc4 a3 Ba5 h4 g4 Nf4 Rb6 Qd2 Nc6 Bxc5 Rab8 Bxb6 Qxb6 O-O-O Nd4 Bxc4 Ba6 b4 Bxb4 Qxd4 Bc5 Na4 Bxa3+ Kc2 Qc6 Kd3 Rb4 Bxa6 Rxd4+ Kxd4 Qxa6 Nc3 Bb2 e5 Qa4+ Ke3 Bxc3 exf6 g3 Nd5 Bb2 f4 a5 Kf3 Qb3+ Kg4 a4 Rhe1 a3 Ne7+ Kh7 Nf5 a2 Nxg3 Qa4 Nf5 a1=Q Rxa1 Bxa1 Re7 Kg6 h5+ Kxf6 Re1 Qa5
FIDE WCh KO,New Delhi IND,2000.11.29,1.3,"Gulko,B","Bezgodov,A",1/2-1/2,E06,Nf3 d5 g3 c5 Bg2 Nc6 d4 e6 O-O Nf6 c4 Be7 dxc5 Bxc5 a3 dxc4 Qxd8+ Nxd8 Ne5 Bd7 Nd2 c3 bxc3 Ba4 Rb1 O-O Nb3 Bb6 Nc4 Bc6 Nxb6 axb6 Nd4 Bxg2 Kxg2 Rc8 Rxb6 Rxc3 Bb2 Rc4 Rc1 Rxc1 Bxc1 Nd7 Rb5 b6 Be3 Nb7 Nc6 Ra8 Bxb6 Nd6 Rb3 Nxb6 Rxb6 Nc4 Rb7 Nxa3 Ne5 f6 Nd3 e5 Nc5 Re8 Ne4 Rd8 Nc5 Re8 Ne4 Rd8 g4 Nc4 g5 Nd6 Nxd6 Rxd6 gxf6 Rxf6 Re7 Rf5 e4 Kf8 Ra7 Rg5+ Kf3 Rh5 Kg3 Rg5+ Kf3 Rh5 Kg3
FIDE WCh KO,New Delhi IND,2000.11.29,1.4,"Macieja,B","Speelman,J",1-0,C10,e4 e6 d4 d5 Nc3 dxe4 Nxe4 Nd7 g3 Ngf6 Nxf6+ Nxf6 Bg2 c5 Nf3 Qb6 O-O Bd7 a4 Bc6 a5 Qc7 a6 Rd8 c3 b5 Qe2 c4 b3 Bd5 Ne5 Be7 bxc4 bxc4 Bf4 Qc8 Rfb1 O-O Rb7 Bd6 Rxa7 Bxg2 Kxg2 Nd5 Qxc4 Qxc4 Nxc4 Bxf4 gxf4 Rc8 Ne3 Nxc3 Rd7 Ra8 a7 f6 Nc4 Nd5 f5 Rfc8 fxe6 Nf4+ Kf3 Nxe6 Nb6 Rc3+ Kg2 Rxa7 Rdxa7 h5 Nd5 Rd3 Re7 Nxd4 Nxf6+ Kf8 Rd7
FIDE WCh KO,New Delhi IND,2000.11.29,1.6,"Dizdarevic,E","Psakhis,L",0-1,E67,Nf3 Nf6 g3 g6 Bg2 Bg7 c4 O-O O-O d6 d4 Nbd7 Qc2 e5 Rd1 Qe7 Nc3 Re8 dxe5 dxe5 Nd5 Nxd5 cxd5 e4 Ng5 Nf6 Bf4 Nh5 Be3 Bf5 Rac1 Rac8 Qb3 b6 Rc4 Nf6 Bd4 h6 Bxf6 Qxf6 Nxe4 Qxb2 Qxb2 Bxb2 d6 Red8 Rd2 Be5 Rxc7 Rxc7 dxc7 Rxd2 Nxd2 Bxc7 Bd5 Kf8 e4 Bh3 f4 g5 fxg5 hxg5 Nf3 f6 Nd4 Be5 Nc6 Bd6 Nxa7 Bc5+ Kh1 Ke7 Nb5 Bf1 Nc7 Kd6 Ne8+ Ke5 Ng7 Bh3 Bc6 Kd4 Nh5 Ke5 Ng7 Be3 Ne8 Bf2 Ng7 Be3 Nf5 Bc5 a4 Bf2 Bb7 Bc5 Bc6 Ke6 Bd5+ Kd7 Bc4 Bf2 Bb5+ Kc7 Bd3 Bc5 Bc2 Kc6 Bb3 Kd7 Bd5 Kc7 Bb3 Kb7 Bc4 Bf2 Bb5 Kc7
FIDE WCh KO,New Delhi IND,2000.11.29,1.6,"Sakaev,K","Volkov,S",0-1,D15,d4 d5 c4 c6 Nf3 Nf6 Nc3 a6 c5 Nbd7 Bf4 Nh5 e3 g6 Bd3 Bg7 O-O f6 h3 e5 Bh2 e4 Bxe4 dxe4 Nxe4 O-O Nd6 f5 g4 fxg4 hxg4 Nhf6 Ng5 Qe7 e4 Nd5 f4 h6 Nh3 Qh4 Rf3 N7f6 Nf2 Bxg4 Nxg4 Qxg4+ Kh1 Nxe4 Nxe4 Nxf4 Rf2 Qh4 Qe1 Rae8 Rxf4 Rxf4 Nf6+ Bxf6 Qxe8+ Kg7 Qd7+ Be7 Rg1 Rf2 Rg2 Rf1+
FIDE WCh KO,New Delhi IND,2000.11.29,1.3,"Villamayor,B","Minasian,Art",1-0,B07,d4 d6 e4 Nf6 Nc3 c6 g3 Nbd7 Bg2 e5 Nge2 Be7 a4 O-O O-O a5 h3 Re8 Be3 Bf8 g4 exd4 Bxd4 Nb6 Ng3 d5 Re1 Nxe4 Ncxe4 dxe4 Nxe4 Nd5 Qf3 Be6 Rad1 Qc7 Ng5 Qf4 Nxe6 Rxe6 Rxe6 Qxf3 Bxf3 fxe6 c4 Nf4 Be3 Ng6 Be4 Ne5 b3 Re8 Bb6 Bb4 f4 Nf7 Rd7 e5 Bxh7+ Kxh7 Rxf7 exf4 Rxf4 Kg6 Kf2 Re1 Rf3 Rb1 Bc7 Rb2+ Kg3 Be1+ Kf4 Re2 Rd3 Re7 Bd6 Re6 Kf3 Rf6+ Bf4 Rf7 Rd6+ Kh7 g5 g6 Kg4 Bb4 Rd8 Re7 Rc8 Re4 Kf3 Re1 Rc7+ Kg8 Rxb7 Rf1+ Kg4 Rg1+ Kf3 Rf1+ Kg3 Rg1+ Kh2 Rf1 Be5 Rf5 Bf6 Rf3 Rg7+ Kf8 Rxg6 Bd6+ Kg2 Rg3+ Kf2 Rxh3 Rh6 Rxb3 g6
FIDE WCh KO,New Delhi IND,2000.11.29,1.3,"Tregubov,P","Rustemov,A",1/2-1/2,D37,d4 d5 c4 e6 Nf3 Nf6 Nc3 Be7 Bf4 O-O e3 c5 dxc5 Bxc5 cxd5 Nxd5 Nxd5 exd5 a3 Nc6 Bd3 Bb6 O-O Bg4 h3 Bh5 b4 a6 Be2 Re8 Rb1 Bg6 Rc1 d4 exd4 Nxd4 Nxd4 Qxd4 Qxd4 Bxd4 Bf3 Be4 Rc4 Rad8 Bxe4 Rxe4 Be3 f5
FIDE WCh KO,New Delhi IND,2000.11.29,1.5,"Tregubov,P","Rustemov,A",1-0,D37,d4 d5 c4 e6 Nf3 Nf6 Nc3 Be7 Bf4 O-O e3 c5 dxc5 Bxc5 cxd5 Nxd5 Nxd5 exd5 a3 Nc6 Bd3 Bb6 O-O Bg4 h3 Bh5 b4 a6 Be2 Re8 Ra2 Bg6 Rd2 Be4 Ng5 Qf6 Nxe4 dxe4 Rd7 Re7 Bc4 Rae8 Qd5 Rxd7 Qxd7 Qe7 Qxe7 Rxe7 Rd1 h6 Kf1 g5 Bh2 Kg7 g4 Bc7 Bxc7 Rxc7 Bd5 Ne5 Bxe4 Nc4 Rd3 b5 Ke2 Ra7 Bd5 Ne5 Rc3 Rd7 Bb3 Rd6 Rc5 Nc6 Rf5 Rd7 Rd5 Ra7 Rc5 Ne7 f4 gxf4 exf4 Ng6 Kf3 a5 bxa5 Rxa5 a4 Ra7 Rxb5 Ne7 Ke4 Rc7 a5 Ra7 Rc5 Rb7 Bc4 f5+ gxf5 Rb1 a6 Ra1 Ke5 Re1+ Kd6 Kf6 a7 Ra1 Rc7 Rxa7 Rxa7 Nc8+ Kc5 Nxa7 Be6
FIDE WCh KO,New Delhi IND,2000.11.29,1.6,"Rustemov,A","Tregubov,P",1/2-1/2,D37,d4 Nf6 Nf3 d5 c4 e6 Nc3 Be7 Bf4 O-O e3 b6 Rc1 Bb7 cxd5 Nxd5 Nxd5 Qxd5 a3 c5 Bc4 Qd8 O-O Nc6 dxc5 bxc5 Qe2 Qb6 Rc2 Rfd8 Ne5 Nxe5 Bxe5 Be4 Qg4 Bg6 e4 Qb7 Re2 Bf6 Bxf6 gxf6 b3 Rd4 f3 Rad8 h4 h5 Qf4 Kg7 g4 Qb8 Qxb8 Rxb8 gxh5 Bxh5 Kf2 Rbd8 Rg1+ Kh6 Ke3 f5 exf5 exf5 Rh1 Rg8 Kf2 f4 Re5 Rg3 Be2 Rd2 Rd1 Rxf3+ Ke1 Rxd1+ Kxd1 Rf1+ Kd2 Bxe2 Kxe2 Rb1 Rxc5 Rxb3 Ra5 f5 Rxa7 Kh5 Rh7+ Kg4 Rg7+ Kxh4 a4 Ra3 Rh7+ Kg4 Rg7+ Kh4 Ra7 Kg3 Rg7+ Kh4
FIDE WCh KO,New Delhi IND,2000.11.29,1.3,"Speelman,J","Macieja,B",1/2-1/2,A46,d4 Nf6 Bg5 e6 Nd2 h6 Bh4 c5 e3 Be7 c3 b6 Ngf3 Bb7 Bd3 O-O O-O cxd4 exd4 d6 Re1 Nbd7 a4 a6 Qe2 Nh5 Bg3 Ndf6 Nf1 Qc8 N3d2 Re8 Ne4 Nxe4 Bxe4 Bxe4 Qxe4 d5 Qe2 Nxg3 hxg3 Qc6 Nd2 b5 Nf3 Bf6 axb5 axb5 Nh2 g6 Ng4 Bg7 Qe3 Rxa1 Rxa1 Ra8 Rxa8+ Qxa8 Nxh6+
FIDE WCh KO,New Delhi IND,2000.11.30,2.1,Dao Thien Hai,"Adams,Mi",1/2-1/2,E34,d4 Nf6 c4 e6 Nc3 Bb4 Qc2 d5 cxd5 Qxd5 e3 c5 Bd2 Bxc3 Bxc3 cxd4 Bxd4 Nc6 Bc3 O-O Nf3 Qc5 Rc1 Nd5 Bd2 Qxc2 Rxc2 Rd8 a3 e5 Bb5 Nde7 Bc3 Bf5 Rc1 f6 O-O Bd3 Bxd3 Rxd3 Rfd1 Rad8 Rxd3 Rxd3 Kf1 Kf7 Ke2 Rd7 Nd2 Nd5 Ne4 b6 Bd2 Nce7 f3 h5 Ng3 g6 Ne4 Ke6 Rc2 Rd8
FIDE WCh KO,New Delhi IND,2000.11.30,2.1,"Shirov,A","Onischuk,Al",1/2-1/2,C88,e4 e5 Nf3 Nc6 Bb5 a6 Ba4 Nf6 O-O Be7 Re1 b5 Bb3 O-O h3 Bb7 d3 d6 a3 Na5 Ba2 c5 Nbd2 Nc6 Nf1 Bc8 c3 Be6 Bxe6 fxe6 Ng3 Nd7 Be3 d5 exd5 exd5 b4 Kh8 Qb3 c4 dxc4 bxc4 Qa4 Qc8 Rad1 Nf6 Qc2 e4 Nd4 Ne5 Ndf5 Bd8 Bc5 Rg8 Rxd5 Nxd5 Qxe4 Qe6 Qxe5 Qxe5 Rxe5 Nxc3 Nd6 h6 Nxc4 Bf6 Rf5 Rge8 Nh5 Bd4 Nd6 Re1+ Kh2 Bxc5 Rxc5 Nb5 Nxb5 axb5 Rxb5 Re2 f4 Re7 f5 Rxa3 Nf4 Kg8 Ng6 Re8 Rb7 Raa8 Ne7+ Kf8 Ng6+ Kg8 Ne7+ Kf8 Ng6+
FIDE WCh KO,New Delhi IND,2000.11.30,2.1,"Morozevich,A","Milos,G",1-0,C02,e4 c5 Nf3 Nc6 c3 e6 d4 d5 e5 Qb6 a3 Nh6 b4 cxd4 cxd4 Nf5 Be3 g6 Bd3 Nxe3 fxe3 Bh6 Qd2 Bd7 Nc3 Ne7 g4 Bg7 O-O Rc8 a4 O-O Nb5 Bxb5 axb5 f6 exf6 Rxf6 Kg2 Rcf8 Qc2 Nc8 h4 Nd6 h5 Rc8 Qe2 Qd8 hxg6 hxg6 Rxa7 Qe7 Ne5 Rxf1 Qxf1 Bxe5 dxe5 Ne4 Bxe4 dxe4 Qf6 Qxf6 exf6 Rc7 g5 Kf7 Kg3 e5 b6 Rd7 Kg4 Ke6 Ra8 Kd6 Rg8
FIDE WCh KO,New Delhi IND,2000.11.30,2.1,"Gulko,B","Chernin,A",1/2-1/2,A29,c4 Nf6 Nc3 e5 Nf3 Nc6 g3 Nd4 Bg2 Nxf3+ Bxf3 Bb4 d4 e4 Bg2 Bxc3+ bxc3 h6 Qc2 Qe7 f3 b6 O-O
FIDE WCh KO,New Delhi IND,2000.11.30,2.1,"Bologan,V","Anand,V",1/2-1/2,B31,e4 c5 Nf3 Nc6 Bb5 g6 Bxc6 dxc6 d3 Bg7 h3 Nf6 Nc3 Nd7 Be3 b6 Qd2 e5 Bh6 O-O O-O-O Re8 g4 Nf8 Ne2 a5 Rdg1 Bf6 Bg5 Ne6 Bxf6 Qxf6 Rg3 Rd8 g5 Qg7 Nh2 Nf8 Qc3 Be6 Ng4 Bxg4 Rxg4 a4 a3 Ne6 h4 Nd4 Nxd4 Rxd4 h5 Ra7 Rgh4
FIDE WCh KO,New Delhi IND,2000.11.30,2.1,"Kharlov,A","Topalov,V",1/2-1/2,B52,e4 c5 Nf3 d6 Bb5+ Bd7 Bxd7+ Qxd7 O-O Nf6 e5 dxe5 Nxe5 Qc8 Qf3 Nbd7 Nc4 e6 Nc3 Be7 d3 O-O Bf4 Nb6 Nd6 Bxd6 Bxd6 Re8 Bg3 a6 Rad1 Nbd7 Ne4 Nxe4 dxe4 b5 Rd6 Qb7 Qe3 Rac8 Rfd1 Nf8 f3 h6 Qa3 b4 Qxa6 Qe7 a4 bxa3 Qxa3 Ng6 Qe3 Qf6 b3 Qb2 Qc1 Qf6 Qa1 Qg5 Qc1 Qf6 Qd2 Ra8 h3 Rec8 Kh1 c4 b4 c3 Qd3 Qg5 Kh2 h5 h4 Nxh4 Ra6 Nxg2 Rxa8 Rxa8 Kxg2 h4 f4 Qxg3+ Qxg3 hxg3 Rd3 Ra4 Rxc3 Rxb4 Re3 Rc4 c3 f5
FIDE WCh KO,New Delhi IND,2000.11.30,2.1,"Bareev,E","Vaganian,R",1-0,D37,d4 d5 c4 e6 Nc3 Be7 Nf3 Nf6 Bf4 O-O e3 Nbd7 c5 Nh5 Bd3 Nxf4 exf4 b6 b4 a5 a3 c6 O-O Qc7 g3 Ba6 Qc2 Bxd3 Qxd3 Rfb8 Rfc1 Qb7 Kg2 g6 Qc2 b5 Rcb1 axb4 axb4 Rxa1 Rxa1 Ra8 Qb2 Ra6 Rxa6 Qxa6 Ne5 Nb8 g4 Bf6 Kg3 Bg7 g5 h6 gxh6 Bxh6 Qa2 Qxa2 Nxa2 Bf8 Nc1 Kg7 Nb3 f6 Nd3 Be7 Na5 Kf7 h4 Kg7 Nb7 Kh6 Nd6 Nd7 Kh3 Nb8 Nc8 Bd8 Nd6 Be7 Nc8 Bd8 f5 e5 dxe5 fxe5 Nxe5 Bf6 Ng4+ Kg7 fxg6 Kxg6 h5+ Kg7 h6+ Kg6 Nxf6 Kxf6 Ne7 d4 Kg3
FIDE WCh KO,New Delhi IND,2000.11.30,2.1,"Macieja,B","Krasenkow,M",1/2-1/2,B30,e4 c5 Nf3 Nc6 Nc3 e5 Bc4 Be7 d3 d6 Nd2 Bg5 h4 Bxd2+ Bxd2 Nf6 a3 Be6 Nd5 Bxd5 exd5 Ne7 Qf3 O-O h5 Nd7 b4 f5 h6 g6 Bg5 Nf6 O-O Qc7 Rfb1 cxb4 axb4 f4 c3 Nf5 Ra3 Nd7 Rba1 a6 Qe4 Rae8 Re1 Qb6 Bb3 Ng3 Qf3 Rf5 Bxf4 Rxf4 Qxg3 Ref8 Ra2 Nf6 Bd1 Qc7 Ra3 Qd7 Bf3 Qf5 c4 Nh5 Bxh5 Qxh5 f3 Qxh6 c5 Rh4 Raa1 Rh1+ Kf2 Rxe1 Rxe1 Qd2+ Re2 Qxb4 cxd6 Qd4+ Kf1 Rf5 Qf2 Qxd5 Qb6 Rf6 Qd8+ Kg7 Qc7+ Rf7 Qc3 Qd4 Qa3 Rd7 Rc2 Rxd6 Rc7+ Rd7 Rc8 Kh6 Ke2 Qg1 Qf8+ Kg5 Rc4 Qxg2+ Ke3 Qg1+ Ke2 Qh2+ Ke3 h5 Qe8 Qh3 Qxe5+ Qf5 f4+ Kg4 Re4 Qxe5 Rxe5 Rd6 d4 b5 d5 a5 Rg5+ Kh3 Kf3 h4 Ke4
FIDE WCh KO,New Delhi IND,2000.11.30,2.1,"Kasimdzhanov,R","Tregubov,P",1-0,D31,d4 d5 c4 e6 Nc3 c6 e3 Bd6 Bd2 f5 g4 fxg4 Qxg4 Qe7 O-O-O Nf6 Qg2 O-O Nf3 Nbd7 Rg1 Kh8 Bd3 dxc4 Bxc4 e5 Bd3 Re8 Ng5 Nf8 Bc4 g6 Nf7+ Kg7 dxe5 Bxe5 e4 Bxc3 Bxc3 Be6 Nd6 Red8 Qg5 Rd7 Bxe6 Qxe6 Nf5+ Kf7 Nh6+ Ke8 Qxf6 Qxa2 Rxd7 Nxd7 Qh8+ Nf8 Qe5+ Ne6 Rd1
FIDE WCh KO,New Delhi IND,2000.11.30,2.1,"Bacrot,E","Svidler,P",1/2-1/2,A16,Nf3 Nf6 c4 g6 Nc3 d5 cxd5 Nxd5 Qa4+ Bd7 Qh4 Nxc3 dxc3 Nc6 e4 e5 Bg5 Be7 Bc4 h5 Bxe7 Qxe7 O-O-O Qxh4 Nxh4 Rf8 Rd2 O-O-O Rhd1
FIDE WCh KO,New Delhi IND,2000.11.30,2.1,"Gelfand,B","Dizdarevic,E",1-0,E61,d4 Nf6 c4 d6 Nf3 g6 Nc3 Bf5 d5 c5 Nd2 Bg7 e4 Bd7 Be2 O-O O-O Na6 f4 Ne8 Nf3 Nac7 e5 Rb8 a4 b6 Qe1 e6 Be3 Qe7 Bf2 f6 Bh4 Rd8 Rd1 Bc8 dxe6 Qxe6 Nd5 Rd7 Bxf6 Bxf6 Nxf6+ Nxf6 Ng5 Qe8 exf6 Rxf6 Qc3 Qf8 Bg4 d5 Bxd7 Bxd7 Qe5
FIDE WCh KO,New Delhi IND,2000.11.30,2.1,"Adianto,U",Peng Xiaomin,0-1,D79,Nf3 Nf6 c4 g6 g3 Bg7 Bg2 c6 O-O d5 cxd5 cxd5 d4 O-O Nc3 Ne4 Nxe4 dxe4 Ne5 Nd7 Bf4 Nf6 Qa4 Bf5 Rfd1 Nd5 Qb3 Nb6 f3 Be6 Qc2 g5 Be3 f6 Ng4 Qc8 Qxc8 Raxc8 Bh3 f5 Ne5 exf3 exf3 h6 Bf1 Nd5 Bf2 Rc2 Rab1 Rfc8 Bd3 R2c7 a3 Bf6 Re1 Kg7 Kg2 Nb6 Ng4 fxg4 Rxe6 gxf3+ Kxf3 Rd8 Re4 Nc4 Bxc4 Rxc4 Rbe1 Kf7 R1e2 Rd5 h4 gxh4 gxh4 h5 Rf4 Rb5 Ke4 Re5+ Kd3 Rxe2 Kxc4 Rxb2 d5 Rc2+ Kb5 Rd2 Kc4 b6 Rf3 Kg6 a4 Re2 Kb5 Re5 Kc6 Re4 Ra3 Bxh4 Bg1 Rg4 Bh2 Bf2 Bb8 a5 Ra2 Bc5 Bc7 Rb4 Kd7 h4 Bd8 Rd4 Kc6 h3 Rh2 Rh4 Bxb6 Bxb6 Kxb6 Kf5 Kxa5 Kg4 Kb5 Kg3 Rh1 Rd4 a5 Rxd5+ Kb6 h2 a6 Rd6+ Kb5 Kg2 a7 Rd8 Rd1 Ra8 Rd2+ Kg3 Rd3+ Kg4 Rd4+ Kg5 Rd5+ Kg6
FIDE WCh KO,New Delhi IND,2000.11.30,2.1,"Benjamin,Joe","Leitao,R",1/2-1/2,B52,e4 c5 Nf3 d6 Bb5+ Bd7 Bxd7+ Qxd7 c4 Nf6 Nc3 Nc6 d4 cxd4 Nxd4 g6 f3 Nxd4 Qxd4 Bg7 O-O O-O Qd3 a6 Bd2 Rfc8 b3 Rab8 Rac1 b5 Nd5 Nxd5
FIDE WCh KO,New Delhi IND,2000.11.30,2.1,"Sasikiran,K","Van Wely,L",0-1,D97,d4 Nf6 c4 g6 Nc3 d5 Nf3 Bg7 Qb3 dxc4 Qxc4 O-O e4 Na6 Be2 c5 d5 e6 O-O exd5 exd5 Bf5 Be3 Qb6 b3 Rfe8 Rad1 Rad8 h3 Qa5 Bd3 Bxd3 Rxd3 Nd7 Bg5 Rc8 Qb5 Qxb5 Nxb5 Bf8 a3 Nc7 Nxa7 Ra8 d6 Ne6 Nb5 Nxg5 Nxg5 Ra5 a4 c4 bxc4 Rxa4 Rc3 Rc8 Rfc1 Rb4 f4 Bg7 R3c2 Bb2 Re1 Rxb5 Re7 Bd4+ Kh2 Rxg5 fxg5 Rd8 Rd2 Bc5 Rd5 b6 g3 Kf8 Re2 Nb8 Red2 Rd7 Ra2 Nc6 Ra8+ Rd8 Rxd8+ Nxd8 Kg2 Nb7 d7 Ke7 Re5+ Kxd7 Re4 Nd6 Rh4 Be3 Rxh7 Bxg5 h4 Bf6 g4 Ke6 g5 Be5 Kf3 Nxc4 h5 gxh5 Rxh5 Kf5 Rh7 Nd6 Rh5 Bg7
FIDE WCh KO,New Delhi IND,2000.11.30,2.1,"Ivanov,AV","Serper,G",0-1,B42,e4 c5 Nf3 e6 d4 cxd4 Nxd4 a6 Bd3 Nf6 O-O d6 c4 b6 Nc3 Bb7 b3 Nbd7 Bb2 g6 Qd2 Bg7 Rfe1 O-O Rad1 Qc7 Bb1 Rad8 Nf3 Nc5 Qe2 Rfe8 b4 Ncd7 h3 d5 e5 Nh5 Qe3 d4 Rxd4 Bxf3 Rxd7 Rxd7 Qxf3 Bxe5 g4 Ng7 Kg2 f6 Rxe5 fxe5 Ne4 Rf8 Nf6+ Rxf6 Qxf6 Qxc4 Qxe5 Qd5+ Be4 Qxe5 Bxe5 Rd2 a4 Kf7 Bb7 Ra2 Bxa6 Rxa4 b5 Ne8 Kg3 Ke7 Bf4 Nd6 Be3 Ne4+ Kh4 Nc5 Kg5 Nxa6 bxa6 Rxa6 Kh6 Kf7
FIDE WCh KO,New Delhi IND,2000.11.30,2.1,"Ivanchuk,V","Ehlvest,J",1/2-1/2,A29,c4 Nf6 Nc3 e5 Nf3 Nc6 g3 Nd4 Bg2 Nxf3+ Bxf3 Bb4 Qb3 Qe7 a3 Ba5 Qc2 c6 b4 Bb6 c5 Bc7 d3 a5 Rb1 O-O O-O d5 cxd6 Bxd6 Qb2 axb4 axb4 Bh3 Rd1 h6 Be3 Rfc8 Rdc1 b5 Ne4 Nxe4 Bxe4 Qe6 Ra1 Rxa1 Rxa1 Bf5 Bxf5 Qxf5 Rc1 Qd7 Bc5 Re8 Bxd6 Qxd6 f3 f5 Rc5 Re6 Qc3 Kh7 Kg2 h5 Qc1 g6 Qc3 Kg8 Kf2 Kf7 Ke1 Qd4 Qxd4 exd4 Rc2 Ke7 Ra2 Kd6 Ra8 Kd5 Kd2 Rd6
FIDE WCh KO,New Delhi IND,2000.11.30,2.1,"Volkov,S","Leko,P",1/2-1/2,D80,d4 Nf6 c4 g6 Nc3 d5 Nf3 Bg7 Bg5 Ne4 Bf4 Nxc3 bxc3 c5 e3 O-O cxd5 cxd4 cxd4 Qxd5 Be2 Nc6 O-O Bf5 Qa4 Qa5 Qxa5 Nxa5 Rfc1 Rfc8 Kf1 Nc6 Ke1 Bf8 a3 Na5 Nd2 Bc2
FIDE WCh KO,New Delhi IND,2000.11.30,2.1,"Piket,Je","Nevednichy,V",1-0,E94,d4 Nf6 c4 d6 Nc3 g6 e4 Bg7 Nf3 O-O Be2 e5 O-O Na6 Re1 c6 Bf1 Bg4 d5 Nb4 Be2 a5 Be3 c5 Kh1 Kh8 Rg1 Ng8 a3 Na6 Rb1 Nc7 b4 axb4 axb4 b6 Ne1 Bd7 bxc5 bxc5 g4 Bh6 g5 Bg7 Nd3 f5 f3 Rf7 Ra1 Rf8 Rxa8 Qxa8 Qa1 Rb8 Qxa8 Rxa8 Rb1 Bc8 h4 h6 Rb6 Ne8 Nxc5 dxc5 Bxc5 Kh7 Kg2 Nc7 Bd6 Ne8 Bb4 Nc7 Kf2 Ne8 Bd3 f4 Bc2 Ngf6 gxf6 Bxf6 Rxf6 Nxf6 Bd6 Nd7 Ba4 g5 c5 gxh4 Bxd7 Bxd7 c6 Be8 Bxe5 Ra6 Kg2 Bxc6 dxc6 Rxc6 Kh3 Rc5 Nd5 Rc1 Kxh4 Rh1+ Kg4 h5+ Kxf4 Rg1 Bd4 Rg2 Ne3 Rd2 Bf6 Kg6 Bh4 Rd3 Nc4 Rc3 Ne5+ Kh6 Kf5 Ra3 Bg5+ Kh7 Bf6 Ra5 Kg5 Ra6 Ng6 Ra3 Nh4 Kg8 e5 Kf7 Kxh5
FIDE WCh KO,New Delhi IND,2000.11.30,2.1,"Smirin,I","Grischuk,A",1/2-1/2,C90,e4 e5 Nf3 Nc6 Bb5 a6 Ba4 Nf6 O-O Be7 Re1 b5 Bb3 d6 c3 O-O d3 Na5 Bc2 c5 Nbd2 Nc6 Nf1 Re8 h3 h6 Ng3 Be6 d4 cxd4 cxd4 exd4 Nxd4 Nxd4 Qxd4 Rc8 Bb3 d5 e5 Nd7 Nh5 Bc5 Qf4 Qg5 Qxg5 hxg5 Bxg5 Bd4 Re2 Bxe5 Nf4 Bxf4 Bxf4 Nc5 Bc2 d4 Rd2 Red8 f3 d3 Bd1 Na4
FIDE WCh KO,New Delhi IND,2000.11.30,2.1,"Malakhov,V","Dreev,A",1/2-1/2,B10,c4 c6 e4 d5 cxd5 cxd5 exd5 Nf6 Qa4+ Nbd7 Nc3 g6 Nf3 Bg7 Qb3 a6 a4 Nb6 Bc4 Nxc4 Qxc4 O-O O-O b6 Ne5 Bb7 Nc6 Qc7 d3 Rfc8 Be3 Bxc6 dxc6 Qd6 Ne4 Qxc6 Rac1 Qd7 Nxf6+ Bxf6 Qb3 Bd4 Rc4 Bxe3 fxe3 Qe6 Rxc8+ Rxc8 Qxe6 fxe6 Rf4 Rc1+ Rf1 Rc5 Rf4 Rc1+ Rf1 Rc6 Rf4 Rc1+
FIDE WCh KO,New Delhi IND,2000.11.30,2.1,"Gurevich,M","Minasian,Art",1/2-1/2,A36,c4 c5 g3 g6 Bg2 Bg7 Nc3 Nc6 d3 a6 e3 b5 Nge2 bxc4 dxc4 Bb7 O-O Nf6 b3 O-O Bb2 Rb8 Nf4 d6 Qe2 Nb4 Bxb7 Rxb7 Rfd1 Qc8
FIDE WCh KO,New Delhi IND,2000.11.30,2.1,"Lputian,S","Rublevsky,S",1-0,D02,d4 d5 Nf3 e6 g3 c5 Bg2 cxd4 O-O Nf6 Nxd4 e5 Nb3 Be6 Bg5 Nbd7 e3 h6 Bxf6 Nxf6 Qe2 Be7 Nc3 Qc8 Rad1 e4 Nd4 Bd7 f3 Bb4 Ndb5 a6 a3 Bc5 Nd4 Bxa3 fxe4 Bxb2 e5 Bxc3 exf6 g6 Bxd5 O-O Qd3 Kh7 Rf4 Rb8 Rh4 b5 Qe4
FIDE WCh KO,New Delhi IND,2000.11.30,2.1,"Almasi,Z","Vladimirov,E",1/2-1/2,C95,e4 e5 Nf3 Nc6 Bb5 a6 Ba4 Nf6 O-O Be7 Re1 b5 Bb3 O-O c3 d6 h3 Nb8 d4 Nbd7 Nbd2 Bb7 Bc2 Re8 Nf1 Bf8 Ng3 g6 a4 Bg7 Bd3 c6 Bg5 Qb6 b4 Qc7 Qd2 bxa4 dxe5 dxe5 Rxa4 a5 Be3 axb4 Rxa8 Rxa8 cxb4 Qd6 Qc3 Bf8 Rb1 Ba6 Ra1 Bb7 Rxa8 Bxa8 Bd2 Ne8 Bc4 Qe7 Qa1 Bb7 Qa7 Nd6 Bb3 Qe8 Bc3 h6 h4 Ba8 h5 g5 Qa1 c5 Nxe5 Nxe5 Bxe5 Nxe4 Nxe4 Bxe4 bxc5 Bxc5 Qc3 Bf8 Qc4
FIDE WCh KO,New Delhi IND,2000.11.30,2.1,"Akopian,V","Aleksandrov,A",1/2-1/2,A13,c4 e6 g3 d5 Bg2 dxc4 Qa4+ Nd7 Qxc4 a6 Qb3 Ne7 Nc3 c5 d3 Nf5 Nf3 Be7 O-O O-O Bf4 Ra7 Rfc1 b6 Qa4 Bb7 e4 Nd6 h4 h6 h5 Qe8 Qd1 Nb5 Ne2 Bd6 a4 Bxf4 gxf4 Nd6 Ng3 Ba8 a5 bxa5 Ne5 Qb8 Ne2 Rd8 Qc2 Nxe5 fxe5 Nb5 f4 Rad7 Qxc5 Rxd3 Rxa5 Bb7 Raa1 Rd2 Rc2 Rxc2 Qxc2 Qa7+ Kh2 Qe3 Rd1 Rxd1 Qxd1 Bxe4 Bxe4 Qxe4 Ng3 Qd4 Qc2 Qxf4 Qc8+ Kh7 Qc2+ Kg8 Qc8+ Kh7 Qc2+ g6 hxg6+ fxg6 Qc5 h5 Kh3 Kh6 Qc8 Qxe5 Qxa6 g5 Qc8 g4+ Kg2 Qxb2+ Kh1 Qf6 Qe8 Qh4+ Kg2 Qh3+ Kf2 Qh2+ Kf1 Qh3+ Kf2 Qh2+ Kf1 Qxg3 Qxe6+ Kg5 Qe7+ Kf4 Qf7+ Ke4 Qc4+ Ke3 Qb3+ Kf4 Qf7+ Ke5 Qxh5+ Ke4 Qxb5 Qc7 Qe2+ Kf5 Qd3+ Kg5 Qd5+ Kh4 Qh1+ Kg5 Qd5+ Kf4 Qd4+
FIDE WCh KO,New Delhi IND,2000.11.30,2.1,"Tkachiev,V","Lesiege,A",1-0,D27,d4 d5 c4 dxc4 e3 Nf6 Bxc4 e6 Nf3 c5 O-O a6 Bb3 cxd4 exd4 Nc6 Nc3 Be7 Bg5 O-O Qd2 Na5 Bc2 b5 Qf4 Bb7 Rad1 g6 Bh6 Nh5 Qg4 f5 Qh3 Rc8 d5 b4 dxe6 Bd6 Rfe1 Re8 Ba4 Re7 Bd7 bxc3 Rxd6 cxb2 Bg5 Rc4 Rdd1 Qc7 Rb1 Kf8 Ne5 Be4 Bxe7+ Kxe7 Nxc4 Nxc4 Rxb2 Qa5 Rbe2 Ne5 Qe3 Nd3 Qg5+ Nf6 Rf1 Qe5 f3 Nf4 Rxe4 Qc5+ Kh1 Nd3 Ree1 Qb4 Qe3
FIDE WCh KO,New Delhi IND,2000.11.30,2.1,"Galkin,A","Beliavsky,A",1/2-1/2,B07,e4 d6 d4 Nf6 Nc3 g6 f3 c6 Be3 b5 Qd2 Nbd7 Nge2 Bg7 Nf4 O-O Be2 Qc7 O-O Rb8 b3 a6 Rac1 Bb7 a4 Rfd8 Rfd1 e5 dxe5 dxe5 Nd3 Nf8 Qe1 Ne6 Nc5 Nd4 Nxb7 Rxb7 Bf1 Bf8 Bg5 Be7 Qh4 Nh5 Bxe7 Qxe7 Qxe7 Rxe7 Kf2 Nf4 g3 Nfe6 Bh3 Kf8 axb5 axb5 Bxe6 Rxe6 Ne2 Red6
FIDE WCh KO,New Delhi IND,2000.11.30,2.1,"Lutz,C","Khalifman,A",1/2-1/2,B31,e4 c5 Nf3 Nc6 Bb5 Nf6 e5 Nd5 O-O g6 Re1 Bg7 Nc3 Nc7 Bxc6 dxc6 Ne4 Ne6 d3 O-O Be3 b6 Qd2 f5 exf6 exf6 Bh6 a5 Bxg7 Kxg7 Qc3 Ra7 a3 a4 b4 axb3 Qxb3 Nf4 Rab1 Ra6 a4 Be6 Qb2 Bd5 Nfd2 Kg8 Nf3 f5 Ned2 g5 Qe5 Rxa4 Qe7 Qxe7 Rxe7 Ng6 Rc7 g4 Ne1 b5 c4 bxc4 dxc4 Bf7 Rxc6 Rd8
FIDE WCh KO,New Delhi IND,2000.11.30,2.1,"Nisipeanu,LD","Georgiev,Ki",1/2-1/2,B84,e4 c5 Nf3 d6 d4 cxd4 Nxd4 Nf6 Nc3 a6 Be2 Nbd7 Be3 e6 f4 b5 Bf3 Bb7 e5 Bxf3 Nxf3 Ng4 Bd4 dxe5 fxe5 Qc7 Qe2 Bc5 Bxc5 Qxc5 O-O-O Qe3+ Rd2
FIDE WCh KO,New Delhi IND,2000.11.30,2.1,"Movsesian,S","Iordachescu,V",1-0,B19,e4 c6 d4 d5 Nc3 dxe4 Nxe4 Bf5 Ng3 Bg6 h4 h6 Nf3 Nf6 Ne5 Bh7 Bd3 Bxd3 Qxd3 e6 Bd2 Be7 O-O-O O-O f4 Nbd7 Qf3 Qc7 c4 c5 d5 Rae8 Rhe1 exd5 cxd5 Bd6 Bc3 Nxe5 fxe5 Rxe5 Bxe5 Bxe5 Nf5 Rd8 d6 Bxd6 Rxd6
FIDE WCh KO,New Delhi IND,2000.11.30,2.1,"Nataf,IA","Short,N",1/2-1/2,C01,e4 e6 d4 d5 Nc3 Bb4 exd5 exd5 Bd3 Nc6 a3 Bxc3+ bxc3 Nf6 Ne2 O-O O-O Re8 Bg5 h6 Bh4 Na5 Qd2 Qd6 Bg3 Qc6 Qf4 Re7 Bh4 Kf8 Bxf6 Qxf6 Qxf6 gxf6 Nf4 Rd7 g4 Rd6 f3 Bd7 Kf2 Rc8 Rg1 c5 h4 cxd4 cxd4 Nc6 Ne2 Ne7 Rab1 Rc7 c3 Nc8 g5 fxg5 hxg5 Ne7 gxh6 Rxh6 Rh1 Rxh1 Rxh1 Kg8 Rg1+ Kf8 Rh1 Nc8 Rh5 Nb6 Ke3 Ke7 Kd2 Be6 Nf4 Kd6 Rh6 Ke7 Bf1 Rc6 Rh5
FIDE WCh KO,New Delhi IND,2000.11.30,2.1,"Azmaiparashvili,Z","Baklan,V",1-0,A43,d4 Nf6 Nf3 c5 d5 g6 Nc3 d6 h3 Bg7 e4 O-O Bd3 a6 a4 Nbd7 O-O Rb8 Qe2 Ne8 Bf4 Nc7 Rad1 f6 Bg3 Qe8 Rb1 b6 Nd2 Ne5 Bxe5 fxe5 b4 cxb4 Rxb4 a5 Rb3 Bd7 Nc4 Na8 Nb2 Rc8 Ba6 Rc5 Nd3 Rc7 Nb5 Bxb5 Bxb5 Qc8 Bc6 Rxc6 dxc6 Qxc6 Nb2 Rc8 Rd1 Bf6 Rdd3 Kg7 Kh2 d5 exd5 Qxc2 Qxc2 Rxc2 Rdc3 Rxc3 Rxc3 e4 Rc2 Nc7 d6 Be5+ Kg1 Bxd6 Nc4 Bc5 Nxa5 e3 fxe3 Bxe3+ Kf1 Nd5 Nc6 Kf6 Ke2 Ke6 Rc4 Bc5 Nd4+ Kd6 Nb5+ Kc6 Nc3 Nf6 Kd3 Nd7 Ke4 Kd6 Nb5+ Ke6 Nd4+ Kd6 Nb3 Ba3 Rd4+ Ke6 Rd1 Bb2 Kd3 Ne5+ Kc2 Ba3 Nd4+ Kf7 Kb3 Bc5 Nf3
FIDE WCh KO,New Delhi IND,2000.11.30,2.1,"Yermolinsky,A",Xu Jun,1-0,D15,d4 d5 Nf3 Nf6 c4 c6 Nc3 a6 c5 Nbd7 Bf4 Nh5 e3 g6 Bd3 Bg7 O-O f6 h3 e5 Bh2 e4 g4 exd3 gxh5 Nf8 e4 Bxh3 Re1 Kf7 exd5 cxd5 Qb3 Qd7 Nxd5 Be6 Rxe6 Nxe6 Nc7 Rac8 Nxe6 Qxe6 Qxb7+ Qe7 Qb3+ Qe6 Qb7+ Qe7 Qxa6 Rhd8 Re1 Qd7 Qc4+ Qd5 hxg6+ hxg6 Qxd5+ Rxd5 Rd1 g5 Rxd3 g4 Ne1 f5 b4 Bxd4 Kg2 Ke6 a4 Ra8 a5 Bxc5 bxc5 Rxc5 Rd6+ Ke7 Rh6 Rcxa5 Nd3 R8a6 Rh7+ Ke8 Bc7 Rb5 Nf4 Rf6 Rh8+ Kf7 Ra8 Rc6 Bd8 Rbc5 Ra7+ Ke8 Be7 Re5 Bg5 Kf8 Kg3 Rb5 Re7 Rb3+ Kg2 g3 f3 Kg8 Nd5 f4 Bxf4 Rb2+ Kxg3 Rg6+ Kh4 Rf2 Re3 Kf7 Re7+ Kf8 Re3 Rf1 Kh5 Rc6 Bg5 Kf7 f4 Re6 Ra3 Re4 Kg4 Ke6 Ne3 Rf2 Ra6+ Kd7 Nd5 Re6 Nf6+
FIDE WCh KO,New Delhi IND,2000.12.01,2.2,"Nevednichy,V","Piket,Je",0-1,C43,e4 e5 Nf3 Nf6 d4 Nxe4 Bd3 d5 dxe5 Nc6 O-O Be7 Nc3 Bf5 Qe1 Nb4 Nd4 Bg6 f4 c5 f5 Nxd3 cxd3 cxd4 fxg6 hxg6 Nxe4 dxe4 Qxe4 Qb6 b3 O-O Bb2 Rad8 Rac1 Bg5 Rc4 Be3+ Kh1 Rfe8 Ba3 f5 Qf3 Rxe5 Bb2 Re6 Qd1 Rc6 Ba3 Rdc8 Qf3 Qb5 h3 Qe5 Re1 Rxc4 bxc4 Qa5
FIDE WCh KO,New Delhi IND,2000.12.01,2.2,"Iordachescu,V","Movsesian,S",1-0,B51,e4 c5 Nf3 Nc6 Bb5 d6 O-O Bd7 Re1 Nf6 c3 a6 Bf1 Bg4 h3 Bxf3 Qxf3 g6 Qd1 Bh6 Na3 O-O Nc2 Rc8 Rb1 d5 e5 Nd7 b4 Qc7 bxc5 Nxc5 d4 Bxc1 Rxc1 Ne6 Ne3 Rfd8 g3 Qa5 Bg2 Rd7 Qb3 Qd8 f4 Na5 Qb1 Ng7 f5 e6 f6 Ne8 Bf1 Nc7 Qb2 Na8 h4 Nb6 h5 Na4 Qd2 Rdc7 hxg6 fxg6 Bh3 Qd7 Rf1 Kh8 Ng4 Rf8 Nh6 Nc6 f7 Nd8 Rf3 Qe7 Rcf1 b5 R1f2 a5 Bf1 b4 cxb4 Qxb4 Qf4 Qe7 Bd3 Kg7 Ng8 Qxf7 Nf6 Kh8 Rh2 Qg7 Nxh7 Rxf4 Nf6+ Qh7 Rxh7+ Rxh7 Rxf4 g5 Rf2 Rb7 Rh2+ Kg7 Rh7+ Kf8 Rh8+ Ke7 Re8+
FIDE WCh KO,New Delhi IND,2000.12.01,2.2,"Georgiev,Ki","Nisipeanu,LD",1/2-1/2,E15,d4 Nf6 c4 e6 Nf3 b6 g3 Ba6 b3 Bb7 Bg2 Bb4+ Bd2 a5 O-O O-O Nc3 d6 Qc2 Nbd7 Rfd1 Re8 Nb5 Bxd2 Nxd2 Bxg2 Kxg2 e5 Nf1 Nf8 e4 exd4 Rxd4 Ne6 Rd2 Nc5 f3 g5 h3 h5 g4 Ne6 Ng3 Nf4+ Kh2 Nd7 Nxh5 Nxh5 gxh5 Qf6 Rg1 Ne5 Rf2 Qf4+ Rg3 Rac8 Kg2 Kh7 Nc3 c6 Ne2 Qh4 Qd2 Qxh5 Qxd6 Re6 Qd2 Rg8 f4 gxf4 Qxf4 Rxg3+ Nxg3 Rg6 Kh2 Qg5 Qxg5 Rxg5 Rf5 Rxf5 Nxf5 Nd3 Ne7 Nc1 Nxc6 Nxa2 Kg3 Nc1 Nd4 Nd3 Kf3 Kg6 Ke3 Nc5 Kf4 f6 h4 Kh5 Kf5 Kxh4 Kxf6 Nxe4+ Ke5 Nd2 Kd5 Kg4 Kc6 a4 bxa4 Nxc4
FIDE WCh KO,New Delhi IND,2000.12.01,2.2,"Khalifman,A","Lutz,C",1/2-1/2,E32,d4 Nf6 c4 e6 Nc3 Bb4 Qc2 O-O a3 Bxc3+ Qxc3 b6 Bg5 Bb7 e3 d6 f3 Nbd7 Bd3 c5 Ne2 Rc8 Qb3 d5 cxd5 Bxd5 Qd1 cxd4 Nxd4 Bc4 O-O h6 Bh4 Bxd3 Qxd3 Ne5 Qe2 Ng6 Bg3 Nd5 Rad1 Qe7 Qd2 Rfd8 e4 Nf6 Bf2 Qd7 Be3 Qa4
FIDE WCh KO,New Delhi IND,2000.12.01,2.2,"Minasian,Art","Gurevich,M",1/2-1/2,B30,e4 e6 d3 c5 Nf3 Nc6 g3 Nge7 Bg2 g6 h4 h6 O-O Bg7 c3 e5 Be3 d6 Qd2 Bg4 Na3 h5 Nc2 O-O d4 exd4 cxd4 d5 exd5 Nxd5 Bg5 Qd6
FIDE WCh KO,New Delhi IND,2000.12.01,2.2,Xu Jun,"Yermolinsky,A",1/2-1/2,E01,c4 c5 Nf3 Nf6 d4 cxd4 Nxd4 e6 g3 d5 Bg2 e5 Nf3 d4 O-O Nc6 e3 Be7 exd4 exd4 Nbd2 O-O Nb3 d3 Be3 Bg4 h3 Bh5 g4 Bg6 Nfd4 Nxd4 Bxd4 a5 a4 Rc8 f4 Rxc4 Bxf6 Bxf6 f5 d2 Kh1 Bg5 Qe2 Rb4 Nc5 Re8 Qd3 Qxd3 Nxd3 Rd4 fxg6 hxg6 Nf2 Rc8 Rad1 f5 Bxb7 Rc1 Kg2 Rxa4 Bd5+ Kh7 Be6 Be3 Nd3 Raa1 Bb3 a4 Nxc1 dxc1=Q Rxc1 Bxc1 Bc2 Bxb2 Rxa1 Bxa1 Bxa4 Kh6
FIDE WCh KO,New Delhi IND,2000.12.01,2.2,"Vladimirov,E","Almasi,Z",1/2-1/2,D35,d4 d5 c4 c6 Nf3 Nf6 Nc3 e6 cxd5 exd5 Bg5 h6 Bh4 Bf5 Qb3 g5 Bg3 Qb6 Nd2 Nbd7 e3 Nh5 Be2 Nxg3 hxg3 Bg7 Rc1 O-O Na4 Qa5 Nc5 Nxc5 Rxc5 Qb6 g4 Qxb3 Nxb3 Bd7 Rc2 b6
FIDE WCh KO,New Delhi IND,2000.12.01,2.2,"Rublevsky,S","Lputian,S",1/2-1/2,C05,e4 e6 d4 d5 Nd2 Be7 Ngf3 Nf6 e5 Nfd7 Bd3 c5 c3 Nc6 O-O a5 Re1 cxd4 cxd4 Qb6 Nb1 Nxd4 Nxd4 Qxd4 Nc3 Qb6 Qg4 O-O Bh6 g6 Nb5 Nc5 Qd4 Bd7 Bxf8 Rxf8 a4 f6 exf6 Bxf6 Qe3 Bxb2 Ra2 Bf6 Rc1 d4 Qg3 Nxd3 Qxd3 Bc6 Re2 e5 Nd6 Qb4 Ne4 Be7 Qh3 Bd5 Ree1 Qxa4 Nc5 Qa2 Qg3 Bxc5 Rxc5 d3 Rc7 d2 Rf1 Qb2 Qh4 Rf7 Qd8+ Kg7 Rd7 Rxd7 Qxd7+ Bf7 Rd1 Qc1 Qxd2 Qxd2 Rxd2 a4 Rd7 a3 Rxb7 a2 Ra7 h5 Kf1 Kf6 Ke2 Bd5 g3 Kg5 Ra4 Bb3 Ra5 Kg4 h4 Kh3 Ke3 Kg2 Ra3 Bd5 Ra6 Bc4 Ra5 Bd5 Ra3 Kh2 Ra6 Kg2 Ra5 Kh2 Ke2 Kg2 Ra3 Bc4+ Ke3 Bd5 Ra5 Kf1
FIDE WCh KO,New Delhi IND,2000.12.01,2.2,"Baklan,V","Azmaiparashvili,Z",1/2-1/2,C60,e4 e5 Nf3 Nc6 Bb5 g6 d4 exd4 Bg5 Be7 Bxe7 Qxe7 O-O Qb4 Bxc6 dxc6 c3 dxc3 Nxc3 Bg4 h3 Rd8 Qe2 Bxf3 Qxf3 Qe7 e5 Nh6 g4 O-O Qg3 Kh8 Rae1 Rfe8 Re2 Ng8 Rfe1 Qc5 Kh2 Rd4 f4 Qc4 f5 Rd3 Qf2 gxf5 Qxf5 Re6 Re4 Rd2+ Kg3 Qd3+ R1e3 Qd8 Rf4 Qe7 Qxf7 Rxe5 Qxe7 Rxe7 Rxe7 Nxe7 Rf7 Rd3+ Kg2 Nd5 Ne4 Kg8 Rf2
FIDE WCh KO,New Delhi IND,2000.12.01,2.2,"Dreev,A","Malakhov,V",1/2-1/2,D37,d4 d5 c4 e6 Nf3 Nf6 Nc3 Be7 Bf4 O-O e3 Nbd7 c5 c6 Bd3 b6 b4 a5 a3 Ba6 O-O Bxd3 Qxd3 Qc8 h3 Qb7 Rab1 axb4 axb4 Ra3 Qc2 Rfa8 Rfc1 Bd8 b5 R3a5 bxc6 Qxc6 cxb6 Nxb6 Ne5 Qe8 Bg5 Nc8 e4 dxe4 Nxe4 Nxe4 Bxd8 Rd5 Nc6 Ned6 Ra1 Rxa1 Rxa1 Nf5 Ra8 Nb6 Rb8 Nd7 Rc8 Nb6 Rb8 Nd7 Rc8
FIDE WCh KO,New Delhi IND,2000.12.01,2.2,"Grischuk,A","Smirin,I",1/2-1/2,B43,e4 c5 Nf3 e6 d4 cxd4 Nxd4 a6 Nc3 b5 Bd3 Qb6 Nf3 Nc6 O-O Qb8 Re1 Nge7 Be3 d6 Qd2 Ng6 Nd4 Nxd4 Bxd4 Ne5 f4 Nc6 Bf2 Be7 Nd5 exd5 exd5 Ne5 fxe5 dxe5 Qe2 O-O Bd4 exd4 Qxe7 g6 Qf6 Bb7 d6 Bd5 Qxd4 Be6 Rxe6 fxe6 c4 bxc4 Bxc4 h5 Rc1 Ra7 Bxe6+ Kh7 h4 Rb7 d7 Rxb2 Bh3
FIDE WCh KO,New Delhi IND,2000.12.01,2.2,"Short,N","Nataf,IA",1/2-1/2,B25,e4 c5 Nc3 Nc6 g3 g6 Bg2 Bg7 d3 e5 f4 d6 Nf3 Nge7 O-O O-O Be3 Nd4 Qd2 Bg4 Rf2 Qd7 Raf1 exf4 Bxf4 Nxf3+ Bxf3 Bxf3 Rxf3 b5 Bh6 b4 Bxg7 Kxg7 Nd1 f6 Ne3 Qe6 a3 a5 Rf4 Rf7 Qg2 Raf8 g4 Kh8 Kh1 Nc6 Nd5 Ne7 Ne3 Nc6 Nc4 Ne5 Nxa5 bxa3 bxa3 Ra8 Nb3 Rxa3 d4 cxd4 Nxd4 Qc4 Rd1
FIDE WCh KO,New Delhi IND,2000.12.01,2.2,"Dizdarevic,E","Gelfand,B",0-1,A11,Nf3 Nf6 g3 g6 c4 Bg7 Bg2 O-O O-O c6 Qc2 d5 b3 d4 d3 c5 b4 cxb4 a3 Nc6 Nbd2 bxa3 Bxa3 Qc7 Rfb1 Rd8 Nb3 e5 Nfd2 Rb8 Nc5 b6 Qa4 bxc5 Qxc6 Rxb1+ Rxb1 Qa5 Rb8 Qxa3 Rxc8 Rxc8 Qxc8+ Bf8 Nf3 Qa1+ Bf1 Qa4 Nxe5 Qe8 Qc7 a5 Bg2 Kg7 f4 Qe6 Bh3 Bd6 Qd8 Qe7 Qxe7 Bxe7 Nf3 a4 Ne1 a3 Nc2 a2 g4 Bd8
FIDE WCh KO,New Delhi IND,2000.12.01,2.2,"Svidler,P","Bacrot,E",1/2-1/2,C95,e4 e5 Nf3 Nc6 Bb5 a6 Ba4 Nf6 O-O Be7 Re1 b5 Bb3 d6 c3 O-O h3 Bb7 d4 Re8 Nbd2 Bf8 Bc2 Nb8 a4 Nbd7 Bd3 c6 Nf1 d5 Bg5 dxe4 Rxe4 Be7 Re2 exd4 Nxd4 g6 axb5 cxb5 Bc2 Nd5 Qd2 Bxg5 Rxe8+ Qxe8 Qxg5 Qe5 Qxe5 Nxe5 Nd2 Rd8 Be4 b4 cxb4
FIDE WCh KO,New Delhi IND,2000.12.01,2.2,"Tregubov,P","Kasimdzhanov,R",1-0,D17,d4 d5 c4 c6 Nf3 Nf6 Nc3 dxc4 a4 Bf5 Nh4 e6 Nxf5 exf5 e3 Bb4 Bxc4 O-O Bd2 Nbd7 h3 f4 O-O fxe3 fxe3 c5 Be1 Rc8 Bb3 Qe7 Qf3 Rce8 Bf2 Bxc3 bxc3 Ne4 Be1 Ndf6 Ra2 Ng5 Qf4 h6 h4 Nge4 g4 c4 Bxc4 Rc8 Bb3 Nxc3 Rh2 Rfe8 g5 Nfd5 Qf3 Qxe3+ Qxe3 Rxe3 Bxc3 Nxc3 Bxf7+ Kh8 Rc2 Rd8 g6 Rxd4 Be6 Rd8 Rcf2 Rg3+ Kh2 Rxg6 Rf8+ Rxf8 Rxf8+ Kh7 Bg8+ Kh8 Bb3+ Kh7 Bc2 h5 Rd8
FIDE WCh KO,New Delhi IND,2000.12.01,2.2,"Krasenkow,M","Macieja,B",1/2-1/2,A33,Nf3 c5 c4 Nc6 Nc3 Nf6 d4 cxd4 Nxd4 e6 Bf4 d5 cxd5 Nxd5 Nxc6 bxc6 Bd2 Bb4 Rc1 Rb8 b3
FIDE WCh KO,New Delhi IND,2000.12.01,2.2,"Vaganian,R","Bareev,E",1-0,D49,d4 d5 c4 c6 Nc3 Nf6 Nf3 e6 e3 Nbd7 Bd3 dxc4 Bxc4 b5 Bd3 a6 e4 c5 e5 cxd4 Nxb5 Nxe5 Nxe5 axb5 Bxb5+ Bd7 Nxd7 Qa5+ Bd2 Qxb5 Nxf8 Rxf8 a4 Qc4 Qf3 Rc8 b3 Qc2 Bb4 Rg8 O-O Nd5 Ba3 Qc3 Qh5 Qc6 Rad1 g5 Qxh7 Nf6 Qd3 Rd8 Rc1 Qb7 Rfe1 Rh8 Qf5 Nd5 Qxg5 Ne7 Qe5 Rg8 g3 Rd5 Qf4 Rd7 Bxe7 Kxe7 Red1 Qd5 Qh4+ Qg5 Qxg5+ Rxg5 f4 Rgd5 Kf2 f6 Kf3 e5 fxe5 fxe5 Ke4 Ke6 Rc6+ R7d6 Rdc1 d3 Rxd6+ Rxd6 Rd1 d2 a5 Rd5 a6 Rd4+ Ke3 Rd6 Rxd2 Rxa6 b4 Ra3+ Rd3 Ra2 Rb3 Rxh2 b5 Kd7 b6 Kc8 Ke4 Rh5 g4 Rg5 b7+ Kb8 Kf3 Rg7 Kg3 Rg8 Rb1 Rg7 Rb6 Re7 Rb3 Rg7 Rb1 Rg8 Rb2 Rg7 Kh4 Re7 Kg5 Re8 Rb3 Rf8 Kg6 e4 Re3
FIDE WCh KO,New Delhi IND,2000.12.01,2.2,"Topalov,V","Kharlov,A",1-0,D26,d4 d5 Nf3 e6 c4 dxc4 e3 Nf6 Bxc4 c5 O-O Nc6 Qe2 cxd4 Rd1 Be7 Nc3 O-O Nxd4 Nxd4 exd4 Qe8 Nb5 Qd8 Nc3 Qe8 Nb5 Qd8 Bf4 Bd7 Nc7 Rc8 d5 Rxc7 d6 Rc6 dxe7 Qxe7 Bb5 Rb6 Bxd7 Nxd7 Qd2 e5 Be3 Nc5 b4 Ne4 Qc2 Rxb4 a3 Rd4 Bxd4 exd4 Re1 d3 Qc4 Nd6 Qxd3 Qf6 Rad1 Nf5 Qd7 g6 Qxb7 a6 Rc1 Nd4 Rc8 Rxc8 Qxc8+ Kg7 Qc5 Nc6 h3 h5 Rd1 Ne5 Rd5 Nc6 Rd6
FIDE WCh KO,New Delhi IND,2000.12.01,2.2,"Ehlvest,J","Ivanchuk,V",1/2-1/2,D78,d4 Nf6 Nf3 g6 g3 Bg7 Bg2 d5 O-O O-O c4 c6 cxd5
FIDE WCh KO,New Delhi IND,2000.12.01,2.2,"Leko,P","Volkov,S",1-0,C14,e4 e6 d4 d5 Nc3 Nf6 Bg5 Be7 e5 Nfd7 Bxe7 Qxe7 f4 O-O Nf3 c5 dxc5 Nc6 Bd3 f5 exf6 Qxf6 g3 Nxc5 O-O Bd7 Qd2 Rad8 Rae1 Be8 a3 Bh5 Ne5 Nxe5 Rxe5 Bg4 Qg2 Rc8 h3 Nxd3 cxd3 Bf5 Rf3 d4 Nb5 Rc1+ Kh2 Rd8 Qd2 Ra1 g4 Bxg4 hxg4 Qh4+ Rh3 Rh1+ Kxh1 Qxh3+ Kg1 Qxg4+ Qg2 Qxf4 Qg5 Qf8 Rxe6 Rc8 Nd6 h6 Qd5 Kh8 Nxc8 Qxc8 Qe4 Qc1+ Kh2 Qc2+ Kg3
FIDE WCh KO,New Delhi IND,2000.12.01,2.2,"Onischuk,Al","Shirov,A",1/2-1/2,A28,c4 e5 Nc3 Nf6 Nf3 Nc6 e3 Bb4 Qc2 Bxc3 Qxc3 Qe7 a3 d5 d4 exd4 Nxd4 Nxd4 Qxd4 c5 Qh4 Be6 cxd5 Nxd5 Bb5+ Bd7 Qxe7+ Kxe7 Be2 Rhd8 e4 Nc7 Be3 Ne6 Bc4
FIDE WCh KO,New Delhi IND,2000.12.01,2.2,"Adams,Mi",Dao Thien Hai,1/2-1/2,C42,e4 e5 Nf3 Nf6 Nxe5 d6 Nf3 Nxe4 d4 d5 Bd3 Nc6 O-O Be7 c4 Nb4 Be2 O-O Nc3 Bf5 a3 Nxc3 bxc3 Nc6 Re1 Bf6 Bf4 Na5 cxd5 Qxd5 Ne5 c5 Bg4 Bxg4 Nxg4 Qd8 Nxf6+ Qxf6 Be5 Qc6 dxc5 Rfe8 Qg4 f6 Bd6 Rxe1+ Rxe1 Re8 Rxe8+ Qxe8 h3 Nc6 Kh2 g6 Qc4+ Kg7 Qb5 Qd7 f3 Kf7 Qb3+ Kg7 Qb5 Kf7 h4 Kg7 Qe2 Kf7 Qd2 Kg8 Qh6 Qf7 Qf4 Kg7 Qe4 Qd7 Kg3 Qf7 Qg4 Qe8 Kf2 Kf7 Qf4 Kg7 Qc4 Qd7 g4 Qe8 Qd5 Qf7 c4 Na5 Bf4 Qe7 Bd2 Nc6 Bc3 Kf8 g5 fxg5 hxg5 Qc7 Kg2 Qe7 Kf1 Qe3 Bf6 a6 Qd6+ Ke8 Qd5 Kf8 Qd6+
FIDE WCh KO,New Delhi IND,2000.12.01,2.2,"Milos,G","Morozevich,A",0-1,D15,d4 d5 c4 c6 Nc3 Nf6 e3 a6 Nf3 b5 cxd5 cxd5 Ne5 e6 Bd2 Be7 Be2 O-O O-O Bb7 Nd3 Nc6 Bf3 Bd6 Qe2 Re8 Rfd1 e5 dxe5 Nxe5 Nxe5 Bxe5 Qd3 b4 Ne2 a5 Qb3 Ba6 Nd4 Qb8 g3 Bc4 Qa4 Ne4 Be1 Nc5 Qc2 b3 axb3 Nxb3 Rab1 Nxd4 exd4 Bb3 Qd3 Bf6 Rdc1 Ba2 Ra1 Bc4 Qd2 Ra6 Rcb1 a4 Qd1 Qb5 Bc3 h6 h4 Be2 Bxe2 Rxe2 Qf1 Rae6 Re1 Rxe1 Rxe1 Qxf1+ Kxf1 Rxe1+ Kxe1 h5 Kd2 Kh7 Ke3 g5 hxg5 Bxg5+ Kd3 Kg6 Ba5 f5 Kc3 f4 Kb4 fxg3 fxg3 Bc1 Ka3 Kf5 Bd8 Ke4 Be7 Kd3 Bd8 Kc2 Kxa4 Bxb2 Kb5 Kd3 Kc5 Ke4 Bf6 Ba3+ Kc6 Bb4 Bg7 Bc3 Kc5 Be1 Be5 Bf2 Kd6 Bxd4 Bf4 Bf2 Ke6 d4 Kf6 h4
FIDE WCh KO,New Delhi IND,2000.12.01,2.2,"Anand,V","Bologan,V",1-0,C95,e4 e5 Nf3 Nc6 Bb5 a6 Ba4 Nf6 O-O Be7 Re1 b5 Bb3 d6 c3 O-O h3 Nb8 d4 Nbd7 Nbd2 Bb7 Bc2 Re8 Nf1 Bf8 Ng3 c5 d5 c4 Bg5 Qc7 Nf5 Kh8 g4 Ng8 Qd2 Nc5 Be3 Bc8 Ng3 Rb8 Kg2 a5 a3 Ne7 Rh1 Ng6 g5 b4 axb4 axb4 cxb4 Na6 Ra4 Nf4+ Bxf4 exf4 Nh5 Qb6 Qxf4 Nxb4 Bb1 Rb7 Ra3 Rc7 Rd1 Na6 Nd4 Qxb2 Rg3 c3 Nf6 Re5 g6 fxg6 Nd7 Be7 Nxe5 dxe5 Qf7 h6 Qe8+
FIDE WCh KO,New Delhi IND,2000.12.01,2.2,"Aleksandrov,A","Akopian,V",1-0,E45,d4 Nf6 c4 e6 Nc3 Bb4 e3 b6 Ne2 Ba6 a3 Bxc3+ Nxc3 d5 b3 O-O Be2 Nc6 a4 Qd7 O-O Rfd8 Nb5 Na5 Bb2 dxc4 bxc4 c6 Na3 c5 dxc5 Qe7 Qc2 Qxc5 Rfd1 Bb7 Bf1 Qh5 f3 Qg5 Kf2 h5 Nb5 h4 Rxd8+ Rxd8 Rd1 Ra8 c5 h3 g3 bxc5 Bc3 Nc4 Bxc4 Bxf3 Kxf3 Qg4+ Kf2 Qxc4 Kg1 Nd5 e4 Nb6 Nd6 Qxa4 Qe2 Qb3 Rc1 Rd8 e5 Nd5 Be1 Rb8 Bf2 Qa3 Rf1 g6 Nxf7 Rf8 Qe4 Ne7 Ng5 Qb4 Rb1 Qd2 Nxh3
FIDE WCh KO,New Delhi IND,2000.12.01,2.2,"Beliavsky,A","Galkin,A",1-0,D47,d4 d5 c4 e6 Nc3 c6 e3 Nf6 Nf3 Nbd7 Bd3 dxc4 Bxc4 b5 Bd3 Bb7 a3 b4 Ne4 Nxe4 Bxe4 bxa3 bxa3 Bd6 Nd2 Qc7 Nc4 Be7 O-O O-O Rb1 Nf6 Bf3 Ba6 Qc2 Rac8 e4 Nd7 Be2 c5 d5 exd5 exd5 Bxc4 Bxc4 Nb6 Rb3 Bf6 Be3 Be5 g3 Rcd8 Bd3 c4 Bxh7+ Kh8 Rxb6 axb6 Qf5 g5 Qh3 Kg7 Bxg5 Rd6 Be4 Rh8 Qf5 Rd7 Re1 c3 Bc2 Rxd5 Bf6+ Bxf6 Qxd5 Qd8 Qe4 Qd7 h4 Rh5 Rd1 Qh3 Rd6 Re5 Qh7+ Kf8 Qh6+ Ke8 Rd8+
FIDE WCh KO,New Delhi IND,2000.12.01,2.2,"Chernin,A","Gulko,B",1/2-1/2,A40,d4 e6 c4 Bb4+ Bd2 a5 Nf3 d6 g3 Nc6 Bg2 e5 O-O Nge7 d5 Nb8 Bxb4 axb4 Ne1 O-O Nd2 c5
FIDE WCh KO,New Delhi IND,2000.12.01,2.2,"Van Wely,L","Sasikiran,K",1-0,E92,d4 Nf6 c4 g6 Nc3 Bg7 e4 d6 Nf3 O-O Be3 c6 Be2 e5 d5 Ng4 Bg5 f6 Bh4 c5 O-O h5 h3 Nh6 Ne1 Na6 Nd3 Nb4 Ne1 Nf7 a3 Na6 Nd3 Qe8 b4 Bd7 Re1 b6 b5 Nc7 a4 Qe7 a5 Bh6 Ra3 Ng5 Kh1 Qg7 Bf1 Nh7 Bg3 Rfe8 f4 h4 Bh2 Red8 Re2 exf4 Nxf4 Ng5 Rea2 Rac8 axb6 axb6 Nd3 Nf7 Ra7 f5 Na4 Na8 exf5 Bxf5 Qa1 Re8 Nab2 Qf8 Nf4 Ne5 Ne6 Bxe6 dxe6 Nc7 Na4 Bg7 Qb1 Rxe6 Nxb6 Rce8 Rxc7 Ng4 Bg1 Re1 Qxg6 Rxf1 Rxg7+
FIDE WCh KO,New Delhi IND,2000.12.01,2.2,"Lesiege,A","Tkachiev,V",1/2-1/2,D28,d4 d5 c4 dxc4 e3 e6 Bxc4 Nf6 Nf3 c5 Qe2 a6 dxc5 Bxc5 O-O b5 Bd3 Nc6 Rd1 Qc7 a4 bxa4 Nc3 Bb7 Nxa4 Bd6 Bd2 O-O Rdc1 Rfd8 Rc2 Qb8 Nb6 Ra7 Nc4 Nb4 Bxb4 Bxb4 Nfe5 a5 Rac1 g6 f4 Ba8 Na3 Bxa3 bxa3 Qd6 a4 Qe7 Bb5 Be4 Rc3 Qd6 Nc6 Bxc6 Rxc6 Qb4 R6c4 Qe7 e4 e5 Qf3 Kg7 h3 Nh5 f5 Nf6 g4 h6 fxg6 fxg6 Qe3 Rb7 g5 hxg5 Qxg5 Nh5 Qxe7+ Rxe7 h4 Nf6 R1c2 Kh6 Rg2 Nh5 Rgc2 Rd1+ Kh2 Rf7 Rc5 Rf4 Rxe5 Rxh4+ Kg2 Rdh1 Rf2
FIDE WCh KO,New Delhi IND,2000.12.01,2.2,"Leitao,R","Benjamin,Joe",1-0,E11,d4 Nf6 c4 e6 Nf3 Bb4+ Nbd2 d6 a3 Bxd2+ Qxd2 Nbd7 e3 e5 dxe5 dxe5 b4 Qe7 Qc3 b6 Bb2 Ne4 Qc2 Bb7 c5 bxc5 Bb5 O-O O-O Ng5 Nxg5 Qxg5 f4 Qe7 bxc5 Qxc5 Qxc5 Nxc5 Rac1 c6 Bxc6 Bxc6 Rxc5 Rfc8 Rfc1 Bb7 Rc7 Rxc7 Rxc7 Be4 Bxe5 a6 Kf2 Rd8 Bd4 h6 g4 Rb8 Re7 Bc6 Ra7 Ra8 Rc7 Be4 h4 Re8 h5 Bd5 g5 hxg5 fxg5 Be6 g6 Ra8 Kg3 Ba2 Kf4 Be6 Kg5 Rd8 Ra7 Bc4 h6 gxh6+ Kxh6 Rc8 gxf7+ Bxf7 Rxa6 Bd5 Ra5 Rc6+ Kg5 Bc4 Ra7 Bd3 Rb7 Kf8 Kf4 Re6 Rc7 Ke8 a4 Ra6 Rc3 Be2 Ra3 Kd7 a5 Re6 Rb3 Ba6 Bb6 Rf6+ Ke5 Re6+ Kf5 Bc4 Ra3 Ba6 Ra1 Bd3+ Kf4 Re4+ Kf3 Re6 Bd4 Ba6 Rb1 Kc7 Kf4 Kd7 Rb2 Rc6 Rb8 Rc8 Rb6 Rc6 Rb2 Re6 e4 Bd3 e5 Ba6 Ke4 Rc6 Rh2 Bc4 Bb6 Ke6 Kd4 Bb5 Bc5 Ba6 Rh7 Bb5 Re7+ Kf5 Kd5 Ra6 Bb6 Ra8 Rf7+ Kg6 Rf2 Rc8 e6 Rc1 e7 Be8 a6 Bf7+ Kd6 Rd1+ Kc7 Rc1+ Kb8 Rb1 Kb7 Re1 Bc5 Rb1+ Kc6 Be8+ Kc7 Rc1 a7 Rxc5+ Kd8 Ra5 Kxe8 Rxa7 Kf8
FIDE WCh KO,New Delhi IND,2000.12.01,2.2,Peng Xiaomin,"Adianto,U",0-1,B01,e4 d5 exd5 Nf6 Nf3 Nxd5 d4 g6 Be2 Bg7 O-O O-O c3 Nd7 Re1 c5 c4 N5f6 d5 b5 a4 bxc4 a5 Ba6 Nc3 Rb8 h3 Ne8 Bf1 Nd6 Ra2 Nf5 Ne4 Nd4 Be3 Nxf3+ Qxf3 Bd4 Qd1 Bxe3 Rxe3 Rb4 Qd2 Qb8 d6 e6 h4 Qb7 h5 Rb8 Qc3 e5 hxg6 hxg6 Ng5 Qd5 Re1 Rb3 Qc2 Kg7 Rd1 Rd3 Raa1 Qxd6 Bxd3 cxd3 Qc3 Qd5 Nh3 Rb3 Qd2 Bb7 f3 Qd4+ Kh1 c4 Rab1 Nf6 Qf2 Qd5 Ng5 Qxa5 Qh4 Qc5 Rbc1 Bd5 Rc3 Rb8 Nh3 Qd4 Qf2 Be6 Rd2 Bxh3 Qxd4 exd4 Rxc4 Bd7 Kg1 Bb5 Rxd4 Rc8 Kf2 Rc1 b4 a6 Ke3 Bc4 Rb2 Nd5+ Kd2 Rg1 Rxc4 Rxg2+ Kc1 Rxb2 Kxb2 d2 Rd4 Ne3 Rxd2 Nc4+ Kc3 Nxd2 Kxd2 Kf6 Kd3 Ke5 Kc4 Kd6 Kd4 g5 Ke4 Ke6 Kd4 f5 Kc5 g4 fxg4 fxg4 Kd4 g3
FIDE WCh KO,New Delhi IND,2000.12.01,2.2,"Serper,G","Ivanov,AV",1-0,B07,d4 g6 e4 Bg7 Nf3 d6 c3 Nf6 Bd3 Nbd7 O-O e5 Re1 O-O Bg5 h6 Bh4 b6 a4 a6 Nbd2 Bb7 Qc2 Qe8 Rad1 Nh5 Nc4 Nf4 Bf1 f5 dxe5 Bxe4 Qd2 Nxe5 Qxf4 Bxf3 gxf3 g5 Qe3 f4 Qe4 Qxa4 Qd5+ Nf7 Re7 Rac8 Bh3 Qb5 Rxf7 Qxd5 Rxf8+ Rxf8 Rxd5 gxh4 Rh5 b5 Na5 Re8 Kf1 Rb8 Ke2 b4 Nc6 Re8+ Kd2 bxc3+ bxc3 Bf6 Ra5 Ra8 Bf1 Kf7 Rxa6 Rxa6 Bxa6 Ke6 Kd3 d5 Bb7 Kd6 Nb4 Ke5
FIDE WCh KO,New Delhi IND,2000.12.02,2.4,"Movsesian,S","Iordachescu,V",1/2-1/2,B06,e4 g6 d4 Bg7 Nc3 c6 h3 d6 Be3 Qb6 a3 Nf6 Nf3 O-O Be2 Qc7 a4 e5 dxe5 dxe5 O-O Qe7 Bc4 Nbd7 Qd2 Nc5 Bg5 Be6 Bxe6 Nxe6 Rad1 Rad8 Qe3 Nxg5 Qxg5 Rxd1 Rxd1 Re8 Qe3 b6 Ne1 Nd7 Nd3 Nf8 b4 Ne6 b5 Qa3 Qd2 Nd4 Kh2 cxb5 axb5 Qa5 Nd5 Qxd2 Rxd2 Nxb5 N3b4 Nd4 c3 Nb3 Ra2 Na5 Nc7 Rc8 Nbd5 Bf8 Nb5 Nc6 Ra6 Bc5 f3 Kg7 g4 h6 Kg3 Rd8 h4 Rd7 Kg2 Be7 Kg3 Bd8 Kh3 Kf8 Kg3 Be7 Kh3 Ke8 h5 Kf8 Kg3 Kg7 Kh3 Bd6 Nxb6 axb6 Rxb6 Be7 Rxc6 Rd2 Nc7 Bg5 hxg6 Bf4 g5 Rh2+ Kg4 Rg2+ Kh3 Rh2+ Kg4 Rg2+ Kh3 Rh2+
FIDE WCh KO,New Delhi IND,2000.12.02,2.3,"Khalifman,A","Lutz,C",1-0,A29,c4 Nf6 Nc3 e5 Nf3 Nc6 g3 d5 cxd5 Nxd5 Bg2 Nb6 O-O Be7 Rb1 g5 b4 g4 Ne1 Nxb4 Nc2 Nc6 Bxc6+ bxc6 d4 f6 dxe5 Qxd1 Rxd1 fxe5 Ba3 a5 Bxe7 Kxe7 Ne1 Ba6 Nd3 Bxd3 exd3 Rhd8 Ne4 Nd5 Rbc1 Ra6 a3 h5 Re1 Rb6 Nd2 Kf6 Nc4 Rb3 Rxe5 Rxd3 Rxh5 Rc3 Rxc3 Nxc3 Ne3 Rd4 Rc5 Nb5 Rxc6+ Kf7 Rc5 c6 Nc4 Ke6 Kg2 a4 h3 gxh3+ Kxh3 Nd6 Nb6 Nb5 Rxc6+ Kf7 Rc4 Rd2 Rf4+ Kg7 Nxa4 Nxa3 Nc5 Nc2 Ne4 Rd5 Rg4+ Kf7 Rg5 Rd4 Rc5 Ne1 Ng5+ Kf6 g4 Nd3 Rf5+ Kg6 f3 Nf4+ Kg3 Nh5+ Kh4 Rd1 Nh3 Ng7 Nf4+ Kh7 Rd5 Rf1 Rd3 Ra1 Rd7 Kg8 Nd5 Ne6 Re7 Nd4 f4 Kf8 Re4 Nf3+ Kg3 Nd2 Re2 Ra3+ Ne3 Ne4+ Kf3 Nd6 Rc2 Kf7 Rc7+ Ke8 f5 Nf7 Kf4 Nd6 Nd5 Ra4+ Kg5 Nf7+ Kf6 Nd6 g5 Ra5 Ke6 Ra6 Nf6+ Kf8 Nd7+ Kg8 Nb8 Rb6 Rc6
FIDE WCh KO,New Delhi IND,2000.12.02,2.3,Dao Thien Hai,"Adams,Mi",0-1,E15,d4 Nf6 c4 e6 Nf3 b6 g3 Ba6 Nbd2 Bb4 Qc2 Bb7 Bg2 Be4 Qb3 Bxd2+ Bxd2 O-O O-O d6 Rfd1 Nbd7 Rac1 Re8 Bh3 Qe7 Be3 a5 Nd2 Bb7 Qc2 c5 dxc5 bxc5 f3 h6 Bf2 Ne5 Bg2 Nc6 Nb1 e5 Nc3 Nd4 Qd2 Bc6 Qe1 a4 Rd2 Qb7 Qd1 Ra6 Nb5 Nxb5 cxb5 Bxb5 e4 Qb8 g4 Nh7 h4 Nf8 g5 hxg5 hxg5 Ne6 Be3 g6 Bh3 Nd4 Rf2 Bc6 Bg4 Rb6 Qd2 Kg7 Kg2 Rh8 Kg3 Rb4 Rg1 d5 Rc1 Qd6 Rh2 Rbb8 Rch1 dxe4 f4 Rbd8 Rxh8 Rxh8 Rxh8 Kxh8 fxe5 Qxe5+ Bf4 Qd5 Qh2+ Kg8 Kh3 Bd7 Qd2 Bxg4+ Kxg4 Qf5+ Kg3 Ne6 Be3 Qf3+ Kh2 Nd4 Bxd4 cxd4 Qxd4 Qh5+ Kg3 Qxg5+ Kf2 Qf4+ Ke2 Qf3+ Kd2 a3 b4 Qg2+ Kc1 Qxa2 b5 Qb3 b6 a2 Qb2 Qe3+ Kc2 Qf2+
FIDE WCh KO,New Delhi IND,2000.12.02,2.3,"Shirov,A","Onischuk,Al",1-0,C88,e4 e5 Nf3 Nc6 Bb5 a6 Ba4 Nf6 O-O Be7 Re1 b5 Bb3 O-O h3 Bb7 d3 d6 a3 Qd7 Nc3 Rae8 Be3 Bd8 Ne2 d5 Ng3 d4 Bd2 Kh8 c4 Ng8 Rc1 g6 cxb5 axb5 Rc5 f6 Rxb5 Ba6 Rd5 Qc8 Qc2 Nce7 Rc5 c6 Ba5 Bxa5 Rxa5 Qb7 Bxg8 Rxg8 b4 Ra8 Qb3 Qd7 a4 Rgb8 Rc5 Rb7 Rec1 Rab8 Ra5 Rb6 Qf7 Qd6 Rxe5 Ng8 Re6 Qxb4 Rexc6 Rxc6 Rxc6 Rb7 Qd5 Qxa4 Kh2 Bxd3 Rc8 Rg7 e5 Qa6 Rd8 Bc4 Qxd4 fxe5 Nxe5 Be6 Ne4 Qa7 Nc5 Qe7 f4 Ba2 Ne4 Qa7 Qc3 Qc7 Qd4 Qa7 Qd2 Bb3 Nd6 Qa2 Qc3 Bd5 Qg3 Qa5 Qg5 h6 Qxh6+
FIDE WCh KO,New Delhi IND,2000.12.02,2.3,"Ehlvest,J","Ivanchuk,V",1/2-1/2,A48,d4 Nf6 Nf3 g6 Bf4 Bg7 e3 O-O Be2 d6 h3 Nbd7 O-O b6 c4 Bb7 Nc3 Ne4 Nxe4 Bxe4 Qd2 e5 Bh2 Qe7 Rad1 Rfd8 Qc1 a5 b3
FIDE WCh KO,New Delhi IND,2000.12.02,2.3,"Almasi,Z","Vladimirov,E",0-1,E12,d4 Nf6 c4 e6 Nf3 b6 Nc3 Bb7 a3 d5 Bg5 Be7 e3 O-O Rc1 Nbd7 cxd5 exd5 Be2 c5 O-O a6 Ne5 cxd4 Nxd7 Qxd7 Qxd4 h6 Bh4 Bc5 Qd1 g5 Bg3 Qe6 b4 Be7 Qd4 Rac8 Na4 Nd7 h3 f5 Bf3 Bf6 Qd2 Be5 Bxe5 Nxe5 Qd4 g4 hxg4 fxg4 Be2 Nf3+ gxf3 gxf3 Bxf3 Rxf3 Rxc8+ Qxc8 Nxb6 Qf5 Rc1 Rh3 Rc7 Qb1+
FIDE WCh KO,New Delhi IND,2000.12.02,2.3,"Krasenkow,M","Macieja,B",1/2-1/2,E11,d4 Nf6 c4 e6 Nf3 Bb4+ Bd2 Qe7 Qc2 Bxd2+ Nbxd2 d6 e4 e5 dxe5 dxe5 c5 O-O h3 a5 Rc1 Bd7 Bc4 Bc6 O-O Na6 Bxa6 Rxa6 Rfe1 a4 Qc3 Nd7 Re3 Rfa8 Ne1 Bb5 Qb4 c6 Qa3 Nf8 Nc4 Bxc4 Rxc4 Ne6 Rd3 Ra5 Rd6 Nd4 Qb4 Rb5 Qa3 Rba5 Qb4
FIDE WCh KO,New Delhi IND,2000.12.02,2.3,"Tregubov,P","Kasimdzhanov,R",1/2-1/2,D17,d4 d5 c4 c6 Nf3 Nf6 Nc3 dxc4 a4 Bf5 Nh4 e6 Nxf5 exf5 Bg5 Bb4 e3 Qa5 Bxf6 Bxc3+ bxc3 Qxc3+ Ke2 gxf6 g3 Na6 Kf3 f4 Rc1 Qa5 Bxc4 fxe3 fxe3 Nb4 Kg2 Nd5 Re1 O-O-O e4 Nb6 Bxf7 Kb8 Qd3 Rd7 Be6 Rd6 Bb3 Rhd8 Qc3 Qxc3 Rxc3 Rxd4 a5 Nd7 a6 Ne5 axb7 Kxb7 Be6 Rb4 Re2 Rd6 Bg8 h6 Ra3 Rd8 Be6 Rd6 Bg8 a6 Rea2 Rb6 Kh3 Rd4 Rf2 Rd6 Rfa2 Ka7 Ra4 Rd8 Be6 Rd6 Bg8 Rd8 Be6 Re8 Bg4 Nxg4 Kxg4 Re5 Rd2 a5 Rd6 Kb7 Rxf6 Rb4 Ra3 h5+ Kf3 a4 Rc3 c5 Re3 Rb3 Kf4 Rxe3 Kxe3 a3 Rf2 Re8 Ra2 Ra8 Kd3 Kc6 Kc4 Kd6 h3 Ra5 g4 h4 Kb3 Rb5+ Kc3 Ra5 Kb3 Rb5+ Kc3 Rb4 Rxa3 Rxe4 Kd3 Kd5 Ra8 Rd4+ Ke3 Kc4 g5 Rd3+ Kf4 Rxh3 Rh8 Kb3 Kg4 Rg3+ Kxh4 Rg1 Rb8+ Kc3
FIDE WCh KO,New Delhi IND,2000.12.02,2.3,"Svidler,P","Bacrot,E",1-0,C95,e4 e5 Nf3 Nc6 Bb5 a6 Ba4 Nf6 O-O Be7 Re1 b5 Bb3 d6 c3 O-O h3 Bb7 d4 Re8 Nbd2 Bf8 Bc2 Nb8 b3 Nbd7 d5 c6 c4 Rc8 a4 b4 dxc6 Bxc6 Nf1 a5 Ng3 Nc5 Nh2 g6 Ra2 h5 Nf3 Qc7 Bb1 Qb7 Rae2 Be7 Bc2 Nh7 Nf1 Nf8 Ng5 Bxg5 Bxg5 Nfe6 Bc1 Nd4 Re3 Nce6 Bb2 Rcd8 f3 h4 Rd3 Qe7 Qd2 Nxc2 Qxc2 Rd7 Ne3 Qg5 Kh1 Red8 Bc1 Qh5 Ng4 Kg7 Bh6+ Kh8 Be3 Kg7 Bb6 Rb8 Bxa5 f5 exf5 gxf5 Nxe5 dxe5 Rxe5 Qg6 Rxd7+ Bxd7 Qd2 Rb7 Bxb4 Kh7 Bc3 Bc8 b4 Rg7 Ra5 Rd7 Rd5 Rf7 Be5 f4 Qd3 Rf5 b5 Ng5 Rd8 Nf7 Rxc8 Nxe5 Qd8 Nf7 Qxh4+ Nh6 Rc6 Qg7 b6 Rf7 a5 Re7 Rxh6+
FIDE WCh KO,New Delhi IND,2000.12.02,2.3,"Nataf,IA","Short,N",1/2-1/2,C45,e4 e5 Nf3 Nc6 d4 exd4 Nxd4 Bc5 Nxc6 Qf6 Qd2 bxc6 Nc3 Nh6 h3 O-O Bd3 d6 O-O Qg6 Qg5 a5 Na4 Bd4 c3 Ba7 b3 f5 Qxg6 hxg6 Bb2 fxe4 Bxe4 d5 Bd3 Bf5 Rad1 Bxd3 Rxd3 Nf5 Ba3 Nd6 Bc5 Rfe8 Bxa7 Rxa7 Rd2 Raa8 f3 Re3 Kf2 Rae8 Rc1 Kf7 Nc5 g5 a4 Kg6 Rdc2 R3e7 Rd1 Rb8 Re2 Rxe2+ Kxe2 Nb7 Na6 Ra8 Nxc7 Rc8 Na6 Ra8
FIDE WCh KO,New Delhi IND,2000.12.02,2.3,"Smirin,I","Grischuk,A",0-1,D34,c4 e6 Nc3 d5 d4 c5 cxd5 exd5 Nf3 Nc6 g3 Nf6 Bg2 Be7 O-O O-O dxc5 Bxc5 Bg5 d4 Bxf6 Qxf6 Nd5 Qd8 Nd2 Re8 Rc1 Bb6 Nc4 Bg4 Re1 Bc5 a3 a6 b4 Ba7 Nf4 Rc8 Qb3 Bb8 Nd5 Bxe2 Ncb6 d3 Qa2 Rc7 Nxc7 Bxc7 Nd5 Bb8 Qd2 Nd4 Rc3 Ba7 Nf4 Nb3 Rxd3 Bxd3 Rxe8+ Qxe8 Qxd3 Qe1+ Qf1 Bxf2+ Kh1 Qxf1+ Bxf1 Kf8 Bg2 b6 Bb7 a5 Bd5 Nd2 bxa5 bxa5 Kg2 Bd4 a4 Ke7 Nd3 f5 Bg8 h6 Ba2 g5 Bg8 Kd6 Ba2 Be3 Bf7 f4 gxf4 gxf4 h4 Ke7 Bd5 Kd6 Bf7 Ke7 Bd5 Kf6 Kh3 Kf5 Bc6 Nb1 Bf3 Nc3 Bc6 Ne2 Bb7 Nd4 Bd5 Nc2 Bb3 Nb4 Nxb4 axb4 Bc2+ Ke5 Kg4 h5+ Kf3 Bb6 Bg6 b3 Bxh5 Kf6
FIDE WCh KO,New Delhi IND,2000.12.02,2.3,"Malakhov,V","Dreev,A",1-0,A12,c4 c6 Nf3 d5 e3 Nf6 b3 Bg4 Bb2 Nbd7 h3 Bh5 Be2 e6 O-O Bd6 Nc3 O-O cxd5 exd5 g4 Bg6 Nd4 c5 Nf3 Re8 d4 a6 Kg2 cxd4 Nxd4 Rc8 Rc1 Bb8 Bd3 Ne4 Nce2 Rxc1 Bxc1 Ndc5 Bc2 Qd6 f4 Nf6 Nf5 Bxf5 Bxf5 Ba7 g5 Nfe4 Nd4 g6 Bg4 Nc3 Qc2 N5e4 Ne2 Nxe2 Qxe2 f5 gxf6 Nxf6 Bf3 Kg7 Qd3 Qc5 Re1 Rc8 Bb2 Qc2+ Qe2 Kf7 Bxf6 Kxf6 Bxd5 Bxe3 Bxb7 Rc3 Qxc2 Rxc2+ Kf3 Bc5 Bxa6 Rf2+ Ke4 Rxa2 Bc4 Rh2 Bf1 Bb4 Rc1 Bd6 Kf3 Rb2 Rc6 Ke7 Rb6 Rf2+ Kxf2 Bc5+ Kf3 Bxb6 Ke4 Kd6 Bc4 h6 Bf7 g5 f5 Ke7 Bh5 Ba5 Kd5 Kf6 Bg6 h5 Ke4 g4 hxg4 hxg4 Kf4 Bb4 Kxg4 Bd6 Be8 Ke7 Bb5 Kf6 Bc4 Bc5
FIDE WCh KO,New Delhi IND,2000.12.02,2.3,"Bareev,E","Vaganian,R",1/2-1/2,D37,d4 d5 c4 e6 Nc3 Be7 Nf3 Nf6 Bf4 O-O e3 Nbd7 c5 Nh5 Bg3 c6 Bd3 g6 b4 b6 O-O bxc5 bxc5 Nxg3 hxg3 e5 Qa4 Qc7 Be2 exd4 exd4 Bf6 Rac1 Rb8 Bd3 Kg7 Rfe1 h5 Ne2 Rh8 Rb1 Rxb1 Rxb1 Nf8 Ba6 Ne6 Bxc8 Rxc8 Qa6 Nd8 Nf4 Rb8 Qd3 Rxb1+ Qxb1 h4 Kh2 hxg3+ fxg3 Qc8 Qe1 Ne6 Qe3 Nxf4 Qxf4 Qh8+ Kg1 Qe8 Kf2 Qe4 Qxe4 dxe4 Ne5 Bxe5 dxe5 f5 Ke3 Kf7 g4 Ke6 Kd4 e3 Kxe3 Kxe5 gxf5 Kxf5 Kf3 a5 a4 Ke5 Kg4 Kd5 Kg5 Kxc5 Kxg6 Kd4 g4 c5 g5 c4 Kf6 c3 g6 c2 g7 c1=Q g8=Q Qf4+ Ke6 Kc5 Qg1+ Kb4 Qd1 Qe3+ Kd5 Qc5+ Ke4 Qc6+ Ke3 Qe6+ Kd2 Qa2+ Ke3 Qa3+ Ke4
FIDE WCh KO,New Delhi IND,2000.12.02,2.3,"Minasian,Art","Gurevich,M",0-1,B30,e4 e6 d3 c5 Nf3 Nc6 g3 Nge7 Bg2 g6 h4 h6 c3 Bg7 O-O e5 Be3 d6 a3 O-O b4 b6 b5 Na5 c4 Be6 Nc3 f5 Nh2 Rc8 Bd2 Qd7 Rb1 fxe4 Bxe4 Nb7 Qc1 Nf5 Nd5 Nd4 Re1 Bf5 Bxh6 Nd8 Bg5 Rf7 Rb2 N8e6 Be3 Rcf8 Qd1 Bh8 Nc3 Nf4 gxf4 exf4 Bxd4 Bxd4 Rc2 Bxe4 Nxe4 f3 Ng5 Rf4 Re4 d5 cxd5 Qxd5 Qf1 R4f5 Rg4 Kg7 Rc1 Re8 Re1 Re2 Ne4 Qe6 Rg3 Bxf2+ Qxf2 Rxf2 Kxf2 Qa2+ Ke3 Qxh2 Rxf3 Rxf3+ Kxf3 Qxh4 Rg1 Qd8 Ke2 Qd4 Rc1 Qb2+ Kd1 Qxb5 Rc3 Qb1+ Kd2 Qb2+ Ke3 Qa1 Kf4 Kf7 Ke5 Kg7 Kd5 g5 Kc6 g4 Kb7 g3 Rc2 Qh1 Kxa7 g2 Rxg2+ Qxg2 Kxb6 c4
FIDE WCh KO,New Delhi IND,2000.12.02,2.3,"Iordachescu,V","Movsesian,S",1/2-1/2,B51,e4 c5 Nf3 Nc6 Bb5 d6 O-O Bd7 Re1 Nf6 c3 a6 Bf1 Bg4 d3 e6 Nbd2 Be7 h3 Bh5 Be2 d5 exd5 Nxd5 Ne4 O-O d4 Bxf3 Bxf3 cxd4 cxd4 Rc8 a3 Nc7 Be3 Nb5 Nc5 Nbxd4 Nxb7 Nxf3+ Qxf3 Qc7 Nc5 Ne5 Qg3 Bxc5 Bxc5 Qxc5 Qxe5
FIDE WCh KO,New Delhi IND,2000.12.02,2.3,"Georgiev,Ki","Nisipeanu,LD",1/2-1/2,E16,d4 Nf6 c4 e6 Nf3 Bb4+ Bd2 a5 Nc3 b6 g3 Bb7 Bg2 O-O O-O d6 Qc2 Nbd7 Rad1 Re8 Bc1 Bxc3 Qxc3 a4 Rfe1 h6 b3 Qb8 b4 b5 cxb5 Be4 a3 Qxb5 Bf1 Ra6 Qa1 Qh5 Nh4 g5 Nf3 Bc2 Rd2 Rc6 d5 Rc4 Nd4 Bh7 dxe6 fxe6 e4 Ne5 Bxc4 Nxc4 Rde2 Ne5 Qc3 g4 h4 gxh3 Bf4 c5 bxc5 dxc5 Bxe5 cxd4 Bxd4 e5 Bb6 Rb8 Ba7 Rb3 Qc8+ Kg7 Bc5 h2+ Kh1 Bxe4+ Rxe4 Nxe4 Qd7+ Kh8 Qd8+ Kh7 Qe7+ Kh8 Qf8+ Kh7 Qe7+ Kh8 Qd8+ Kh7 Qd7+ Kh8 Qd8+
FIDE WCh KO,New Delhi IND,2000.12.02,2.3,Peng Xiaomin,"Adianto,U",1-0,B19,e4 c6 d4 d5 Nc3 dxe4 Nxe4 Bf5 Ng3 Bg6 h4 h6 Nf3 Nd7 h5 Bh7 Bd3 Bxd3 Qxd3 Ngf6 Bd2 e6 O-O-O Bd6 Ne4 Qc7 g3 Nxe4 Qxe4 O-O-O Qe2 Rhe8 Kb1 e5 dxe5 Nxe5 Nd4 Qd7 Bc1 Qg4 f3 Qd7 f4 Ng4 Qf3 f5 Rd3 c5 Nb3 Qc6 Qxc6+ bxc6 Rc3 Nf2 Rg1 Ne4 Rc4 Bf8 Ra4 Rd7 Na5 Re6 Nc4 Kb7 Ne3 Rf7 Ra3 c4 Ra4 c3 Nc4 Rd7 Ne5 Rd5 Be3 c5 Ra3 Bd6 Nc4 Be7 bxc3 Bf6 Kb2 a6 Rb3+ Kc7 Rb1 Rd7 Ka3 Nxc3 Rb7+ Kd8 Rb8+ Kc7 R1b7+ Kc6 Na5+ Kd6 Bxc5+ Kxc5 Rxd7 Nb5+ Ka4 Nd6 Rc7+ Kd5 c4+ Ke4 Rc6 Kf3 Rb3+ Kg4 Rxa6 Be7 Nc6 Bf8 Ne5+ Kxh5 Rb1 Rxe5 fxe5 Nxc4 e6 Nd2 Rb7 Ne4 Rc6 Nc5+ Rxc5 Bxc5 e7 Bxe7 Rxe7 g5 Kb3 Kg4 a4 Kxg3 a5 f4 a6 f3 a7 f2 Rf7
FIDE WCh KO,New Delhi IND,2000.12.02,2.3,"Gulko,B","Chernin,A",1/2-1/2,A19,c4 Nf6 Nc3 e6 e4 c5 e5 Ng8 Nf3 d6 exd6 Bxd6 d4 cxd4 Nxd4 a6 Be2 Nf6 O-O O-O Bg5 Be7 Bf4 Qa5 Qc2 e5 Nf5 Bxf5 Qxf5 Nc6 Be3 Bc5 Bg5 Nd4 Qd3 e4 Qd1 Nxe2+ Qxe2 Bxf2+ Rxf2 Qxg5 Nxe4 Nxe4 Qxe4 Qc5 Re1 b5 cxb5 axb5 a3 Rad8 Qe3 Qxe3 Rxe3 Rd1+ Rf1 Rd2 Rb3 Rd5 h3 Re8 Rbf3 f6 Rf5 Rd2 R1f2 Re1+ Kh2 Rxf2 Rxf2 b4 a4 b3 Rf3 Ra1 Rxb3 Rxa4 Rb7 h5 Kg3 Kh7 Kf3 Kg6 g3 h4 g4 Rc4 Re7 Rb4 Re2 Rb3+ Kg2 Kg5 Rf2 g6 Kh2 f5 gxf5 gxf5 Rc2 Rb4 Kg2 Kf4 Rf2+ Kg5 Rd2 Rb3 Rc2 Rb5 Kf3 Rb3+ Kg2 Kg6 Kh2 f4 Kg2 Rg3+ Kh2 Rb3 Kg2 Kf5 Rc3 Rxb2+ Kf3 Rb5 Ra3 Re5 Rb3
FIDE WCh KO,New Delhi IND,2000.12.02,2.4,"Lutz,C","Khalifman,A",1/2-1/2,B33,e4 c5 Nf3 e6 Nc3 Nc6 d4 cxd4 Nxd4 Nf6 Ndb5 d6 Bf4 e5 Bg5 a6 Na3 b5 Bxf6 gxf6 Nd5 Bg7 Bd3 Ne7 c3 Nxd5 exd5 f5 Nc2 O-O a4 bxa4 Rxa4 a5 O-O Bd7 Ra3 Qg5 f4 exf4 Qf3 Rab8 b4 axb4 cxb4 Be5 Kh1 Rfc8 Rb1 Qg4 b5 Rb6 Ra6 Rcb8 Rxb6 Rxb6 Qf2 f3 gxf3 Qf4 Rb4 Qc1+ Qg1+ Qxg1+ Kxg1 Kg7 Kg2 Kf6 f4 Bc3 Rb3 Ba5 Nd4 Rb8 Nc6 Rg8+ Kf3 Bb6 Ra3 Re8 Bf1 Bc5 Rb3 Bb6 h3 Ra8 Be2 Bc8 Bd3 Bb7 Rb2 Ra3 Ke2 Ra4 Rb4 Ra2+ Kd1 Rh2 Bf1 Rh1 Ke2 Rh2+ Kd3 Rf2 Be2 Rh2 Bf1 Rf2
FIDE WCh KO,New Delhi IND,2000.12.02,2.4,"Adams,Mi",Dao Thien Hai,1-0,B42,e4 c5 Nf3 e6 d4 cxd4 Nxd4 a6 Bd3 Nc6 Nxc6 bxc6 O-O d5 c4 d4 e5 Ne7 Nd2 Ng6 Nf3 c5 Be4 Ra7 b4 cxb4 Nxd4 Nxe5 Bf4 Ng6 Be3 Rd7 Bc6 Be7 a3 bxa3 c5 O-O Bxd7 Qxd7 Nb3 Qc7 Rxa3 Bb7 Qe2 Bf6 Rxa6 Be5 g3 Bd5 Nd2 Ne7 Nf3 Bf6 Rb6 Nf5 Rd1 h5 Rxd5 exd5 Qd3 Nxe3 Qxe3 Rd8 Rb5 d4 Qd3 Qc6 h4 Ra8 Kh2 g6 Rb6 Qxc5 Rxf6
FIDE WCh KO,New Delhi IND,2000.12.02,2.4,"Onischuk,Al","Shirov,A",1/2-1/2,A28,c4 e5 Nc3 Nf6 Nf3 Nc6 e3 Bb4 Qc2 Bxc3 Qxc3 Qe7 a3 d5 d4 exd4 Nxd4 Nxd4 Qxd4 O-O c5 b6 b4 bxc5 bxc5 Qe6 Bd3 Ba6 Bc2 Qc6 Bb2 Rab8 Bc3 Rfe8 g4 Rb5 g5 Rxc5 Ba4 Qb6 Bxe8 Nxe8 f3 Qc6 Bd2 Qb5 Kf2 Qe2+ Kg3 Rc2 Qe5 Nd6 Rab1 Bb5 Rxb5 Qxb5 Bc3 d4 Bxd4 Nf5+ Kf4 Nxd4 exd4 Qxe5+ Kxe5 Kf8 Rb1 Ke7 Rb7 Kd7 Rxa7 Rxh2 Ra8 h6 Rg8 hxg5 Rxg7 Ke7 Rg8 Re2+ Kd5 Re3 a4 Rxf3 Kc6 Rc3+ Kb5 Rb3+ Kc4 Ra3 Kb4 Rd3 a5 Rxd4+ Kc5 Ra4 Kb5 Ra1 a6 Kf6 Rd8 Rb1+ Kc5 Ra1 Kb5 Rb1+ Kc5 Ke5
FIDE WCh KO,New Delhi IND,2000.12.02,2.4,"Ivanchuk,V","Ehlvest,J",0-1,B14,c4 c6 e4 d5 exd5 Nf6 Nc3 cxd5 d4 e6 Nf3 Bb4 cxd5 Nxd5 Qc2 Qc7 Bd2 Nd7 Bd3 Bxc3 bxc3 N5f6 a4 b6 O-O Bb7 Nh4 O-O f4 Bd5 Nf3 Bc4 Ne5 Bxd3 Qxd3 Rac8 Rf3 Nd5 Qb5 Rfd8 Raf1 f5 Be1 Nxe5 fxe5 Qc4 Bh4 Qxb5 axb5 Rd7 Rc1 Rc4 Be1 Nc7 h3 Rdxd4
FIDE WCh KO,New Delhi IND,2000.12.02,2.4,"Vladimirov,E","Almasi,Z",1/2-1/2,B07,d4 g6 e4 Bg7 c3 d6 Nf3 Nf6 Nbd2 O-O Be2 c5 dxc5 dxc5 O-O Nc6 Qc2 Qc7 Re1 h6 a4 Na5 Nc4 Be6 Nxa5 Qxa5 Bf4 Rfd8 Nd2 g5 Bg3 Qb6 Nc4 Qc6 e5 Nd7 Bf3 Qc7 Qe4 Nf8 h4 Ng6 hxg5 hxg5 b3 Rd7 Bg4 Nf8 Ne3 Qb6 Bxe6 Nxe6 Qc4 Rad8 Nf5 Kf8 Rab1 Qc6 Qg4 Kg8 Rbd1 Kf8 Qh5 Rxd1 Rxd1 Rxd1+ Qxd1 Ke8 Qe2 c4 b4 a6 a5 Bf8 Ne3 Nc7 Nxc4 Nd5 Qd3 e6 f3 Qa4 Be1 Qa2 Ne3 Nf4 Qd2 Qb1 Ng4 Be7 Kh2 Qh7+ Kg1 Qb1 Kh2 Nd5 Bf2 Qb3 Bd4 Qb1 Ne3 Qh7+ Kg1 Nf4 Ng4 Qb1+ Kh2 Qf5 Bc5 Qh7+ Kg1 Bxc5+ bxc5 Qd3 Nf6+ Kf8 Qxd3 Nxd3 c6 bxc6 Nh7+ Ke7 Nxg5 Nxe5 Ne4 Nd3 g4 f5 gxf5 exf5 Nd2 Kd6 Kf1 Kc5 Ke2 Ne5 Ke3 Nc4+ Nxc4 Kxc4 Kf4 Kxc3 Kxf5 c5 f4 c4 Ke6 Kd4 f5 c3 f6 c2 f7 c1=Q f8=Q Qc4+ Kd7 Qb5+ Kc8 Kc4 Qd8 Qc6+ Kb8
FIDE WCh KO,New Delhi IND,2000.12.02,2.4,"Macieja,B","Krasenkow,M",1/2-1/2,B22,e4 c5 Nf3 Nc6 c3 Nf6 e5 Nd5 Bc4 Nb6 Bb3 c4 Bc2 Qc7 Qe2 g5 Nxg5 Qxe5 d4 cxd3 Bxd3 Qxe2+ Bxe2 Bg7 Na3 O-O O-O d5 Nf3 e5 Rd1 e4 Nd4 Nxd4 cxd4 Be6 Be3 Rfc8 Rac1 Na4 Rxc8+ Rxc8 Rb1 Bf8 Bd1 Bd7 Bxa4 Bxa4 Rc1 Rxc1+ Bxc1 f5 Nb1 Bg7 Nc3 Bc6 Ne2 Bb5 Nc3 Bc4 b3 Bxd4 Bd2 Bd3 Nxd5 Kf7 Be3 Be5 Bxa7 Bb1 Nb4 Ke6 g3 Bc3 Bc5 Bxb4 Bxb4 Bxa2 Kf1 Bxb3 Ke2 Kd5 Bc3 Kc4 Be5
FIDE WCh KO,New Delhi IND,2000.12.02,2.4,"Kasimdzhanov,R","Tregubov,P",1-0,A57,d4 Nf6 c4 c5 d5 b5 cxb5 a6 f3 axb5 e4 Qa5+ Bd2 b4 Na3 d6 Nc4 Qd8 Bd3 e6 dxe6 Bxe6 Ne2 d5 exd5 Nxd5 O-O Be7 Qc2 Nc6 Be4 Rc8 Rfd1 Nd4 Nxd4 cxd4 Qa4+ Bd7 Qb3 Be6 Qa4+ Bd7 Qa6 Nc7 Nd6+ Kf8 Qb6 Rb8 Nb7 Ne6 Qa6 Ra8 Qc4 Qb6 Nc5 Bxc5 Bxa8 Ke7 Be4 Bb5 Qb3 Be2 Rdc1 d3+ Kh1 Rd8 a3 bxa3 Rxa3 Qd6 Ra5 Rb8 Rb5 Nd4 Rb7+ Rxb7 Qxb7+ Kf6 b4 Bb6 Bd5 Ne6 Bxe6 fxe6 Rc6
FIDE WCh KO,New Delhi IND,2000.12.02,2.4,"Bacrot,E","Svidler,P",0-1,A23,c4 Nf6 Nc3 e5 g3 c6 Nf3 e4 Nd4 Qb6 Nc2 d5 Bg2 dxc4 O-O Be6 Nxe4 Nxe4 Bxe4 Nd7 Ne3 Nf6 Bf5 Bxf5 Nxf5 Qb5 Qc2 O-O-O Ne3 Re8 Re1 Re4 b3 Qh5 Bb2 Ng4 Nxg4 Rxg4 bxc4 Bd6 e4 Re8 d4 Re6 e5 Bb4 f3 Rf4 Rf1 Rxf3 Qe4 Rh6 Qh4 Rxf1+ Rxf1 Qe2 Rf2 Qe1+
FIDE WCh KO,New Delhi IND,2000.12.02,2.4,"Short,N","Nataf,IA",1/2-1/2,B23,e4 c5 Nc3 Nc6 Nge2 e5 Nd5 Nf6 Nec3 Nxd5 Nxd5 Be7 Bc4 O-O O-O d6 a4 Be6 d3 Rb8 f4 exf4 Bxf4 Bg5 Qh5 h6 Ba2 Bxf4 Rxf4 Qg5 Qxg5 hxg5 Rf2 Kh7 h3 Kg6 c3 Rh8 Ne3 Bxa2 Rxa2 Rbe8 Ra1 Re6 Rd1 f6 Kf1 Rh4 Ke2 Ne7 Kd2 Re5 Nc4 Re6 Rdf1 d5 exd5 Nxd5 Rf3 Nb6 b3 Nxc4+ bxc4 Ra6 Ra1 b5 cxb5 Rhxa4 Rxa4 Rxa4 g4 Ra2+ Ke3 a6 bxa6 Rxa6 Rf5 Re6+ Kd2 Re5 Rxe5 fxe5 Ke3 Kf6 Kf3 Kf7 Ke4
FIDE WCh KO,New Delhi IND,2000.12.02,2.4,"Grischuk,A","Smirin,I",1-0,B33,e4 c5 Nf3 Nc6 d4 cxd4 Nxd4 Qb6 Nb3 Nf6 Nc3 e6 Qe2 d6 g4 a6 g5 Nd7 Be3 Qc7 O-O-O b5 h4 Nb6 Nd4 Ne5 f4 Nec4 f5 b4 Nb1 e5 Nb3 a5 N3d2 Nxe3 Qxe3 Bd7 b3 d5 exd5 Nxd5 Qe4 Bc6 Bg2 O-O-O Nc4 f6 Ne3 Nxe3 Rxd8+ Kxd8 Qxe3 Bd7 Qe4 Bc5 Nd2 Ke7 Nc4 Bb5 Rd1 Bxc4 bxc4 Qb6 gxf6+ gxf6 Qg4 Be3+ Kb1 Bh6 Qh5 Qe3 Bd5 Kd6 Qf7
FIDE WCh KO,New Delhi IND,2000.12.02,2.4,"Dreev,A","Malakhov,V",1-0,D36,d4 d5 c4 e6 Nf3 Nf6 Nc3 Be7 Qc2 O-O cxd5 exd5 Bg5 c6 e3 Nbd7 Bd3 Re8 h3 Nf8 Bf4 Bd6 Bxd6 Qxd6 O-O-O Bd7 Kb1 Rac8 g4 c5 dxc5 Qxc5 Nd4 Ne4 Bxe4 dxe4 Qb3 Qc4 Qxc4 Rxc4 Ndb5 Bxb5 Nxb5 Rb4 Nd6 Re6 Rd2 h5 Rc1 hxg4 hxg4 Ng6 Rc8+ Nf8 Ra8 a6 a3 Rb6 Nc4 Rbc6 Na5 Rcd6 Rxd6 Rxd6 Nxb7 Rc6 b4 f5 gxf5 Rf6 Nc5 Rxf5 Nxe4 Kh7 Rxa6 Nd7 f4
FIDE WCh KO,New Delhi IND,2000.12.02,2.4,"Vaganian,R","Bareev,E",1/2-1/2,D47,d4 d5 Nf3 Nf6 c4 c6 Nc3 e6 e3 Nbd7 Bd3 dxc4 Bxc4 b5 Bd3 b4 Ne4 Bb7 Nxf6+ Nxf6 e4 Be7 O-O O-O e5 Nd7 Be4
FIDE WCh KO,New Delhi IND,2000.12.02,2.4,"Gurevich,M","Minasian,Art",1/2-1/2,A36,c4 g6 Nc3 Bg7 g3 c5 Bg2 Nc6 e3 d6 Nge2 h5 h3 Nh6 d3 Nf5 b3 Bd7 Bb2 a6 Qd2 Rb8 Ne4 e5 N4c3 b5 Nd5 Nfe7 Nec3 O-O O-O h4 g4 f5 gxf5 Bxf5 e4 Bd7 Qg5 b4 Ne2 Nxd5 Qxd8 Nxd8 exd5 Nf7 a3 Ng5 axb4 Nxh3+ Bxh3 Bxh3 Rfe1 Rxb4 Rxa6 Rxb3 Bc1 Rxd3 Rxd6 Bf5 Be3 Be4 Rc6 Rf3 Kh2 Rdxe3 fxe3 g5 Nc3 Rf2+ Kg1 Rg2+ Kf1 Bf3 Re2 Rg3 Rc8+ Kf7 Rh2 e4 Ne2 Rg4 Rc7+ Kf6 d6 Bf8 d7 Be7 Rc8 h3 d8=Q Bxd8 Rxd8 Rg2 Rxg2 hxg2+ Kg1 Bxe2 Kxg2 Bxc4 Rc8 Be2 Rxc5 Bf3+ Kg3 Kg6 Ra5
FIDE WCh KO,New Delhi IND,2000.12.02,2.4,"Nisipeanu,LD","Georgiev,Ki",1/2-1/2,C67,e4 e5 Nf3 Nc6 Bb5 Nf6 O-O Nxe4 d4 Nd6 Bxc6 dxc6 dxe5 Nf5 Qxd8+ Kxd8 Nc3 Bd7 h3 h6 b3 b6 Bb2 Kc8 Rad1 a5 a4 Bb4 Ne2 Re8 Nf4 g5 Nh5 Be6 g4 Ne7 Ng7 Rg8 Nxe6 fxe6 Nd4 Rg6 f4 gxf4 Rxf4 Nd5 Rf7 Kb7 c4 Ne7 Ne2 Rgg8 Nf4 Rad8 Rd3 b5 axb5 cxb5 cxb5 Kb6 Kf1 Rxd3 Nxd3 Nd5 Rh7 Bd2 Ke2 Bg5 h4 Bxh4 Rxh6 Rxg4 Rxe6+ Kxb5 Rh6 Rg2+ Kf3 Rg3+ Ke4 Bg5 Rh8 Kc6 Rh2 Nb4 Nxb4+ axb4 Kf5 Rg1 Bd4 Rd1 Rc2+ Kd5 Rxc7 Rxd4 Kxg5 Kxe5 Rb7 Kd6 Kf5 Rh4 Kg5 Rd4 Kf5 Kc6 Rb8 Rh4 Kg5 Rd4 Kf5 Kc7 Ke5 Rh4 Rg8
FIDE WCh KO,New Delhi IND,2000.12.02,2.4,"Adianto,U",Peng Xiaomin,1/2-1/2,D78,d4 Nf6 Nf3 g6 c4 Bg7 g3 c6 Bg2 d5 Nbd2 O-O O-O Bf5 b3 Ne4 Bb2 a5 a3 Nd7 e3 a4 b4 Nxd2 Nxd2 Bd3 cxd5 Bxf1 Qxf1 cxd5 Bxd5 Rb8 Qb5 Nf6 Bf3 Qd7 Qd3 Rfc8 e4 Ne8 Re1 Qc7 Bd1 e5 Bxa4 exd4 Bb3 b5 Nf3 Nd6 e5 Nc4 Bxd4 Rd8 Qe4 Qb7 Qf4 Nxa3 e6 Nc4 Ng5 fxe6 Bxg7 Qxg7 Rxe6 Rbc8 Ne4 Kh8 Nf6 Rf8 g4 g5 Qf5 Qg6 Bc2 Qxf5 Bxf5 Rc7 Ne4 Rg7 Kg2 Rb8 Nf6 Nb6 Rd6 Nc4 Rd5 Rf7 Ne4 h6 Rc5 Kg7 Ng3 Nd6 Nh5+ Kh8 Bg6 Re7 Rc6 Rd8 Ng3 Rg7 Bd3 Rf7 Nf5 Rf6 Bxb5 Rxf5 gxf5 Nxb5 Rxh6+ Kg7 Rg6+ Kf7 Kg3 Rd4 Rxg5 Rxb4 Rg6 Nd4 Ra6 Nxf5+ Kf3 Nh4+ Ke2 Ng6 Ke3 Rh4 f4 Nxf4 Ke4
FIDE WCh KO,New Delhi IND,2000.12.02,2.4,"Chernin,A","Gulko,B",1/2-1/2,B07,d4 d6 e4 Nf6 Bd3 e5 c3 g6 Nf3 Nc6 h3 Bg7 O-O O-O Re1 Nh5 Be3 Nf4 Bxf4 exf4 Nbd2 Re8 Nf1 h5 Bc4 Na5 Bb5 Bd7 Bxd7 Qxd7 Qd2 Nc4 Qc2 c5 Rad1 cxd4 Nxd4 Rac8 Nf3 b5 a3 Qc6 N1d2 Nb6 Nb3 Nc4 Nbd2 Nb6 Nb3 Nc4
FIDE WCh KO,New Delhi IND,2000.12.02,2.5,"Macieja,B","Krasenkow,M",0-1,B45,e4 c5 Nf3 Nc6 Nc3 e6 d4 cxd4 Nxd4 Bb4 Nb5 Nf6 a3 Bxc3+ Nxc3 d5 exd5 exd5 Bd3 O-O O-O d4 Ne2 Bg4 h3 Bh5 Bg5 Qd6 Re1 Rfe8 Qd2 Bg6 Qf4 Qxf4 Nxf4 Bxd3 Nxd3 Nd7 Bf4 f6 Kf1 Kf7 Bd6 Re6 Rxe6 Kxe6 Bg3 Rc8 Re1+ Kf7 Ke2 Nce5 Kd2 Nc4+ Kc1 Nf8 Rd1 Ne6 Nf4 Rd8 Nxe6 Kxe6 a4 Rd5 b3 Na5 Kd2 Nc6 Re1+ Kd7 Re4 h5 h4 Nd8 f3 Ne6 Bf2 f5 Re1 f4 Re4 g5 b4 gxh4 Bxh4 a5 c4 Rf5 b5 Kd6 Bf2 Rg5 Bxd4 Rxg2+ Kd3 h4 c5+ Nxc5+ Bxc5+ Kxc5 Rxf4 h3 Rh4 h2 Kc3 Rf2 Rh5+ Kd6 Kd4 Rd2+ Kc3 Ra2 Kb3 Rf2 Kc4 b6 Kd4 Rd2+ Kc3 Ra2 Kb3 Rf2 Kc4 Ke6 Kd4 Kf6 Kd5 Kg6 Rh8 Rc2 Ke4 Kg5 Rh3 Rc4+ Ke5 Rh4 f4+ Kg4
FIDE WCh KO,New Delhi IND,2000.12.02,2.5,"Short,N","Nataf,IA",1/2-1/2,B32,e4 c5 Nf3 Nc6 d4 cxd4 Nxd4 e5 Nb3 Bb4+ Bd2 Qh4 Qe2 Nf6 Bxb4 Nxb4 Nc3 O-O a3 Nc6 O-O-O d6 g3 Qh6+ Kb1 Bg4 f3 Be6 Rxd6 Bxb3 cxb3 Nd4 Qg2 Qe3 Bc4 Rad8 Rxd8 Rxd8 Rd1 Rd7 Rd3 Qe1+ Ka2 h6 f4 b5 Nxb5 Ne2 Rxd7 Nc1+ Kb1 Nxb3+ Ka2 Nc1+ Kb1 Nb3+ Ka2 Nc1+ Kb1 Nb3+
FIDE WCh KO,New Delhi IND,2000.12.02,2.5,"Dreev,A","Malakhov,V",1-0,D30,d4 d5 c4 e6 Nf3 c6 Qc2 Nf6 Bg5 Nbd7 e3 Qa5+ Nbd2 Bb4 a3 Ne4 Bf4 Nxd2 Nxd2 dxc4 Rd1 Bxd2+ Rxd2 e5 dxe5 Nxe5 Bxe5 Qxe5 Bxc4 O-O O-O Bf5 Bd3 Bxd3 Qxd3 Rae8 Rfd1 Re7 Qc4 h5 Rd4 g6 h4 Kg7 R1d2 Rfe8 g3 Rc7 Kg2 b5 Qc2 Re6 Rd8 a5 R2d4 a4 Qd2 c5 Rf4 Rcc6 Qe2 c4 Rfd4 Rcd6 Qd2 Rxd8 Rxd8 Qe4+ Kh2 Rf6 Rd4 Qe5 Kg2 Rf5 Qc3 Rf6 e4 Re6 f4 Qf6 Kf3 Kh7 Rd7 Kg7 Ke3 Rb6 Kd2 Qxc3+ Kxc3 Kf6 Kb4 Ke6 Rd5 f5 Re5+ Kf6 exf5 gxf5 Rxb5 Re6 Kxa4 Re3 Kb4 Rxg3 a4 Rg4 a5 Rxf4 a6 c3+ Kxc3 Ra4 Rb6+ Ke5 b4 f4 Rb5+ Kd6 Ra5
FIDE WCh KO,New Delhi IND,2000.12.02,2.5,"Vaganian,R","Bareev,E",0-1,D73,Nf3 d5 g3 Nf6 Bg2 g6 c4 c6 d4 Bg7 cxd5 cxd5 Nc3 O-O Ne5 e6 Bg5 Qb6 Qd2 Nc6 Nxc6 Qxc6 O-O Bd7 Rfc1 Qb6 b3 Rfc8 Rab1 Ng4 Rd1 f6 Na4 Qd8 Bf4 g5 Be3 b6 Nb2 Qe7 Nd3 Qd6 h3 Nxe3 Qxe3 h6 h4 Rc3 Rbc1 Rxc1 Rxc1 Rc8 Rxc8+ Bxc8 Bh3 Bd7 f4 gxh4 gxh4 f5 Ne5 Be8 Bg2 Bf6 Qg3+ Kh7 Kh2 Qb4 Qe3 Qe7 Nf3 Bh5 Bh3 Bxf3 Qxf3 Bxd4 e3 Bc5 Qg3 Qg7 Qxg7+ Kxg7 h5 Bxe3 Kg3 Kf6 Kf3 Bc1 Bf1 a5 Bb5 e5 fxe5+ Kxe5 Be8 Kd4 Bf7 Kc5 a4 d4 Ke2 Be3 Kd3 f4 Be6 f3 Bc4 f2 Kc2 Kd6 Kd1 Ke5 Ke2 Kf4 Bd3 Kg3 Be4 Bd2 Bd3 Bb4 Be4 d3+
FIDE WCh KO,New Delhi IND,2000.12.02,2.5,"Iordachescu,V","Movsesian,S",0-1,B51,e4 c5 Nf3 Nc6 Bb5 d6 O-O Bd7 Re1 Nf6 c3 a6 Bf1 Bg4 h3 Bxf3 Qxf3 g6 Qd1 Bh6 b3 O-O Bb2 Rc8 Na3 b5 Nc2 Qb6 Ne3 e6 a4 Bg7 axb5 axb5 Nc2 d5 e5 Nd7 d4 Ra8 b4 cxb4 Nxb4 Na5 Bc1 Rfc8 Qf3 Ra7 Bb2 Rca8 h4 Nb8 g3 Nc4 Rxa7 Rxa7 Bc1 Bf8 Nd3 Nc6 h5 b4 Nxb4 Nxb4 cxb4 Qxb4 Rd1 Ra1 Bg5 Rxd1 Qxd1 Qc3 Bh3 Nb2 Qg4 Qe1+ Kg2 Nd3 Be3 Nc1 hxg6 hxg6 Qh4 Ne2 Bg4 Qg1+ Kf3 Qf1 Qg5 Ng1+ Kf4 Qd3 Qd8 Ne2+ Bxe2 Qf5#
FIDE WCh KO,New Delhi IND,2000.12.02,2.5,"Nisipeanu,LD","Georgiev,Ki",1/2-1/2,B85,e4 c5 Nf3 d6 d4 cxd4 Nxd4 Nf6 Nc3 a6 Be2 e6 f4 Be7 O-O Qc7 a4 Nc6 Be3 O-O Kh1 Re8 Bf3 Bf8 Nb3 b6 a5 bxa5 e5 dxe5 fxe5 Rd8 Nd4 Nxd4 Bxa8 Qxe5 Bf4 Qc5 Ne4 Nxe4 Bxe4 f5 Bf3 e5 Be3 Qc7 Bxd4 Rxd4 Bd5+ Kh8 Qf3 g6 Rad1 Rf4 Qe2 Rb4 b3 Kg7 Bc4 a4 Bxa6 Be6 bxa4 Rxa4 Rb1 Bd5 Rfd1 Bc6 Bb5 Re4 Qf1 Bb4 Bxc6 Qxc6 Qd3 h5 Qd8 Re2 Qd7+ Qxd7 Rxd7+ Kh6 c4 Rc2 Rb7 Bc5 Rc7 Bd4 Rd1 h4 h3 Bf2 c5 e4 c6 e3 Re7 Rxc6 g4 hxg3 Kg2 Kg5 Kf3 Rc2 Rd6 e2 Rxe2 Rxe2 Kxe2 Bc5 Rd3 Kh4 Kf3 Kxh3 Rd7 Kh4 Rh7+ Kg5 Kxg3 Bd6+ Kf3 Kf6 Ra7 g5 Ra4 Be5 Rc4 Kg6 Ra4 Bb8 Rb4
FIDE WCh KO,New Delhi IND,2000.12.02,2.5,"Chernin,A","Gulko,B",1/2-1/2,B07,d4 d6 e4 Nf6 Bd3 e5 c3 Nc6 d5 Ne7 c4 g6 Nc3 Bg7 Nge2 Nd7 Be3 f5 f3 O-O Qd2 Nc5 Bc2 a5 O-O-O b6 g3 Kh8 Bg5 fxe4 fxe4 Bh3 Ng1 Bg4 Re1 Qe8 h3 Bd7 g4 Ng8 Be3 Nf6 Nge2 Rf7 Ng3 Qe7 Bd1 Raf8 g5 Ng8 h4 Rf4 h5 Qxg5 hxg6 Qxg6 Reg1 Qe8 Nh5 R4f7 Nxg7 Rxg7 Rxg7 Kxg7 Qh2 Nf6 Bh6+ Kh8 Bxf8 Qxf8 Qg3 Qg7 Qxg7+ Kxg7 Rg1+ Kf7 Bf3 h5 Kd2 Bg4 Bxg4 hxg4 Ke3 Kg6 Rf1 Kg5 Nb5 Ncxe4 Nxc7 g3 Ne8 Nxe8 Kxe4 Nf6+ Kf3 Nh5 Re1 Kf5 b3 Kg5 a3 Kf5 b4 axb4 axb4 Nf4 Kxg3 Nd3 Rh1 e4 Rh6 Ke5 Re6+ Kd4 Rxd6 Kxc4 Rd8 Nxb4 d6 Kd5 d7 Kd6 Rb8 Kxd7 Rxb6 Nd5 Rh6 Ke7 Kg4 e3 Kf3 Nf6 Rg6 Ke6 Rg5 Nd5 Rh5 Kd6 Rf5 Ke6 Rg5 Kd6 Ke4 e2 Rg1 Kc5 Kd3 Nf4+ Ke3 e1=Q+ Rxe1 Ng2+
FIDE WCh KO,New Delhi IND,2000.12.02,2.6,"Krasenkow,M","Macieja,B",0-1,A33,Nf3 c5 c4 Nc6 d4 cxd4 Nxd4 e6 Nc3 Nf6 Ndb5 d5 Bf4 e5 cxd5 exf4 dxc6 bxc6 Qxd8+ Kxd8 Rd1+ Bd7 Nd6 Rb8 Nxf7+ Ke8 Nd6+ Bxd6 Rxd6 Rxb2 Rd2 Rxd2 Kxd2 Ke7 g3 Bf5 Bg2 Rd8+ Kc1 Nd5 Nxd5+ cxd5 gxf4 Rc8+ Kd2 Rc2+ Ke3 d4+ Kxd4 Rxe2 Bd5 Kd6 Bb3 Re4+ Kc3 Rxf4 Rd1+ Kc5 Rd5+ Kc6 Rd2 a5 Bd5+ Kc5 f3 g5 a3 h6 Rd1 Bg6 Rd2 Bh5 Rd3 Bg6 Rd2 Rf6 Ba8 Bh5 Rd5+ Kb6 Rd3 Be8 Kd4 Rd6+ Ke3 Rxd3+ Kxd3 Kc5 Be4 Bd7 Kc3 Bh3 Bd3 Bd7 Bc2 Bc6 Bd1 Bb5 Bc2 Kd5 Bd3 Bd7 Be4+ Ke5 Bb7 Bb5 Ba8 h5 Bb7 h4 Ba8 Bf1 Kd2 Kd4 Ke1 Bb5 Kd2 Kc4 Ke3 Kb3 f4 gxf4+ Kxf4 Kxa3 Kg4 a4 Kxh4 Kb2 Bd5 a3
FIDE WCh KO,New Delhi IND,2000.12.02,2.6,"Nataf,IA","Short,N",1-0,C10,e4 e6 d4 d5 Nc3 Nc6 Nf3 Nf6 Bg5 Be7 Bd3 dxe4 Nxe4 Nxe4 Bxe7 Nxf2 Bxd8 Nxd1 Bxc7 Nxb2 Be2 Na4 Kd2 Kd7 Bg3 Ke7 c4 Rd8 Ke3 Nb6 Rhc1 f6 Rab1 Nd7 Bc7 Re8 Nd2 e5 d5 Nd4 c5 Nxe2 Kxe2 Nf8 Nc4 b6 c6 Ba6 Kf2 Rac8 Bd6+ Kf7 Ne3 Ng6 Ba3 Nf4 d6 Nd3+ Kg1 Nxc1 Rxc1 Red8 d7 Rc7 Nd5 Rdxd7 cxd7 Rxd7 Nb4 Bb7 Rc2 Ke6 Kf2 g5 Nc6 a5 Na7 Be4 Re2 f5 Nb5 Bd3 Rb2 Bxb5 Rxb5 Rd2+ Ke3 Rxa2 Rxb6+ Kd5 Rb5+ Ke6 Bb2 e4 g4 fxg4 Kxe4 a4 Rb6+ Kd7 Be5 h5 Kf5 Re2 Rd6+ Kc8 Ra6 h4 Rxa4 g3 hxg3 hxg3 Bxg3 Kd7 Rc4 g4 Rc7+ Kd8 Rg7 Kc8 Be5 g3 Bxg3 Rd2 Ke6 Rd7 Rg8+ Rd8 Rg7 Rd7 Rg5 Rh7 Bd6 Rh6+ Kd5 Kd7 Rg7+ Ke8 Kc6 Re6 Kd5 Rh6 Re7+ Kd8 Kc6 Rh1 Rf7 Re1 Rf8+ Re8 Rf2 Re1 Bb4 Re6+ Kd5 Re3 Rf8+ Kd7 Rf7+ Ke8 Ra7 Re2 Bc3 Re7 Ra8+ Kf7 Be5 Rb7 Ke4 Rb1 Kf5 Rf1+ Bf4 Ke7 Ra7+ Kd8 Ke5 Kc8 Rf7 Rd1 Ke6 Rd7 Rf5 Rd1 Rb5 Re1+ Be5
FIDE WCh KO,New Delhi IND,2000.12.02,2.6,"Malakhov,V","Dreev,A",0-1,A12,c4 c6 Nf3 d5 e3 Nf6 b3 Bg4 Bb2 Nbd7 h3 Bh5 Be2 e6 Nc3 Bd6 O-O O-O cxd5 cxd5 Nb5 Be7 Nbd4 h6 Qb1 Qa5 Bd3 Bxf3 Nxf3 Ba3 Nd4 Ne5 Bc2 Rac8 f4 Nc6 Nxc6 Rxc6 Bxf6 gxf6 Qd1 Rfc8 Bd3 Kf8 f5 e5 e4 Rc1 Qe2 Rxa1 Rxa1 Ke7 exd5 Qxd5 Re1 Rd8 Be4 Qxd2 Qf1 Bb4 Re2 Qd1 Bxb7 Bc5+
FIDE WCh KO,New Delhi IND,2000.12.02,2.6,"Bareev,E","Vaganian,R",1-0,D37,Nf3 Nf6 c4 e6 Nc3 d5 d4 Be7 Bf4 O-O e3 Nbd7 Qc2 b6 cxd5 exd5 Bd3 Bb7 O-O c5 Rad1 c4 Bf5 g6 Bh3 a6 a4 Nh5 Bh6 Re8 Ne5 Nf8 f4 Ng7 f5 g5 f6 Bxf6 Qf2
FIDE WCh KO,New Delhi IND,2000.12.02,2.6,"Movsesian,S","Iordachescu,V",1-0,B06,e4 g6 d4 Bg7 Nc3 c6 h3 d6 Be3 Qb6 a3 Nf6 Bd3 O-O Nf3 Qc7 O-O Nbd7 a4 b6 Qd2 Bb7 Rad1 Rad8 Rfe1 c5 d5 a6 Bc4 Nh5 Qd3 Qc8 g4 Nhf6 Kg2 Ne8 Bf4 Ne5 Nxe5 dxe5 Bg3 Nd6 b3 Kh8 f3 f6 Qe2 Bh6 Rh1 Nf7 h4 Bf4 h5 Kg7 Bf2 Ng5 Rh4 f5 hxg6 fxg4 Rxg4 h5 Rh4 Rf6 Rdh1 Rxg6 Kf1 Rh8 Qd3 Nf7 Ne2 Bg5 Rxh5 Rxh5 Rxh5 Nd6 Nc3 Qf8 Ke2 Qf4 Be3 Qg3 Rxg5 Rxg5 Bxg5 Qxg5 Qe3 Qh5 Bd3 Nf7 a5 bxa5 Qxc5 Qh2+ Qf2 Qh1 Nd1 Ng5 Ne3 Bc8 Qg3 Kf6 f4 Qh5+ Kd2 Nf3+ Kc3 Qh1 Kb2 a4 fxe5+ Kf7 e6+ Kf8 Qf4+ Ke8 Qf7+
FIDE WCh KO,New Delhi IND,2000.12.02,2.6,"Georgiev,Ki","Nisipeanu,LD",1-0,B19,e4 c6 d4 d5 Nc3 dxe4 Nxe4 Bf5 Ng3 Bg6 h4 h6 Nf3 Nd7 h5 Bh7 Bd3 Bxd3 Qxd3 e6 Bf4 Qa5+ Bd2 Qc7 O-O-O Ngf6 Ne4 O-O-O g3 Nc5 Nxc5 Bxc5 Qe2 Bd6 c4 c5 Bc3 cxd4 Nxd4 a6 Kb1 Kb8 Nf3 Ka8 Ne5 Bc5 g4 Rd6 Rxd6 Bxd6 Rd1 Rd8 f3 Bxe5 Rxd8+ Qxd8 Bxe5 Ne8 b3 f6 Bc3 e5 Kc2 Nc7 Qd3 Qe7 a4 Ne6 Qd5 Nd4+ Kb2 Nc6 a5 Kb8 Bd2 Qd8 Qxd8+ Nxd8 Be3 Kc8 Kc3 Kd7 b4 Kc6 Kd3 Nf7 Kc3 Nd8 Kc2 Kd7 Kd3 Nc6 Bc5 Ke6 Ke4 Nd8 b5 Nf7 Bf8 Ng5+ Ke3 Kf7 Bb4 Ne6 Ke4 Ke8 Bd2 Nc7 bxa6 bxa6 f4 exf4 Bxf4 Ne6 Bd6 Kd7 Kd5 Nd8 c5 Nc6 Bf8 Ne5 g5 hxg5 Bxg7 g4 Bxf6 Nf7 Bh4 Nh6 c6+ Kc8 Bg3 Nf5 Ke5 Nh6 Ke4
FIDE WCh KO,New Delhi IND,2000.12.02,2.6,"Gulko,B","Chernin,A",1-0,E26,c4 Nf6 Nc3 e6 d4 Bb4 e3 c5 Bd3 Nc6 a3 Bxc3+ bxc3 d6 Ne2 e5 O-O h6 Ng3 O-O d5 Ne7 f4 exf4 exf4 Re8 f5 Kh8 Bf4 Neg8 h3 Qc7 Qd2 Bd7 Rae1 a6 Kh2 b5 Rxe8 Rxe8 Re1 Rxe1 Qxe1 bxc4 Bxc4 Bb5 Ba2 c4 Ne4 Nxd5 Bxd6 Qd7 Bg3 Qxf5 a4 Bxa4 Bxc4 Bc6 Nd6 Qe6 Qf2 Ngf6 Qc5 Bd7 Bxa6 Ne3 Nxf7+ Qxf7 Qxe3 Bc6 Qc5 Qe8 Qe5 Qg6 Be2 Ne4 Bh5 Qxg3+ Qxg3 Nxg3 Kxg3 Kg8 c4 Kf8 Bf3 Bd7 Kf4 Ke7 Ke5 Ba4 h4 Bd7 g3 Ba4 c5 Kd7 Kf5 Ke7 Be4 Be8 Ke5 Bh5 c6 Be2 Bf5
FIDE WCh KO,New Delhi IND,2000.12.02,2.7,"Macieja,B","Krasenkow,M",1/2-1/2,B44,e4 c5 Nf3 Nc6 Nc3 e6 d4 cxd4 Nxd4 Bb4 Nxc6 dxc6 Qg4 Qf6 Bd2 e5 Qg3 Ne7 Bc4 h6 a3 Bd6 h4 Ng6 Ne2 Nf4 Bc3 Nxe2 Bxe2 O-O O-O-O Bc7 Kb1 Be6 Bg4 Rad8 Bxe6 Qxe6 h5 f6 Rhf1 Bb6 Rxd8 Rxd8 f4 exf4 Qxf4 Rd7 g4 Bc7 Qf5 Re7 Re1 Be5 Kc1 Qxf5 Bxe5 Rxe5 gxf5 Kf7 Kd2 Ke8 Ke3 Kd7 Kf4 Kc7 Rd1 a5 a4 b5 Ra1 Kb6 axb5 cxb5 Rg1 Re7 Rd1 a4 c3 Kc5 Rd4 Rb7 Ke3 b4 cxb4+ Rxb4 Rd7 Rb3+ Kf4 Rxb2 Rxg7 Rb5 e5 fxe5+ Kxe5 a3 Rg1 a2 Ke4
FIDE WCh KO,New Delhi IND,2000.12.02,2.8,"Krasenkow,M","Macieja,B",1/2-1/2,E11,d4 Nf6 c4 e6 Nf3 Bb4+ Bd2 Qe7 Nc3 Bxc3 Bxc3 Ne4 Qc2 Nxc3 Qxc3 O-O e4 d6 Bd3 Re8 b4 e5 d5 a5 a3 axb4 axb4 Rxa1+ Qxa1 Na6 Qb2 Bg4 Nd2 c5 dxc6 bxc6 c5 Nc7 f3 Be6 Qc3 Rb8 O-O Nb5 Bxb5 Rxb5 Ra1 f6 cxd6 Qxd6 Ra6 Qxb4 Qxb4 Rxb4 Rxc6 Kf7 Rc7+ Kg6 Nf1 h5 h4 Rb1 Kf2 Rb2+ Kg3 Rb3 Re7 Bf7 Kh2 Rb6 Ne3 Be6 g4 hxg4 fxg4 Rb3 Nf5
FIDE WCh KO,New Delhi IND,2000.12.02,2.9,"Krasenkow,M","Macieja,B",1/2-1/2,E11,d4 Nf6 c4 e6 Nf3 Bb4+ Bd2 Qe7 Nc3 b6 Qc2 Bb7 e3 O-O Bd3 d6 e4 e5 O-O Bxc3 Bxc3 Nbd7 Rae1 c5 dxe5 dxe5 Nh4 g6 g3 Rae8 f4 exf4 gxf4 Ng4 Nf3 f6 Qg2 Nh6 Qh3 Nf7 Rf2 Qd6 Nh4 Nh8 Rg2 Qxf4 Qxd7 Bc8 Qd5+ Be6 Qh5 Re7 Nf3 Rg7 Qh4 Qxf3 Rg3 Qh5 Bxf6 Qxh4 Bxh4 Rd7 b3 Rf4 Bg5 Rg4 Rxg4 Bxg4 Re3 Nf7 Bf6 Be6 Kg2 Nd8 Kg3 Nc6 Kf4 Kf7 Bc3 Nd4 h4 h5 Bf1 Bg4 Rd3 Be2 Bh3 Bxd3 Bxd7 Ne2+ Ke3 Nxc3 Kxd3 Nxa2 e5 Ke7 Ba4 Ke6 Ke4 Nc3+ Kf4 Ne2+ Kg5 Kxe5 Be8 Nf4 Bxg6 Nxg6 Kxg6 a6 Kxh5 Kf5 Kh6 Kf6 h5 b5 cxb5 axb5 Kh7 c4 bxc4 bxc4 h6 Kf7 Kh8 c3 h7 c2
FIDE WCh KO,New Delhi IND,2000.12.02,2.10,"Macieja,B","Krasenkow,M",1-0,B45,e4 c5 Nf3 Nc6 Nc3 e6 d4 cxd4 Nxd4 Bb4 Nb5 Nf6 a3 Bxc3+ Nxc3 d5 exd5 exd5 Bd3 O-O O-O d4 Ne4 Bf5 Bg5 Bxe4 Bxe4 h6 Bxf6 Qxf6 Re1 Rad8 Qf3 Qxf3 Bxf3 Rfe8 Rxe8+ Rxe8 Kf1 Re5 Re1 Rb5 Re8+ Kh7 b3 f5 Bxc6 bxc6 Ke2 f4 Re4 Rc5 Kd3 Rh5 Rxf4 Rxh2 g3 g5 Rf3 h5 Kxd4 h4 gxh4 gxh4 Ke3 h3 Kf4 Rh1 Kg3 h2 Rf7+ Kg8 Rxa7 Rf1 Kxh2 Rxf2+ Kg3 Rxc2 Kf4 c5 Rb7 Ra2 Ke4 Rxa3 Kd5 Ra5 Kc4 Kf8 Rb5 Ra1 Kxc5 Ke7 Kc6 Rc1+ Rc5 Rb1 Rc3 Kd8 Kb7 Kd7 Rd3+ Ke6 Kc6 Rc1+ Kb7 Rb1 Kb6 Rb2 Kb5 Rc2 b4 Rc8 Ka6
FIDE WCh KO,New Delhi IND,2000.12.02,2.7,"Macieja,B","Krasenkow,M",1/2-1/2,B44,e4 c5 Nf3 Nc6 Nc3 e6 d4 cxd4 Nxd4 Bb4 Nxc6 dxc6 Qg4 Qf6 Bd2 e5 Qg3 Ne7 Bc4 h6 a3 Bd6 h4 Ng6 Ne2 Nf4 Bc3 Nxe2 Bxe2 O-O O-O-O Bc7 Kb1 Be6 Bg4 Rad8 Bxe6 Qxe6 h5 f6 Rhf1 Bb6 Rxd8 Rxd8 f4 exf4 Qxf4 Rd7 g4 Bc7 Qf5 Re7 Re1 Qxf5 gxf5 Be5 Bxe5 Rxe5 Kc1 Kf7 Kd2 Ke8 Ke3 Kd7 Kf4 Kc7 Rd1 a5 a4 b5 Ra1 Kb6 axb5 cxb5 Rg1 Re7 Rd1 a4 c3 Kc5 Rd4 Rb7 Ke3 b4 cxb4+ Rxb4 Rd7 Rb3+ Kf4 Rxb2 Rxg7 Rb5 e5 fxe5+ Kxe5 a3 Rg1 a2
FIDE WCh KO,New Delhi IND,2000.12.03,3.1,"Grischuk,A","Serper,G",1-0,B38,e4 c5 Nf3 Nc6 d4 cxd4 Nxd4 g6 c4 Bg7 Be3 Nf6 Nc3 O-O Be2 d6 O-O Bd7 Qd2 Nxd4 Bxd4 Bc6 Bd3 a5 Rae1 Nd7 Bxg7 Kxg7 Re3 Qb6 Rh3 h5 Rxh5 gxh5 Qg5+ Kh8 Qxh5+ Kg7 Qg5+ Kh8 Re1 Ne5 Re3 Qxe3 Qxe3 Nxd3 Qxd3 Rg8 Nd5 Bxd5 Qxd5 Kg7 Qxb7 Rgb8 Qd5 a4 h4 f6 h5 Ra7 Qf5 Rab7 Qg6+ Kh8 Qf7 Rxb2 Qxe7 Rxa2 Qxf6+ Kg8 h6 Rb7 c5 Rc2 cxd6 a3 Qg6+ Kf8 h7 Rxh7 Qxh7 a2 Qh8+ Kf7 d7
FIDE WCh KO,New Delhi IND,2000.12.03,3.1,"Georgiev,Ki","Topalov,V",0-1,B85,Nf3 c5 e4 d6 d4 cxd4 Nxd4 Nf6 Nc3 a6 Be2 e6 f4 Be7 O-O O-O Kh1 Qc7 a4 Nc6 Be3 Re8 Bf3 Bd7 Nb3 b6 g4 Bc8 g5 Nd7 Bg2 Bf8 Qh5 g6 Qh3 Nb4 Bg1 Nc5 Nxc5 bxc5 Rf2 d5 Raf1 Rb8 Rd2 Bg7 e5 Qa5 Nd1 Nc6 c3 Ne7 Ne3 Bb7 Ra1 Bc6 Bf3 Rb3 Qg2 Reb8 Nc4 dxc4 Bxc6 Nxc6 Qxc6 Bf8 Ra2 Rd8 Rd7 Rxd7 Qxd7 Rb8 Kg2 Rd8 Qb7 Rd1 Qb8 Rd8 Qb7 Rd2+ Bf2 Qd8 Ra1 Qd3 a5 Qf5 Qf3 Qc2 Rf1 Qxb2 Kg1 Rd5 Be1 Qb1 Bf2 Qc2 Be1 h5 Rf2 Qc1 Qe4 Rd3 Re2 Rxc3 Kg2 Rd3 Bf2 Qd1 h3 c3
FIDE WCh KO,New Delhi IND,2000.12.03,3.1,"Beliavsky,A","Macieja,B",1/2-1/2,E11,d4 Nf6 c4 e6 Nf3 Bb4+ Bd2 Qe7 g3 Nc6 Nc3 Bxc3 Bxc3 Ne4 Rc1 O-O Bg2 d6 d5 Nd8 Nd2 Nxc3 Rxc3 e5 c5 dxc5 Qc2 c6 Rxc5 Bd7 O-O cxd5 Bxd5 Ne6
FIDE WCh KO,New Delhi IND,2000.12.03,3.1,Peng Xiaomin,"Svidler,P",1-0,C45,e4 e5 Nf3 Nc6 d4 exd4 Nxd4 Nf6 Nxc6 bxc6 e5 Qe7 Qe2 Nd5 c4 Nb6 Nd2 Bb7 b3 g6 Bb2 Bg7 O-O-O O-O-O f4 c5 Nf3 d6 exd6 Qxe2 Bxe2 Bxb2+ Kxb2 Rhe8 Rde1 Rxd6 Bd1 Rxe1 Rxe1 f6 Kc1 Kd8 Re3 Nd7 Ne1 Nf8 g3 Re6 Kd2 Rxe3 Kxe3 Ke7 Bg4 Kd6 Nd3 f5 Bf3 Bxf3 Kxf3 Nd7 h3 Ke6 g4 h6 Kg3 Kf6 Kh4 Ke6 g5 h5 Kg3 Kd6 Kf3 Kc6 Ke3 Kb6 Kd2 a5 Kc3 Kb7 Ne1 c6 Nd3 Ka6 Nb2 Nf8 a3 Ne6 Nd3 Kb6 Kd2 Ka6 Ne5 Nxf4 h4 a4 bxa4 Ka5 Ke3 Ne6 Nxg6 Kxa4 Ne7 f4+ Ke4 Kb3 g6 Kxc4 Nf5
FIDE WCh KO,New Delhi IND,2000.12.03,3.1,"Gelfand,B","Piket,Je",1-0,D38,d4 Nf6 c4 e6 Nf3 d5 Nc3 Bb4 Bg5 h6 Bxf6 Qxf6 e3 O-O Rc1 dxc4 Bxc4 c5 O-O cxd4 exd4 Nc6 Ne4 Qf4 Qe2 Rd8 g3 Qg4 Rfd1 Bd7 a3 Be7 Qe3 Be8 b4 a6 Be2 Qh3 Nc5 Bxc5 dxc5 Qf5 Bd3 Qf6 Be4 Rxd1+ Rxd1 Rc8 h4 Kf8 g4 Qe7 g5 hxg5 hxg5 Rd8 Re1 Qc7 g6 fxg6 Ng5 Nd4 Qxd4
FIDE WCh KO,New Delhi IND,2000.12.03,3.1,"Shirov,A","Gurevich,M",1/2-1/2,C11,e4 e6 d4 d5 Nc3 Nf6 Bg5 dxe4 Nxe4 Be7 Bxf6 Bxf6 Nf3 Nd7 Bc4 a6 Qe2 b5 Bd5 Rb8 O-O-O O-O Bc6 Rb6 d5 exd5 Bxd5 c6 Bb3 c5 Bd5 Qc7 Rhe1 Bd8 Qe3 c4 Nfg5 Bxg5 Qxg5 Nf6 g3
FIDE WCh KO,New Delhi IND,2000.12.03,3.1,"Morozevich,A","Vladimirov,E",1-0,C42,e4 e5 Nf3 Nf6 Nxe5 d6 Nf3 Nxe4 Bd3 Nf6 h3 Be7 O-O O-O c3 c5 Bc2 Nc6 d4 Be6 Re1 Qc8 Bg5 Nd5 Na3 h6 Qd3 Bf5 Qxf5 Qxf5 Bxf5 Bxg5 Be4 Nc7 Bxc6 bxc6 dxc5 dxc5 Ne5 Rfd8 Nac4 Rd5 Nxc6 Kf8 a4 h5 a5 Nb5 Nb6 axb6 axb6 Rxa1 Rxa1 Nd6 h4 Ke8 hxg5 Kd7 Na5 Kc8 c4 Rxg5 Rd1 Rg6 Rd5 Nb7 Nxb7 Kxb7 Rxc5 Rxb6 Rxh5 Rxb2 Rh7 Kc6 Rxg7 Rb7 Rg5 Kd6 Rd5+ Ke6 Rd1 Rb2 Rc1 Kd6 c5+ Kc6 g3 Rb3 Kg2 f5 Rc4 Rd3 Kh3 Rd2 Rf4 Rd5 Kh4
FIDE WCh KO,New Delhi IND,2000.12.03,3.1,"Ehlvest,J","Movsesian,S",1/2-1/2,D10,d4 Nf6 c4 c6 Nc3 d5 e3 a6 Qc2 Bg4 f3 Bh5 Qb3 b5 cxd5 Nxd5 Nge2 f6 Nxd5 Qxd5 Qc2 e5 Nc3 Qe6 dxe5 Bg6 e4 Qxe5 a4
FIDE WCh KO,New Delhi IND,2000.12.03,3.1,"Kasimdzhanov,R","Tkachiev,V",1/2-1/2,A22,c4 e5 Nc3 Nf6 g3 Bb4 Bg2 O-O e4 Bxc3 bxc3 c6 Qb3 Na6 Ba3 d6 d3 b5 cxb5 Be6
FIDE WCh KO,New Delhi IND,2000.12.03,3.1,"Bareev,E","Aleksandrov,A",1-0,E04,d4 Nf6 c4 e6 g3 d5 Nf3 dxc4 Bg2 Nc6 Qa4 Bb4+ Bd2 Nd5 Bxb4 Nxb4 O-O Rb8 Na3 O-O Qb5 b6 Qxc4 a5 Qc3 Ba6 Nc4 Nd5 Qc1 f5 e3 Rc8 Rd1 Qe7 a3 Na7 Nfe5 c5 Qd2 cxd4 Qxd4 Nb5 Qd3 Kh8 Qb3 Rc5 a4 Qc7 axb5 Rxb5 Qa3 Rb4 Rac1 Rc8 b3 Bxc4 Nxc4 Qb8 Bxd5 exd5 Nd6 Rc5
FIDE WCh KO,New Delhi IND,2000.12.03,3.1,"Azmaiparashvili,Z","Gulko,B",0-1,E17,d4 e6 c4 Nf6 Nf3 b6 g3 Bb7 Bg2 Be7 O-O O-O Re1 d5 cxd5 exd5 Nc3 Na6 Bf4 Ne4 Ne5 f6 Nd3 Qd7 Qb3 Kh8 Be3 Nxc3 bxc3 c6 c4 Nc7 c5 Ba6 cxb6 Bc4 Qb1 axb6 a4 b5 a5 b4 Nc5 Bxc5 dxc5 b3 Bf4 Rfe8 Qb2 Na6 Qa3 Qb7 e4 Nb4 exd5 Nc2 dxc6 Qf7 c7 Nxa3 Bxa8 Rxa8 Rxa3 g5 Bd6 Qd5 Ra4 Qd2 Rb1 Qc2 Re1 Qd2 Rb1 Qc2 Re1 Qc3 Rd1 Qf3 Rd2 Bd5 Rxd5 Qxd5 Rb4 Kg7
FIDE WCh KO,New Delhi IND,2000.12.03,3.1,"Yermolinsky,A","Adams,Mi",1/2-1/2,A30,Nf3 Nf6 c4 e6 Nc3 c5 g3 b6 Bg2 Bb7 O-O Be7 d4 cxd4 Qxd4 d6 Rd1 a6 Bg5 Nbd7 Qd2 O-O Bf4 Ne8 Ng5 Bxg2 Kxg2 Rc8 b3 Rc6 Rac1 h6 Nf3 Qa8 Kg1
FIDE WCh KO,New Delhi IND,2000.12.03,3.1,"Lputian,S","Anand,V",1/2-1/2,D47,d4 d5 c4 c6 Nf3 Nf6 Nc3 e6 e3 Nbd7 Bd3 dxc4 Bxc4 b5 Be2 Bb7 O-O Be7 e4 b4 e5 bxc3 exf6 Bxf6 bxc3 O-O Rb1 Qc7 Bf4 Qxf4 Rxb7 Nb6 g3 Qf5 Bd3 Qa5 Qc2
FIDE WCh KO,New Delhi IND,2000.12.03,3.1,"Khalifman,A","Leko,P",1/2-1/2,E15,d4 Nf6 c4 e6 Nf3 b6 g3 Ba6 Nbd2 d5 Bg2 Be7 O-O O-O cxd5 exd5 Ne5 Bb7 b3 a5 Bb2 Na6 Rc1 c5 Nd3 Re8 Nf4 cxd4 Nf3 Nb4 a3 Na2 Rc2 Nc3 Qc1 Bc5 Nxd4 Nce4 Nd3 Bf8 Rd1 Rc8 Bh3 Rxc2 Qxc2 Nc5 Nf4 g6 b4 axb4 axb4 Nce4 Qa4 Qd6 Nd3 Ra8 Qb3 Ba6 b5 Bb7 Nc6 Ng5 Bg2 Bxc6 Be5 Qe6 Bxf6 Qxf6 bxc6 Qxc6 Bxd5 Qa4 Rb1 Qxb3 Rxb3 Ra5 Nf4 Bd6 Bc6 Rc5 Bd7 Rc1+ Kg2 Bc5 Nd3 Rc2 Nxc5 bxc5 Re3 Rd2 Bb5 Kg7 h4 Ne6 Bc4 Kf6 Rc3
FIDE WCh KO,New Delhi IND,2000.12.03,3.1,"Leitao,R","Nataf,IA",1-0,B32,e4 c5 Nf3 Nc6 d4 cxd4 Nxd4 e5 Nb5 d6 c4 Be7 N1c3 a6 Na3 f5 exf5 Bxf5 Bd3 Be6 O-O Nf6 Nc2 O-O b3 Qd7 Bb2 Bd8 Ne4 Nxe4 Bxe4 Bb6 Qd3 Bf5 Rad1 Rad8 Bc1 Bxe4 Qxe4 Qf5 Qxf5 Rxf5 Be3 Bxe3 Nxe3 Rf4 Rd5 Rd4 Rd1 Rxd1+ Nxd1 b5 cxb5 Ne7 Rd3 axb5 Nc3 b4 Nd5 Kf7 Nxb4 d5 f3 Ke6 Kf2 Rb8 Nc2 e4 Rc3 Ke5 Rc7 Kd6 Ra7 Rc8 Nd4 Ke5 Rxe7+ Kxd4 fxe4 dxe4 Rd7+ Ke5 Rxg7 Rc2+ Ke3 Rc3+ Kd2 Rd3+ Ke2 h5 Rg3 Rd8 Rc3 Kd4 Rc2 Rg8 Rd2+ Ke5 Ke3 Rc8 b4 h4 h3 Rg8 Rb2 Rg3+ Kf2 Kd4 b5 Kc3 Re2 Kd3 b6 e3+ Ke1 Rg6 Rb2 Rc6 Rb3+
FIDE WCh KO,New Delhi IND,2000.12.03,3.3,"Khalifman,A","Leko,P",1/2-1/2,D97,d4 Nf6 Nf3 g6 c4 Bg7 Nc3 d5 Qb3 dxc4 Qxc4 O-O e4 a6 Be2 b5 Qb3 c5 dxc5 Bb7 O-O Nxe4 Nxe4 Bxe4 Bg5 Nc6 Qe3 Qd5 Rad1 Qe6 Bh6 Bc2 Rd2
FIDE WCh KO,New Delhi IND,2000.12.03,3.1,"Van Wely,L","Dreev,A",0-1,D46,d4 d5 c4 c6 Nc3 Nf6 e3 e6 Nf3 Nbd7 Qc2 Bd6 Bd3 O-O O-O dxc4 Bxc4 a6 a4 c5 Rd1 cxd4 exd4 Qc7 Bd3 b6 Be3 Bb7 Qe2 Nd5 Ne4 Nf4 Bxf4 Bxf4 g3 Bh6 h4 Qc6 Ra3 Qd5 Bb1 Rac8 Re1 Rfd8 Neg5 Bxg5 hxg5 Nf8 Re3 Qc4 Qxc4 Rxc4 b3 Rb4 Bd3 a5 Bc4 Bxf3 Rxf3 Rxd4 Rf4 Rd6 Ree4 Rd1+ Kh2 Ng6 Rd4 Rxd4 Rxd4 Kf8 Rd8+ Ke7 Rb8 Ne5 Rb7+ Kd6 Bb5 Rxb3 f4 Nf3+ Kg2 Nd4 Rd7+ Kc5 Rc7+ Kd5 Bc4+ Kd6 Rxf7 Rc3 Ba6 Nf5 Kf2 Rc7 Rxc7 Kxc7 Bd3 g6 g4 Nd6 Ke3 b5 axb5 a4 Kd2 Kb6 Kc1 Kc5 Kb2 e5 Ka3 e4 Bf1 Nxb5+ Kxa4 Nd4
FIDE WCh KO,New Delhi IND,2000.12.04,3.2,"Nataf,IA","Leitao,R",1/2-1/2,B47,e4 c5 Nf3 e6 d4 cxd4 Nxd4 Nc6 Nc3 Qc7 Be2 a6 O-O Nf6 Kh1 Nxd4 Qxd4 Bc5 Qd3 b5 f4 Bb7 Bf3 O-O e5 Ne8 Bxb7 Qxb7 f5 f6 Bf4 Qc6 a4 b4 Ne4 Be7 Rae1 fxe5 Bxe5 exf5 Ng3 g6 Bd4 Rf7 Qb3 d5 Re5 Rd8 Rfe1 Bf8 Re6 Qc4 Qe3
FIDE WCh KO,New Delhi IND,2000.12.04,3.2,"Piket,Je","Gelfand,B",1/2-1/2,E15,d4 Nf6 c4 e6 Nf3 b6 g3 Ba6 b3 Bb4+ Bd2 Be7 Nc3 O-O e4 d5 cxd5 Bxf1 Kxf1 exd5 e5 Ne4 Kg2 Qd7 Rc1 Nc6 Qe2 Nxd2 Qxd2 Nd8 Ne2 Ne6 Rhd1 Rfd8 Nfg1 c5 f4 f5 Nf3 Rac8 Qd3 g6 h3 Rc7 Rc2 Qc8 Rdc1 Qd7 Kh2 Rdc8 dxc5 bxc5 Nc3 c4 Qxd5 cxb3 Qxb3 Rb7 Ne2 Rxb3 Rxc8+ Kf7 axb3 Qd3 Neg1 Qxb3 R8c3 Qb6 Kg2 a5 Ne2 a4 R1c2 Qb7 Kh2 a3 Nc1 h6 h4 Qe4 Nd2 Qe1 Nf3 Qe4 Nd2 Qe1 Nf3
FIDE WCh KO,New Delhi IND,2000.12.04,3.2,"Gurevich,M","Shirov,A",1/2-1/2,A26,c4 Nf6 Nc3 g6 g3 Bg7 Bg2 O-O d3 d6 Nf3 e5 O-O Nc6 Rb1 a5 a3 Re8 Nd2 Nd4 e3 Ne6 b4 axb4 axb4 c6 Nf3 Bd7 Qc2 Qc7 Bb2 h5 Ra1 Rxa1 Rxa1 d5 Nxe5 d4 Nxd7 Qxd7 Nd1 dxe3 Nxe3
FIDE WCh KO,New Delhi IND,2000.12.04,3.2,"Serper,G","Grischuk,A",1/2-1/2,D30,d4 d5 c4 e6 Nf3 c6 Bg5 Be7 Bxe7 Qxe7 e3 Nf6 Nc3 O-O Qc2 Nbd7 Bd3 Re8 cxd5 exd5 O-O Nf8 Rab1 Ng6 b4 Bg4 Nd2 Rac8 Bf5 Bxf5 Qxf5 Qe6 Qc2 Nh4 Ne2 Qg4 Ng3 Nh5 Rfc1 Nxg3 hxg3 Nf5 b5 Re6 Qd1 Qxd1+ Rxd1 Ne7 Rdc1 Kf8 Nf3 Ke8 Ne1 cxb5 Rxc8+ Nxc8 Rxb5 Ra6 Rxb7 Rxa2 Nd3 Nd6 Rb1 Kd7 Nb4 Ra5 Rc1 Rb5 Nd3 f6 Nc5+ Ke7 Na6 Ne4 g4 Kd6 f3 Nd2 Rc7 Rb1+ Kf2 Ra1 Rxa7 Ra2 Kg3 g5 Rf7 Ke6 Ra7 Kd6 Rf7 Ke6 Ra7 Kd6
FIDE WCh KO,New Delhi IND,2000.12.04,3.2,"Movsesian,S","Ehlvest,J",1/2-1/2,C02,e4 e6 d4 d5 e5 c5 c3 Nc6 Nf3 Qb6 Be2 cxd4 cxd4 Nh6 Nc3 Nf5 Na4 Qa5+ Kf1 b5
FIDE WCh KO,New Delhi IND,2000.12.04,3.2,"Tkachiev,V","Kasimdzhanov,R",1/2-1/2,E63,d4 Nf6 c4 g6 g3 Bg7 Bg2 O-O Nc3 d6 Nf3 Nc6 O-O a6 b3 Rb8 e3 b5 Qe2 bxc4 bxc4 e5 d5 Na5 e4 c5
FIDE WCh KO,New Delhi IND,2000.12.04,3.2,"Vladimirov,E","Morozevich,A",1/2-1/2,A29,c4 Nf6 Nc3 e5 g3 d5 cxd5 Nxd5 Bg2 Nb6 Nf3 Nc6 O-O Be7 a4 a5 d3 Be6 Be3 Nd5 Bd2 Ndb4 Ne4 f5 Neg5 Bg8 Nh3 Bd5 Bc3 Bf6 Ne1 Bxg2 Nxg2 O-O f4 Qd7 Qb3+ Kh8 Qc4 Rae8 fxe5 Nxe5 Qb5 c6 Qxa5 Nc2 Rab1 Ng4 Bxf6 Rxf6 Qd2 Qd4+ Kh1 Rh6 Rf4 Rxh3 Rxd4 Nxd4 Re1 Nxh2 Kg1 h6 Qb4 Nc2 Qa5 Ng4 e4 Rxg3 Qc7 Ne5 Re2 Nd4 Rf2 fxe4 dxe4 Ndf3+ Kf1 Rf8 Qxb7 Ng4 Qc7 Nd2+ Ke1 Nf3+ Kf1 Nd2+ Ke1 Nf3+
FIDE WCh KO,New Delhi IND,2000.12.04,3.2,"Dreev,A","Van Wely,L",1/2-1/2,E81,d4 Nf6 c4 g6 Nc3 Bg7 e4 d6 f3 O-O Nge2 a6 Be3 c6 c5 Nbd7 cxd6 exd6 Nf4 b5 Be2 c5 O-O Bb7 Qd2 Qe7 Rad1 Rfe8 dxc5 dxc5 Nfd5 Nxd5 Nxd5 Qd6 Nc3 Qxd2 Rxd2 Bc6 Rfd1 Ra7 Rd6 Rc8 Nd5 Bxd5 R6xd5 Rcc7 b4 Bf8 Bf4 Rcb7 Be3 Rc7 Bf4 Rcb7 Be3 Rc7
FIDE WCh KO,New Delhi IND,2000.12.04,3.2,"Topalov,V","Georgiev,Ki",1/2-1/2,E94,Nf3 Nf6 c4 g6 Nc3 Bg7 e4 O-O d4 d6 Be2 e5 O-O Na6 Be3 c6 d5 Ng4 Bg5 f6 Bh4 c5 Ne1 h5 h3 Nh6 a3 Nf7 Nd3 Bh6 b4 Kg7 Qc2 Qe7 Qb2 Bf4 Bg3 Bxg3 fxg3 Rb8 bxc5 Nxc5 Nxc5 dxc5 Bd3 b6 a4 a5 Ra3 Rd8 Rb3 Rd6 Qb1 Ba6 Rf2 Qd8 Rfb2 Kf8 Be2 Nh6 Kh2 Kg7 Bd3 Nf7 Be2 Nh6 Bd3 Kh7 Kg1 Kg7 Kh2 Nf7
FIDE WCh KO,New Delhi IND,2000.12.04,3.2,"Svidler,P",Peng Xiaomin,1-0,C93,e4 e5 Nf3 Nc6 Bb5 a6 Ba4 Nf6 O-O Be7 Re1 b5 Bb3 d6 c3 O-O h3 Re8 d4 h6 Nbd2 Bf8 Bc2 Bd7 b3 g6 Bb2 Bg7 d5 Ne7 c4 c6 b4 cxd5 cxd5 Nh5 Nb3 Nf4 Na5 Rc8 Bb3 g5 Nh2 Neg6 Nc6 Qf6 Ng4 Bxg4 hxg4 Nh4 Re3 Nhxg2 Rg3 Nh4 a4 Qg6 Bc2 Bf6 axb5 axb5 Ra5 Kg7 Rxb5 h5 Rb7 Rh8 Rd7 hxg4 Qxg4 Qh7 Kf1 Nhg6 Rxd6 Qh1+ Rg1 Qh3+ Qxh3 Rxh3 Ke1 Ra8 Kd2 Rh2 Rf1 g4 Kc3 Bh4 Bd1 Rg2 Kc4 f6 Rd7+ Kh6 Bc1 Kg5 Be3 Ra2 Ra7 Rb2 d6 Bxf2 Rxf2 Rgxf2 d7 g3 d8=Q g2 Rh7 Rbe2 Bxe2 Rxe2 Qd7
FIDE WCh KO,New Delhi IND,2000.12.04,3.2,"Adams,Mi","Yermolinsky,A",1/2-1/2,B65,e4 c5 Nf3 d6 d4 cxd4 Nxd4 Nf6 Nc3 Nc6 Bg5 e6 Qd2 Be7 O-O-O Nxd4 Qxd4 O-O f4 h6 Bh4 Qa5 Bc4 e5 fxe5 dxe5 Qd3 Bg4 Bxf6 Bxf6 Rdf1 Bh4 Kb1 Qc5 g3 Bg5 h3 Be6 Bb3 Rad8 Nd5 f5 h4 fxe4 Rxf8+ Kxf8 Qf1+ Kg8 Nc3 Bxb3 axb3 Be3 Nxe4 Qc6 Qf3
FIDE WCh KO,New Delhi IND,2000.12.04,3.2,"Gulko,B","Azmaiparashvili,Z",1/2-1/2,B07,d4 d6 Nf3 g6 g3 Bg7 Bg2 Nd7 O-O e5 e4 Ngf6 Nc3 O-O Re1 c6 a4 Qc7 b3 Re8 Ba3 Bf8 Qd2 b6 Rad1 Bb7 dxe5 dxe5 Bxf8 Nxf8 Qd6 Qe7 Qxe7 Rxe7 Rd6 Ne8 Rd2 Nc7 Red1 Na6 Ne1 Nb4 Nb1 Ne6 c3 Na6 b4 Nac7 Nd3 a5 Nxe5 axb4 cxb4 Rxa4 Rb2 Nb5 Nd7 Ra6 Bf1 Ned4 Bxb5 Nxb5 e5 Kg7 f4 Nc7 Nf6 Ne8 Nxe8+ Rxe8 Nc3 Bc8 Rd6 c5 bxc5 Ra1+ Rd1 Rxd1+ Nxd1 bxc5 Rc2 Rd8 Ne3 Bh3 Rxc5 Rd3 Kf2 Rd2+ Kf3 h5 g4 hxg4+ Nxg4 Bxg4+ Kxg4 Rxh2
FIDE WCh KO,New Delhi IND,2000.12.04,3.2,"Leko,P","Khalifman,A",1/2-1/2,B65,e4 c5 Nf3 d6 d4 cxd4 Nxd4 Nf6 Nc3 Nc6 Bg5 e6 Qd2 Be7 O-O-O O-O f4 h6 Bh4 Nxd4 Qxd4 Qa5 Bc4 e5 fxe5 dxe5 Qd3 Bg4 Bxf6 Bxf6 Rdf1 Rac8 Kb1 Bh4 Bb3 Qc5 g3 Bg5 h3 Be6 h4 Be7 Nd5 Kh8 Qe2 a5 g4 b5 Nxe7 Qxe7 Qxb5 Rc5 Qb6 Bc4 Rf2 Rb5 Qc6 Rc5 Qb6 Rb5 Qe3 Rfb8 Ka1 Be6 Rb1 Qxh4 Bxe6 fxe6 Rg2 Qf6 c4 Rb4 g5 Qf4 Qh3 Rxc4 gxh6 g5 Rgg1 Qf6 Qe3 a4 Rbf1 Qe7 h7 Rc2 Rb1 a3 Qxa3 Qxa3 bxa3 Rxb1+ Kxb1 Rc4 Rxg5 Kxh7 Rg4 Kh6 Kb2 Kh5 Kb3 Rd4 Rg2 Rxe4 a4 Rd4 a5 e4 a3 e5 a4 e3 Re2 Kg4 Rxe3 Kf4 Rh3 e4 Rh8 Rd6 Re8 e3 Kc4 Kf3 Kb5 Rd5+ Kb6 Rd4
FIDE WCh KO,New Delhi IND,2000.12.04,3.2,"Macieja,B","Beliavsky,A",1/2-1/2,B07,e4 g6 d4 d6 Nf3 Nf6 Bd3 Bg7 O-O O-O c3 Nbd7 a4 e5 Bg5 Re8 Re1 Nf8 dxe5 dxe5 Na3 Ne6 Bc4 Qe7 Bh4 Nf4 Qb3 h6 h3 g5 Bg3 N6h5 Nh2 Nxg3 fxg3 Nh5 Nf1 g4 h4 Qf6 Nc2 Bf8 Nce3 Bc5 Qc2 a5 Qf2 Qxf2+ Kxf2 Nf6 Nd2 Be6 Bxe6 Rxe6 Ke2 Bxe3 Kxe3 Nh5 Nf1 Rb6 Rab1 Rd8 Kf2 Rd3 Re3 Rd8 Kg1 Rc6 Re2 Rcd6 Kh2 Nf6 Ne3 Rd2 Rxd2 Rxd2 Nc4 Re2 Nxa5 b6 Nc6 Nxe4 Nxe5 Nxc3 Rc1 Nd5 Nxg4 Kg7 Kh3 f5 Nh2 Rxb2 a5 bxa5 Rc5 Rd2 Rxa5 h5 Ra1 Ne3 Re1 Nd1 Nf3 Nf2+ Kh2 Rd1 Rxd1 Nxd1 Kg1 Kf6 Kf1 Nc3 Ng5 Ke5 Nf7+ Ke4 Kf2 c5 Nd6+ Ke5 Nc4+ Kd4 Ne3 Ke4 Nc4 Nb5 Ke2 Kd4 Ne3 Nd6 Kf3 Ke5 Nc2 c4 Ke3 Nb5 Nb4 Nd4 Na2 Nc6 Kd2 Kd6 Ke3 Kc5 Nc3 Ne7 Na4+ Kb4 Kd4 f4 Nb2 Nf5+ Ke4 Nxg3+ Kxf4 c3 Nd3+ Kc4 Nc1 Nf1 g4
FIDE WCh KO,New Delhi IND,2000.12.04,3.2,"Anand,V","Lputian,S",1-0,C18,e4 e6 d4 d5 Nc3 Bb4 e5 c5 a3 Bxc3+ bxc3 Ne7 Qg4 O-O Bd3 Nbc6 Qh5 Ng6 Nf3 Qc7 Be3 Nce7 h4 Bd7 a4 f5 exf6 Rxf6 O-O c4 Bxg6 Nxg6 Qg5 e5 dxe5 Rxf3 gxf3 Rf8 Qg3 Qxe5 Qxe5 Nxe5 Rfd1 Nxf3+ Kf1 Rf5 Bxa7 Rh5 Ke2 Bg4 Rdb1 Nxh4+ Kd2 Nf3+ Kc1 d4 Rb5 Rxb5 axb5 dxc3 Bc5 Bf5 Ra4 Nd2 Bd4 Be6 Ra8+ Kf7 Rh8 Nf3 Bxc3 Ng5 f4 Ne4 Be5 h6 Rb8 Bd5 f5 Nf6 Rc8 h5 Rc5 Be4 Rc7+ Kg8 Bxf6 gxf6 Kd2
FIDE WCh KO,New Delhi IND,2000.12.04,3.2,"Aleksandrov,A","Bareev,E",0-1,D47,d4 d5 c4 c6 Nc3 Nf6 e3 e6 Nf3 Nbd7 Bd3 dxc4 Bxc4 b5 Be2 a6 e4 b4 e5 bxc3 exf6 Nxf6 bxc3 Bd6 c4 O-O c5 Bc7 O-O a5 Bg5 Qd5 Bxf6 gxf6 Qb1 Qd7 Bd3 Kh8 Re1 Ba6 Bc2 Rab8 Qc1 Rg8 Qh6 f5 Bxf5 exf5 Qf6+ Rg7 Re7 Qd8 Rae1 Bc4 g3 Bxa2 Qxf5 Rb1 Qf6 Rxe1+ Nxe1 Kg8 Ng2 Kf8 Ne3 Qxe7 Qxc6 Rg6
FIDE WCh KO,New Delhi IND,2000.12.05,3.5,"Khalifman,A","Leko,P",1/2-1/2,B70,e4 c5 Nf3 Nc6 Nc3 g6 d4 cxd4 Nxd4 Bg7 Nb3 Nf6 Be2 d6 O-O O-O Bg5 Be6 Kh1 Rc8 f4 Na5 f5 Bc4 Bd3 b5 Qf3 b4 Nd5 Bxd5 exd5 Nc4 Bxc4 Rxc4 Qd3 Qc7 Na5 Rxc2 Nc6 Rc5 Bxf6 Bxf6 Rae1 Rxc6 dxc6 Qxc6 Rc1 Qa4 Qb3 Qb5 a4 Qb7 Rc4 a5 Qc2 Kg7 b3 Qd5 Rc7 Re8 Qc4 Qe5 Qd3 Rb8 g3 h5 fxg6 fxg6 Rc4 Rf8
FIDE WCh KO,New Delhi IND,2000.12.05,3.5,"Shirov,A","Gurevich,M",1-0,C14,e4 e6 d4 d5 Nc3 Nf6 Bg5 Be7 e5 Nfd7 Bxe7 Qxe7 Qd2 Nc6 f4 Nb6 Nf3 Bd7 Bd3 a6 O-O f6 exf6 Qxf6 Qe3 O-O-O a4 Be8 a5 Nd7 f5 exf5 Nxd5 Qd6 c4 Bg6 Nh4 f4 Rxf4 Rhe8 Be4 Kb8 Nxg6 hxg6 Qf2 g5 Rg4 Nf6 Nxf6 gxf6 Bxc6 Qxc6 d5 Qd7 h3 Qd6 Rf1 Rf8 Re4 f5 Re6 Qb4 Qd4 g4 h4 Qxa5 h5 Qb4 h6 a5 Rf4 Rf7 Kh2 b6 Qe5 a4 Re8 Rf8 Rxd8+ Rxd8 Rxf5 Qxc4 h7 g3+ Kxg3 Qd3+ Kh2 Kb7 Rf7 Qg6
FIDE WCh KO,New Delhi IND,2000.12.05,3.5,"Movsesian,S","Ehlvest,J",0-1,C97,e4 e5 Nf3 Nc6 Bb5 a6 Ba4 Nf6 O-O Be7 Re1 b5 Bb3 d6 c3 O-O d3 Na5 Bc2 c5 Nbd2 Qc7 Nf1 h6 h3 Re8 d4 cxd4 cxd4 Bd7 b3 Rac8 Re2 Nc6 Bb2 Bf8 Rc1 Qb7 d5 Ne7 Kh2 Ng6 g3 Be7 Bb1 Rxc1 Bxc1 Bd8 Ne1 Qc8 Rc2 Qb8 Qe2 Bb6 Nd3 Rc8 f3 Ne7 Bb2 Rxc2 Bxc2 Qc8 g4 Ng6 Ng3 Nf4 Nxf4 exf4 Nh5 Nxh5 gxh5 Bxh3 e5 Bf5 Be4 dxe5 Bxe5 Qd8 Qe1 Bxe4 fxe4 Qg5 Bd6 Qxh5+ Kg2 Qg6+
FIDE WCh KO,New Delhi IND,2000.12.05,3.4,"Kasimdzhanov,R","Tkachiev,V",0-1,C45,e4 e5 Nf3 Nc6 d4 exd4 Nxd4 Bc5 Nxc6 Qf6 Qd2 dxc6 Nc3 Bd4 Bc4 Nh6 O-O Ng4 Qf4 O-O h3 Bxc3 bxc3 Qxc3 Rb1 Qxc4 hxg4 Qxa2 Bb2 Qe6 f3 Qe7 Be5 Rd8 Bxc7 Rd7 Be5 b6 Rfd1 Rxd1+ Rxd1 Be6 Rd6 c5 Bb2 h6 Qe5 Qg5 Qc3 b5 f4 b4 Qe3 Qxg4 f5 Bc4 Qxc5 Qxe4 Rd4 Qxc2 Qxb4 Rc8 Kh2 Qe2 Qb7 Qe5+ Kh3 Qxf5+ Kg3 Be6 Qxa7 Qe5+
FIDE WCh KO,New Delhi IND,2000.12.05,3.6,"Leko,P","Khalifman,A",1/2-1/2,B44,e4 c5 Nf3 e6 d4 cxd4 Nxd4 Nc6 Nb5 d6 Bf4 e5 Be3 Nf6 Bg5 a6 N5c3 Be7 Bxf6 Bxf6 Nd2 Be6 Nc4 Nd4 Ne3 Qa5 h4 Rc8 Bd3 Qb4 a3 Qa5 g3 Rxc3 bxc3 Qxc3+ Kf1 O-O Kg2 Rc8 Qe1 Qc5 Qb4 b5 Qxc5 dxc5 Rhd1 c4 Bf1 Be7 c3 Nb3 Ra2 Nc5 Nd5
FIDE WCh KO,New Delhi IND,2000.12.05,3.4,Peng Xiaomin,"Svidler,P",1/2-1/2,A16,Nf3 Nf6 c4 g6 Nc3 d5 cxd5 Nxd5 Qa4+ Bd7 Qh4 Nxc3 bxc3 c5 Rb1 b6 e4 Nc6 Bc4 e6 Qg3 Bg7 h4 Qb8 Qg5 Ne5 Nxe5 Qxe5 Qe3 Bc6 Bb5 Bxb5 Rxb5 Qd6 h5 O-O-O a4 Qc6 O-O f5 h6 Bf6 e5 Be7 d4 Rd5 Ba3 Rhd8 Qf3 Qb7 Rfb1 cxd4 Bxe7 Qxe7 Rxd5 Rxd5 c4 Ra5 Rd1 Qd7 Qf4 Qc7 Qxd4 Rxe5 Qh4 Re4 Qf6 Kb7 Qg7 Rxc4 g3 Qxg7 hxg7 Rc8 Rd7+ Ka6 f4 b5 axb5+ Kxb5 Rxa7 Kc6 Kf2 Kd6 Ke3 Rg8 Kd4 h6 Ra6+ Ke7 Ke5 Rxg7 Rxe6+ Kf7 Ra6 Kg8 Kf6 Kh7 Re6 Ra7 Rd6 Rb7
FIDE WCh KO,New Delhi IND,2000.12.05,3.4,"Movsesian,S","Ehlvest,J",1/2-1/2,C92,e4 e5 Nf3 Nc6 Bb5 a6 Ba4 Nf6 O-O Be7 Re1 b5 Bb3 d6 c3 O-O h3 Nd7 d3 Bb7 Nbd2 Nc5 Bc2 Bf6 Nf1 Ne6 Be3 d5 exd5 Qxd5 Ng3 Rad8 Qe2 Rfe8 Rad1 Qxa2 b3 Qa3 Ne4 Qe7 b4 Nb8 Bb3 Nd7 Qa2 h6 Nh2 Ng5 Bxg5 Bxg5 Ng4 Rf8 d4 h5 Nxe5 Bxe4 Rxe4 Nxe5 Rxe5 Qf6 Rde1 h4 Qe2 Bf4 Re4 Qh6 Qf3 Bd6 R1e3 a5 bxa5 Ra8 Re1 Rxa5 Re8 Qf4 Rxf8+ Kxf8 Qh5 Kg8 Qd5 g6 Kf1 Kg7 Re3 Qf5 Qxf5 gxf5 Ke2
FIDE WCh KO,New Delhi IND,2000.12.05,3.6,"Gurevich,M","Shirov,A",1/2-1/2,A26,c4 Nf6 Nc3 g6 g3 Bg7 Bg2 O-O Nf3 d6 O-O Nc6 d3 e5 Rb1 a5 h3 Nd4 Nd2 c6 e3 Ne6 Nf3 Re8 e4 Bd7 Be3 b5 cxb5 cxb5 d4 exd4 Nxd4 Nxd4 Bxd4 b4 Nd5 Nxd5 Bxg7 Kxg7 Qxd5 Be6 Qd4+ Qf6 Qxf6+ Kxf6 e5+ dxe5 Bxa8 Rxa8 Ra1 Bxh3 Rfc1 Be6 Rc5 h5 Rb5 e4 a3 bxa3 Rxa3 Rd8 Re3 Rd1+ Kg2 a4 Kh2 Kg7 g4 hxg4 Rxe4 Rd2 Kg3 Bb3 Rxg4 Rxb2 Rxa4 Bxa4 Rxb2 Bd7 Kf4 Kf6 Rb6+ Be6 Ra6 Kg7 Kg5 Bf5 Rb6
FIDE WCh KO,New Delhi IND,2000.12.05,3.4,"Gurevich,M","Shirov,A",1-0,A26,c4 Nf6 Nc3 g6 g3 Bg7 Bg2 O-O Nf3 d6 O-O Nc6 Rb1 a5 d3 e5 h3 h6 e4 Nd7 Be3 Nc5 d4 exd4 Nxd4 Bd7 Ndb5 Ne5 Qe2 Bc6 Rbd1 Ned7 Nd5 Bxd5 cxd5 Re8 Qc2 h5 Rfe1 a4 f4 Ra5 Na3 h4 g4 b5 Bd2 Qa8 Bxa5 Qxa5 Kh1 b4 Nc4 b3 axb3 axb3 Qe2 Qb4 e5 Nb6 Nxb6 cxb6 Qd2 Qxd2 Rxd2 g5 e6 gxf4 exf7+ Kxf7 Rxe8 Kxe8 Bf1 Kf7 Kg2 Ne4 Rd3 Nc5 Rf3 Bxb2 Rxf4+ Kg6 Rb4 Be5 Bc4 b2 Ba2 Kg5 Bb1 Nd7 Kf3 Nf6 Rb5 Bd4 Bc2 Nd7 Ke4 Be5 Ke3 Bf4+ Ke2 Be5 Bf5 Nc5 Rb4 Kf6 Kf3 Bc3 Rxb6 Ke5 Bb1 Kxd5 g5 Nd7 Rb7 Ne5+ Kf4 Nc4 g6 Kc6 g7 Be5+ Kf5 Ne3+ Ke4 Nd5 Rf7 Nc3+ Kd3 Bxg7 Rxg7 Nxb1 Kc2 Nd2 Kxb2 Kd5 Kc2 Nf3 Kd3 Ke5 Rg4 Kf5 Ke3 Ng5 Rxh4 d5 Rf4+ Kg6 Rh4 d4+ Kd3 Kf5 Rh8 Ne6 Kc4 Ke4 h4 Kf5 Rg8 Ke4 h5 d3 Kc3 Kf5
FIDE WCh KO,New Delhi IND,2000.12.05,3.4,"Leko,P","Khalifman,A",1/2-1/2,B80,e4 c5 Nf3 e6 d4 cxd4 Nxd4 Nc6 Nc3 d6 g3 Nf6 Bg2 Bd7 O-O Be7 a4 O-O Be3 Nxd4 Bxd4 Bc6 Qd2 Re8 Rfd1 Nd7 Qe2 Bf8 h3 b6 a5 Qc7 Nb5 Qb7 Bc3 Bxb5 Qxb5 a6 Qe2 b5 Bb4 Qc7 Qd2 Nc5 Ra3 Rac8 Re3 Red8 f4 Be7 Kh2 Bf6 b3 e5 Re2 Be7 f5 h6 h4 Nd7 Kh3 Nf6 Qe1 h5 Rd3 Qb8 Bf3 Rc6 g4 hxg4+ Bxg4 Qc7 c3 d5 Bxe7 Qxe7 exd5 e4 Rg3 Rxd5 Reg2 Qd7 c4 bxc4 bxc4 Rd3 Kh2 Qd6 Be2 Rxg3 Qxg3 Qxg3+ Kxg3 Rc5 Kf4 Rxa5 Rg1 Kf8 Rb1 Rc5
FIDE WCh KO,New Delhi IND,2000.12.05,3.3,"Tkachiev,V","Kasimdzhanov,R",1/2-1/2,E63,d4 Nf6 c4 g6 g3 Bg7 Bg2 O-O Nc3 d6 Nf3 Nc6 O-O a6 Qd3 Nb4 Qd1 Nc6 Bd2 e5 dxe5 dxe5 Bg5 Be6 Qa4 h6 Rfd1 Qb8 Bxf6 Bxf6 Nd2 Bg7 Nde4 Qa7 Nd5 Rac8 b4 Kh8 e3 f5 Nc5 Bg8 Rac1 e4 Nf4 Bf7 Nce6 Bxe6 Nxe6 Rf7 c5 Re8 Qb3 Ne5 Nxg7 Kxg7 Qc3 Qb8 Rd5 Rfe7 Rcd1 Qc8 Bf1 Qe6 Be2 Qf6 Kg2 Kh7 Rd8 Kg7 Rxe8 Rxe8 Rd5 Re7 a4 g5 b5 axb5 axb5 c6 bxc6 bxc6 Rd6 Re6 Rd4 Kg6 Qd2 Qe7 Qc2 Nd7 Bc4 Rf6 Qd1 Ne5 Qc2 Nd7 Qd1 Nxc5 Rd8 Nd3 Rg8+ Kh7 Rb8 Rd6 Qb3 Ne1+ Kh1 Nf3 Rb7 Rd1+ Qxd1 Qxb7 Be6 Kg6 Kg2 Qe7 Ba2 Ne5 Qb3 Qe8 Qc3 Qe7 Qb3 Qe8 Qc3
FIDE WCh KO,New Delhi IND,2000.12.05,3.3,"Svidler,P",Peng Xiaomin,1-0,C65,e4 e5 Nf3 Nc6 Bb5 Nf6 O-O Bc5 c3 O-O d4 Bb6 Re1 d6 h3 h6 Be3 Bd7 Bd3 Re8 Nbd2 a6 a3 Ba7 Rc1 b5 d5 Ne7 c4 Bxe3 Rxe3 c6 c5 cxd5 cxd6 Nc6 exd5 Nxd5 Re1 Nf4 Be4 Rc8 Nb3 f5 Bxc6 Bxc6 Rxe5 Rxe5 Nxe5 Nxh3+ Kf1 Qh4 gxh3 Qxh3+ Ke2 Re8 Qd4 Qh5+ Kd2 f4 Nxc6 Re2+ Kc3 Qf3+ Kb4 Re4 d7
FIDE WCh KO,New Delhi IND,2000.12.05,3.3,"Ehlvest,J","Movsesian,S",1/2-1/2,D10,d4 Nf6 c4 c6 Nc3 d5 e3 a6 Qc2 b5 b3 Bg4 Nge2 Nbd7 Nf4 e5 dxe5 Nxe5 h3 Be6 Be2 Bd6 O-O O-O cxd5 cxd5 Bb2 Ng6 Nxg6 hxg6 Rfd1 Rc8 Qd2 Qe7 Bf3 Rfd8 Rac1 Bb4 Qd4 Bc5 Qe5 Bd6 Qd4 Bc5 Qe5 Bd6 Qd4 Bc5
FIDE WCh KO,New Delhi IND,2000.12.05,3.4,"Yermolinsky,A","Adams,Mi",0-1,A17,Nf3 Nf6 c4 e6 Nc3 Bb4 Qc2 O-O a3 Bxc3 Qxc3 b6 b4 Bb7 Bb2 d6 g3 Nbd7 Bg2 Ne5 O-O Nxf3+ exf3 c5 d4 cxd4 Qxd4 e5 Qe3 Re8 Rfd1 Qc7 Rac1 Rad8 c5 bxc5 bxc5 Nd5 Qb3 dxc5 f4 Qb6 Qxb6 axb6 fxe5 Ba8 Bh3 h5 Bf5 Bc6 e6 g6 exf7+ Kxf7 Bd3 Nc7 f4 Bf3 Bc4+ Kf8 Rxd8 Rxd8 Be5 Ne8 Kf2 Be4 Rc3 Nd6 Be2 Ke7 Rb3 Rb8 a4 Bc6 a5 b5 Rd3 Rd8 Bf3 c4
FIDE WCh KO,New Delhi IND,2000.12.05,3.6,"Ehlvest,J","Movsesian,S",1-0,E61,d4 Nf6 Nf3 g6 c4 Bg7 Nc3 O-O Bg5 d6 e3 Nbd7 Qc2 e5 Rd1 h6 Bh4 Re8 Be2 g5 dxe5 dxe5 Bg3 Qe7 O-O c6 a3 a5 Rb1 Nh5 Rfd1 e4 Nd4 Nxg3 hxg3 Nf8 Na4 c5 Nb5 Ra6 Nac3 f5 Nd5 Qe5 Ndc7 Re7 Nxa6 bxa6 Rd5 Qe6 Nd6 f4 Rbd1 Bd7 Nf5 Rf7 Nxg7 Rxg7 Qc3 Ng6 Rd6 Qe8 Bh5
FIDE WCh KO,New Delhi IND,2000.12.05,3.7,"Leko,P","Khalifman,A",1/2-1/2,B40,e4 c5 Nf3 e6 c4 Nc6 Nc3 a6 Be2 Qc7 O-O Nf6 b3 Nd4 h3 Bd6 d3 Nxf3+ Bxf3 Bh2+ Kh1 Be5 Bd2 b6 g3 h5 Bg2 h4 g4 g5 Rc1 Rg8 Ne2 Bb7 f4 gxf4 Bxf4 O-O-O Qd2 d5 exd5 exd5 Bxe5 Qxe5 Rf5 Qe7 Rcf1 Rd6 Nf4 dxc4 Re1 Ne4 Qe3 cxd3 Nxd3 Re6 Kh2 Ng5 Re5 Rxe5 Qxe5 Qxe5+ Rxe5 Bxg2 Kxg2 f6 Rf5 Rd8 Nf4 Rd2+ Kg1 Rd1+ Kg2 Rd2+ Kg1 Rd6 Nd5 Nxh3+ Kh2 Ng5 Nxf6 Rd2+ Kh1 Rd1+ Kh2 Rd2+ Kh1 Ne6 g5 Rxa2 g6 h3 Re5 Ng7 Ne8 Rg2 Nxg7 Rxg6 Nf5 Kc7 Kh2 Rg2+ Kxh3 Rb2 Re3 Kc6 Ne7+ Kb5 Nd5 Rd2 Nc7+ Ka5 Kg4 Rd7 Ne6 Kb4 Kf5 a5 Ke5 b5 Re4+ c4 bxc4 bxc4 Rh4 a4 Nd4 Kc5 Ne6+ Kb4 Nd4 a3 Nc2+ Kb3 Nxa3 c3 Rh3 Rc7
FIDE WCh KO,New Delhi IND,2000.12.05,3.8,"Khalifman,A","Leko,P",1-0,C42,e4 e5 Nf3 Nf6 Nxe5 d6 Nf3 Nxe4 d4 d5 Bd3 Bd6 O-O O-O c4 c6 cxd5 cxd5 Nc3 Nxc3 bxc3 Bg4 Rb1 Nd7 h3 Bh5 Rb5 Nb6 c4 Bxf3 Qxf3 dxc4 Bc2 Qd7 a4 Rfe8 Be3 Rad8 Rfb1 Bc7 Be4 Nxa4 Rd5 Bd6 Rh5 g6 Rxb7 Bc7 Rd5 Qc8 Rxd8 Rxd8 Bd5 Rd7 Qf6 Qd8 Qxd8+ Rxd8 Bc6 Bb6 Bxa4 Bxd4 Bxd4 Rxd4 Rxa7 c3 Bb3 Rb4 Ra3 Kg7 Kf1 f5 Bc2 Rc4 Ke2 Kf6 Kd3 Rf4 f3 Kg5 Ke3 Rc4 Ra4 f4+ Kf2 Rxa4 Bxa4 Kh4 Bc2 Kg5 g3 fxg3+ Kxg3 Kh5 f4 Kh6 Kg4 Kg7 h4 h6 Kf3 Kf7 Ke4 Kf6 Kd4 g5 hxg5+ hxg5 f5 g4 Ke4
FIDE WCh KO,New Delhi IND,2000.12.05,3.4,"Beliavsky,A","Macieja,B",0-1,E11,d4 Nf6 c4 e6 Nf3 Bb4+ Bd2 Qe7 g3 Nc6 Nc3 Bxc3 Bxc3 Ne4 Rc1 O-O Bg2 d6 d5 Nd8 Nd2 Nxc3 Rxc3 Bd7 O-O a5 Qc2 Rb8 e4 c5 f4 b5 b3 exd5 cxd5 f6 Re3 Nf7 Rfe1 Rbe8 a3 Qd8 b4 axb4 axb4 cxb4 Qb2 Qb6 Qxb4 Rc8 Kh1 Rc2 Nb3 Rfc8 Qd4 Qxd4 Nxd4 Rd2 Ne6 Nd8 Nxd8 Rxd8 R3e2 Rxe2 Rxe2 Ra8 Kg1 Kf7 Kf2 Ke7 Rb2 Ra4 Ke3 Ra3+ Kd4 Ra4+ Kd3 Ra3+ Kd2 Ra4 Bf3 h6 Rc2 Kd8 Kd3 Ra3+ Rc3 b4 Rxa3 bxa3 Kc3 Ba4 h4 g5 Be2 gxh4 gxh4 a2 Kb2 Bb3 Bf3 Kc7 Bg2 Kb6 e5 dxe5 fxe5 fxe5 d6 Be6 Ka1 Kc5 d7 Bxd7 Kxa2 Kd4 Kb2 e4 Kc2 Bg4 Kd2 e3+ Ke1 Ke5
FIDE WCh KO,New Delhi IND,2000.12.05,3.3,"Shirov,A","Gurevich,M",1-0,C11,e4 e6 d4 d5 Nc3 Nf6 Bg5 dxe4 Nxe4 Be7 Bxf6 Bxf6 Nf3 Nd7 Qd2 O-O O-O-O b6 Bc4 Bb7 Qf4 Be7 d5 exd5 Bxd5 Bxd5 Rxd5 Qc8 Nd4 Nf6 Re5 Nxe4 Rxe7 Nd6 Rhe1 Qa6 Rxc7 Ne8 Rc3 Qxa2 Ra3 Qc4 Ne6 Qxf4+ Nxf4 Nf6 Ra6 Rfd8 Re7 Nd7 Nd3 Kf8 Re4 Nb8 Ra3 Nc6 Rc3 Ne7 Rc7 Nd5 Rb7 Rdb8 Rxb8+ Rxb8 Ne5 Rc8 Nd7+ Kg8 Rd4 Ne7 Ne5 Ng6 Nd3 Nf8 Kd2 g6 b4 Kg7 b5 Rc7 Nf4 Nd7 c4 Nc5 Kc3 Re7 Nd3 Nxd3 Kxd3 Re1 g3 Ra1 Ke3 Kf6 Rd6+ Ke7 Rc6 Ra2 h4 h5 f3 Kd7 Rf6 Ke7 Rc6 Kd7 Kf4 Ra3 g4 Rc3 gxh5 gxh5 Ke4 Ke7 f4 Kd7 Kf5 a5 Kf6 a4 f5 a3 Rxb6 Rxc4 Ra6 Rxh4 Rxa3 Kd6 Rb3 Kc7 b6+ Kb7 Kxf7 Rg4 f6 h4 Rh3 Kxb6 Ke6 Rf4 f7 Kb5 Ke7 Re4+ Kf6 Rf4+ Kg7 Rg4+ Kf6 Rf4+ Ke6 Ka4 Re3 Kb5 Ke7
FIDE WCh KO,New Delhi IND,2000.12.05,3.3,"Adams,Mi","Yermolinsky,A",1-0,B33,e4 c5 Nf3 Nc6 d4 cxd4 Nxd4 Qb6 Nb3 Nf6 Nc3 e6 Qe2 Bb4 Bd2 O-O a3 Be7 e5 Nd5 O-O-O d6 exd6 Bxd6 g3 Be5 Nxd5 exd5 f4 Bf6 g4 g6 Qf3 a5 Be3 d4 Bf2 Be6 f5 Ne5 Bxd4 Qxd4 Nxd4 Nxf3 Nxf3 gxf5 g5 Bg7 Bd3 Rad8 Rhf1 f4 h4 Bh3 Rf2 Bg4 Re1 Rfe8 Re4 Rxe4 Bxe4 b5 c3 b4 axb4 axb4 cxb4 Rb8 Nd2 Be5 Nc4 Bc7 Kc2 Rxb4 Kc3 Rb8 b4 Re8 Bf3 Bd7 Ra2 Bb5 Ra7 Bb8 Rb7 Ba6 Rb6 Bxc4 Kxc4 Rc8+ Kd5 Rd8+ Ke4 Kg7 Kf5 Ba7 Rb7 Be3 h5 Kf8 h6 Re8 Kg4 Re7 Rb8+ Re8 Rb7 Re7 Rb8+ Re8 Rb5 Re6 Rf5 f6 Rxf6+ Rxf6 gxf6 Kf7 Kf5 Kf8 Ke6 Bd2 b5 Be3 Be4
FIDE WCh KO,New Delhi IND,2000.12.05,3.3,"Macieja,B","Beliavsky,A",1-0,C55,e4 e5 Nf3 Nc6 Bc4 Nf6 d3 Be7 O-O d6 a4 O-O Re1 Be6 Nbd2 Qd7 c3 h6 a5 a6 Nf1 Rfe8 Ne3 Bf8 Qb3 Bxc4 Qxc4 Ne7 Bd2 Ng6 Rad1 c6 Qa4 Rad8 Nc4 d5 Nb6 Qc7 Qb3 Bc5 exd5 cxd5 d4 exd4 Rxe8+ Rxe8 cxd4 Bxb6 axb6 Qd6 g3 Re6 Ba5 Nd7 Rc1 Nxb6 Bxb6 Qxb6 Qxd5 Re8 Rc2 Rd8 Qe4 Qb5 Rc7 Qxb2 Rxb7 Qa2 Ra7 Rc8 h4 Rc1+ Kg2 Qc4 Ra8+ Kh7 Nd2 Qc6 h5 Qxe4+ Nxe4 Ne7 Ra7 Nd5 Rxf7 Rd1 Rd7 Re1 f3
FIDE WCh KO,New Delhi IND,2000.12.06,4.1,"Bareev,E","Gulko,B",1/2-1/2,E39,d4 Nf6 c4 e6 Nc3 Bb4 Qc2 c5 dxc5 O-O a3 Bxc5 Nf3 b6 Bf4 Nh5 Bd2 Bb7 e4 Nc6 Be2 Qb8 b4 Be7 g3 f5 O-O f4 Kg2 Ne5 Nd4 Qe8 Qd1 g6 Nf3 Bf6 Rc1 Nxf3
FIDE WCh KO,New Delhi IND,2000.12.06,4.1,"Macieja,B","Anand,V",1/2-1/2,B48,e4 c5 Nc3 Nc6 Nf3 e6 d4 cxd4 Nxd4 Qc7 Be3 a6 Bd3 b5 Nxc6 Qxc6 O-O Bb7 Re1 Nf6 a3 Bd6 Bd4 e5 Be3 Bc5 Qf3 Bxe3 Rxe3 Qc5 Qf5 Kf8 Rg3 h6 h4 d6 h5 Rg8 Re1 Re8 Qf3 Ke7 Nd1 Bc8 Ne3 Be6 Nf5+ Bxf5 Qxf5 Rb8 c3
FIDE WCh KO,New Delhi IND,2000.12.06,4.1,"Leitao,R","Khalifman,A",1/2-1/2,D37,d4 d5 c4 e6 Nc3 Be7 Nf3 Nf6 Bf4 O-O e3 c5 dxc5 Bxc5 a3 Nc6 b4 Bd6 Bxd6 Qxd6 Be2 Rd8 O-O dxc4 Qxd6 Rxd6 Bxc4 Kf8 Nb5 Rd7 Rfc1 a5 bxa5 Rxa5 Be2 Rd8 Kf1
FIDE WCh KO,New Delhi IND,2000.12.06,4.1,"Dreev,A","Topalov,V",1-0,D11,d4 d5 c4 c6 Nf3 Nf6 e3 a6 b3 Bg4 Nbd2 Nbd7 Bb2 e6 Bd3 Bd6 Qc2 Qc7 O-O Bh5 h3 O-O c5 Be7 Ne5 Kh8 f4 Nxe5 fxe5 Nd7 Bxh7 g6 g4 f5 gxh5 Kxh7 hxg6+ Kg7 Kh2 Nf6 Rf4 Ne4 Nxe4 dxe4 Rg1 Rh8 Qc4 Qa5 Rf2
FIDE WCh KO,New Delhi IND,2000.12.06,4.1,"Shirov,A","Gelfand,B",1/2-1/2,B90,e4 c5 Nf3 d6 d4 cxd4 Nxd4 Nf6 Nc3 a6 Be3 e5 Nb3 Be6 Qd2 Nbd7 f3 Be7 g4 O-O g5 Nh5 O-O-O Qc7 Kb1 Rfc8 Nd5 Bxd5 exd5 Nb6 Na5 Nf4 Bxf4 exf4 Bh3 Re8 Qxf4 Bf8 Rd3 g6 Rc3 Nxd5
FIDE WCh KO,New Delhi IND,2000.12.06,4.1,"Ehlvest,J","Grischuk,A",1/2-1/2,A13,c4 e6 g3 d5 Bg2 Nf6 Nf3 dxc4 Qa4+ c6 Qxc4 b5 Qc2 Bb7 O-O Nbd7 b3 Be7 Bb2 O-O d3 Rc8 Nbd2 c5 Rac1 Qb6 Qb1 Rfd8
FIDE WCh KO,New Delhi IND,2000.12.06,4.1,"Morozevich,A","Tkachiev,V",1/2-1/2,B01,e4 d5 exd5 Qxd5 Nc3 Qa5 d4 Nf6 Bc4 Bg4 Ne2 Nc6 f3 Bh5 Bd2 O-O-O a3 Nxd4 Nb5 Qb6 Nbxd4 e5 g4 Bg6 g5 Nh5 Nb3 Qc6 Bd3 Bxd3 cxd3 Rxd3 Rc1 Qxf3 Rf1 Qe4 Qc2 c6 Na5 Be7 Qc4 Rd4 Qb3 Rd7 Qh3 Rd8 Nc4 Nf4 Bxf4 exf4 Rxf4 Qh1+ Rf1 Qd5 Rf5 Qe6 Qf1 h6 Re5
FIDE WCh KO,New Delhi IND,2000.12.06,4.1,"Svidler,P","Adams,Mi",1/2-1/2,C42,e4 e5 Nf3 Nf6 Nxe5 d6 Nf3 Nxe4 d4 d5 Bd3 Nc6 O-O Be7 c4 Nb4 Be2 O-O Nc3 Be6 Ne5 f6 Nf3 Kh8 Re1 f5 a3 Nc6 cxd5 Bxd5 Bd3 Bf6 Be3 Nxc3 bxc3 Qd7 Ng5 Ne7 c4 Bg8 Rb1 b6 Nf3 Bf7 Bg5 Bxg5 Nxg5 Bg8 Nf3 Nc6 d5 Na5 Re5 Rae8 Rxe8 Rxe8 Qc2 f4 Rd1 Qd6 Qc3 Re7 Bc2 Nb7 h3 a5 Nd4 Qf6 Qf3 Nd6 Qc3 Nb7 Qf3 Nd6
FIDE WCh KO,New Delhi IND,2000.12.07,4.2,"Gulko,B","Bareev,E",1/2-1/2,D10,d4 d5 c4 c6 cxd5 cxd5 Nc3 Nf6 Bf4 Nc6 e3 a6 Bd3 Bg4 Nge2 e6 O-O Be7 Rc1 O-O Bg5 Rc8 f3 Bh5 Nf4 Bg6 Nxg6 hxg6 Qe2 Nd7
FIDE WCh KO,New Delhi IND,2000.12.07,4.2,"Gelfand,B","Shirov,A",1/2-1/2,D27,d4 d5 c4 dxc4 Nf3 Nf6 e3 e6 Bxc4 c5 O-O a6 Bb3 cxd4 exd4 Nc6 Nc3 Be7 Re1 O-O Bf4 Na5 d5 Nxb3 Qxb3 Nxd5 Rad1 Nxf4 Rxd8 Rxd8 Rd1 Nd5 Nxd5 exd5 h3 b5 Rxd5 Be6 Rxd8+ Rxd8 Qc2
FIDE WCh KO,New Delhi IND,2000.12.07,4.2,"Tkachiev,V","Morozevich,A",1-0,D10,d4 d5 c4 c6 Nc3 Nf6 e3 a6 Qc2 b5 b3 Bg4 Nge2 g6 Nf4 Bf5 Bd3 Bxd3 Nxd3 Nbd7 O-O Bg7 cxd5 cxd5 a4 Rc8 axb5 axb5 Bd2 Ne4 Qb2 e6 Nxb5 Qb6 Ra5 O-O Bb4 Rfe8 Rfa1 e5 Be1 exd4 Nxd4 Ndc5 Nf4 Red8 b4 g5 Nfe2 Ne6 Ra6 Qb5 Nxb5 Bxb2 Rb1 Bf6 Ra2 g4 f3 gxf3 gxf3 N4g5 Kg2 Ng7 Nbd4 Re8 Bf2 N5e6 b5 Nxd4 Nxd4 Bxd4 exd4 Nf5 b6 Kg7 Rb5 Red8 b7 Rb8 Bg3 Nxg3 Kxg3 Rd7 Rab2 Kg6 Kf4 f6 Rb6 Re7 h4 h5 Rb1 Rf7 Rg1+ Kh7 Kf5 Rbxb7 Rxb7 Rxb7 Kxf6 Rb3 f4 Rh3 f5 Rxh4 Ke5 Rh2 Kxd5 h4 Rg4 h3 Rg3 Kh6 f6 Rf2 Rxh3+ Kg6 Kc5 Kxf6 Re3 Ra2 d5 Ra5+ Kc6 Ra6+ Kc7 Ra7+ Kb6
FIDE WCh KO,New Delhi IND,2000.12.07,4.2,"Khalifman,A","Leitao,R",1-0,A18,c4 Nf6 Nc3 e6 e4 d5 e5 d4 exf6 dxc3 bxc3 Qxf6 Nf3 e5 Bd3 Na6 O-O Bd6 Bc2 Bg4 d4 Bxf3 Qxf3 Qxf3 gxf3 O-O-O c5 Bf8 c6 exd4 cxb7+ Kb8 cxd4 Nb4 Be4 Nd5 Rb1 Nc3 Bg5 f6 Be3 Nxb1 Rxb1 Rd6 Bf4 Rb6 Bxc7+ Kxc7 Rc1+ Bc5 Rxc5+ Kb8 Bc6 Rd8 d5 Rxb7 Bxb7 Kxb7 Kg2 a6 a4 Rd7 Kg3 Kb6 Rc6+ Ka5 d6 Kxa4 Rc7 Rxd6 Rxg7 h5 Rh7 Rd5 Rh6 Rg5+ Kf4 Rg2 Rxh5 Rxf2 h4 a5 Rh8 Ka3 h5 Rh2 h6 a4 h7 Rh5 Kg4 Rh1 f4 Rh2 Kf5 Rh4 Ke4 Rh5 f5 Ka2 Ra8 Rxh7 Rxa4+ Kb3 Ra6 Re7+ Re6 Rf7 Kd5 Kc3 Re8 Ra7 Ke6 Ra6+ Kf7 Kd4 Re6
FIDE WCh KO,New Delhi IND,2000.12.07,4.2,"Anand,V","Macieja,B",1-0,B17,e4 c6 d4 d5 Nc3 dxe4 Nxe4 Nd7 Bc4 Ngf6 Ng5 e6 Qe2 Nb6 Bb3 h6 N5f3 a5 a4 c5 Bf4 Bd6 Ne5 O-O Ngf3 Nbd5 Bg3 Qc7 dxc5 Qxc5 O-O b6 Rfd1 Ba6 c4 Rad8 Nd4 Bxe5 Bxe5 Nb4 Nb5 Bxb5 cxb5 Rxd1+ Rxd1 Rc8 Bxf6 gxf6 Bxe6 fxe6 Qxe6+ Kh8 Qxf6+ Kg8 Qe6+ Kh8 Qxh6+ Kg8 Qe6+ Kh8 h3 Rf8 Qh6+ Kg8 Qg6+ Kh8 Qg3 Qc2 Rd4
FIDE WCh KO,New Delhi IND,2000.12.07,4.2,"Topalov,V","Dreev,A",1-0,D43,d4 d5 c4 c6 Nf3 Nf6 Nc3 e6 Bg5 h6 Bh4 dxc4 e4 g5 Bg3 b5 Be2 Bb7 Ne5 Bg7 h4 Nbd7 Qc2 c5 hxg5 cxd4 Nxb5 Nxe4 Nxc4 Nxg3 Nbd6+ Kf8 Nxb7 Qc7 fxg3 Qxb7 O-O d3 Qxd3 Ne5 Nxe5 Qb6+ Rf2 Bxe5 Qf3 f5 Qxa8+ Ke7 Qf3 hxg5 Rd1 Kf6 Bc4 g4 Qd3 Kg5 Re1 Qc5 b4 Qd4 Rxe5 Qa1+ Rf1 Qxe5 Qd2+ Kg6 Re1
FIDE WCh KO,New Delhi IND,2000.12.07,4.2,"Grischuk,A","Ehlvest,J",1/2-1/2,B12,e4 c6 d4 d5 e5 Bf5 Nc3 e6 g4 Bg6 Nge2 c5 h4 h5 Nf4 Nc6 Nxg6 fxg6 Ne2 cxd4 Nxd4 Kd7 Bh3 Qb6 c3 Nxd4 cxd4 hxg4 Qxg4 Ne7 O-O Nf5 Qxg6 Nxh4 Qf7+ Be7 Bg5 Rae8 Rac1 Rhf8 Bxe6+ Qxe6 Rc7+ Kxc7 Qxe6 Bxg5 Qd6+ Kc8 e6 Nf3+ Kg2 Nxd4 f4 Be7 Rc1+ Nc6 Rxc6+ bxc6 Qxc6+ Kb8 Qb5+ Kc7 Qa5+ Kb8 Qb5+ Kc7 Qa5+ Kb8
FIDE WCh KO,New Delhi IND,2000.12.07,4.2,"Adams,Mi","Svidler,P",1/2-1/2,B51,e4 c5 Nf3 d6 Bb5+ Nd7 d4 Nf6 Nc3 cxd4 Qxd4 e5 Qd3 h6 Be3 Be7 Bc4 a6 a4 Qc7 O-O O-O Nd2 Rb8 a5 Nc5 Qe2 Be6 Bxe6 Nxe6 Ra4 Qc6 Rc4 Qd7 Rd1 Bd8 Ra4 d5 exd5 Nxd5 Nde4 Nxc3 Nxc3 Qe8 b3 Rc8 Nd5 Nd4 Bxd4 exd4 Qd3 Kh8 Rxd4 Bxa5 Re4 Qd7 Re7 Qc6 c4 Rce8 g3 Bd8 Rxe8 Rxe8 Qf3 Kg8 Kg2 Bc7 Rd4 Re6 Re4 Rxe4 Qxe4 Bd6 h4 Bf8 h5 Qd7 Qe5 b5 Qe4
FIDE WCh KO,New Delhi IND,2000.12.08,4.3,"Grischuk,A","Ehlvest,J",1-0,B81,e4 c5 Nf3 d6 d4 cxd4 Nxd4 Nf6 Nc3 e6 g4 h6 Bg2 Nc6 h3 Be7 Be3 O-O Qe2 Nxd4 Bxd4 e5 Be3 Be6 O-O-O Rc8 Nd5 Nxd5 exd5 Bd7 Be4 Bg5 Kb1 a6 Rdg1 Qe7 h4 Bxe3 Qxe3 f5 gxf5 Bxf5 Bxf5 Rxf5 Qxh6 Rcf8 h5 Rxf2 Qg6 R8f6 Qe4 Qf7 b3 R6f4 Qg6 Rf6 Qd3 R6f3 Qg6 Rf6 Qd3 R6f3 Qc4 Kh7 Kb2 Rf4 Qd3+ Qf5 Qxf5+ Rxf5 Rg6 Rxh5 Rhg1 Rhh2 Rxg7+ Kh6 Rc7 Rd2 Rg8 Rhf2 Rc4 Kh7 Rg3 Rf6 Rc7+ Kh6 Rd3 Rxd3 cxd3 b5 Kc3 Rf4 b4 Rd4 Rc6 Rxd5 Rxa6 Kg5 Ra5 Kf4 a4 Ke3 axb5 Rxd3+ Kc2 Kd4 Ra1 Rc3+ Kb2 Rc8 Rd1+ Ke3 Rxd6 e4 Kb3 Kf4 b6 Ke5 Rh6 e3 Ka4 Kd5 Kb5 e2 Rh1 Re8 b7 Kd6 Kb6 Kd7 b5 Kd6 Re1
FIDE WCh KO,New Delhi IND,2000.12.08,4.6,"Dreev,A","Topalov,V",0-1,A65,d4 Nf6 c4 g6 Nc3 Bg7 e4 d6 f3 O-O Nge2 c5 d5 e6 Ng3 exd5 cxd5 a6 a4 h5 Bg5 Qc7 Qd2 Re8 Be2 Nh7 Bh6 Bd4 Be3 Bh8 O-O Nd7 f4 Ndf6 e5 h4 Nge4 dxe5 d6 Qa5 Nxf6+ Nxf6 fxe5 Rxe5 Bf4 Re8 Bc4 Qb4 b3 Be6 Qd3 Bf5 Qf3 Bg4 Qd3 Bf5 Qf3 Bg4 Nd5 Bxf3 Nxb4 Be2 Nd3 Ne4 d7 Red8 Ne5 Bxe5 Bxe5 Bxf1 Rxf1 Rxd7 h3 Nd2 Rf4 Nxc4 bxc4 Re8 Bc3 Re3 Bf6 Re6 a5 b6 Bc3 Rd3 Bb2 Rb3 Bf6 bxa5
FIDE WCh KO,New Delhi IND,2000.12.08,4.5,"Topalov,V","Dreev,A",1-0,B19,e4 c6 d4 d5 Nd2 dxe4 Nxe4 Bf5 Ng3 Bg6 h4 h6 Nf3 e6 Ne5 Bh7 Bd3 Bxd3 Qxd3 Nd7 f4 Ngf6 Bd2 Be7 O-O-O O-O Qf3 Qc7 c4 a5 Kb1 Rad8 Bc1 Rfe8 Ne2 c5 g4 cxd4 g5 Nxe5 fxe5 Nh7 gxh6 Qxe5 hxg7 f5 Ng3 Qc7 Qe2 Bc5 Nh5 e5 Ng3 Qf7 Qf1 f4 Ne4 Qf5 Qd3 Be7 Rdg1 Rd6 c5 Re6 h5 Bg5 Ka1 Bh6 Qf3 Ng5 Nxg5 Bxg5 Qd5 Bh6 Rg6 Qf7 Qe4 Rc8 Rhg1 Rxc5 Bd2 Rec6 a3 Rc8 Rxh6
FIDE WCh KO,New Delhi IND,2000.12.08,4.4,"Bareev,E","Gulko,B",1-0,E33,d4 Nf6 c4 e6 Nc3 Bb4 Qc2 Nc6 Nf3 d6 Bd2 a5 a3 Bxc3 Bxc3 Qe7 e4 e5 d5 Nb8 c5 O-O cxd6 cxd6 Nd2 Nbd7 Be2 Nc5 b4 axb4 axb4 Rxa1+ Bxa1 Na6 Qb1 Bg4 f3 Bd7 O-O Rc8 Nc4 Qd8 b5 Nb8 Kh1 Ne8 Qb4 b6 Nxd6 Qe7 Bxe5 Rc2 Bd3 Qxe5 Bxc2 Qxd6 Qxd6 Nxd6 Ra1 Be8 e5 Nxb5 Ra8
FIDE WCh KO,New Delhi IND,2000.12.08,4.3,"Gulko,B","Bareev,E",1/2-1/2,A29,c4 Nf6 Nc3 e5 Nf3 Nc6 g3 d5 cxd5 Nxd5 Bg2 Nb6 O-O Be7 Rb1 a5 d3 O-O b3 Be6 Bb2 f6 Nd2 Qd7 Nc4 Nd5 Rc1 Rfd8 Nxd5 Bxd5 Bxd5+ Qxd5 Ne3 Qe6 Qc2 Nd4 Bxd4 exd4 Qc4 Qxc4 Nxc4 a4 bxa4 Rxa4 Nb2 Rxa2 Rxc7 Rxb2 Rxe7 Kf8 Rc7 Re8 Re1 b5 Rd7 Rbxe2 Rxe2 Rxe2 Rxd4 Re7 Kf1 Kf7 Rb4 Rb7 Ke2 Ke6 Kd2 Kd5 Kc3 Kc5 Rf4 Ra7 Rf5+ Kc6 Kb3 Rd7 Kc3 Rd5 Rf4 h5 h4 f5 f3 Kc5 g4 g6 gxh5 gxh5 Kc2 b4 Kb2 Kb5 Kc2 Ka4 Rc4 Re5 d4 Re3 d5 Kb5 Rd4 Rxf3 d6 Rc3+ Kb2 Rc8 Rd5+ Kc6
FIDE WCh KO,New Delhi IND,2000.12.08,4.3,"Svidler,P","Adams,Mi",1/2-1/2,C42,e4 e5 Nf3 Nf6 Nxe5 d6 Nf3 Nxe4 d4 d5 Bd3 Nc6 O-O Be7 c4 Nb4 Be2 O-O Nc3 Bf5 a3 Nxc3 bxc3 Nc6 Re1 dxc4 Bxc4 Bd6 Bg5 Qd7 Nh4 Na5 Ba2 Bg4 Qd3 Rae8 h3 Rxe1+ Rxe1 Re8 Re3 Rxe3 Bxe3 Be6 d5 Bxh3 gxh3 Qxh3 Qf5 Qxh4 Qc8+ Bf8 Bc5 Qg5+ Kf1 Qc1+ Kg2 Qg5+ Kf3 Qh5+ Kg2 Qg6+ Kf1 Qd3+
FIDE WCh KO,New Delhi IND,2000.12.08,4.4,"Ehlvest,J","Grischuk,A",1/2-1/2,D34,d4 d5 c4 e6 Nc3 c5 cxd5 exd5 Nf3 Nc6 g3 Nf6 Bg2 Be7 O-O O-O Bg5 cxd4 Nxd4 h6 Be3 Re8 Qb3 Na5 Qc2 Bg4 Nf5 Bb4 Bd4 Bxc3 Bxc3 Rxe2 Qd3 Re8 Ne3 Be6 Qb5 b6 Rad1 Rc8 Rfe1 Bd7 Qf1 Be6 Qa6 Nc6 Qa4 Ne7 Bxf6 gxf6 Qh4 Kg7 Rd4 f5 Red1 Nc6 Qxd8 Rexd8 R4d2 d4 Nc2 d3 Ne3 Ne5 b3 Ng4 Nf1 Rc2 h3 Nf6 Rxc2 dxc2 Rc1 f4 Rxc2 Rd1 Kh2 Nd5 gxf4 Nxf4 Ne3 Ra1 h4 Nxg2 Kxg2 a5 Rb2 a4 Nc2 Bd5+ f3 Rd1 Ne3 Rd3 Nxd5 a3 Rc2 Rxd5 Kg3 Rd4 h5 Kf6 Rc6+ Kg5 Rxb6 Rd2 Rb5+ f5 f4+ Kxh5 Rxf5+ Kg6 Ra5 Rxa2 Ra6+ Kf5 Rxh6 Rb2 Rh5+ Kf6 Ra5 Rxb3+ Kg4 Rb6 Rxa3 Rb5 Ra6+ Kf7 f5 Rb1
FIDE WCh KO,New Delhi IND,2000.12.08,4.4,"Gelfand,B","Shirov,A",1/2-1/2,D27,d4 d5 c4 dxc4 Nf3 Nf6 e3 e6 Bxc4 c5 O-O a6 Bb3 cxd4 exd4 Nc6 Nc3 Be7 Bg5 O-O Qd2 h6 Bxf6 Bxf6 Rad1 Na5 Bc2 b5 b3 Bb7 Ne4 Rc8 Bb1 Bxe4 Bxe4 Nc6 Rfe1 Ne7 Bb1 Nd5 Qd3 g6 Rc1 Qd6 g3 Ne7 Qe3 Kg7 Be4 Rxc1 Rxc1 Rd8 Rd1 Nc6 Bxc6 Qxc6 g4 Qd5 h4 Rc8 g5 hxg5 hxg5 Be7 Kg2 Bd6 Rh1 b4 Qe2 Qf5 Rh4 Bf4 Qxa6 Bxg5 Rh3 Rc1 Qa8 Bh6 Qb8 Qg4+ Rg3 Qh5 Qe5+ Qxe5 Nxe5 Bf4 Nd3 Bxg3 Nxc1 Bd6 Nd3 g5 Nb2 f5 Nc4 Bc7 a4 bxa3 Nxa3 Bb6 Nc2 Kf6 b4 e5 d5 e4 Na3 e3 fxe3 Bxe3 Nc4 Bd4 b5 g4 b6 f4 b7 Ba7 Na5 Bb8 Nc6 Bc7 Kf2 Bb6+ Kf1 Bc7 Na7 Ke5 Nb5 Bb8 d6 Ke6 Ke2 Kd7 Kd3 g3 Ke2 g2 Kf2 f3 Kg1 Kc6 Nd4+
FIDE WCh KO,New Delhi IND,2000.12.08,4.4,"Dreev,A","Topalov,V",1-0,A65,d4 Nf6 c4 g6 Nc3 Bg7 e4 d6 f3 O-O Nge2 c5 d5 e6 Ng3 exd5 cxd5 h5 Be2 Nh7 Be3 a6 a4 h4 Nf1 f5 exf5 gxf5 Bf4 Nd7 Bxd6 Re8 Qd2 Ne5 Bxc5 h3 Kf2 hxg2 Kxg2 f4 Qxf4 Ng6 Qg3 Nh4+ Kf2 Nf5 Qf4 b6 Ba3 Be5 Qc4 Ng5 h4 Bd4+ Ke1 Nxf3+ Kd1 Ne5 Qb3 Kh8 Kc2 Bc5 Rd1 Nd4+ Rxd4 Bxd4 Kb1 Bf5+ Ka1 Qf6 Ng3 Bh7 Nce4 Bxe4 Nxe4 Qf4 Ng5 Qd2 Rd1 Qxe2 Rxd4 Rac8 Ka2 b5 d6 bxa4 Qxa4 Qc2 Qxc2 Rxc2 Re4
FIDE WCh KO,New Delhi IND,2000.12.08,4.4,"Adams,Mi","Svidler,P",1-0,B84,e4 c5 Nf3 d6 d4 cxd4 Nxd4 Nf6 Nc3 a6 Be3 e6 Be2 Qc7 a3 b5 g4 Bb7 f3 Nfd7 Qd2 Ne5 O-O-O Nbd7 f4 Nc4 Bxc4 Qxc4 Rhe1 Nf6 Qg2 d5 e5 Ne4 Nxe4 dxe4 Kb1 Bd5 b3 Qc7 Bc1 Bc5 Bb2 O-O-O f5 Qb6 b4 Be7 g5 Rd7 f6 Bd8 Nb3 gxf6 gxf6 Qc6 Nc5 Ra7 Nxe4 Bc7 Qg7 Rd8 Nc3 Bf3 Rxd8+ Bxd8 Qxh7 Rd7 Ne4 Rd1+ Rxd1 Bxe4 Rxd8+ Kxd8 Qg8+ Qe8 Qg1 Qc6 Qf2 Ke8 Qd2 Qc4 Qd1 Bd5 Qg1 Kd7 Qa7+
FIDE WCh KO,New Delhi IND,2000.12.08,4.3,"Topalov,V","Dreev,A",1-0,B19,e4 c6 d4 d5 Nd2 dxe4 Nxe4 Bf5 Ng3 Bg6 h4 h6 Nf3 e6 Ne5 Bh7 Bd3 Bxd3 Qxd3 Nd7 f4 Ngf6 Bd2 Be7 O-O-O O-O Kb1 c5 dxc5 Nxc5 Qf3 Qc7 Bc3 Rac8 Bd4 Rfd8 c3 Na4 Ne2 Qa5 b3 Nc5 g4 Ncd7 g5 Nxe5 fxe5 Qd5 Qd3 Ng4 Nf4 Qc6 Qe2 Ba3 Rh3 Bc5 Rhd3 Bxd4 cxd4 Qa6 Qxg4 Rc2 a4 h5 Nxh5 Rdc8 Nf6+ Kf8 Nd7+ Ke7 Nc5
FIDE WCh KO,New Delhi IND,2000.12.08,4.3,"Shirov,A","Gelfand,B",1-0,B90,e4 c5 Nf3 d6 d4 cxd4 Nxd4 Nf6 Nc3 a6 Be3 e5 Nb3 Be6 Qd2 Nbd7 f3 Be7 g4 O-O O-O-O Qc7 Kb1 Rfc8 g5 Nh5 Nd5 Bxd5 exd5 Nb6 Rg1 a5 a3 a4 Nc5 dxc5 d6 Bxd6 Qxd6 Nf4 Bxf4 exf4 Bb5 g6 Rge1 Ra5 Re8+ Rxe8 Qxc7 Rxb5 Qxb7
FIDE WCh KO,New Delhi IND,2000.12.09,5.1,"Grischuk,A","Tkachiev,V",1/2-1/2,C88,e4 e5 Nf3 Nc6 Bb5 a6 Ba4 Nf6 O-O Be7 Re1 b5 Bb3 O-O h3 Bb7 d3 Re8 Nc3 h6 a4 b4 Nd5 Bc5 a5 Rb8 Be3 Bxe3 fxe3 Nxd5 Bxd5 d6 Rf1
FIDE WCh KO,New Delhi IND,2000.12.09,5.1,"Anand,V","Khalifman,A",1/2-1/2,C89,e4 e5 Nf3 Nc6 Bb5 a6 Ba4 Nf6 O-O Be7 Re1 b5 Bb3 O-O c3 d5 exd5 Nxd5 Nxe5 Nxe5 Rxe5 c6 Re1 Bd6 d3 Qh4 g3 Qh3 Re4 Qf5 Nd2 Qg6 Re1 f5 a4 Rb8 axb5 axb5 Ne4 fxe4 dxe4 Bg4 Qd4 Bf3 exd5 c5 Qh4 Rbe8 Bd2 Be4 Re2 Qf5 Bf4 c4 Rxe4 Rxe4 Bc2 Bxf4 Bxe4 Qxe4 gxf4
FIDE WCh KO,New Delhi IND,2000.12.09,5.1,"Bareev,E","Shirov,A",1-0,D27,d4 d5 Nf3 Nf6 c4 dxc4 e3 e6 Bxc4 c5 O-O a6 dxc5 Qxd1 Rxd1 Bxc5 Nbd2 b6 Be2 Bb7 Nc4 Nbd7 Nd4 O-O Nb3 Be7 f3 a5 e4 a4 Nd4 Bc5 Be3 Rfd8 Kf2 Kf8 Nb5 Ke7 Bxc5+ bxc5 Nc3 Ba6 Rac1 Bxc4 Bxc4 Ne5 Be2 Rdb8 Rd2 g5 g3 c4 Ke3 a3 Rb1 axb2 Rbxb2 Rxb2 Rxb2 Ra3 Rb7+ Kd6 Kd2 Kc5 f4 gxf4 gxf4 Rxc3 Kxc3 Nxe4+ Kb2 Nc6 Rxf7 c3+ Kc1 Nb4 Rc7+ Kd5 a3 Nc6 Bf3
FIDE WCh KO,New Delhi IND,2000.12.09,5.1,"Adams,Mi","Topalov,V",1-0,B84,e4 c5 Nf3 d6 d4 cxd4 Nxd4 Nf6 Nc3 a6 Be3 e6 Be2 Qc7 a3 b5 Qd2 Bb7 f3 Nbd7 O-O-O d5 exd5 Nxd5 Nxd5 Bxd5 Kb1 Nf6 g4 Bc4 Bf4 Qb6 Be5 Nd5 Rhe1 O-O-O Bd3 Bc5 Nb3 Bf2 Rf1 Bxd3 cxd3 Be3 Qc2+ Kb7 d4 f6 Bg3 Ka7 Rfe1 g6 Qd3 Bh6 Re2 Rhe8 Rc2 Rc8 Re1 Rxc2 Qxc2 Bf8 Rc1 Bd6 Qc6 Rd8 Bxd6 Rxd6 Qe8 Qd8 Qxd8 Rxd8 Rc6 Nf4 Nc5 Rxd4 Rxa6+ Kb8 Nxe6 Nxe6 Rxe6 Rf4 Rb6+ Ka7 Rxb5 Rxf3 Rc5 Kb6 Rc3 Rf4 h3 f5 gxf5 Rxf5 Ka2 Kb5 Rb3+ Ka5 Rb4 Rf3 h4 h5 Re4 Rg3 Re5+ Kb6 a4 Rh3 Re4 Ka5 b3 Rh1 Kb2 Rg1 Re5+ Kb6 Ka3 Rg4 Re6+ Kc5 Rf6 Rxh4 Rxg6 Rh1 Rg5+ Kb6 a5+ Kc6 Ka4 h4 Rg6+ Kc7 Rh6 h3 Kb5 h2 b4 Kd7 Rh7+
FIDE WCh KO,New Delhi IND,2000.12.10,5.2,"Tkachiev,V","Grischuk,A",1/2-1/2,A84,d4 d5 c4 e6 Nf3 c6 e3 Bd6 Bd3 f5 O-O Nf6 b3 Qe7 Bb2 O-O Nc3 Ne4 Ne2 Nd7 Ne5 Nxe5 dxe5 Bc7 Qc2 Bd7 Rac1 Rfc8 f3 Bb6 Nd4 Nc5 Be2 a5 Rfd1 Na6 Qd2
FIDE WCh KO,New Delhi IND,2000.12.10,5.2,"Topalov,V","Adams,Mi",1/2-1/2,C42,e4 e5 Nf3 Nf6 Nxe5 d6 Nf3 Nxe4 d4 d5 Bd3 Nc6 O-O Be7 c4 Nb4 Be2 O-O Nc3 Bf5 a3 Nxc3 bxc3 Nc6 Re1 dxc4 Bxc4 Bd6 Ng5 Qd7 Qf3 Rae8 Rxe8 Rxe8 Bd2 Nd8 Bd3 Bxd3 Qxd3 f5 c4 Be7 Nf3 Bf6 Rb1 b6 c5 Qd5 cxb6 cxb6 Rb5 Qe4 Qc4+ Kh8 h3 h6 Rb3 Qc6 Qd3 Qd5 Qb5 Qxb5 Rxb5 Ne6 Rd5 Kg8 Rd7 Rd8 Rxa7 Nxd4 Nxd4 Bxd4 Kf1 Bxf2 Bxh6 Bd4 Bd2 Re8 Rd7 Re4 g3
FIDE WCh KO,New Delhi IND,2000.12.10,5.2,"Shirov,A","Bareev,E",1-0,C11,e4 e6 d4 d5 Nc3 Nf6 Bg5 dxe4 Nxe4 Be7 Bxf6 Bxf6 Nf3 Nd7 Qd2 O-O O-O-O Be7 Bc4 Nf6 Rhe1 Nd5 Ne5 f5 Bxd5 exd5 Nc5 Bg5 f4 Bf6 h3 Qd6 Ncd3 b6 g4 c5 g5 Bd8 Qg2 Rb8 g6 c4 Nb4 Bb7 gxh7+ Kxh7 Rg1 Qh6 Qf3 Bf6 Nd7 Rbd8 Nxf8+ Rxf8 Nxd5 Kh8 Qa3
FIDE WCh KO,New Delhi IND,2000.12.10,5.2,"Khalifman,A","Anand,V",1/2-1/2,A17,Nf3 Nf6 c4 e6 Nc3 Bb4 Qc2 O-O a3 Bxc3 Qxc3 b6 b4 a5 Bb2 axb4 axb4 Rxa1+ Bxa1 c5 e3 d6 Be2 e5 O-O Re8 d3 Na6 bxc5 bxc5 Rb1 Nb4 Qb3
FIDE WCh KO,New Delhi IND,2000.12.11,5.3,"Shirov,A","Bareev,E",1-0,B12,e4 c6 d4 d5 e5 Bf5 Nc3 e6 g4 Bg6 Nge2 Ne7 Nf4 c5 dxc5 Nec6 h4 Qc7 Bg2 Qxe5+ Kf1 d4 h5 Bxc2 Qxc2 dxc3 Nd3 Qd4 Be3 Qc4 Qxc3 Qxc3 bxc3 Na6 Rb1 O-O-O Bxc6 bxc6 Ne5 Rg8 Nxf7 Rd7 Ne5 Rb7 Rxb7 Kxb7 Nd3 e5 Ke2 Be7 Kf3 Kc7 Ke4 Re8 Rh3 Kd7 Nxe5+ Kc7 Rf3 Bf6 Rf5 h6 f4
FIDE WCh KO,New Delhi IND,2000.12.11,5.4,"Anand,V","Khalifman,A",1/2-1/2,C88,e4 e5 Nf3 Nc6 Bb5 a6 Ba4 Nf6 O-O Be7 Re1 b5 Bb3 O-O h3 Bb7 d3 Re8 Nbd2 h6 a3 Bc5 c3 Bb6 Nf1 d5 exd5 Nxd5 d4 e4 N3h2 Na5 Bc2 f5 Ng3 Rf8 Qh5 Qe8 Qxe8 Raxe8 Nhf1 Nc4 Nd2 Nxd2 Bxd2 c5 dxc5 Bxc5 Bb3 Kh7 Bxd5 Bxd5 Be3 Be7 Bd4 Bb3 Nf1 Bg5 g3 Rd8 Re2 Bc4 Ree1 Bb3 Re2 Bf6 Rd2 Bg5 Be3 a5 h4 Bxe3 fxe3 a4 Kf2 g5 Rc1 Rxd2+ Nxd2 Bc4 Nxc4 bxc4 Rd1 Rb8 Rd2 Kg6 hxg5 hxg5 g4 f4 Rd6+ Kg7 Rd4 Rxb2+ Ke1 Rb1+ Kf2 Rb2+ Ke1 Rb3 exf4 Rxa3 Kd2 e3+ Kxe3 Rxc3+ Ke4 gxf4 Kxf4 Rc1 Ke3 a3 Rd7+ Kf6 Ra7 Rg1 Kd4 Rxg4+ Kc3 Ke5 Ra5+ Kd6 Kb4 Rh4 Rxa3 Kd5 Ra8 Ke5
FIDE WCh KO,New Delhi IND,2000.12.11,5.4,"Grischuk,A","Tkachiev,V",1-0,C88,e4 e5 Nf3 Nc6 Bb5 a6 Ba4 Nf6 O-O Be7 Re1 b5 Bb3 O-O a3 Bc5 d3 d6 Bg5 h6 Bh4 g5 Bg3 Bg4 c3 Bb6 Nbd2 Be6 Nf1 Nh5 Ne3 Bxe3 Rxe3 Bxb3 Qxb3 Qd7 Rd1 Rae8 d4 exd4 cxd4 Na5 Qc3 Nc4 Ree1 f5 exf5 Rxe1+ Rxe1 Rxf5 h4 Nxg3 fxg3 g4 Nd2 Nxd2 Qxd2 Rf6 Qe3 Qf5 Kh2 Kg7 Qe8 c5 dxc5 dxc5 Re5 Qg6 Qe7+ Rf7 Qxc5 Qf6 Qd4 Kh7 Qe3 Qg6 Re6 Rf6 Qa7+ Kg8 Qb8+ Kh7 Qc7+ Rf7 Qc6 Qg7 Qe4+ Kh8 Rg6 Qf8 Rxa6 Qc5 Rxh6+ Kg7 Rh7+
FIDE WCh KO,New Delhi IND,2000.12.11,5.6,"Khalifman,A","Anand,V",1/2-1/2,E55,d4 Nf6 c4 e6 Nc3 Bb4 e3 O-O Bd3 d5 Nf3 c5 O-O dxc4 Bxc4 Nbd7 a3 cxd4 axb4 dxc3 bxc3 b6 Be2 Bb7 c4 Qc7 h3 a5 Ba3 axb4 Bxb4 Rxa1 Qxa1 Ra8 Qb2 h6 Rd1 Bxf3 Bxf3 Rc8 Be2 Nc5 Qd4 Ra8 Bc3 Ncd7 Bb2 Ra2 Qc3 Nc5 Qb4 Nfd7 Ra1 Rxa1+ Bxa1 Nf6 Bd4 Qd6 Qb2 Ncd7 f4 Qc6 Qb5 Qxb5 cxb5 Ne4 Bf3 Nec5 Bc6 f6 e4 e5 fxe5 fxe5 Be3 Kf7 Kf2 Ke6 Kf3 Nf6 g4 g5 Bf2 Kd6 h4 Ne6 Bxb6 gxh4 Ba7 Ng5+ Kg2 h3+ Kh1 Nfxe4 Ba8 Nf6 Bg1 Nxg4 b6 h2 Bxh2 Nxh2 Kxh2
FIDE WCh KO,New Delhi IND,2000.12.11,5.4,"Bareev,E","Shirov,A",1/2-1/2,A29,c4 e5 g3 Nf6 Bg2 d5 cxd5 Nxd5 Nf3 Nc6 O-O Nb6 Nc3 Be7 a3 Be6 b4 Nd4 Rb1 Nxf3+ Bxf3 c6 b5 Rc8 bxc6 bxc6 Qc2 O-O Rd1 Qd7 d3 c5 a4 Nd5 Nxd5 Bxd5 Bxd5 Qxd5 Qc4 Qxc4 dxc4 Rc7 Rd5 f6 Bd2 Re8 f4 exf4 Bxf4 Rc6 Rb7 Ra6 Rdd7 Bf8 Rxa7 Ra8
FIDE WCh KO,New Delhi IND,2000.12.11,5.5,"Anand,V","Khalifman,A",1-0,D17,Nf3 Nf6 c4 c6 Nc3 d5 d4 dxc4 a4 Bf5 Ne5 e6 f3 Bb4 e4 Bxe4 fxe4 Nxe4 Bd2 Qxd4 Nxe4 Qxe4+ Qe2 Bxd2+ Kxd2 Qd5+ Kc2 Na6 Nxc4 O-O Qe5 Rab8 a5 f6 Qxd5 cxd5 Ne3 Rbc8+ Kb1 Nc5 Ra3 f5 Be2 Ne4 Rd1 Rc7 Nc2 Kf7 Nd4 Nd6 a6 b6 Re3 Re8 Re1 Ne4 Nb5 Rd7 Rc1 Nc5 Nd4 Ra8 b4 Ne4 Bb5 Rd6 Rc7+ Kf6 Bc6 Rf8 Nb5 Rdd8 Rxa7 Nd2+ Kc1 Nc4 Re2 Ne5 Rc7 Rc8 Bb7
FIDE WCh KO,New Delhi IND,2000.12.11,5.3,"Khalifman,A","Anand,V",1/2-1/2,E42,d4 Nf6 c4 e6 Nc3 Bb4 e3 c5 Ne2 cxd4 exd4 O-O a3 Be7 Nf4 d5 cxd5 Nxd5 Ncxd5 exd5 Bd3 Nc6 O-O Bg5 Re1 h6 Bc2 Qd6 g3 Rd8 h4 Bxf4 Bxf4 Qf6 Bc7 Be6 Be5 Nxe5 dxe5 Qe7 Qd3 g6 Qd4
FIDE WCh KO,New Delhi IND,2000.12.11,5.3,"Tkachiev,V","Grischuk,A",1/2-1/2,A84,d4 d5 c4 e6 Nf3 c6 e3 Bd6 Nc3 f5 Ne5 Nf6 Be2 O-O O-O Kh8 Rb1 Bd7 b4 Be8 b5 cxb5 Nxb5 Bxb5 Rxb5 Nc6 Rxb7 Nxe5 dxe5 Bxe5 Ba3 Re8 cxd5 exd5 Bf3 Ne4 Bxe4 dxe4 Qxd8 Rexd8 Rb5 Bf6 Rxf5 Rd2 g4 Rxa2 Bd6 h6 Be5 Ra5 Bxf6 Rxf5 gxf5 gxf6 Ra1 Rg8+ Kf1 Rg5 Ra5 a6 h4 Rh5 Kg2 Rxh4 Rxa6 Kg7 Kg3 Rh5 Kg4 Rh2 Kg3 Rh5 Ra5 Kf7 Kg4 Rh2 Ra7+ Kg8 Ra2 Kf7 Kf4 Rh4+ Kg3 Rh5 Kg4 Rh2 Ra7+ Kg8 Kg3 Rh5 Ra5 Kf7 f3 Rg5+ Kf4 exf3 Kxf3 h5 e4
FIDE WCh KO,New Delhi IND,2000.12.12,6.1,"Adams,Mi","Anand,V",1/2-1/2,C42,e4 e5 Nf3 Nf6 Nxe5 d6 Nf3 Nxe4 d4 d5 Bd3 Nc6 O-O Be7 c4 Nb4 Be2 O-O Nc3 Bf5 a3 Nxc3 bxc3 Nc6 Re1 dxc4 Bxc4 Bd6 Bg5 Qd7 Nh4 Na5 Ba2 Be6 Bxe6 fxe6 Nf3 Rae8 Bh4 Qc6 Qc2 h6 Bg3 Qd5 a4 Nc4 Re4 a6 Qe2 Qc6 Re1 Bxg3 hxg3 Nd6 Rxe6 Qxc3 Re5 Qb3
FIDE WCh KO,New Delhi IND,2000.12.12,6.1,"Shirov,A","Grischuk,A",1-0,C65,e4 e5 Nf3 Nc6 Bb5 Nf6 O-O Bc5 Nxe5 Nxe4 Qe2 Nxe5 d4 Be7 Qxe4 Ng6 f4 c6 Bd3 d5 Qe2 f5 Nd2 O-O Nf3 Nh8 Bd2 a5 c4 Nf7 cxd5 cxd5 Rac1 Bf6 b4 a4 b5 Re8 Ne5 Nd6 Bb4 Ne4 Bxe4 dxe4 Rfd1 Be6 d5 Bd7 Nc6 Qc8 Ne7+ Bxe7 Rxc8 Raxc8 Bxe7 Rxe7 d6 Rf7 Rd5 Rc1+ Kf2 Rf8 Re5 Rfc8 Re7 R1c2 Rxd7 Rxe2+ Kxe2 b6 Rb7 Rc2+ Ke3 Rc3+ Kd4 Rd3+ Ke5 e3 Ke6 h6 Re7 Rd4 Kd7 Re4 Rxe4 fxe4 Ke7
FIDE WCh KO,New Delhi IND,2000.12.13,6.2,"Anand,V","Adams,Mi",1-0,C78,e4 e5 Nf3 Nc6 Bb5 a6 Ba4 Nf6 O-O Bc5 c3 b5 Bc2 d6 a4 Bg4 h3 Bh5 d3 O-O Nbd2 b4 a5 Rb8 g4 Bg6 Nc4 bxc3 bxc3 Qc8 Ba4 Na7 Be3 Bxe3 Nxe3 c6 Qd2 Qc7 c4 c5 Nh4 Kh8 g5 Nh5 Nd5 Qd8 Rfb1 Nf4 Nxf4 Qxg5+ Nhg2 exf4 Rb6 Rbd8 Qxf4 Qe7 Rab1 Nc8 Rb7 Qe6 Qg5 h6 Qg3 Qf6 Nf4 Ne7 Kg2 Ng8 Nd5 Qe6 Bd1
FIDE WCh KO,New Delhi IND,2000.12.13,6.2,"Grischuk,A","Shirov,A",1-0,B90,e4 c5 Nf3 d6 d4 cxd4 Nxd4 Nf6 Nc3 a6 f3 Qb6 Nb3 Nc6 Qe2 e6 Be3 Qc7 g4 b5 O-O-O Bb7 h4 Rc8 Kb1 Nd7 Rg1 Nce5 Qf2 b4 Na4 Nxf3 Qxf3 Qc6 Nac5 Nxc5 Bxc5 dxc5 Na5 Qc7 Nxb7 Qxb7 Bc4 Be7 Qe2 Qc6 g5 O-O h5 Rcd8 g6 Rxd1+ Rxd1 fxg6 hxg6 Rf4 Qh2
FIDE WCh KO,New Delhi IND,2000.12.14,6.3,"Adams,Mi","Anand,V",1/2-1/2,C42,e4 e5 Nf3 Nf6 Nxe5 d6 Nf3 Nxe4 d4 d5 Bd3 Nc6 O-O Be7 c4 Nb4 Be2 O-O Nc3 Bf5 a3 Nxc3 bxc3 Nc6 Re1 dxc4 Bxc4 Bd6 Ra2 Qd7 Ng5 Bg6 Ne4 Rfe8 Rae2 Bxe4 Rxe4 Rxe4 Rxe4 Re8 f3 Nd8 Bb3 c6 a4 Ne6 g3 Nc7 Kg2 b6 Qd3 Nd5 Bg5 Bf8 h4 g6 Qd2 h6 Bf4 Rxe4 fxe4 Nxf4+ Qxf4 Kg7 h5 gxh5 e5 Kg8 Qf3 Bg7 Qxh5 c5 Qf3 cxd4 cxd4 Qe7 Qc6 Bf8 Qg6+ Bg7 Qf5 Qe8 Kh2 Qe7 Kg1 Qe8 Kf2 Kf8 Ke3 Kg8 Kd3 Qe7 g4 Bf8 Bd5 Qa3+ Ke4 Qe7 Qg6+ Bg7 Qc6 Bf8 Qb7 Qxb7 Bxb7 Bb4 d5 Kf8 Kf5 Be7 Ba6 Bg5 d6 Bh4 Bb5 Bg3 Ke4 Bh2 Kf5 Bg3 Bc4 Bh4 Bd5 Ke8 Bc4 Kf8 Bb5 Bg3 Bc6 Bh4 Ke4 Bg5 Bb5 Bh4 Kd5 Bg3 e6 fxe6+ Kxe6 Bf4 d7 Bc7 Kf6 Bd8+ Kg6 Bg5
FIDE WCh KO,New Delhi IND,2000.12.14,6.3,"Shirov,A","Grischuk,A",1-0,C96,e4 e5 Nf3 Nc6 Bb5 a6 Ba4 Nf6 O-O Be7 Re1 b5 Bb3 d6 c3 O-O h3 Na5 Bc2 c5 d4 Bb7 d5 Nc4 a4 Nb6 Qe2 Nxa4 Bxa4 bxa4 c4 Nd7 Rxa4 Nb6 Ra3 a5 Nc3 a4 Be3 Bc8 b3 axb3 Rxb3 Ra6 Reb1 f5 Bxc5 dxc5 Nxe5 Na4 Nxa4 Rxa4 Nc6 Qc7 e5 Ra6 Qf3 f4 Re1 Bf5 Rb5 Bc2 Rb2 Bg6 Rd2 Be8 Nxe7+ Qxe7 d6 Qe6 Qb7 Bc6 Qxa6 Bxg2 f3 Bxf3 Kh2 Bg4 Qb7 Qh6 Qd5+ Rf7 Kg1 Qxh3 Qg2 Qh4 Rf2 f3 e6 Rf8 e7 Re8 d7 Bxd7 Qxf3 Qg5+ Kf1
FIDE WCh KO,New Delhi IND,2000.12.15,6.4,"Grischuk,A","Shirov,A",1/2-1/2,C42,e4 e5 Nf3 Nf6 Nxe5 d6 Nf3 Nxe4 d4 d5 Bd3 Bd6 O-O O-O c4 c6 cxd5 cxd5 Nc3 Nxc3 bxc3 Bg4 Rb1 Nd7 h3 Bh5 Rb5 Nb6 c4 Bxf3 Qxf3 dxc4 Bc2 Qd7 a4 g6 Be3 Rac8 Rfb1 c3 a5 Nc4 Rxb7 Qe6 Bb3 Qf5 Qxf5 gxf5 Ra1 f4 Bc1 Rfe8 f3 c2 Kf2 a6 Ra4 Nb2 Bxf7+ Kf8 Bxb2 c1=Q Bxc1 Rc2+ Kf1 Rxc1+ Kf2 Rc2+ Kf1 Rc1+
FIDE WCh KO,New Delhi IND,2000.12.15,6.4,"Anand,V","Adams,Mi",1/2-1/2,C78,e4 e5 Nf3 Nc6 Bb5 a6 Ba4 Nf6 O-O Bc5 c3 b5 d4 bxa4 dxc5 Qe7 Qxa4 Qxc5 Be3 Qe7 h3 O-O Nbd2 Bb7 b4 h6 Rab1 d6 c4 Qe6 Qc2 Ne7 a4 Nxe4 Nxe4 Qg6 Nfd2 f5 Ng3 f4 Qxg6 Nxg6 Nge4 fxe3 fxe3 Nh4 Rxf8+ Kxf8 Rf1+ Ke8 g3 Ng6 Kf2 Nf8 Ke2 Nd7 Rc1 Nf6 Kd3 Nxe4 Nxe4 Kd7 Rf1 Ke6 Rf2 Bc6 Nc3 Be8 e4 Bg6 Nd5 Rc8 a5 c6
FIDE WCh KO,Tehran IRI,2000.12.20,7.1,"Shirov,A","Anand,V",1/2-1/2,C02,e4 e6 d4 d5 e5 c5 c3 Nc6 Nf3 Qb6 a3 a5 Bd3 Bd7 O-O cxd4 cxd4 Nxd4 Nxd4 Qxd4 Nc3 Qb6 Qg4 g6 Be3 Bc5 Na4 Bxa4 Qxa4+ Kf8 Bxc5+ Qxc5 Rac1 Qb6 Qd7 Rd8 Qc7 Qxc7 Rxc7 Rb8 Rfc1 Ne7 f4 Nc6 Rc5 Kg7 Rb5 g5 g3 h5 Rbxb7 Rxb7 Rxb7 h4 Kg2 hxg3 hxg3 gxf4 gxf4 Rh4 Kg3 Rh1 Kg2 Rh4 Kg3 Rh1 Kg2
FIDE WCh KO,Tehran IRI,2000.12.21,7.2,"Anand,V","Shirov,A",1-0,C78,e4 e5 Nf3 Nc6 Bb5 a6 Ba4 Nf6 O-O Bc5 c3 b5 Bc2 d5 a4 dxe4 axb5 Bg4 Bxe4 Nxe4 bxc6 O-O d4 exd4 cxd4 Bb6 Nc3 Re8 Be3 Qd6 d5 Bxe3 fxe3 Rad8 Rxa6 Nxc3 bxc3 Qxd5 Qxd5 Rxd5 Nd4 g6 Rf4 Bf5 Ra7 Rxe3 c4 Rc5 Rxc7 Re4 Rxe4 Bxe4 Re7 Bf5 c7 Kf8 Nxf5 gxf5 Rd7 Kg7 Rd4 Rxc7 Kf2 Kf6 Ke3 Ke6 g3 f6 Kd3 Ra7 Kc3 Ke5 Rh4 Rb7 Rf4 Rb1 Rf2 Rc1+ Kb4 Ke6 Kb5 Kd6 Rxf5 Rb1+ Ka4 Rb2 Rxf6+ Kc5 Rh6 Kxc4 Rh4+ Kd5 Rxh7 Ke5 Ka3 Rb8 Rh5+ Kf6 Rh4 Kg5 Rb4 Rh8 h4+ Kh5 Rb5+ Kh6 g4 Re8 Rb4 Kg6 Rb6+ Kf7 Rb7+ Ke6 Rh7 Rb8 g5 Kf5 Rh6 Ke5 h5 Kf5 g6 Kf6 Rh7 Rg8 Kb3
FIDE WCh KO,Tehran IRI,2000.12.22,7.3,"Shirov,A","Anand,V",0-1,B49,e4 c5 Nf3 Nc6 d4 cxd4 Nxd4 Qc7 Nc3 e6 Be2 a6 O-O Nf6 Be3 Bb4 Na4 Bd6 g3 b5 Nb6 Rb8 Nxc8 Rxc8 a4 Nxd4 Bxd4 e5 Be3 Bc5 axb5 Bxe3 fxe3 axb5 Bxb5 O-O Rxf6 gxf6 Bxd7 Ra8 Qg4+ Kh8 Rf1 Rg8 Qh3 Qc5 Bf5 Qxe3+ Kg2 h6 Qh5 Kg7 Qg4+ Qg5 Qf3 Rgd8 h4 Qd2+ Kh3 Rd6 Rf2 Qd1 Kg4 Ra2 Qxd1 Rxd1 c4 Rb1 Rd2 Raxb2 Rd7 Rb7 Rd6 Rc7 Kh5 Rc1 g4 R7xc4 Rd7 Rc7 Rd8 Rh1
FIDE WCh KO,Tehran IRI,2000.12.24,7.4,"Anand,V","Shirov,A",1-0,C11,e4 e6 d4 d5 Nc3 Nf6 e5 Nfd7 Nce2 c5 f4 Nc6 c3 Qb6 Nf3 f6 a3 Be7 h4 O-O Rh3 a5 b3 Qc7 Neg1 a4 b4 fxe5 fxe5 Ndxe5 dxe5 Nxe5 Nxe5 Qxe5+ Qe2 Bxh4+ Kd1 Qf6 Nf3 Qxc3 Bb2 Qb3+ Kc1 e5 Rxh4 Bf5 Qd1 e4 Qxb3 axb3 Nd2 e3 Nf3 Rae8 Kd1 c4 Be2 Be4 Kc1 Re6 Bc3 Rg6 Rh2 Bd3 Bxd3 cxd3 Kb2 d2 Kxb3 Rg3 Kb2 g5 Kc2 Rc8 Kd3 g4 Be5 Rc1 Rh1 Rxg2 Nh4
