Event,Site,Date,Round,White,Black,Result,ECO,Moves
FIDE-Wch k.o.,Las Vegas,1999.07.31,1.1,"Wahls, Matthias","Cela, Altin",1-0,A26,Nf3 Nf6 c4 g6 g3 Bg7 Bg2 O-O O-O d6 Nc3 e5 d3 h6 Rb1 a5 a3 Nc6 b4 axb4 axb4 Be6 b5 Ne7 Bb2 Qd7 Ra1 Bh3 Qb3 Qe6 Nd2 Bxg2 Kxg2 Nd7 Ra3 Rab8 Rfa1 f5 Ra7 e4 dxe4 Nc5 Qc2 fxe4 Nd1 Bxb2 Qxb2 Nf5 Qc3 Rbe8 Nb3 Nd3 h3 Nh4+ gxh4 Nf4+ Kf1 e3 Nxe3 Nxh3 Ke1 Nxf2 Ra8 Rxa8 Rxa8 Rxa8 Kxf2 Rf8+ Ke1 Qe4 Kd2 Qxh4 Qd3 Kg7 Nd4 Qh3 Nef5+ Qxf5 Nxf5+ Rxf5 Qd4+
FIDE-Wch k.o.,Las Vegas,1999.07.31,1.1,"Andersson, Ulf","Mohamed, Esam Ahmed Nagib",1-0,B52,e4 c5 Nf3 d6 Bb5+ Bd7 Bxd7+ Qxd7 O-O Nf6 Qe2 Nc6 Rd1 e6 d4 Nxd4 Nxd4 cxd4 Rxd4 Qc6 Rc4 Qd7 Nc3 Rc8 Rxc8+ Qxc8 Bf4 Qc6 Rd1 Be7 Nb5 e5 Nxa7 Qa4 Be3 O-O f3 Ra8 Nb5 Qxa2 c4 Ne8 h3 h6 Kh2 Rc8 Rc1 Nf6 Rc3 Nh5 Qc2 Qa5 g3 Nf6 Qd2 Qb4 b3 Ra8 Rd3 Qxd2+ Rxd2 Ne8 h4 Kf8 Kg2 Ra1 Rb2 h5 Nc3 Nc7 Ra2 Rxa2+ Nxa2 Ke8 Nc3 Kd7 Kf2 Na6 Nd5 Bd8 b4 Nc7 Nb6+ Ke6 Ke2 g6 Kd3 Na6 Nd5 Nc7 f4 exf4 Bxf4 Na6 Kc3 f6 Kd3 g5 Bd2 Nb8 Ne3 Nc6 Nf5 Ne5+ Kc3 Ng4 Be3 Nxe3 Nxe3 gxh4 gxh4 Ke5 Kd3 Bc7 Nf5 Bb6 Ne7 Bf2 Ng6+ Ke6 Ke2 Bg3 Kf3 Be1 Nf4+ Kf7 Nxh5 Bxh4 Nf4 Bg5 Kg4 Bxf4 Kxf4 Ke6 Ke3 Ke5 Kd3 b5 cxb5 d5 b6 dxe4+ Kc4 Kd6 Kb5 e3 Ka6 e2 b7 e1=Q b8=Q+ Kd7 Qb7+ Kd6 Qb6+ Kd7 Qd4+ Kc7 Qc5+ Kd7 b5 Qe4 Ka7 Qa4+ Kb7 Ke6 b6 Kf7 Kc7 Qf4+ Qd6 Qc4+ Qc6 Qf4+ Kc8 Kg6 b7 Qg4+ Kc7 Qf4+ Kc8 Qg4+ Qd7 Qc4+ Kd8 Qb4 Qd3+ Kf7 Qh7+
FIDE-Wch k.o.,Las Vegas,1999.07.31,1.1,"Aleksandrov, Aleksej","Becerra Rivero, Julio",1-0,E73,d4 Nf6 c4 g6 Nc3 Bg7 e4 d6 Be2 O-O Bg5 Na6 Qd2 c6 Nf3 Nc7 d5 cxd5 exd5 b5 cxb5 Bb7 Bc4 e6 O-O exd5 Bxd5 Ncxd5 Nxd5 Ne4 Bxd8 Nxd2 Ne7+ Kh8 Nxd2 Rfxd8 Nc4 d5 Na5 Rd7 Nec6 Bxb2 Rab1 Bc3 Rfd1 Bxc6 Nxc6 Re8 Rb3 d4 Kf1 Kg7 g3 Re6 Ra3 Rd5 Rxc3
FIDE-Wch k.o.,Las Vegas,1999.07.31,1.1,"Antonio, Rogelio Jr","Kozak, Alexander",1-0,B23,e4 c5 Nc3 Nc6 f4 g6 Nf3 Bg7 Bb5 d6 Bxc6+ bxc6 d3 Nf6 O-O O-O Qe1 Rb8 Kh1 Ne8 Qh4 f5 e5 Nc7 b3 Ne6 Ne2 Rf7 Be3 Qc7 d4 Ba6 c4 d5 Rfc1 dxc4 bxc4 Rb2 d5 cxd5 cxd5 Bxe2 dxe6 Rf8 Bd4 Rb5 a4 Ra5 Nd2 Qb6 Bc3 Ra6 Qxe7 Qxe6 Qxc5 Rd8 Qf2 Bd3 Bd4 Qd7 Be3 Rxa4 Rxa4 Qxa4 Bxa7 g5 Be3 gxf4 Bxf4 Re8 Qg3 Qa6 h3 Re6 Qg5 h6 Qd8+ Kh7 Rc8 Be4 Qg8+
FIDE-Wch k.o.,Las Vegas,1999.07.31,1.1,"Akesson, Ralf","Miles, Anthony J",1-0,A40,d4 e6 c4 b6 e4 Bb7 Nc3 Bb4 f3 e5 dxe5 Qh4+ g3 Bxc3+ bxc3 Qe7 Be3 Nc6 Ne2 Nxe5 Nd4 O-O-O Be2 g6 Kf2 f5 exf5 Nf6 Re1 gxf5 Qa4 c5 Qxa7 cxd4 cxd4 Rdf8 Bf4 Nc6 Qxb6 Qd8 Qb2 d6 Rab1 Rf7 Bd3 Nh5 Bxf5+ Kb8 Bd2 Rhf8 Be4 Qc8 Kg1 Nf6 Bf4 Nxe4 Rxe4 Ka8 Bxd6 Rd8 Bf4 Na7 d5 Rg8 Qa3 Qh3 Rbe1 Rff8 Re7 Rxf4 Re8+ Rxe8 Rxe8+ Bc8 gxf4 Qf5 Qe3 Qb1+ Kf2 Qxa2+ Qe2 Qa1 Qe5 Qa2+ Qe2 Qa1 Qe5 Qa2+ Kg3 Qxc4 d6 Qf7 f5 Qh5 Qe4+ Kb8 Qb4+ Ka8 d7
FIDE-Wch k.o.,Las Vegas,1999.07.31,1.1,"Adianto, Utut","Fridman, Daniel",0-1,D90,d4 d5 c4 c6 Nc3 Nf6 cxd5 cxd5 Bf4 Nc6 e3 a6 Bd3 g6 h3 Bg7 Nf3 O-O O-O b5 Rc1 Bb7 a4 b4 Qb3 Qb6 Na2 Nd7 Rxc6 Bxc6 Qxb4 a5 Qa3 Rfe8 Nc3 Qb4 Qxb4 axb4 Nb5 Rxa4 Nc7 Rd8 Rc1 Bb7 Nd2 Ra2 Rc2 e5 Bg5 Rc8 Nb3 Nf8 Be7 exd4 exd4 Ne6 Bd6 Nxd4 Nxd4 Bxd4 Re2 Rxb2 Re7 Rxf2 Nb5 Rd2+ Nxd4 Rxd3 Nf3 Rd1+ Kh2 Bc6 Ne5 Rf1 Bxb4 Be8 Ng4 d4 Bd2 h5 Ne5 Rf2 Be1 Rfc2 Nd7 Bxd7 Rxd7 Re8 Bh4 Ree2 Bf6 Rxg2+ Kh1 Rh2+ Kg1 Rcg2+ Kf1 Rf2+
FIDE-Wch k.o.,Las Vegas,1999.07.31,1.1,"Lautier, Joel","Kobese, Watu",1-0,E92,d4 Nf6 c4 g6 Nc3 Bg7 e4 d6 Nf3 O-O Be2 e5 Be3 Ng4 Bg5 f6 Bh4 Nc6 d5 Ne7 Nd2 Nh6 f3 c5 dxc6 bxc6 b4 Nf7 Nb3 Be6 Bf2 f5 O-O f4 Na5 Qc8 Qa4 Bd7 Rfd1 g5 c5 d5 exd5 cxd5 c6 Bxc6 Nxc6 Qxc6 Qxc6 Nxc6 Nxd5 Nd4 Bd3 Nd6 Rac1 Rf7 Bxd4 exd4 Rc6 Rd8 b5 Rb7 Nc7 Bf6 Ne6
FIDE-Wch k.o.,Las Vegas,1999.07.31,1.1,Liang Chong,"Dizdar, Goran",1/2-1/2,A45,d4 Nf6 Bg5 Ne4 Bf4 d5 e3 c5 Bd3 Nc6 Bxe4 dxe4 d5 e5 Bg3 Ne7 Nc3 f6 Nxe4 Nxd5 Bxe5 Bf5 Ng3 Be6 e4 Nb4 Bc3 Qxd1+ Kxd1 Nxa2 N1e2 Nxc3+ Nxc3 O-O-O+ Ke2 a6 Rhd1 Bd6 Nd5 Rhe8 Kf1 Be5 c3 Bxg3 hxg3 f5 Ra5 fxe4 Rxc5+ Kb8 Ne3 Rxd1+ Nxd1 b6 Rg5 g6 Ne3 Bf7 Rg4 Re5 Rf4 Ba2 Ke1 a5 Kd2 Kb7 Kc2 Be6 Rf8 Kc6 Rh8 Rh5 Re8 Kd7 Rb8 Kc7 Re8 Kd7 Rb8 Kc7 Rf8 b5 Rf4 Re5 g4
FIDE-Wch k.o.,Las Vegas,1999.07.31,1.1,"Nielsen, Peter Heine","Benjamin, Joel",1/2-1/2,E62,d4 d6 g3 g6 Bg2 Bg7 Nf3 Nf6 O-O O-O c4 c6 Nc3 Bf5 Ne1 Be6 d5 cxd5 cxd5 Bd7 h3 Na6 Nd3 Qa5 e4 Nb4 Nxb4 Qxb4 a3 Qa5 Be3 Rfc8 Qb3 Rc7 Rfc1 Be8 Bf1 Nd7 Qb4 Qxb4 axb4 a6 b5 Rb8 Na4 Rxc1 Rxc1 Nf6 f3 Bxb5 Bxb5 axb5 Nb6 Ne8 b3 f5 exf5 gxf5 Kf1 Kf7 Ke2 Nf6 g4 Ke8 gxf5 Kf7 Kd3 Nh5 Rg1 Bf6 Rg4 Ng7 Rb4 Nxf5 Rxb5 Rg8 Nc4 Rg3 Ke4 Kg6 Rxb7 Rxh3 b4 Ng3+ Kd3 Rh5 Nb6 Rf5 f4 h5 Ra7 h4 Ra2 Kh5 b5 h3 Kc4 Nf1 Bc1 e6 Rf2 Bd8 Rxf1 Bxb6 dxe6 Kg6 Re1 h2 e7 Rc5+ Kd3 Rc8 Rh1 Kf7 Be3 Bxe3 Kxe3 Rc2 b6 Rb2 b7 Rxb7 Rxh2 Rxe7+
FIDE-Wch k.o.,Las Vegas,1999.07.31,1.1,"Nisipeanu, Liviu Dieter","Djuric, Stefan",1-0,C41,e4 e5 Nf3 Nc6 d4 exd4 Nxd4 g6 Be3 Bg7 Nc3 d6 Qd2 Nf6 f3 O-O O-O-O Nxd4 Bxd4 Be6 g4 c5 Be3 Qa5 a3 Rfe8 Nb5 Qb6 Qxd6 Rad8 Qxb6 Rxd1+ Kxd1 axb6 Kc1 Re7 h3 Bd7 Nc3 Be6 Bb5 Nd7 Rd1 Bxc3 bxc3 f6 Rd6 Kf7 f4 f5 gxf5 gxf5 e5 Nf8 Rxb6 Rc7 Be2 Nd7 Rd6 Nf8 Bf3 Ke7 Rb6 Bc8 Bd5 Ne6 c4 Nf8 a4 Ne6 a5 Nf8 Kd2 Ne6 Ke2 Nf8 Bf2 Ng6 Kf3 Nf8 Bh4+ Ke8 e6 h5 Rd6 Re7 Bxe7 Kxe7 Rb6 Nxe6 Bxe6 Bxe6 Rxb7+
FIDE-Wch k.o.,Las Vegas,1999.07.31,1.1,Peng Xiaomin,"Sadvakasov, Darmen",1-0,B52,e4 c5 Nf3 d6 Bb5+ Bd7 Bxd7+ Nxd7 O-O Ngf6 Qe2 Rc8 b3 g6 c3 Bh6 Bb2 O-O Rd1 a6 d4 cxd4 cxd4 d5 e5 Ne4 Ne1 Qa5 Nd3 Rc6 f3 Ng5 a3 Rfc8 Nb4 R6c7 Qe1 f5 Nc3 e6 h4 Nf7 Nbxd5 exd5 b4 Qb6 Nxd5 Qb5 Nxc7 Rxc7 e6 Rc2 exf7+ Kxf7 Bc1 Bg7 Rd2 Rc8 Bb2 Re8 Qf1 Qd5 Re1 Rxe1 Qxe1 Nb6 Re2 Bf6 Bc1 Nc4 Bg5 Qxd4+ Kh1 Qd6 Bxf6 Qxf6 Re8 Nd6 Re5 b5 Rc5 Kg7 Qc3 Qxc3 Rxc3 Nc4 f4 h6 Kg1 g5 Rg3 Kf6 fxg5+ hxg5 Rxg5 Nxa3 Rg3 Nc2 h5
FIDE-Wch k.o.,Las Vegas,1999.07.31,1.1,"Tkachiev, Vladislav","Hoffman, Alejandro",1-0,D30,d4 Nf6 Nf3 e6 c4 d5 g3 c6 Bg2 Nbd7 Qc2 Bd6 O-O O-O Rd1 Qe7 Nc3 Rd8 e4 Nxe4 Nxe4 dxe4 Qxe4 c5 Bf4 Nf6 Bxd6 Rxd6 Qe5 Nd7 Qe3 a5 dxc5 Rxd1+ Rxd1 Nxc5 Nd4 g6 Nb5 Ra6 Qe5 Bd7 Nc7 f6 Qe3 Kg7 Nxa6 bxa6 b3
FIDE-Wch k.o.,Las Vegas,1999.07.31,1.1,"Psakhis, Lev","Zapata, Alonso",1/2-1/2,A51,d4 Nf6 c4 e5 dxe5 Ne4 Nd2 Nc5 Ngf3 Nc6 e3 g6 Nb3 Nxb3 Qxb3 Bg7 Bd2 Qe7 Bc3 O-O Be2 b6 O-O Bb7 Rfd1 Rad8 Rac1 Nxe5 Nxe5 Bxe5 c5 Qg5 Bf1 Bxc3 Qxc3 Bc6 b4 Rfe8 b5 Bd5 cxb6 cxb6 Qa3 Ra8 Rc7 Be6 Rxa7 Rxa7 Qxa7 Qc5 Qa4 Rc8 Qd4 Qxd4 Rxd4 Kf8 Ra4 Ke7 f3 Rc1 a3 Kd6 Kf2 Rc2+ Kg3 h5 h4 Kc5 Ra7 Rb2 Rc7+ Kd6 Rc3 Ke5 Bd3 f5 Bf1 Ra2 Kh2 Bd5 Kg3 Be6 Kh2
FIDE-Wch k.o.,Las Vegas,1999.07.31,1.1,"Ricardi, Pablo","Speelman, Jonathan S",1/2-1/2,B04,e4 Nf6 e5 Nd5 d4 d6 Nf3 dxe5 Nxe5 g6 Nd2 Nd7 Nxd7 Qxd7 Nf3 Bg7 Be2 Qd6 O-O O-O Re1 c5 dxc5 Qxc5 c4 Nb4 a3 Nc6 b4 Qb6 Be3 Qc7 Rc1 Bb2 Rb1 Bc3 Rf1 Be6 Qc1 Bf6 Bf4 Qc8 Bg5 Re8 Bxf6 exf6 Qc3 Ne5 Rbc1 a5 Rfe1 axb4 axb4 Nxf3+ Bxf3 Qxc4 Qxc4 Bxc4 Rxe8+ Rxe8 Bxb7 Re2 h3 Be6 Rb1 Ba2 Bf3 Rc2 Rd1 Kf8 b5 Rb2 Rd8+ Ke7 Rb8 f5 b6 Bb1 b7 Be4 Bxe4 fxe4 Kf1 h5 g4 hxg4 hxg4 Kf6 Re8 Rxb7 Rxe4 Kg5 Kg2 Kh4 Rf4
FIDE-Wch k.o.,Las Vegas,1999.07.31,1.1,"Shaked, Tal","Babula, Vlastimil",1-0,E98,d4 Nf6 c4 g6 Nc3 Bg7 e4 d6 Nf3 O-O Be2 e5 O-O Nc6 d5 Ne7 Ne1 Ne8 Be3 f5 f3 f4 Bf2 g5 c5 h5 a4 Rf6 cxd6 Nxd6 Nb5 a6 Nxd6 cxd6 Nd3 Rg6 Qb3 g4 Qb6 Qf8 Rfc1 Qf6 Rc2 Qg5 Be1 h4 Nf2 gxf3 Bxf3 h3 Qd8+ Bf8 Nxh3 Qf6 Kh1 Qh8 Rac1 Bg4 Qxa8 Bxf3 gxf3 Qxh3 Rf2 Rg3 Qe8 Rg7 Bb4 Ng6
FIDE-Wch k.o.,Las Vegas,1999.07.31,1.1,"Sokolov, Ivan","Kudrin, Sergey",1-0,E14,Nf3 c5 c4 b6 Nc3 Bb7 e3 Nf6 d4 cxd4 exd4 e6 Bd3 Be7 O-O d5 cxd5 Nxd5 Re1 Nd7 Ne4 O-O a3 N5f6 Ng3 Rc8 Bf4 Re8 Qe2 Nd5 Bd2 N7f6 Rad1 Nc7 Bf4 Ncd5 Bg5 Nc7 Ne5 g6 h4 Nfd5 Qg4 Nf6 Bxf6 Bxf6 h5 Re7 hxg6 hxg6 Nh5 Bg7 Nxg7 Kxg7 Re3 Nd5 Rh3 Qe8 Qg5 f5 Rh6
FIDE-Wch k.o.,Las Vegas,1999.07.31,1.1,"Ivanov, Alexander","Milos, Gilberto",0-1,B91,e4 c5 Nf3 d6 d4 cxd4 Nxd4 Nf6 Nc3 a6 g3 e5 Nde2 Nbd7 a4 b6 Bg2 Bb7 h3 Be7 g4 Nc5 Ng3 g6 Bh6 Ne6 Nd5 Rc8 O-O Nxd5 exd5 Nf4 Bxf4 exf4 Ne2 h5 gxh5 Rxh5 Nxf4 Rg5 Ra3 Rc4 Rf3 Rf5 Nd3 Rxf3 Qxf3 Rxa4 b3 Rh4 c4 a5 Re1 Kf8 Nf4 Kg7 Re4 Bg5 Ne2 Bc8 Rxh4 Bxh4 Nd4 Qg5 Qc3 Qf6 Qe3 Bg5 Qd3 Bc1 Qc3 Bf4 Qd3 Be5 Ne2 Bd7 Kf1 Bb2 Kg1 Kf8 Ng3 Ba3 Bf1 Qb2 Kg2 Bc5 Be2 Bd4 h4 Be5 Qe3 Qc2 Qd3 Qxd3 Bxd3 Kg7 Be2
FIDE-Wch k.o.,Las Vegas,1999.07.31,1.1,"Kasimdzhanov, Rustam","Bauer, Christian",1/2-1/2,D27,d4 Nf6 c4 e6 Nf3 d5 Nc3 dxc4 e3 a6 a4 c5 Bxc4 Nc6 O-O Be7 Qe2 O-O dxc5 Qc7 Bd3 Nb4 Bb1 Qxc5 e4 e5 a5 Bg4 Be3 Qc8 h3 Bh5 Ra4 Qe6 Re1 Rac8 Bg5 Rfd8 Bh4 Qd6 g4 Bg6 Bg3 Nd7 Rd1 Qc6 Nxe5 Nxe5 Rxd8+ Rxd8 Bxe5 Bc5 Bf4 b5 axb6 Qxb6 Kg2 h6 Ra1 Bd4 Ra3 Qc6 Be3 Be5 Rb3 a5 Ra3 Qc7 Qb5 Rb8 Qxa5 Qxa5 Rxa5 Bxc3 Bf4 Nc6 Rc5 Rxb2 Rxc6 Bd4 Bd3
FIDE-Wch k.o.,Las Vegas,1999.07.31,1.1,"Aronian, Levon","Rozentalis, Eduardas",1-0,A07,Nf3 d5 g3 Bg4 Bg2 c6 O-O Nd7 d3 Ngf6 Nbd2 e5 e4 dxe4 dxe4 Bc5 h3 Bxf3 Bxf3 O-O a4 a5 Nc4 Qe7 Kg2 Rfd8 Qe2 Nf8 c3 h6 h4 Qc7 Ne3 Qb6 Nc4 Qc7 Ne3 Qb6 Qc4 Ne6 Ng4 Nxg4 Bxg4 Rd6 b3 Rad8 f4 exf4 Bxf4 Nxf4+ Rxf4 Rd2+ Kh3 Bd6 Rxf7 Kh8 e5 Bxe5 Raf1 Bd6 Rxg7 Qe3 Bh5 Rf2 Rxf2 Qxf2 Rg6 Qf5+ Kg2 Qxh5 Qd4+ Qe5 Rxd6 Qxd4 Rxd4 Re8 Rd6
FIDE-Wch k.o.,Las Vegas,1999.07.31,1.1,"Kobalija, Mihail","De Firmian, Nick E",1/2-1/2,B90,e4 c5 Nf3 d6 d4 cxd4 Nxd4 Nf6 Nc3 a6 Be3 Ng4 Bg5 h6 Bh4 g5 Bg3 Bg7 Be2 h5 Bxg4 hxg4 O-O Nc6 Nf5 Bxc3 bxc3 Qa5 Qxg4 f6 f4 Bxf5 exf5 gxf4 Rxf4 Qxc3 Rb1 b5 Qe2 Rc8 a4 Nd4 Qg4 Qe3+ Kf1 Nxc2 Re4 Qd3+ Kg1 Ne3 Rxe7+ Kd8 Qe4 Qxe4 Rxe4 Nxf5 axb5 Nxg3 hxg3 axb5 Rxb5 Rc1+ Kf2 Rhh1 Kf3 Kd7 Rb7+ Kc6 Rf7 Rhf1+ Kg4 Rc5 Kh4 Rh1+ Kg4 Rf1 Kh4 Rh1+ Kg4 Rg5+ Kf3 Rf1+ Ke2 Rgf5 Rf4 R1xf4 gxf4 Rxf4 Ke3 Rf1 Ke2 Rf5 g4 Re5+ Kf3 Re1 Kg3 d5 Rxf6+ Kc5 Rf8 d4 Rd8 Kc4 g5 d3 Kf4 Kc3 g6 Rg1 Ke4
FIDE-Wch k.o.,Las Vegas,1999.07.31,1.1,"Barua, Dibyendu","Khalifman, Alexander",1-0,B58,e4 c5 Nf3 d6 d4 cxd4 Nxd4 Nf6 Nc3 Nc6 Be2 e5 Nf3 h6 O-O Be7 Re1 O-O h3 Be6 Bf1 Nb8 a4 Nbd7 a5 a6 Nd5 Nxd5 exd5 Bf5 c4 Bg6 Nd2 Bf6 Ra3 Re8 Ne4 Bxe4 Rxe4 Bg5 Bxg5 hxg5 Rg4 f5 Rgg3 g6 Qd2 f4 Rgb3 Rb8 Be2 Kg7 Bg4 Re7 Bxd7 Rxd7 Rb6 Rc8 Qd3 Qf6 Rab3 Qf7 Rc3 Qf5 Qd1 Qe4 Qg4 Qf5 Qd1 Qe4 b3 Rcc7 f3 Qf5 Qe1 Kh6 Qe4 Qxe4 fxe4 g4 hxg4 Kg5 Kf2 Kxg4 c5 g5 c6 Rh7 b4 Rcf7 Rf3 Rc7 Rb3 bxc6 dxc6 Rh1 Rc3 Rb1 Rc2 Rb3 b5 axb5 Rb7 Rc8 c7 f3 gxf3+ Rxf3+ Ke2 Rh3 a6 b4 Rb8 Rh2+ Kf1 Rh1+ Kg2 b3 Rc3
FIDE-Wch k.o.,Las Vegas,1999.07.31,1.1,"Bouaziz, Slim","Kotronias, Vasilios",0-1,A68,d4 Nf6 c4 g6 Nc3 Bg7 e4 d6 f4 O-O Nf3 c5 d5 e6 Be2 exd5 cxd5 Bg4 O-O Nbd7 Re1 Re8 h3 Bxf3 Bxf3 a6 Re2 b5 Qe1 b4 Nd1 Nb6 Be3 Nxe4 Bc1 Bd4+ Kh2 Nf6 a3 b3 Be3 Rc8 Bxd4 cxd4 Rxe8+ Qxe8 Qb4 Nc4 Rc1 Ne5 Rxc8 Nxf3+ gxf3 Qxc8 Qxd4 Qc2+ Nf2 Nxd5 Kg2 Qc4 Qxc4 Ne3+ Kg3 Nxc4 Nd3 Kg7 f5 gxf5 Kf4 Kf6 Nc1 Nxa3 Nxb3 Nc4 Nd4 Nxb2
FIDE-Wch k.o.,Las Vegas,1999.07.31,1.1,"Asrian, Karen","Rodriguez, Andres",0-1,B74,e4 c5 Nf3 d6 d4 cxd4 Nxd4 Nf6 Nc3 g6 Be3 Bg7 Be2 O-O O-O Nc6 Nb3 Be6 f4 Qc8 Bf3 Ng4 Bc1 Bxb3 Bxg4 Be6 f5 Bd7 Nd5 e6 Ne3 Rd8 Bh3 Ne5 c3 Qc6 f6 Bf8 Qd4 Qa6 Rd1 Bb5 b3 Be2 Rd2 Nc6 Qa4 Bh6 Kf2 Qxa4 bxa4 Ba6 c4 Ne5 Rd4 Bg5 Nd5 Bxc1 Ne7+ Kf8 Rxc1 Nd7 c5 Nxf6 cxd6 Rxd6 Nd5 Ne8 Nc7 Rxd4 Nxa8 Rc4 Rxc4 Bxc4 a3 Ke7
FIDE-Wch k.o.,Las Vegas,1999.07.31,1.1,"Dolmatov, Sergey","Kotsur, Pavel",0-1,B42,e4 c5 Nf3 e6 d4 cxd4 Nxd4 a6 Bd3 g6 c4 Bg7 Nb3 Ne7 Nc3 O-O O-O Nbc6 Bf4 d5 cxd5 exd5 Qe2 d4 Nb1 Nb4 N1d2 Nxd3 Qxd3 Nc6 Nf3 Re8 Rfd1 Bg4 a3 Qe7 Nbd2 Bxf3 Qxf3 d3 Qxd3 Bxb2 Ra2 Rad8 Qg3 Qxe4 Rf1 Qc2 Qg5 Re2 h4 Rdxd2 Bxd2 Rxd2 Re1 Rd1 Qe3 Qb1 Rxd1 Qxd1+ Kh2 Qb1
FIDE-Wch k.o.,Las Vegas,1999.07.31,1.1,"Dreev, Alexey","Zelcic, Robert",1/2-1/2,E11,d4 Nf6 c4 e6 Nf3 Bb4+ Bd2 Qe7 g3 Bxd2+ Qxd2 d6 Nc3 O-O Bg2 e5 O-O Bg4 h3 Bxf3 Bxf3 exd4 Qxd4 Nc6 Qf4 Qe5 Rad1 Qxf4 gxf4 h6 Kh2 Rfe8 e3 Kf8 Rc1 Rac8 Rfd1 Nd8 h4 g6 Kg2 Ke7 Rc2 Rg8 Kf1 g5 hxg5 hxg5 Ne2 gxf4 Nxf4 c6 Rcd2 Ne8 Nh5 Rg5 Ng3 Ra5 a3 Ne6 Bg4 Rc5 b3 Rg5 Bh3 Ra5 a4 b5 cxb5 cxb5 Rd5 Rc5 Nf5+ Kf8 b4 Rxd5 Rxd5 Rxa4 Rxb5 Ra1+ Kg2 Ra6 Kg3 Rb6 Rxb6 axb6 e4 N6c7 Bf1 d5 e5 f6 f4 Ng7 Nd6 fxe5 fxe5 Ke7 Bh3 b5 Nc8+ Kf7 Na7 Kg6 Kf4 Nce6+ Kg4 Nc7 Bf1 Na6 Nc6 Nc7 Kf4 Nge6+ Ke3 Kf7 Bg2 Ke8 Bh3 Kf7 Bf5 Ke8 Bg4 Kf7 Bf5 Ke8 Nd4 Nxd4 Kxd4 Na6 Kxd5 Ke7 Ke4
FIDE-Wch k.o.,Las Vegas,1999.07.31,1.1,"Al Modiahki, Mohamad","Ponomariov, Ruslan",1/2-1/2,B25,e4 d6 Nc3 Nf6 g3 g6 Bg2 Bg7 f4 c5 Nf3 Nc6 O-O O-O d3 Rb8 h3 b5 g4 b4 Ne2 a5 Be3 Nd7 Rb1 a4 b3 axb3 axb3 Bb7 Qe1 e6 f5 exf5 gxf5 Nce5 Nxe5 Nxe5 Qf2 Re8 f6 Bh8 Qh4 Ra8 Rf2 Ra2 Ng3 Qa8 Qg5 Re6 Rbf1 Ra1 Bc1 Nd7 Nf5 Bxf6 Qg3 Ne5 Bb2 Rxf1+ Rxf1 Qd8 Nxd6 Ba6 Nf5 Kf8 Ne3 Bh4 Qf4 Bg5 Qg3 Bh4 Qf4 Bg5 Qg3
FIDE-Wch k.o.,Las Vegas,1999.07.31,1.1,"Spraggett, Kevin","Yermolinsky, Alex",1/2-1/2,D94,d4 Nf6 c4 g6 Nc3 d5 Nf3 Bg7 e3 O-O b4 b6 Qb3 Bb7 Bb2 dxc4 Bxc4 Bxf3 gxf3 Nbd7 O-O c5 Rfd1 Qc8 Be2 a5 a3 axb4 axb4 Rxa1 Bxa1 cxd4 Rxd4 Ne5 Qd1 Qf5 b5 Ned7 Nd5 Qe6 Nf4 Qf5 Nd5 Qe6 Nf4 Qf5 Nd5
FIDE-Wch k.o.,Las Vegas,1999.07.31,1.1,"Zubarev, Alexander","Stefansson, Hannes",1/2-1/2,D94,Nf3 d5 c4 c6 e3 Nf6 Nc3 g6 d4 Bg7 Be2 O-O O-O Bg4 cxd5 Nxd5 h3 Bxf3 Bxf3 e6 e4 Nxc3 bxc3 e5 Be3 Nd7 Rb1 b6 g3 Qe7 Bg2 c5 d5 Rad8 c4 f5 exf5 gxf5 f4 e4 g4 Nf6 g5 Ne8 Rf2 Nd6 Bf1 Bc3 Rc2 Qg7 Rb3 Bd4 Rd2 Bxe3+ Rxe3 Nb7 Qe1 Qc7 Qh4 Na5 Rg2 Qg7 Qh6 Qxh6 gxh6+ Kh8 Rg7 Rg8 Reg3 Rxg7 hxg7+ Kg8 Rg5 b5 Rxf5 Nxc4 Bxc4 bxc4 Kf2 Kxg7 Ke3 c3 Kxe4 c2 Rg5+ Kf6 Rg1 Rb8 Rc1 Rb4+ Ke3 Rc4 Kd3 Rxf4 Rxc2 Rd4+ Kc3 Ke5 Rg2 Rh4 Rg3 Kxd5 Rg5+ Kc6 Rg3 Kb5 Rf3 a5 Rg3 Rf4 Kb3 a4+ Ka3 h5 Kb2 Rf2+ Kb1 Rh2 Rf3 Kb4 a3+ Kc4 Rf4+ Kd3 Rf5 c4 Rd5+ Kc3 Rxh5 Kb3 Rb5+ Kxa3 h4 Rxh4 Kc2 Rh3 Rb8 Rh1 Rc8 Rh2+ Kc3 Rh3+ Kc2 Rh4 Rb8 Rg4 Rb7 Rg2+ Kc3 Ka2 Kxc4 a3 Kc3 Ka1 Ra7
FIDE-Wch k.o.,Las Vegas,1999.07.31,1.1,"Feldman, Vladimir","Magem Badals, Jorge",0-1,D15,c4 c6 d4 d5 Nf3 Nf6 Nc3 a6 c5 Nbd7 b4 g6 h3 Qc7 Bg5 h6 Bh4 Nh5 g4 g5 gxh5 gxh4 Rg1 Rh7 Nxh4 Rg7 Rxg7 Bxg7 Nf5 Bf8 Ng3 Nf6 Qd2 e5 e4 Be6 dxe5 Nxe4 Ngxe4 dxe4 Qd4 Bg7 Nxe4 Bxe5 Nd6+ Qxd6 Qxd6 Bxd6 cxd6 Kd7 f4 Kxd6 Kf2 a5 b5 cxb5 Bxb5 Rc8 Rd1+ Ke7 a4 Bxh3 Ke3 Rc5 Be2 Bd7 Rb1 Bc6 Kd4 Kd6 Bd1 b6 Be2 Kc7 Bc4 Rxh5 Bxf7 Rf5 Bb3 Rxf4+
FIDE-Wch k.o.,Las Vegas,1999.07.31,1.1,"Chiburdanidze, Maia","Akopian, Vladimir",0-1,E14,d4 Nf6 c4 e6 Nf3 b6 e3 Bb7 Bd3 d5 O-O dxc4 Bxc4 a6 Qe2 c5 dxc5 Bxc5 Nbd2 Nbd7 b3 O-O Bb2 Qe7 Bd3 Ba3 Bxa3 Qxa3 Nc4 Qe7 Rad1 Rad8 Nd4 g6 Qb2 e5 Ne2 b5 Na5 Ba8 b4 Nb6 a3 h5 Nc3 h4 h3 Nfd5 Rfe1 Nxc3 Qxc3 Rc8 Qa1 Qg5 Bf1 Nd5 Rc1 Nf6 Rxc8 Rxc8 Rc1 Re8 Nb3 Ne4 Rd1 Nxf2 Kxf2 Qg3+ Ke2 Bxg2 Bxg2 Qxg2+ Ke1 Qxh3 Qc3 Qh1+ Ke2 Qg2+ Ke1 Qg1+ Ke2 Qg2+ Ke1 h3 Qd2 Qg1+ Ke2 h2 Qd7 Qg2+ Kd3 Rf8
FIDE-Wch k.o.,Las Vegas,1999.07.31,1.1,"Gurevich, Dmitry","Tiviakov, Sergei",1/2-1/2,E12,Nf3 Nf6 c4 b6 Nc3 Bb7 d4 e6 a3 d5 cxd5 Nxd5 Qc2 Nxc3 bxc3 Be7 e4 O-O Bd3 c5 O-O Qc8 Qa2 Nd7 Bf4 Ba6 Qe2 Bxd3 Qxd3 cxd4 cxd4 Qb7 a4 Rfd8 Rfe1
FIDE-Wch k.o.,Las Vegas,1999.07.31,1.1,"Gulko, Boris F","Reinderman, Dimitri",1-0,E97,d4 Nf6 Nf3 g6 c4 Bg7 Nc3 O-O e4 d6 Be2 e5 O-O Nc6 d5 Ne7 b4 a5 bxa5 Rxa5 Nd2 c5 a4 Nd7 Nb5 Ra6 Ra3 Kh8 Qc2 f5 exf5 gxf5 Nf3 h6 Nh4 e4 f3 exf3 Raxf3 Ne5 Rg3 Kh7 Bb2 Bf6 Nf3 N7g6 Nxe5 Bxe5 Bxe5 dxe5 Bh5 Nf4 Bd1 Bd7 Qb2 Qf6 Re3 Ng6 Bc2 e4 Qxf6 Raxf6 g4 f4 Rxe4 Bxg4 Re7+ Kh8 Bxg6 Rxg6 Kf2 Bf5 d6 Rfg8 Kf3 Bg4+ Ke4 Be2 Rxf4 Bxc4 Ke5 Rg5+ Rf5 Rg2 d7 Rd2 Rf6 Rg5+ Kf4 Rgg2 Nd6 Rgf2+ Ke5 Rfe2+ Ne4 Rd4 Rxh6+ Kg8 Kf6
FIDE-Wch k.o.,Las Vegas,1999.07.31,1.1,"Ehlvest, Jaan","Nijboer, Friso",1-0,D79,d4 Nf6 c4 g6 g3 c6 Nc3 d5 cxd5 cxd5 Bg2 Bg7 Nf3 O-O Ne5 Nc6 O-O e6 Nxc6 bxc6 Bg5 h6 Bf4 Nd7 Qd2 Kh7 Bd6 Re8 e4 Nb6 Bc5 Nd7 Ba3 Ba6 Rfe1 Rc8 Rad1 e5 exd5 exd4 Rxe8 Qxe8 Ne4 c5 Nd6 Qf8 Nxc8 Qxc8 b3 Qc7 Rc1 h5 Bxc5 Nxc5 b4 Nb3 Rxc7 Nxd2 d6 Bc4 d7 Bf6 Rc8 Bxa2 d8=Q Bxd8 Rxd8 Nb1 Bd5 Bxd5 Rxd5 Nc3 Rd7 Kg7 Kf1 Nb5 Ke2 Kf6 Kd3 g5 Rb7
FIDE-Wch k.o.,Las Vegas,1999.08.01,1.2,"Fridman, Daniel","Adianto, Utut",1-0,E63,Nf3 Nf6 c4 g6 g3 Bg7 Bg2 O-O O-O d6 d4 Nc6 Nc3 a6 e3 Rb8 Qe2 Nd7 Rd1 b5 Ne1 Na7 c5 b4 Na4 Qe8 cxd6 cxd6 a3 e5 dxe5 Nxe5 axb4 Bg4 f3 Be6 Nc3 Bc4 Qd2 Nb5 Nc2 Rc8 Nxb5 axb5 Ra3 Be6 Qf2 Nc4 Rad3 Bxb2 Nd4 Bxc1 Rxc1 Ne5 Rxc8 Qxc8 Rd1 Bc4 h3 Qa6 Qb2 Re8 Qc3 Rc8 Ra1 Qb6 f4 Be6 Nxe6
FIDE-Wch k.o.,Las Vegas,1999.08.01,1.2,"Mohamed, Esam Ahmed Nagib","Andersson, Ulf",0-1,D05,d4 e6 Nf3 Nf6 e3 c5 Bd3 d5 O-O Nc6 c3 Be7 Nbd2 O-O Ne5 Nxe5 dxe5 Nd7 f4 g6 Qg4 b6 Nf3 f5 Qh3 a5 Bc2 Rf7 g4 Rg7 gxf5 gxf5+ Kf2 Ba6 Rg1 Rxg1 Kxg1 Kh8 Bd2 Qg8+ Kf2 Qf7 Rg1 Rg8 Rg3 Nf8 Be1 Qe8 b3 Qb5 c4 dxc4 a4 Qd7 bxc4 Bxc4 Qh5 Rg6 Nh4 Bxh4 Qxh4 Kg8 Bc3 Bd3 Bd1 Ba6 Bc2 Qd5 Ke1 Bd3 Bd1 Bc4 Bc2 Bd3 Bd1 Ba6 Bc2 Qc4 Kd2 Qe2+ Kc1 Qf1+ Kb2 Bd3 Rxg6+ hxg6 Qd8 Bxc2 Kxc2 Qe2+ Kb3 c4+
FIDE-Wch k.o.,Las Vegas,1999.08.01,1.2,"Nijboer, Friso","Ehlvest, Jaan",1/2-1/2,C78,e4 e5 Nf3 Nc6 Bb5 a6 Ba4 Nf6 O-O Bc5 c3 b5 Bb3 d6 a4 Bg4 d3 O-O Nbd2 Rb8 h3 Bh5 Re1 Re8 axb5 axb5 Nf1 Ra8 Rxa8 Qxa8 Ng3 Bg6 Nh4 Qa7 Rf1 Na5 Bc2 b4 Qf3 b3 Bd1 c6 Nhf5 Re6 Bg5 d5 h4 dxe4 dxe4 h6 Bxf6 Rxf6 Nxh6+ Kh8 Nhf5 Qd7 Be2 Qd2 h5 Bxf5 exf5 Qxb2 Ne4 Be7 Nxf6 Bxf6 Qd3 Kh7 Rb1 e4 Qxe4 Qxc3 g4 b2 Qe3 Nb3 Qxc3 Bxc3 Bd3 f6 Rd1 c5 Kg2 c4 Bc2 Na1 Bb1 Be5 f4 Bxf4 Kf3 Bc1 Ke2 c3 Kd3 Bd2 Rxd2 cxd2 Kxd2 Nb3+ Kc3 Nc5 Kxb2 Kh6 Kc3 Nd7 Kd4 Ne5 Kd5 Nxg4 Ke6 Kxh5 Bc2 Kg5 Bb1 Ne5 Be4 Nc4 Bd3 Ne3
FIDE-Wch k.o.,Las Vegas,1999.08.01,1.2,"Rozentalis, Eduardas","Aronian, Levon",0-1,E14,d4 Nf6 Nf3 e6 e3 b6 Bd3 Bb7 O-O Be7 c4 O-O Nc3 d5 cxd5 exd5 b3 a6 Bb2 Bd6 a3 Nbd7 b4 Ne4 Qb3 Ndf6 a4 c6 a5 b5 Rad1 Qe7 Na2 Bc7 Nc1 Bd6 Ba3 Bc8 Be2 Bg4 Qb2 Rfc8 Nd3 Bb8 Qc2 Nd6 Rfe1 Nc4 Bc1 Bf5 Qb3 Bxd3 Bxd3 Bd6 e4 dxe4 Bg5 Qd7 Bxe4 Nxe4 Rxe4 Re8 Rh4 Qf5 d5 c5 bxc5 Bxc5 Rf4 Qg6 Rxc4 bxc4 Qxc4 Rac8 Qf1 h6 Bf4 Bd6 Be3 Rc2 Bb6 Rb2 Nd2 Qh5 Nf3 Rb5 Qd3 Qg6 Qf1 Qe4 Nd2 Qe5 Nf3 Qe2 Qxe2 Rxe2 g3 Re8 Rd2 Rc8 Kg2 Kf8 Rd3 Rc4 Nd2 Rcb4 Bd4 f6 Bb6 Ke7 Nf3 Kd7 Nh4 Bc5 Nf5 Bxb6 axb6 g6 Nxh6 Rxb6
FIDE-Wch k.o.,Las Vegas,1999.08.01,1.2,"Milov, Vadim","Macieja, Bartlomiej",1-0,E48,d4 Nf6 c4 e6 Nc3 Bb4 e3 c5 Bd3 O-O Ne2 d5 cxd5 cxd4 exd4 Qxd5 O-O Qh5 Ne4 Nxe4 Bxe4 Nc6 Nf4 Qxd1 Rxd1 Rd8 Be3 Bd6 d5 exd5 Rxd5 Bg4 f3 Bxf4 Bxf4 Rxd5 Bxd5 Be6 Bxe6 fxe6 Rd1 Rd8 Rxd8+ Nxd8 Kf2 Nc6 Bd6 Kf7 Ke3 g6 Ke4 Kf6 Bc5 Kf7 Be3 Kf6 Bd2 Ke7 Bc3 Nd8 Bd4 Nc6 Be3 Kd6 Kf4 Ke7 Kg5 Kf7 Bd2 a6 Bc3 Ne7 g4 Nd5 Bd4 Nb4 a3 Nd5 h4 Ne7 Kh6 Kg8 Bc3 Nd5 Be5 Ne7 Kg5 Nd5 h5 gxh5 Kxh5 Kf7 Kh6 Kg8 Kg5 Kf7 Kh6 Kg8 f4 Ne3 Kg5 Kf7 Bd4 Nd5 f5 exf5 Kxf5 Ne7+ Kg5 Nd5 a4 Ne7 Bc5 Nd5 Kf5 Nf6 Bd6 Nd5 Bc5 Nf6 b3 Nd7 Bd6 Nf6 a5 Ng8 Ke5 Ne7 b4 Nc6+ Kd5 Kf6 Bc5 Kg5 Kd6 Kxg4 Kc7 h5 Kxb7 Ne5 b5 h4 bxa6 h3 Bg1 Nf3 a7 Nxg1 a8=Q h2 Qg8+
FIDE-Wch k.o.,Las Vegas,1999.08.01,1.2,"Ponomariov, Ruslan","Al Modiahki, Mohamad",1-0,B47,e4 c5 Nf3 e6 d4 cxd4 Nxd4 Nc6 Nc3 Qc7 Ndb5 Qb8 Be3 a6 Bb6 axb5 Nxb5 Bb4+ c3 Ba5 Nc7+ Qxc7 Bxc7 Bxc7 Qg4 g6 Bc4 Nge7 Qe2 O-O O-O f5 f3 Ra5 b4 Re5 Bd3 Bb6+ Kh1 f4 Qc2 d5 a4 dxe4 fxe4 Rh5 Be2 Rh4 a5 Bc7 Bf3 g5 b5 g4 bxc6 Nxc6 g3 fxg3 Bg2 Rxh2+ Kg1 Bf4 Rxf4 Rxf4 Rf1 Rxf1+ Kxf1 Rh5 Qd1 Kf7 Qxg4 Rxa5 Qxg3 Re5 Qh4 Kg7 Bf3 b6 Kf2 Bd7 Bh5 Rc5 Ke2 Re5 Kd2 b5 Be2 Be8 Qf4 Bg6 Bd3 Bf7 Qe3 Be8 Qg1+ Bg6 Qb6 Ne7 Qc7 Kf6 Qb8 Nc6 Qc8 Bxe4 Bxe4 Rxe4 Qxc6 Re5 Qc7 h5 Kd3 Kf5 Qf7+ Kg4 Kd4
FIDE-Wch k.o.,Las Vegas,1999.08.01,1.2,"Cela, Altin","Wahls, Matthias",1/2-1/2,B95,e4 c5 Nf3 d6 d4 cxd4 Nxd4 Nf6 Nc3 a6 Bg5 e6 Qd3 Nbd7 O-O-O h6 Bh4 g5 Bg3 Ne5 Qd2 Bd7 h4 Rg8 hxg5 hxg5 Kb1 b5 f3 Qc7 Bd3 Rb8 Bf2 Be7 Rh6 b4 Nce2 d5 Bg3 dxe4 fxe4 Nfg4 Rh5 Qb6 Rdh1 Bf6 Nf3 Ke7 Nxg5 Rbd8 Rf1 Nxd3 cxd3 Bb5 Nc1 Qd4 Nxf7 Kxf7 e5 Bxd3+ Nxd3 Qxd3+ Qxd3 Rxd3 Bh4 Kg6 exf6 Kxh5 f7 Rf8 Be7 Rxf7 Rxf7 Ne3 Rh7+ Kg4 Rh1 a5 Re1 Nxg2 Rxe6 Ne3 Rc6 Kf3 Rc1
FIDE-Wch k.o.,Las Vegas,1999.08.01,1.2,"Akopian, Vladimir","Chiburdanidze, Maia",1/2-1/2,A13,Nf3 Nf6 c4 e6 g3 a6 Nc3 d5 cxd5 exd5 Bg2 c6 d3 Be7 O-O d4 Ne4 O-O Bf4 Nxe4 dxe4 c5 e3 d3 Rc1 Be6 Rc3 Bxa2 Rxd3 Qb6 Bd6 Bxd6 Rxd6 Nc6 Ne5 Rad8 Nxc6 Rxd6 Qxd6 bxc6 e5 a5 Bxc6 Qxb2 Qxc5 Qb4 Qd4 Rc8 Ra1 Be6 Bf3 g6 h4 h5 Kg2 Kg7 Qf4 Kh7 Qd4 Rc4 Qd6 Rc2 Qxb4 axb4 Rb1 b3 Bd1 Rc3 Kf1 Rd3 Ke2 Bc4 Ke1 Be6 Ke2
FIDE-Wch k.o.,Las Vegas,1999.08.01,1.2,"Benjamin, Joel","Nielsen, Peter Heine",1/2-1/2,C24,e4 e5 Bc4 Nf6 d3 c6 Nf3 d5 Bb3 Bd6 exd5 cxd5 Bg5 d4 Nbd2 O-O O-O Nc6 Re1 a6 h3 h6 Bh4 Re8 Nc4 Bc7 Bg3 Nd7 a4 Qf6 c3 dxc3 bxc3 Nc5 Bc2 Bf5 d4 Bxc2 Qxc2 Nd7 Re2 Qe6 Ncxe5 Ndxe5 dxe5 Rad8 Rb1 b6 Rbe1 b5 axb5 axb5 Re4 Rd5 Qe2 Ba5 Rc1 f5 Re3 g5 Bh2 Bb6 Rd3 f4 Re1 Nxe5 Nxe5 Qxe5 Qxe5 Rexe5 Rxe5 Rxd3 Kf1 Rxc3 Rxb5 Rc1+ Ke2 Bd4 Rd5 Bc5 h4 Be7 hxg5 hxg5 Rd1 Rxd1
FIDE-Wch k.o.,Las Vegas,1999.08.01,1.2,"Becerra Rivero, Julio","Aleksandrov, Aleksej",0-1,C33,e4 e5 f4 exf4 Bc4 c6 Nc3 Nf6 Bb3 d5 exd5 cxd5 d4 Bd6 Qf3 Bg4 Qf2 O-O Bxf4 Re8+ Kf1 Ne4 Nxe4 Rxe4 Bd2 Nd7 Nf3 Nf6 Bg5 Bf4 Re1 Rxe1+ Qxe1 Bxg5 Nxg5 Qd6 Qg3 Qb6 Qf4 Re8 h3 Bh5 c3 h6 Nf3 Bxf3 Qxf3 Ne4 Kg1 Qd6 Rh2 Ng3 Qxd5 Re1+
FIDE-Wch k.o.,Las Vegas,1999.08.01,1.2,"Bauer, Christian","Kasimdzhanov, Rustam",1-0,C78,e4 e5 Nf3 Nc6 Bb5 a6 Ba4 Nf6 O-O b5 Bb3 Bb7 c3 Nxe4 d4 Na5 Nxe5 Nxb3 Qxb3 Nd6 c4 Qf6 Nc3 Qe6 Re1 O-O-O cxb5 Qxb3 axb3 axb5 Bf4 f6 Nd3 b4 Nxb4 Nf5 Nbd5 Bd6 Bxd6 Nxd6 Rac1 Bxd5 Nxd5 c6 Nb4 Rhe8 d5 Rxe1+ Rxe1 cxd5 Nxd5 Kb7 g4 Kc6 Ne7+ Kb5 Kg2 Re8 Re3 Kc5 Kf3 g6 h4 Nf7 b4+ Kc4 b3+ Kb5 Nd5 Ne5+ Kg3 Rf8 g5 fxg5 Rxe5 gxh4+ Kxh4 Rxf2 Nf4+ Kc6 Rc5+ Kd6 Kg3 Ra2 Kf3 Ra3 Rc3 g5 Nd3 h5 b5 Ra5 Rc5 Ra3 Rxg5 Rxb3 Ke4 h4 Kd4 h3 Rh5 Rb1 Kc4 Rh1 Rh6+ Ke7 b6 h2 b7
FIDE-Wch k.o.,Las Vegas,1999.08.01,1.2,"De Firmian, Nick E","Kobalija, Mihail",0-1,B85,e4 c5 Nf3 e6 d4 cxd4 Nxd4 Nc6 Nc3 Qc7 Be2 a6 O-O Nf6 Kh1 Be7 f4 d6 a4 O-O Be3 Re8 Bf3 Bf8 Nb3 b6 a5 Nd7 axb6 Nxb6 Qe2 Bb7 Rfd1 Rac8 Na4 Nd7 c3 Ne7 Qf2 Nf6 Nd2 Ng6 c4 Qb8 b3 Nd7 g3 Nf6 Kg1 Rcd8 Bb6 Rc8 Be3 Rcd8 Ba7 Qa8 Bb6 Rc8 Bd4 Nd7 Be3 Ne7 b4 d5 cxd5 exd5 Bg4 f5 exf5 Nf6 Bh3 Rc2 Nc5 Nc6 Nxb7 Qxb7 Qf3 Bxb4 Nf1 Qb5 Rac1 Rxc1 Rxc1 Ba3 Rd1 Bc5 Bxc5 Qxc5+ Qf2 Qb5 Bg2 Re2 Qf3 Qb2 Kh1 Rf2 Rb1 Qxb1 Qxf2 Qxf5 Qb6 Qc8 Ne3 Ne7 h3 Kf7 Kh2 Qe6 Qa7 h5 g4 hxg4 hxg4 Qxe3
FIDE-Wch k.o.,Las Vegas,1999.08.01,1.2,"Dizdar, Goran",Liang Chong,1-0,E16,d4 Nf6 Nf3 e6 c4 Bb4+ Nbd2 b6 g3 Bb7 Bg2 O-O O-O Bxd2 Qxd2 a5 b3 d6 Bb2 Nbd7 Rac1 Qe7 d5 e5 Ne1 Rae8 Nc2 Bc8 e4 Nc5 f3 Nh5 Ne3 Qg5 Rcd1 Bd7 Rf2 h6 Qc3 Re7 Re1 Rfe8 Bf1 f5 exf5 Bxf5 Bc1 Qg6 Nxf5 Qxf5 Qc2 Qxc2 Rxc2 Nf6 Be3 e4 f4 Nd3 Rb1 Nd7 Bh3 N7c5 Re2 Ra8 a3 Kh8 Bd4 Rae8 Be3 Nd7 Bd4 Nf8 Bf5 Kg8 Re3 g6 Bg4 Kh7 Be2 Nd7 Bd1 Kg8 Bg4 Nf8 Rf1 Rf7 Be2 Nc5 b4 axb4 axb4 Ncd7 Ra1 Nf6 Rea3 N8h7 Ra8 Re7 Rxe8+ Nxe8 Ra8 Kf7 Bg4 Ng7 Rh8 Nf6 Bh3 h5 Kf2 Ng4+ Bxg4 hxg4 Rh7 Kg8 Rxg7+ Rxg7 Bxg7 Kxg7 Ke3 Kf6 Kxe4 Kf7 b5 Kf6 Kd3 Kf5 Ke3 Kf6 Kf2 Kf5 Kg2 Ke4 h3 Kd4 h4 Ke4 Kf2
FIDE-Wch k.o.,Las Vegas,1999.08.01,1.2,"Djuric, Stefan","Nisipeanu, Liviu Dieter",0-1,E14,d4 Nf6 Nf3 e6 e3 b6 Bd3 Bb7 O-O c5 c4 g6 Qe2 Bg7 dxc5 bxc5 e4 Nc6 e5 Ng4 Bf4 f6 exf6 Qxf6 Bg3 Nge5 Nxe5 Nxe5 Nc3 Nxd3 Qxd3 Qf5 Qd6 Bc6 Rfe1 Kf7 Be5 Rhb8 b3 Bf8 Qd2 d6 Bf4 Rd8 f3 Bg7 Rac1 Kg8 Ne2 a5 Bh6 Bxh6 Qxh6 a4 Ng3 Qf6 Rcd1 axb3 axb3 Ra2 Qe3 Kg7 Ne2 e5 Rd3 Rda8 Red1 Ra1 Nc1 Rd8 Qe2 Bb7 Qb2 e4 Rc3 Rda8 Rf1 Qd4+ Kh1 R8a2
FIDE-Wch k.o.,Las Vegas,1999.08.01,1.2,"Hoffman, Alejandro","Tkachiev, Vladislav",0-1,D26,d4 d5 c4 dxc4 Nf3 Nf6 e3 e6 Bxc4 c5 O-O a6 Bb3 Nc6 Nc3 Be7 Re1 O-O a3 b5 d5 exd5 Nxd5 c4 Nxe7+ Qxe7 Bc2 Bg4 Bd2 Rad8 Qe2 Ne4 Bxe4 Qxe4 Bc3 a5 Nd2 Bxe2 Nxe4 Bd3 Nc5 b4 axb4 axb4 Bd4 Nxd4 exd4 Bc2 Re2 Bg6 f3 Rxd4 Kf2 h5 Rc1 Rc8 Nb3 Rd5 Nd2 Bd3 Re7 Ra5 Rd7 Raa8 Rd4 b3 Ne4 Re8 Nc3 Re5 Re1 Rxe1 Kxe1 Ra1+ Kf2 h4 Rxh4 Ra2 Nd1 Bc2
FIDE-Wch k.o.,Las Vegas,1999.08.01,1.2,"Khalifman, Alexander","Barua, Dibyendu",1-0,D58,d4 d5 c4 e6 Nc3 Nf6 Nf3 c6 Bg5 h6 Bh4 Nbd7 e3 Be7 Bd3 O-O O-O b6 Rc1 Bb7 Qe2 c5 Rfd1 Ne4 Bg3 Nxg3 hxg3 Nf6 dxc5 Bxc5 cxd5 exd5 Ba6 Qc8 Bxb7 Qxb7 Qb5 Rfd8 Rd3 Ne4 Rcd1 Nxc3 Rxc3 Rac8 a3 Bf8 Rcd3 Rc5 Qb3 Rd6 Nd4 Qd7 Ne2 Qf5 Nc3 Qg6 Nxd5 Qe6 Rd4 Rdc6 R4d2 Rc1 Qd3 Qe5 Qb3 Qe6 Qa4 R6c4 b4 a5 Rxc1 Rxc1+ Rd1 Rxd1+ Qxd1 axb4 axb4 Qe4 Qd4 Qb1+ Kh2 b5 e4 Qe1 e5 Qe2 g4 Qe1 Kg3 Qe2 Nc3 Qb2 Nxb5 Qxb4 Qxb4 Bxb4 Kf4 Be1 f3 Kf8 Ke4 Ke7 Kd5 Bd2 Nd4 Bc1 Ne2 Bd2 Ng3 Bc1 Nh5 Kf8 Ke4 Bd2 f4 g6 Nf6 Bc1 Nd5 Bd2 f5 Bc1 Nf4 Kg7 Nd3 Ba3 f6+ Kh7 Kd5 g5 e6 fxe6+ Kxe6
FIDE-Wch k.o.,Las Vegas,1999.08.01,1.2,"Kobese, Watu","Lautier, Joel",0-1,B80,e4 c5 Nf3 Nc6 d4 cxd4 Nxd4 e6 Nc3 Qc7 g3 a6 Bg2 d6 O-O Nf6 a4 Be7 Nb3 b6 f4 Rb8 Be3 Na5 e5 Nd7 exd6 Bxd6 Ne4 Nc4 Nxd6+ Nxd6 f5 e5 Qg4 O-O Bh6 Ne8 f6 Ndxf6 Qg5 Ng4 Bxg7 Nxg7 h3 Qxc2
FIDE-Wch k.o.,Las Vegas,1999.08.01,1.2,"Kotronias, Vasilios","Bouaziz, Slim",1/2-1/2,B12,e4 c6 d4 d5 e5 Bf5 Nc3 e6 g4 Bg6 Nge2 Ne7 Nf4 c5 h4 cxd4 Nb5 Nec6 h5 Be4 f3 Bxf3 Qxf3 Nxe5 Qg3 Nbc6 Nd3 f6 Nf4 Kf7 c3 dxc3 bxc3 Bc5 g5 a6 gxf6 gxf6 Bh3 axb5 Nxe6 Qg8 Qxg8+ Rhxg8 Nxc5 Rg3 Be6+ Ke7 Bxd5 Rxc3 Ne4 Rd3 Bxc6 bxc6 Rf1 Rd4 Nxf6 Nd3+ Ke2 Nxc1+ Raxc1 Rxa2+ Ke3 Rd6 Ne4 Ra3+ Kf4 Ra4 Ra1 Rf6+ Ke3 Rxf1 Rxf1 b4 Rg1 b3 Rg7+ Kf8 Rb7 Ra5 Nf6 h6 Ke4 b2 Rxb2 Kf7 Rf2 Ke6 Ne8 Re5+ Kd4 Rd5+ Kc4 Rg5 Re2+ Re5 Ng7+ Kf6 Rg2 Rg5 Ne8+ Kf5 Nd6+ Kf4 Rf2+ Kg4 Ne4 Ra5 Nf6+
FIDE-Wch k.o.,Las Vegas,1999.08.01,1.2,"Stefansson, Hannes","Zubarev, Alexander",1/2-1/2,B60,e4 c5 Nf3 Nc6 d4 cxd4 Nxd4 Nf6 Nc3 d6 Bg5 Bd7 Be2 a6 O-O e6 Qd3 Be7 Rad1 O-O Qg3 Qc7 Kh1 Kh8 f4 Ng8 Bxe7 Ncxe7 Nb3 Bc6 Bd3 b5 Qh3 h6 Nd4 Bb7 a3 Rad8 Qg3 Nf6 Nf3 d5 exd5 Nexd5 Nxd5 Rxd5 Nd2 Rfd8 Rde1 Rd4 f5 Qxg3 hxg3 exf5 Rxf5 Bc8 Rc5 Be6 Nf3 R4d5 Rxd5 Rxd5 Re5 Rd6
FIDE-Wch k.o.,Las Vegas,1999.08.01,1.2,"Tiviakov, Sergei","Gurevich, Dmitry",1/2-1/2,B36,e4 c5 Nf3 Nc6 d4 cxd4 Nxd4 g6 c4 Nf6 Nc3 Nxd4 Qxd4 d6 Be2 Bg7 Be3 O-O Qd2 Be6 Rc1 Qa5 f3 Rfc8 b3 Nd7 Nd5 Qxd2+ Kxd2 Bxd5 cxd5 a6 Rxc8+ Rxc8 Rc1 Rxc1 Kxc1 Kf8 Kc2 Ke8 b4 Be5 f4 Ba1 a4 Kd8 g4 Bf6 g5 Bg7 a5 h6 h4 hxg5 hxg5 Kc7 Bg4 Kd8 Bh3 Ba1 Kb3 Bg7 Kc4 Bb2 Bg2 Kc7 Bf3 Kc8 Bg4 Kd8 Bd1 Kc7 Kd3 Kd8 Ba4 Kc7 Kc2 Ba1 Kd2 Bb2 Kd3 Kd8 Bd1 Kc7 Bg4 Kd8 Bh3 Ke8 Kc4 Kd8 b5 axb5+ Kxb5 Kc7 Bf1 Bc3 Bc4 Kd8 Be2 Kc7 Bg4 Bb2 f5 Nc5 fxg6 fxg6 Bd1 Be5 Bc2 Nd7 Kc4 Nc5 Bxc5 dxc5 Kxc5 Bf4 e5
FIDE-Wch k.o.,Las Vegas,1999.08.01,1.2,"Babula, Vlastimil","Shaked, Tal",1-0,E41,d4 Nf6 c4 e6 Nc3 Bb4 e3 c5 Bd3 Nc6 Nf3 Bxc3+ bxc3 d6 e4 e5 d5 Ne7 Nd2 Ng6 g3 Bh3 Rb1 Qd7 f3 O-O-O Nf1 Rdf8 Ne3 Ne7 Rg1 h5 Qe2 Ne8 Nd1 f5 Nf2 fxe4 Nxe4 Bf5 Ng5 Bxd3 Qxd3 Qf5 Qxf5+ Rxf5 Ke2 h4 g4 Rf6 Ne6 Ng6 Rf1 Rg8 f4 exf4 Bxf4 Nxf4+ Nxf4 Nc7 Nh5 Rxf1 Rxf1 b5 cxb5 Nxd5 Kd3 g6 Nf6 Rf8 g5 Kb7 a4 a6 c4 Nb4+ Kc3 axb5 axb5 d5 Re1 d4+ Kb3 Rf7 Re6 Nd3 Kc2 Nf4 Re5 Kb6 Re4 Nh3 Re6+ Ka7 Ne4 Nxg5 Nxg5 Rf2+ Kb3 Rxh2 Ne4 Rh3+ Ka4
FIDE-Wch k.o.,Las Vegas,1999.08.01,1.2,"Zelcic, Robert","Dreev, Alexey",1/2-1/2,C11,e4 e6 d4 d5 Nc3 Nf6 e5 Nfd7 f4 c5 Nf3 Nc6 Be3 cxd4 Nxd4 Bc5 Qd2 O-O O-O-O a6 Kb1 Nxd4 Bxd4 b5 h4 b4 Na4 Bxd4 Qxd4 a5 Rh3 Qc7 c3 Ba6 Bxa6 Rxa6 cxb4 axb4 Rc1 Qb8 b3 f6 Re3 fxe5 fxe5 Rf2 h5 h6 Qd3 Ra8 Qg6 Nf8 Qg4 Rf5 Qe2 Nd7 Rf1 Rxe5 Rxe5 Qxe5 Qxe5 Nxe5 Nc5 d4 Re1 Ng4 Re4 Nf6 Rxd4 Nd5 Nxe6 Nc3+ Kc2 Rxa2+ Kd3 Rxg2 Rxb4 Nd5 Rb5 Nf6 b4 Rg4 Nd4 g6 Rb8+ Kf7 Rb7+ Ke8 hxg6 Rxg6 Nf5
FIDE-Wch k.o.,Las Vegas,1999.08.01,1.2,"Kozak, Alexander","Antonio, Rogelio Jr",0-1,C02,e4 e6 d4 d5 e5 c5 c3 Nc6 Nf3 Qb6 a3 Nh6 b4 cxd4 cxd4 Nf5 Bb2 Bd7 h4 Rc8 g4 Nh6 Rg1 Na5 Nfd2 Be7 Bc3 Nc4 Nxc4 dxc4 Nd2 O-O g5 Nf5 Ne4 Kh8 Bh3 Rcd8 Ra2 a5 Kf1 axb4 axb4 Bc8 Rd2 Qb5 Qe2 b6 Rg4 Bb7 f3 Ra8 Kf2 Ra3 Bb2 Re3 Qf1 Qxb4 Bc1 Rb3 Rf4 Ne3 Qe2 Nd5 Rg4 Nc3 Qf1 Nxe4+ fxe4 Qc3
FIDE-Wch k.o.,Las Vegas,1999.08.01,1.2,"Kudrin, Sergey","Sokolov, Ivan",1/2-1/2,C24,e4 e5 Bc4 Nf6 d3 c6 Nf3 Be7 O-O d6 a4 O-O Re1 Qc7 Nbd2 Nbd7 Nf1 d5 exd5 cxd5 Ba2 e4 dxe4 dxe4 Ng5 Nc5 Be3 h6 Bxc5 Bxc5 Nxe4 Nxe4 Rxe4 Bf5 Re1 Qb6 Ne3 Bxe3 Rxe3 Qxb2 Rb3 Qxc2 Rxb7 a5 Bb3 Qc8 Bd5 Be6 Rc1 Qe8 Bxe6 Qxe6 h3 Rad8 Qc2 Rd5 Rc7 Rfd8 Rc8
FIDE-Wch k.o.,Las Vegas,1999.08.01,1.2,"Magem Badals, Jorge","Feldman, Vladimir",1-0,B52,e4 c5 Nf3 d6 Bb5+ Bd7 Bxd7+ Qxd7 c4 Nc6 Nc3 g6 d4 cxd4 Nxd4 Bg7 Nde2 Nf6 f3 O-O O-O a6 a4 Qd8 Be3 Qa5 b3 Nd7 Qd2 Nc5 Rab1 Rfe8 Rfd1 Rad8 Kh1 e6 Bg5 Rd7 Bh4 Qb4 Be1 Qb6 Na2 a5 Bf2 Red8 Nec3 Nb4 Nb5 Nba6 Be1 Qc6 Qxa5 b6 Qd2 d5 cxd5 exd5 exd5 Rxd5 Qc2 Qe6 Rxd5 Qxd5 Nac3 Qh5 Bg3 Nb4 Qe2 Ncd3 Qe7 Nc6 Qc7 Qc5 Ne4 Qc2 Na3 Qa2 Qxc6 Qxa3 Qxb6 Rc8 h4 Qa2 Rd1 Qe2 Rd2 Rc1+ Kh2 Qf1 Qd8+ Bf8 Bd6 Qh1+ Kg3 Qe1+ Rf2
FIDE-Wch k.o.,Las Vegas,1999.08.01,1.2,"Miles, Anthony J","Akesson, Ralf",1-0,A36,g3 g6 Bg2 Bg7 c4 c5 Nc3 Nc6 e3 e6 Nge2 Nge7 Nf4 O-O O-O a6 b3 b5 Bb2 Rb8 d3 d6 Qe2 b4 Nb1 Bxb2 Qxb2 e5 Ne2 Bf5 Qc2 Qc8 Re1 Bh3 Bh1 g5 Nd2 f5 f4 gxf4 exf4 h6 Nf1 Ng6 Ne3 exf4 Nxf4 Nxf4 gxf4 Kh7 Bd5 Rb7 Kh1 Re8 Qf2 Rbe7 Qg3 Bg4 h3 Bh5 Rg1 Nd4 Rae1 Qd7 Qf2 Ne2 Rxe2 Bxe2 Qxe2 Rxe3 Qh5 R3e6 Qxf5+ Kh8 Bxe6 Qxe6 Qh5 Rf8 Qh4 Rxf4 Qg3 Qf7 Rg2 Kh7 Kh2 a5 Qe3 h5 Qg3 Kh8 Qe3 Kh7 Rg5 Rf3 Qe4+ Kh6 Rd5 Qf6 Kg2 Rf4 Qe3 h4 Qe2 Qg6+ Kh1 Qf6 Rh5+ Kg7 Qg2+ Kf8 Qa8+ Kf7 Rh7+
FIDE-Wch k.o.,Las Vegas,1999.08.01,1.2,"Milos, Gilberto","Ivanov, Alexander",1/2-1/2,B70,e4 c5 Nf3 d6 d4 cxd4 Nxd4 Nf6 Nc3 Nc6 Be2 g6 O-O Bg7 Nb3 O-O Bg5 b6 Kh1 Bb7 f4 Qb8 Bf3 e6 Qd2 Rd8 Rad1 Rd7 Qe3 Qe8 Rd2 Ne7 Rfd1 Rad8 Qe1 h6 Bh4 Nh7 Bf2 d5 e5 g5
FIDE-Wch k.o.,Las Vegas,1999.08.01,1.2,"Yermolinsky, Alex","Spraggett, Kevin",1/2-1/2,E94,d4 Nf6 c4 g6 Nc3 Bg7 e4 d6 Nf3 O-O Be2 e5 O-O c6 Re1 exd4 Nxd4 Re8 Bf1 Ng4 h3 Qb6 hxg4 Qxd4 g5 Qxd1 Rxd1 Be5 Be3 Nd7 Rac1 f6 f4 Bxc3 Rxc3 fxg5 Rxd6 gxf4 Bxf4 Nc5 Bd3 Bg4 e5 Nxd3 Rcxd3 c5 b3 Rac8 Re3 Rc7 Bg5 Be6 Red3 Bf5 R3d5 b6 Bf6 h6 Kf2 Kf7 Kf3 Be6 Rd1 g5 g4 Kg6 Kg3 Rh7 Rc6 h5 gxh5+ Rxh5 Rc7 Rh3+ Kg2 Rh7 Rxh7 Kxh7 Bxg5 Kg6 Bf6 Kf5 Kf3 Rg8 Rh1 Bf7 a4 Be8 Rh3 Bc6+ Ke3 Rg2 Rh5+ Kg6 Rh8 Kf5 Rh5+ Kg6 Rh4 Rg3+ Kf4 Rf3+ Kg4 Rf1 Rh8 Rg1+ Kf4 Rf1+ Kg3 Rg1+ Kf2 Rg2+ Ke3 Kf5 Rh3 Rb2 Rh5+ Ke6 Rh7 Kf5 Rh5+ Ke6
FIDE-Wch k.o.,Las Vegas,1999.08.01,1.2,"Zapata, Alonso","Psakhis, Lev",1/2-1/2,C08,e4 e6 d4 d5 Nd2 c5 exd5 exd5 Bb5+ Bd7 Bxd7+ Nxd7 Ne2 Ngf6 O-O Bd6 dxc5 Nxc5 Nf3 O-O Be3 Nce4 Bd4 Bc5 c3 Re8 Qc2 Bxd4 Nexd4 Qd7 Rad1 g6 Qc1 Kg7 Nc2 Rad8 Ne3 Qa4 a3 Qa6 Nd4 Nd6 Rfe1 Nc4 Nec2 h6 Ne3 Nxe3 Rxe3 Rxe3 Qxe3 Re8 Qd2 Qb6 f3 a6 Rf1 Qd6 g3 Re7 Re1 Rxe1+ Qxe1 Nd7 a4 Ne5 Qe2 Nc4 b3 Ne5 Qe3 Nd7 Nc2 Nc5 Nd4 Nd7 Nc2 Nc5 Nd4
FIDE-Wch k.o.,Las Vegas,1999.08.01,1.2,"Reinderman, Dimitri","Gulko, Boris F",1/2-1/2,C65,e4 e5 Nf3 Nc6 Bb5 Nf6 O-O Bc5 Nxe5 Nxe4 Qe2 Nxe5 Qxe4 Qe7 Nc3 Ng6 Qxe7+ Kxe7 Re1+ Kd8 Ne4 Be7 d4 d5 Ng5 Bxg5 Bxg5+ f6 Bd2 Bf5 c3 c6 Bf1 Kd7 f3 h5 g3 Nf8 h3 Ne6 g4 hxg4 hxg4 Bh7 Kg2 g5 Kg3 Bg6 Bg2 Bd3 Rh1 Kd6 Rxh8 Rxh8 Be3 Rh7 b3 Rh8 Rd1 Bc2 Rc1 Bd3 Rd1 Bc2 Rd2 Bg6 c4 a6 Rd1 Bc2 Rc1 Bd3 Rc3 Bg6 Bf1 Rh1 Kg2 Rh8 Kg3 Rh1 Kg2
FIDE-Wch k.o.,Las Vegas,1999.08.01,1.2,"Rodriguez, Andres","Asrian, Karen",0-1,B12,e4 c6 d4 d5 e5 Bf5 Nf3 e6 Be2 Ne7 O-O h6 b3 c5 Na3 Nec6 Bb2 a6 dxc5 Bxc5 c4 d4 Bd3 Bg4 Be4 Nxe5 Bxb7 Ra7 Qe2 Nbd7 h3 d3 Qd1 Bh5 g4 Rxb7 Nxe5 Qc7 Re1 Bg6 Qf3 d2 Re2 Bxa3 Bxa3 Nxe5 Qc3 f6 f4 Qd7 Rd1 Qd4+ Qxd4 Nf3+ Kf2 Nxd4 Rexd2 e5 Re1 Kf7 fxe5 Ne6 exf6 gxf6 Rd6 Ng5 Rxa6 Rd8 Bc1 Nxh3+ Kg3 Ng5 Bxg5 fxg5 Ree6 Bb1 Rxh6 Re7 Rhf6+ Kg7 Rf1 Bd3 Rf2 Be4 Ra5 Rd3+ Kh2 Kh6 Re2 Rd4 Ra6+ Kg7 c5 Red7 Ra4 Rxa4 bxa4 Rd4 a5 Ra4 a6 Kf6 a7 Ke5 Rf2 Rxa7 c6 Rc7 Rf8 Rxc6 a4 Rc2+ Kg3 Rc3+ Kf2 Ra3 Ke2 Rxa4 Rf7 Ra2+ Ke3 Ra3+ Kf2 Rb3 Rf8 Bg6 Rg8 Kf6 Ra8 Bf7 Rh8 Rb4 Kf3 Bd5+ Kg3 Be6
FIDE-Wch k.o.,Las Vegas,1999.08.01,1.2,"Sadvakasov, Darmen",Peng Xiaomin,1/2-1/2,C45,e4 e5 Nf3 Nc6 d4 exd4 Nxd4 Nf6 Nxc6 bxc6 e5 Qe7 Qe2 Nd5 c4 Nb6 Nc3 Qe6 Qe4 g6 f4 Bg7 c5 d5 cxd6 cxd6 Qxc6+ Bd7 Qxd6 Qxd6 exd6 O-O Be3 Na4 Nxa4 Bxa4 Rc1 Bxb2 Rc4 Bd7 Rc7 Be6 Bc5 Bc3+ Kf2 Ba5 Ba6 Rab8 Rd1 Rb2+ Kg3 Rc2 Bb6 Rxa2 Bxa5 Rxa5 Bc4 Bxc4 d7 Be6 d8=Q Rxd8 Rxd8+ Kg7 Rd3 h5 Rcc3 Rb5 Ra3 a5 Re3 Kf6 Re4 Rb2 Rxa5 h4+ Kxh4 Rxg2 h3 Rh2 Re3 Rh1 Rc5 Bf5 Rc6+ Be6 Rb6 Kg7 Ra6 Bf5 Ra2 Kf6 Rae2 Be6 Re1 Rh2 Ra1 Bf5 Ra8 Kg7 Ra6 Rh1 Rb6 Be6 Rb2 Kf6 Rd2 Bf5 Kg3 Rxh3+ Kf2 Rh4 Kf3 Rh3+ Ke2 Rh8
FIDE-Wch k.o.,Las Vegas,1999.08.01,1.2,"Speelman, Jonathan S","Ricardi, Pablo",1-0,A16,Nf3 Nf6 c4 g6 Nc3 d5 cxd5 Nxd5 Qa4+ Bd7 Qb3 Nb6 Ng5 e6 d3 Nc6 Be3 Bg7 Nf3 O-O Bc5 Re8 e3 Nd5 Rc1 b6 Ba3 Na5 Qc2 c5 Be2 Rc8 O-O Bc6 Nxd5 Bxd5 Qb1 e5 b4 e4 Nd2 exd3 Qxd3 c4 Qc2 Nc6 Nf3 Be4 Qa4 Ne5 Nxe5 Bxe5 Rxc4 Rxc4 Bxc4 Bxh2+ Kxh2 Bxg2 Rd1 Qh4+ Kxg2 Qg4+ Kf1 Qxc4+ Ke1 Qc3+ Rd2 b5 Qb3 Qa1+ Rd1 Qe5 Bb2 Qh2 Qd5 Qg1+ Ke2 Qg4+ Kf1 Qh3+ Qg2 Qf5 Qc6 Qh3+ Ke1
FIDE-Wch k.o. Sudden Death,Las Vegas,1999.08.02,1.7,"Nielsen, Peter Heine","Benjamin, Joel",1-0,E62,d4 d6 g3 Nf6 Bg2 g6 Nf3 Bg7 O-O O-O c4 c6 Nc3 Qa5 e4 Bg4 h3 Bxf3 Bxf3 Nfd7 Bg2 Nb6 Qd3 c5 dxc5 Qxc5 b3 Qd4 Qxd4 Bxd4 Bd2 Nc6 Rac1 Rac8 Rfd1 a6 h4 Bg7 Be3 Nd7 Bh3 Rcd8 Nd5 e6 Nb6 Nc5 Bg2 Nb4 Rd2 Rfe8 Rcd1 Bc3 Rxd6
FIDE-Wch k.o. Sudden Death,Las Vegas,1999.08.02,1.7,"Gurevich, Dmitry","Tiviakov, Sergei",1/2-1/2,E00,d4 Nf6 c4 e6 g3 d5 Bg2 Bb4+ Nd2 dxc4 Qc2 c5 dxc5 Qa5 Qxc4 Qxc5
FIDE-Wch k.o. Sudden Death,Las Vegas,1999.08.02,1.8,"Tiviakov, Sergei","Gurevich, Dmitry",1-0,B64,e4 c5 Nf3 Nc6 d4 cxd4 Nxd4 Nf6 Nc3 d6 Bg5 e6 Qd2 Be7 O-O-O O-O f4 h6 Bh4 Qb6 Ndb5 Nxe4 Nxe4 Bxh4 Nbxd6 Rd8 Bc4 Be7 Nxc8 Raxc8 Qf2 Qxf2 Nxf2 Bc5 Nh3 Nd4 Bd3 Be7 c3 Nc6 Bc2 Bc5 Rhe1 Kf8 Be4 Rxd1+ Kxd1 b5 a3 a5 f5 exf5 Bxf5 Rd8+ Kc2 b4 axb4 axb4 Nf4 bxc3 bxc3 g6 Bxg6 Bd6 Rf1 Kg7 Be4 Ne5 Nh5+ Kg8 Bd5 Ng4 Bxf7+ Kh8 Rf3 Bxh2 Be6 Ne5 Rf6 Kh7 Bf5+ Kg8 Rxh6 Kf8 g4 Nc4 Rf6+ Ke7 Re6+ Kf8 g5 Bg1 Be4 Rd6 Rxd6 Nxd6 Kd3 Bh2 Kd4 Ne8 Kd5 Ke7 c4 Nc7+ Kc6 Ne6 g6 Be5 Bd5 Nd4+ Kb7 Nf5 c5 Bd4 Be4 Ng3 Nxg3 Bxc5 Nf5+
FIDE-Wch k.o. g/25+10,Las Vegas,1999.08.02,1.3,"Psakhis, Lev","Zapata, Alonso",1-0,A70,d4 Nf6 Nf3 g6 c4 c5 Nc3 Bg7 d5 e6 e4 exd5 cxd5 d6 h3 O-O Bd3 b5 Nxb5 Nxe4 Bxe4 Re8 Ng5 Qa5+ Nc3 Ba6 Bd2 Nd7 Qc2 f5 Ne6 fxe4 Nxe4 Qb6 Bc3 Bxc3+ Qxc3 Re7 O-O-O Rb8 h4 Qb4 Qxb4 Rxb4 Nxd6 Nf6 f3 Rd7 Ne4 Nxe4 fxe4 Rxe4 Kb1 Rd6 Nxc5 Re2 Rhe1 Rxe1 Rxe1 Bc4 Ne4 Bd3+ Kc1 Bxe4 Rxe4 Rxd5 Kc2 Kf7 b4 Kf6 g4 h5 gxh5 Rxh5 a4 Rh7 b5 Kf5 Kd3 Rc7 a5 Rc1 Rb4 Rd1+ Kc4 Ke5 b6 axb6 axb6 Rc1+ Kb5 Kd6 Rd4+ Ke7 b7
FIDE-Wch k.o. g/15+10,Las Vegas,1999.08.02,1.5,"Barua, Dibyendu","Khalifman, Alexander",1/2-1/2,B58,e4 c5 Nf3 d6 d4 cxd4 Nxd4 Nf6 Nc3 Nc6 Be2 e5 Nf3 h6 O-O Be7 Re1 O-O h3 Be6 Bf1 Qa5 Bd2 Qd8 Bc1 Qa5 Bd2 Qd8 Na4 Nh7 c4 Ng5 Nc3 Nxf3+ Qxf3 Bg5 Rad1 Nd4 Qd3 Rc8 b3 Bxd2 Rxd2 Qg5 Red1 Rfd8 Qe3 Qe7 f4 Bd7 Nd5 Qf8 Qg3 exf4 Nxf4 Ne6 Rxd6 Nxf4 Qxf4 Bc6 e5 Re8 Bd3 Qe7 Bf5 Ra8 e6 fxe6 Bxe6+ Qxe6 Rxe6 Rxe6 Rd6 Re1+ Kh2 Rf8 Qd2 Rff1 Rxc6 bxc6 Qd7 h5 h4 Re4 Qd8+ Kh7 Qg5 g6 Qd8 Rff4 Qd7+ Kh6 Qd2 Kh7 Qd7+ Kh6 Qd2 Kh7
FIDE-Wch k.o. g/15+10,Las Vegas,1999.08.02,1.5,"Benjamin, Joel","Nielsen, Peter Heine",1/2-1/2,C42,e4 e5 Nf3 Nf6 Nxe5 d6 Nf3 Nxe4 d4 d5 Bd3 Nc6 O-O Be7 c4 Nb4 Be2 O-O Nc3 Bf5 a3 Nxc3 bxc3 Nc6 Re1 Bf6 Bf4 Na5 cxd5 Qxd5 Qa4 b6 Bxc7 Rfc8 Be5 Qb3 Qb4 Rxc3 Bxf6 gxf6 Nh4 Bg6 Bf3 Rf8 Qe7 Kg7 d5 Nc4 d6 Ne5 Rad1 Rd3 Be2 Rxd1 Rxd1 Qxa3 h3 Nc6 Qc7 Nd8 Bg4 Qc5 Re1 a5 Re3 a4 Rg3 Qxc7 dxc7 Ne6 Nf5+ Bxf5 Bxf5+ Kh6 Rc3 Rc8 Rc6 Rxc7 Rxb6 Ra7 Bb1 a3 Ba2 Kg7 g3 Nd4 Kg2 Ne2 Rc6 Nd4 Rc4 Nb5 Rc5 Nc7 Rc4 Ne6 Rg4+ Kf8 Rh4 Ke7 Rxh7 Rb7 Rh4 Rb2 Bxe6 fxe6 Ra4 a2 h4 Kf7 g4 Kg6 Kg3 e5 f3 Rc2 Ra7 Rb2
FIDE-Wch k.o. g/15+10,Las Vegas,1999.08.02,1.5,"Dreev, Alexey","Zelcic, Robert",1-0,A46,d4 Nf6 Nf3 e6 Bg5 c5 e3 b6 d5 d6 Bb5+ Bd7 Bxd7+ Nbxd7 dxe6 fxe6 c4 Be7 Nc3 O-O O-O a6 Qd3 Ne8 Bf4 Ndf6 Rfd1 Ra7 e4 Rd7 Ng5 Nc7 Qh3 e5 Ne6 Nxe6 Qxe6+ Kh8 Bg5 Ne8 Be3 Nc7 Qg4 Rf6 Nd5 Nxd5 Rxd5 Rg6 Qh3 Qe8 Rad1 Bf8 R5d3 Rb7 Ra3 Qa8 Qf3 Rf6 Qe2 Rbf7 Qc2 Qb7 Rd5 b5 cxb5 axb5 Ra5 Qb8 b4 h6 Qd3 c4 Qc2 Rb7 a4 bxa4 b5 Qc8 Rxa4 Qd7 b6 Rg6 Rxc4 Rb8 Qd1 Re6 Ra5 Ree8 Rc7 Qe6 Qd5 Qg4 h3 Qh5 Raa7 Qe2 Kh2 Qh5 b7 Red8 Ra8 Qe8 Rxb8 Rxb8 Ba7 Rd8 Qf7 Qb5 Rc8
FIDE-Wch k.o. g/15+10,Las Vegas,1999.08.02,1.5,"Gurevich, Dmitry","Tiviakov, Sergei",0-1,E12,Nf3 Nf6 c4 b6 Nc3 Bb7 d4 e6 a3 d5 cxd5 Nxd5 Qc2 Nxc3 bxc3 c5 e4 Nd7 Bf4 cxd4 cxd4 Rc8 Qb3 Be7 Bd3 Nf6 Qb5+ Bc6 Qb1 O-O O-O Nh5 Be3 Bd7 Ra2 Rc3 d5 Rb3 Rb2 Rxb2 Qxb2 exd5 e5 g6 Nd4 Ng7 f4 Qc7 Kh1 Bc5 g4 Ne6 Qf2 Qc8 f5 Nxd4 Bxd4 Bxd4 Qxd4 Qc5 Qf4 Qxa3 fxg6 fxg6 Bf5 Bxf5 gxf5 Rxf5 Qc1 Qxc1 Rxc1 Rxe5 Rc7 a5 Rb7 Re6 Kg2 d4 Rd7 b5
FIDE-Wch k.o. g/25+10,Las Vegas,1999.08.02,1.4,"Miles, Anthony J","Akesson, Ralf",1/2-1/2,A25,g3 e5 c4 Nc6 Bg2 f5 e3 Nf6 Nc3 d6 Nge2 g6 d3 Bg7 O-O O-O Rb1 Be6 Nd5 Qd7 b3 Ne8 Ba3 Nd8 Qd2 c6 Ndc3 Nf6 f4 Re8 Rbe1 Nf7 d4 Qc7 d5 cxd5 Nxd5 Nxd5 Bxd5 Bxd5 Qxd5 Qb6 Nc3 exf4 Na4 Qc6 Qxc6 bxc6 exf4 Re4 Bb2 Bxb2 Nxb2 d5 Rd1 Rd8 Rf2 d4 Na4 Nh6 h3 Kf7 Nc5 Re3 Kg2 Ng8 Rfd2 Nf6 Rxd4 Re2+ Kf1 Rde8 R4d2 R2e3 Kf2 Nh5 Rd7+ Kg8 Rd8 Re2+ Kf3 Re3+ Kf2 Re2+
FIDE-Wch k.o. g/25+10,Las Vegas,1999.08.02,1.4,"Nielsen, Peter Heine","Benjamin, Joel",1-0,E62,d4 d6 g3 Nf6 Bg2 g6 Nf3 Bg7 O-O O-O c4 c6 Nc3 Bf5 Ne1 Be6 d5 cxd5 cxd5 Bd7 h3 Qa5 e4 Bb5 Nxb5 Qxb5 Nd3 Nbd7 a4 Qa6 Re1 Rfc8 Be3 Nb6 Bf1 Qc4 a5 Nbd7 Nc5 Qb4 Ra4 Qxe1 Qxe1 Nxc5 Rc4 Nfd7 Bd4 Ne5 Bxe5 Bxe5 Qc1 Rc7 Qc2 b5 axb6 axb6 Qe2 Ra2 Rc2 Kg7 b4 Rxc2 Qxc2 Ne6 Qd3 Nd4 Qa6 Nf3+ Kg2 Ne1+ Kh1 Bd4 Qe2 Bc3 Qe3 b5 Qb6 Rc8 Qc6
FIDE-Wch k.o. g/15+10,Las Vegas,1999.08.02,1.5,"Stefansson, Hannes","Zubarev, Alexander",1-0,B60,e4 c5 Nf3 Nc6 d4 cxd4 Nxd4 Nf6 Nc3 d6 Bg5 Bd7 Be2 a6 Bxf6 gxf6 Nf5 Bc8 a4 e6 Ne3 b6 O-O Bb7 Kh1 Be7 f4 O-O Bc4 Kh8 Qh5 Qe8 f5 Ne5 Bb3 d5 exd5 Bc5 Rae1 Rg8 Ne4 Bxe3 Nxf6
FIDE-Wch k.o. g/15+10,Las Vegas,1999.08.02,1.6,"Khalifman, Alexander","Barua, Dibyendu",1-0,D37,d4 d5 c4 e6 Nc3 Nf6 Nf3 Be7 Bf4 O-O e3 c6 h3 Nbd7 Qc2 b6 Bd3 Bb7 cxd5 cxd5 O-O a6 a4 Nb8 Ne5 Nc6 Nxc6 Bxc6 Rfc1 Bb7 Qb3 Bd6 Bxd6 Qxd6 a5 b5 Na2 Rfc8 Qb4 Qxb4 Nxb4 Kf8 Kf1 h6 Ke1 Ke7 Kd2 Kd6 f3 Rxc1 Rxc1 Rc8 Rxc8 Bxc8 Be2 Bb7 Nd3 Nd7 f4 Bc6 Bh5 f6 Kc3 Ke7 Kb4 Kd6 Be8 Nb8 Bg6 Bd7 Kc3 Nc6 b4 Ne7 Bh5 Nf5 Kd2 Bc8 Nc5 Ne7 Bf3 Nc6 Kc3 f5 Bh5 Ke7 Nd3 Bd7 Nc5 Bc8 Bf3 g6 g4 Kd6 h4 fxg4 Bxg4 h5 Bf3 Ne7 e4 dxe4 Bxe4 Nd5+ Bxd5 exd5 Kd3 Ke7 Ke3 Kf6 Kf3 Bg4+ Kf2 Bc8 Ke3 Kf5 Kf3 Kf6 Nd3 Bg4+ Kg3 Bf5 Nc5 Bc8 Nb3 Bg4 Kf2 Bf5 Nd2 Bc8 Nf1 Be6 Ne3 Kf7 Kg3 Kg7 f5 gxf5 Kf4 Kf6 Nc2 Bd7 Ne1 Bc8 Nd3 Be6 Kf3 Ke7 Kg3 Kf6 Nc5 Bc8 Kf4 Kg6 Ke5 f4 Kxf4 Kf6 Kg3 Kg7 Kf3 Kg6 Nd3 Bg4+ Ke3 Be6 Nf4+ Kf5 Nxh5 Kg4 Nf4 Bf7 Nd3 Be6 Nc5 Bc8 h5
FIDE-Wch k.o. g/25+10,Las Vegas,1999.08.02,1.4,"Spraggett, Kevin","Yermolinsky, Alex",1/2-1/2,D75,c4 Nf6 Nc3 c5 g3 g6 Nf3 Bg7 d4 cxd4 Nxd4 d5 cxd5 Nxd5 Bg2 Nxc3 bxc3 O-O O-O Nc6 Be3 Bd7 Qb3 Na5 Qb4 Rc8 Rfd1 Rc4 Qb2 Qc7 Nb5 Bxb5 Qxb5 a6 Qb6 Qxb6 Bxb6 Ra4 Rd3 Bf6 Bxa5 Rxa5 Bxb7 Ra3 Rc1 Rxa2 c4 Rb8 Bf3 a5 c5 Rc8 Rd7 Be5 Rxe7 Bd6 Rxf7 Kxf7 Bd5+ Kf6 Bxa2 Rxc5 Rd1 Be7 Bd5 a4 e4 Rc2 f4 g5 e5+ Kf5 Bg8 Rb2 Bxh7+ Ke6 Re1 gxf4 gxf4 a3 Ra1 Bc5+ Kh1 Rf2 Rc1 Be3 Rc6+ Kd7 Rd6+ Kc7 Bg8 Bxf4 Rf6 Rxh2+ Kg1 Bxe5
FIDE-Wch k.o. g/15+10,Las Vegas,1999.08.02,1.6,"Nielsen, Peter Heine","Benjamin, Joel",1/2-1/2,E11,d4 Nf6 c4 e6 Nf3 Bb4+ Nbd2 d6 g3 Nc6 Bg2 a5 O-O e5 Nb1 exd4 Nxd4 Ne5 Bg5 h6 Bxf6 Qxf6 Nc3 Bxc3 Nb5 Qe7 Nxc3 O-O b3 c6 Qd4 f6 Rad1 Nf7 Rd2 Bf5 Rfd1 Rfd8 h3 Qe5 Na4 Qxd4 Rxd4 Kf8 c5 dxc5 Nxc5 Rxd4 Rxd4 Rd8 Rxd8+ Nxd8 a3 Ke7 b4 axb4 axb4 Bc2 Kf1 b6 Ne4 Bxe4 Bxe4 Kd6 Ke1 c5 bxc5+ Kxc5 Kd2 b5 Kc3 Nc6 e3 b4+ Kb3 Ne5 Bf5 Nc4 Bd3 Nd6 Kb2 Nb5 Kb3 Nc3 Kc2 Nd5 Kb3 Ne7 Kc2 Nc6 Kb3 Ne5 Be2 Nf7 h4 Nd6 Bd3 Nf7 Be2 Kd5
FIDE-Wch k.o. g/15+10,Las Vegas,1999.08.02,1.6,"Tiviakov, Sergei","Gurevich, Dmitry",0-1,B07,e4 d6 d4 Nf6 Nc3 g6 Bg5 Bg7 Qd2 h6 Bh4 Nbd7 O-O-O g5 Bg3 Nh5 Nge2 c5 f3 Nxg3 hxg3 a6 f4 Qa5 Kb1 g4 Nd5 Qd8 Ne3 Nf6 Nc3 cxd4 Qxd4 Nh5 e5 Nxg3 Rg1 Be6 Ne4 dxe5 Qxd8+ Rxd8 Rxd8+ Kxd8 Nxg3 exf4 Nh5 Bd4 Nxf4 Bxe3 Nxe6+ fxe6 Rh1 Rf8 Bd3 Rf2 Be4 Kc7 c3 Re2 Rh5 Bg5 Bd3 Rxg2 Rh1 g3
FIDE-Wch k.o. g/15+10,Las Vegas,1999.08.02,1.6,"Zelcic, Robert","Dreev, Alexey",1/2-1/2,C11,e4 e6 d4 d5 Nc3 Nf6 e5 Nfd7 f4 c5 Nf3 Nc6 Be3 cxd4 Nxd4 Bc5 Qd2 Nxd4 Bxd4 Bxd4 Qxd4 Qb6 Qxb6 Nxb6 Nb5 Ke7 Bd3 Bd7 Nd4 Na4 O-O-O Nc5 Rhf1 Rac8 Kd2 a6 Rf3 h5 Rdf1 g6 g3 Na4 b3 Nc5 h3 Rc7 a4 a5 R1f2 Rcc8 Ke3 Rb8 g4 hxg4 hxg4 Rbg8 f5 gxf5 gxf5 Rh5 Rf4 Rg3+ Kd2 exf5 Nxf5+ Bxf5 Bxf5 Rxf5 Rxf5 Ne4+ Kc1 Nxf2 Rxf2 Ke6 Rf6+ Kxe5 Rxf7 b6 Rb7 Rg6 Kb2 d4 Kc1 Rg1+ Kd2 Rg2+ Kd3 Rg3+ Kc4 Rc3+ Kb5 Rxc2 Kxb6 d3 Re7+ Kd6 Re8 Rc3 Rd8+ Ke5 Kxa5 Rxb3 Ka6 Ke4 a5 Ke3 Ka7
FIDE-Wch k.o. g/15+10,Las Vegas,1999.08.02,1.6,"Zubarev, Alexander","Stefansson, Hannes",1/2-1/2,C54,e4 e5 Bc4 Nf6 d3 Nc6 Nf3 Bc5 c3 d6 O-O a6 h3 Ba7 a4 h6 b4 O-O Kh1 Ne7 Nbd2 Ng6 Bb3 Be6 d4 Bxb3 Qxb3 Qe7 Re1 Nf4 Qc2 Qe6 Nf1 Ng6 Ng3 c6 Nf5 Kh7 Bb2 Nh5 c4 exd4 N3xd4 Bxd4 Nxd4 Qd7 Rad1 Rad8 Nf5 Qe6 Qd2 Ne5 Ne3 Nxc4 Nxc4 Qxc4 Re3 Qe6 Qe2 Nf4 Qf3 Ng6 Qg3 f5 exf5 Qxf5 Rd2 Rd7 f3 Qf4 Qf2 Qxb4 Re4 Qxe4 fxe4 Rxf2 Rxf2 d5 exd5 cxd5
FIDE-Wch k.o. g/25+10,Las Vegas,1999.08.02,1.3,"Akesson, Ralf","Miles, Anthony J",0-1,D10,d4 d5 c4 c6 Nc3 Nf6 e3 a6 Qc2 Bg4 h3 Bh5 Qb3 Ra7 Nge2 Bxe2 Bxe2 e6 c5 Nbd7 Na4 Be7 O-O O-O Bd2 e5 Bc3 Qb8 Qc2 exd4 Bxd4 Re8 Bd3 Ra8 Qc3 Qd8 f3 Qc7 Rae1 Bf8 Nb6 Rad8 Nxd7 Nxd7 e4 dxe4 Rxe4 Rxe4 Bxe4 Qg3 b4 Nf6 Bxf6 gxf6 Qxf6 Rd2 Bxh7+ Kxh7 Qxf7+ Bg7 Qh5+ Kg8 Qe8+ Bf8 Qe6+ Kh8
FIDE-Wch k.o. g/25+10,Las Vegas,1999.08.02,1.3,"Babula, Vlastimil","Shaked, Tal",1/2-1/2,E42,d4 Nf6 c4 e6 Nc3 Bb4 e3 c5 Ne2 cxd4 exd4 O-O a3 Be7 Nf4 d5 cxd5 Nxd5 Ncxd5 exd5 Bd3 Nc6 O-O Bf6 Be3 g6 Rc1 Qd6 Rc5 Be6 Nxe6 Qxe6 Qa4 a6 Rfc1 b5 Qd1 Na5 b4 Nc4 Bxc4 bxc4 Qa4 Rfc8 h3 Be7 Qd1 Bxc5 dxc5 Re8 Rc2 Rad8 Rd2 c3 Rd4 Qf5 g4 Qf6 Kg2 Re4 Rxd5 Rde8 Rd6 Qe7 Qd3 Qe5 c6 c2 Rd5 Rxe3 Rxe5 Rxd3 Rxe8+ Kg7 c7 c1=Q
FIDE-Wch k.o. g/25+10,Las Vegas,1999.08.02,1.3,"Benjamin, Joel","Nielsen, Peter Heine",1-0,C24,e4 e5 Bc4 Nf6 d3 Bc5 Nf3 d6 c3 O-O Nbd2 c6 Bb3 Re8 Qe2 Nbd7 Nf1 Nf8 Be3 Bb6 Ng3 Ng6 O-O h6 h3 d5 Rad1 Be6 Nh2 d4 Bc1 Bxb3 axb3 c5 c4 Bc7 Kh1 Kh7 Nf5 Nf4 Qf3 g6 Ng3 Kg7 Bxf4 exf4 Ne2 Nh7 Nxf4 Ng5 Qg4 h5 Nxh5+ gxh5 Qxh5 Ne6 e5 Qg5 Qxg5+ Nxg5 f4 Nh7 Nf3 f6 Rde1 fxe5 fxe5 Re6 b4 b6 bxc5 bxc5 b4 Bb6 bxc5 Bxc5 Re4 Rd8 Nh4 Rf8 Nf3 Ng5 Rg4 Rg6 Kh2 Nxf3+ gxf3 a5 Ra1 Rxg4 hxg4 Ra8 Ra4 Bb4 f4 Kf7 Kg2 Ke6 Kf3 Bc3 Ke4 Rh8 f5+ Kd7 Ra2 Rh4 Kd5 Bb4 f6 Rxg4 Rh2 Rg5 Rh7+ Ke8 Ra7 Kf8 Kxd4 Kg8 c5 Bxc5+ Kxc5 Rxe5+ Kd6 Re3 d4 Kf8 Rxa5 Kf7 d5 Kxf6 Ra7 Rd3 Kc6 Rc3+ Kd7 Rh3 Ra1 Rh7+ Kc6 Rh2 Re1 Rc2+ Kd7 Ra2 d6 Ra7+ Kc6 Ra6+ Kc7 Ra7+ Kb6 Ra2 d7 Rb2+ Kc7 Rc2+ Kd8 Kf7 Rf1+ Kg7 Rf3 Rc1 Rf2 Rc3 Rf4 Rc2 Ke7 Re2+ Kd6 Rd2+ Ke6 Re2+ Kd5
FIDE-Wch k.o. g/25+10,Las Vegas,1999.08.02,1.3,"Dolmatov, Sergey","Kotsur, Pavel",1-0,B15,e4 g6 d4 Bg7 Nc3 c6 f4 d5 e5 h5 Nf3 Nh6 Be3 Bg4 Be2 Nd7 Qd2 Nf5 Bf2 Qa5 g3 Nb6 b3 e6 h3 Bxf3 Bxf3 Bf8 Ne2 Qxd2+ Kxd2 Be7 g4 Ng7 Ng3 O-O-O gxh5 gxh5 Rag1 Nd7 Be2 Nf8 Bd3 f5 Nf1 Rh7 Nh2 Kd7 Nf3 Ke8 Rg2 Kf7 Rhg1 Nd7 Ng5+ Bxg5 Rxg5 Rdh8 c4 Ne8 cxd5 cxd5 Rc1 Nb6 Bh4 Rg8 a4 Rxg5 Bxg5 Kf8 a5 Na8 Rc8 Nc7 Rb8 Na6 Ra8 Nb4 Bb5 Nc6 a6
FIDE-Wch k.o. g/25+10,Las Vegas,1999.08.02,1.3,"Dreev, Alexey","Zelcic, Robert",0-1,A34,d4 Nf6 c4 e6 Nf3 d5 Nc3 c5 cxd5 cxd4 Qxd4 Nxd5 e4 Nc6 Bb5 Nxc3 Qxc3 Bd7 O-O Qb6 a4 Qc5 Qd3 Qd6 Qe2 Qc7 Bg5 a6 Bxc6 Bxc6 Nd4 Qe5 Nxc6 Qxg5 Nd4 Bc5 Nf3 Qe7 Rac1 O-O g3 Rac8 Kg2 h6 h4 Ba7 Rc4 Rc5 Rfc1 Rfc8 b3 Kf8 Ne5 Kg8 b4 R5c7 h5 Qd6 Nf3 Rxc4 Rxc4 Rxc4 Qxc4 Qb6 Qc8+ Kh7 Qc2 f6 e5+ f5 Nh4 Qxb4 Ng6 Qd4 Qa2 Bc5 Qc2 b6 Qe2 Qxa4 Nf4 a5 Kh3 Qe4 Qd1 Qd4 Qb3 Qxe5 Nxe6 Qe4 Kh2 a4 Qa2 Bd6 f4 Qf3 Qd2 Qxh5+ Kg2 Bc5 Qd3 a3 Qc2 Qf7 Qb3 Qd7 Kh3 Qd6 g4 Qd2 Nxc5 bxc5 gxf5 a2 Qf7 Qe3+ Kg2 a1=Q Qg6+ Kh8
FIDE-Wch k.o. g/25+10,Las Vegas,1999.08.02,1.3,"Khalifman, Alexander","Barua, Dibyendu",1-0,D60,d4 d5 c4 e6 Nc3 Nf6 Nf3 c6 Bg5 h6 Bh4 Nbd7 e3 Be7 Bd3 O-O O-O b6 cxd5 exd5 Bg3 Re8 Ne5 Nxe5 dxe5 Nd7 f4 Nf8 Ne2 c5 Nc3 Bb7 Qe2 a6 Rad1 Bh4 Be4 Bxg3 hxg3 dxe4 Rxd8 Raxd8 Rd1 Ne6 Rd6 Rxd6 exd6 Rd8 Qd1 b5 Nd5 Kf8 Nb6 g6 g4 Bc6 f5 gxf5 gxf5 Nd4 exd4 Rxd6 Qc1
FIDE-Wch k.o.,Las Vegas,1999.08.02,1.1,"Macieja, Bartlomiej","Milov, Vadim",1-0,B48,e4 c5 Nf3 e6 d4 cxd4 Nxd4 a6 Nc3 Qc7 Bd3 Nc6 Be3 b5 O-O Bb7 Nxc6 Bxc6 Qe2 Nf6 Bd4 e5 Nd5 Qd6 Bc3 Nxd5 exd5 Qxd5 Qxe5+ Qxe5 Bxe5 f6 Bg3 Kf7 Rfd1 Bc5 c4 Rhe8 cxb5 axb5 Kf1 Bd4 Rd2 Be5 f4 Bd4 Bxh7 Be3 Rdd1 g5 fxg5 fxg5 Bf5 d5 Bf2 Ra4 Bxe3 Rxe3 Kf2 Re5 Bd3 Ke6 g3 Ra8 Rd2 Kd6 Bf1 Bd7 Bg2 Be6 a3 b4 a4 Bd7 b3 Rf8+ Kg1 Rc8 a5 Bc6 a6 Re3 a7 Kc5 Bxd5 Bxd5 Ra5+ Kb6 Rdxd5
FIDE-Wch k.o. g/25+10,Las Vegas,1999.08.02,1.3,"Rodriguez, Andres","Asrian, Karen",0-1,B12,e4 c6 d4 d5 e5 Bf5 Nf3 e6 Be2 Ne7 O-O h6 Nbd2 Nd7 c3 c5 a3 Nc6 b4 cxd4 cxd4 Be7 Re1 O-O Nf1 Nb6 Ne3 Bg6 Bb2 Rc8 Rc1 Qd7 Qb3 a6 Nd2 Na7 f4 Qa4 Rxc8 Rxc8 Rc1 Rxc1+ Bxc1 Qc6 Bb2 Na4 Kf2 Nxb2 Qxb2 Nb5 Nb3 Nc3 Nc5 Nxe2 Qxe2 a5 Qb2 axb4 axb4 Qb5 f5 Bxf5 Nxf5 exf5 Qb3 b6 Qa4 Qc4 Qe8+ Bf8 Nd7 Qxd4+ Kf1 Qd1+ Kf2 Qd2+ Kf1 Qf4+ Ke2 Qxb4 Qc8 b5 Qb8 d4 Nxf8 Qxf8 Qxb5 Qa8 Kf2 Qa2+ Kg3 Qe6 Kf3 Kh7 Qc5 Qb3+ Kf4 Qd3 h4 g6 Qc1 Qe4+ Kg3 Qxe5+ Kf2 Qe3+ Qxe3 dxe3+ Kxe3 Kg7
FIDE-Wch k.o. g/25+10,Las Vegas,1999.08.02,1.3,"Tiviakov, Sergei","Gurevich, Dmitry",1/2-1/2,B38,e4 c5 Nf3 Nc6 d4 cxd4 Nxd4 g6 c4 Bg7 Be3 Nf6 Nc3 O-O Be2 d6 O-O Bd7 Qd2 Nxd4 Bxd4 Bc6 f3 Nd7 Be3 a5 b3 Nc5 Rab1 Qb6 Rfc1 Rfc8 Kh1 Qd8 Nd5 Be5 Bg5 Bxd5 exd5 Qf8 Re1 Qg7 Rbc1 h5 Bf1 Re8 Rc2 Kh7 Qf2 e6 Be3 b6 Rd1 exd5 Rxd5 Re6 f4 Ba1 f5 Re5 Rc1 Rxd5 cxd5 Ra7 Bxc5 bxc5 Bd3 Bd4 Qf3 Qe5 Rf1 Re7 h3 Bc3 Rf2 Qe1+ Rf1 Qe5 Bc2 Qe2 fxg6+ fxg6 Bxg6+ Kxg6 Qf5+ Kh6 Qf4+ Kg6 Qf5+
FIDE-Wch k.o. g/25+10,Las Vegas,1999.08.02,1.3,"Yermolinsky, Alex","Spraggett, Kevin",1-0,E94,d4 Nf6 c4 g6 Nc3 Bg7 e4 d6 Nf3 O-O Be2 e5 O-O c6 Re1 exd4 Nxd4 Re8 Bf1 Ng4 h3 Qb6 hxg4 Qxd4 g5 Qe5 Be3 Nd7 Qd2 Qe7 Rad1 Nc5 f3 Be5 b4 Nd7 f4 Bg7 Bd4 f6 gxf6 Nxf6 c5 dxc5 Bxc5 Qf7 e5 Nh5 Ne4 Qxf4 Nd6 Be6 Nxe8 Rxe8 Qxf4 Nxf4 Bd6 a6 a4 Bb3 Ra1 g5 b5 axb5 axb5 Ng6 Ra7 Nxe5 Rxb7 Nf3+ gxf3 Rxe1 bxc6 Bd4+ Kg2 Be6 Re7
FIDE-Wch k.o. g/25+10,Las Vegas,1999.08.02,1.3,"Zubarev, Alexander","Stefansson, Hannes",1-0,E19,Nf3 Nf6 c4 b6 g3 Bb7 Bg2 e6 O-O Be7 d4 O-O Nc3 Ne4 Qc2 Nxc3 Qxc3 c5 Rd1 d6 Bf4 Qc7 dxc5 bxc5 Qd3 Rd8 Ng5 Bxg5 Bxg5 f6 Bf4 Bxg2 Kxg2 Qb7+ Qf3 Qxf3+ Kxf3 Nc6 Bxd6 Nd4+ Rxd4 cxd4 c5 a5 Ke4 Kf7 Kxd4 Ke8 b3 Kd7 Kc4 Kc6 Rb1 Rd7 a3 Rb7 Rd1 Rd8 Rd3 e5 e4 Re8 g4 h6 Rf3 Rd8 h4 Rh8 Rg3 Rb5 Rd3 Rb7 f4 exf4 Bxf4 Re7 Rd6+ Kb7 Kd5 Rhe8 Rb6+ Ka7 Bd6 Rxe4 b4 axb4 axb4 h5 b5 Ra4 gxh5 f5 Rc6 f4 Rc7+ Ka8 b6
FIDE-Wch k.o. g/25+10,Las Vegas,1999.08.02,1.4,"Asrian, Karen","Rodriguez, Andres",1/2-1/2,B74,e4 c5 Nf3 d6 d4 cxd4 Nxd4 Nf6 Nc3 g6 Be2 Bg7 O-O O-O Be3 Nc6 Nb3 a5 a4 Be6 f4 Qc8 Kh1 Nb4 Bf3 Ng4 Bg1 h5 Nd4 Bc4 Re1 e5 Ndb5 Rd8 h3 Nf6 Nxd6 Rxd6 Qxd6 Nxc2 fxe5 Ne8 Qd2 Nxa1 Rxa1 Bxe5 Nd5 Bxd5 exd5 Nd6 Qe2 Qf5 Re1 Re8 Qd2 Kh7 Bc5 Nc4 Qe2 Qf4 Bg1 Nd6 Qe3 Qb4 Qf2 Nf5 Rxe5 Rxe5 g4 Nd6 gxh5 gxh5 Qc2+ Nf5 Bh2 Qe1+ Kg2 Kg8 Qc8+ Kh7 Qc2 Kg7 Bxe5+ Qxe5 Qc3 Nd4 h4 Qf4 Bxh5 Kh6 Bd1 Qe4+ Bf3 Qxh4 Qe3+ Kg7 d6 Ne6 d7 Qd8 Qe5+ Kg8 Qg3+ Ng7 Bg4 Qg5 Qb8+ Kh7 d8=Q Qxg4+ Kf1 Qf5+ Ke1 Qe4+ Kd1 Qxa4+ Ke1 Qe4+ Kd1 Qb1+ Kd2 Qxb2+ Kd1 Qb1+ Kd2 Qb2+ Kd1
FIDE-Wch k.o. g/25+10,Las Vegas,1999.08.02,1.4,"Barua, Dibyendu","Khalifman, Alexander",1-0,B58,e4 c5 Nf3 d6 d4 cxd4 Nxd4 Nf6 Nc3 Nc6 Be2 e5 Nf3 h6 O-O Be7 Re1 O-O h3 Be6 Bf1 Qa5 Bd2 Qd8 Na4 Nh7 c4 Ng5 Bxg5 hxg5 Nc3 Bf6 Qd3 g4 hxg4 Bxg4 Nd5 g6 Be2 Bg7 b4 Be6 a3 Rc8 Rad1 Nd4 Nxd4 exd4 Bf3 b6 Re2 Re8 Rde1 Bxd5 exd5 Rxe2 Rxe2 Qc7 Rc2 a5 g3 axb4 axb4 Qa7 Qb3 Qa1+ Kg2 Bf6 c5 bxc5 bxc5 Rxc5 Ra2 Rb5 Qc4 Rc5 Qe2 Qc1 Qe8+ Kg7 Ra8 Kh6 Qxf7 Qg5 Ra7
FIDE-Wch k.o. g/25+10,Las Vegas,1999.08.02,1.4,"Stefansson, Hannes","Zubarev, Alexander",1-0,B01,e4 d5 exd5 Qxd5 Nc3 Qa5 Bc4 Nf6 d4 c6 Nf3 Bf5 Bd2 e6 Qe2 Bb4 Ne5 Nbd7 Nxd7 Nxd7 a3 O-O g4 Bg6 h4 h5 Ba2 Be7 Nd5 Qd8 Nxe7+ Qxe7 gxh5 Bf5 O-O-O c5 d5 Rfe8 Bg5 Qf8 Qf3 c4 Rhg1 Kh8 h6 g6 dxe6 Bxe6 Bxc4 Bxc4 Rxd7 Be6 Rxb7 Kh7 Qf6 Rac8 Be3
FIDE-Wch k.o. g/25+10,Las Vegas,1999.08.02,1.4,"Shaked, Tal","Babula, Vlastimil",1-0,E98,d4 Nf6 c4 g6 Nc3 Bg7 e4 d6 Nf3 O-O Be2 e5 O-O Nc6 d5 Ne7 Ne1 Ne8 Be3 f5 f3 f4 Bf2 g5 c5 h5 a4 Rf6 cxd6 Nxd6 Nb5 a6 Nxd6 cxd6 Nd3 Rg6 Qb3 g4 Qb6 Qf8 Rfc1 Qf6 Be1 Kh7 Rc7 gxf3 Bxf3 Bg4 Kf1 Re8 Qxb7 Bxf3 gxf3 Qg5 Nf2 Qg1+ Ke2 Bf6 Qc6 Reg8 Qxd6 R8g7 Rac1 Qxh2 Qe6 Qh4 d6 Ng8 Rxg7+ Bxg7 Qf5 Qd8 Qxh5+ Nh6 Rd1 Rxd6 Rxd6 Qxd6 Nd3 Qd4 Bf2 Qxa4 Kd2 Kg8 Qg6 Nf7 Qe6 Qa5+ Ke2 Qb5 Bc5 Bf8 Qc8 Qc4 Qxf8+ Kh7 Kd2 Ng5 Qf5+ Kh6 Bf8+ Kh5 Qg4+ Kg6 Nxe5+
FIDE-Wch k.o. g/25+10,Las Vegas,1999.08.02,1.4,"Zapata, Alonso","Psakhis, Lev",1/2-1/2,C08,e4 e6 d4 d5 Nd2 c5 exd5 exd5 Bb5+ Bd7 Bxd7+ Qxd7 Ne2 c4 O-O Bd6 b3 cxb3 axb3 Ne7 c4 O-O Nf3 Nbc6 Nc3 Bb4 Qd3 Bxc3 Qxc3 Rfe8 b4 dxc4 b5 Nd8 Qxc4 Qd5 Qa4 Ne6 Re1 Ng6 Be3 a6 bxa6 bxa6 Qa5 Ne7 Qxd5 Nxd5 Ra5 Red8 Rc1 Rd6 g3 f6 Nd2 Ndc7 Nc4 Rd5 Rxd5 Nxd5 Ra1 Ndc7 Nb6 Rd8 Ra4 Kf7 Kf1 Nb5 Rxa6 Nbxd4 Nc4 Nf5 Ke2 Ned4+ Bxd4 Rxd4 Ra7+ Kg6 Rc7 h5 h4 Re4+ Kf3 Re7 Rxe7 Nxe7 Ke4 Nf5 Kd5 Kf7 Nd6+ Kg6 Nc8 Kf7 Nd6+ Kg6 Nc4 Kf7 Nd2 g5 Nf3 Kg6 Ke4 Nd6+ Kd5 Nf5 Ke6 Ng7+ Ke7 Nf5+ Kf8 Nh6 Ke7 Ng4 Ke6 Nxf2 hxg5 fxg5 Nd4 Nh1
FIDE-Wch k.o. g/25+10,Las Vegas,1999.08.02,1.4,"Gurevich, Dmitry","Tiviakov, Sergei",1/2-1/2,E12,Nf3 Nf6 c4 b6 Nc3 Bb7 d4 e6 a3 d5 cxd5 Nxd5 Qc2 Nxc3 bxc3 Be7 e4 O-O Bd3 c5 O-O Qc7 Qe2 Nd7 Bd2 Rac8 a4 e5 dxe5 Nxe5 Nxe5 Qxe5 f4 Qc7 c4 Rcd8 Bc3 Qc6 Rf3 f6 a5 Qe6 axb6 axb6 Rb1 Rxd3 Rxd3 Qxc4 Re3 Qxe2 Rxe2 b5 Rxb5 Ba6
FIDE-Wch k.o. g/25+10,Las Vegas,1999.08.02,1.4,"Kotsur, Pavel","Dolmatov, Sergey",1/2-1/2,A04,e4 e6 d3 c5 Nf3 Nc6 g3 Nge7 Bg2 g6 O-O Bg7 c3 O-O Re1 e5 a3 d6 b4 a6 Nbd2 h6 Rb1 Rb8 h3 Be6 Nf1 Qd7 Kh2 f5 exf5 gxf5 Bd2 Ng6 c4 b5 Ne3 bxc4 dxc4 e4 Ng1 Nge5 f3 Nd4 fxe4 fxe4 Bxe4 Rf2+ Ng2 Bxh3 Be3 Ng4+ Kh1 Bxg2+ Bxg2 Qb7 Bxf2 Nxf2+ Kh2 Qd7 Qh5 Ng4+ Kh1
FIDE-Wch k.o. g/25+10,Las Vegas,1999.08.02,1.4,"Zelcic, Robert","Dreev, Alexey",0-1,B58,e4 c5 Nf3 Nc6 d4 cxd4 Nxd4 Nf6 Nc3 d6 Be2 e5 Nf3 h6 O-O Be7 Re1 O-O h3 Be6 Bf1 a6 a4 Rc8 b3 Qa5 Bb2 Rfd8 Qd2 Nb4 Rac1 d5 Nxd5 Nfxd5 exd5 Rxd5 Bd3 Nxd3 Qxa5 Rxa5 cxd3 Rxc1 Rxc1 Bxb3 Rc7 Bf6 Rxb7 Bxa4 d4 e4 Rb8+ Kh7 Ne5 Rb5 Rxb5 Bxb5 Nxf7 Kg6 Nd6 Bc6 g4 a5 Nc4 Bd5 Ne5+ Kh7 Ba3 Bd8 Kf1 h5 gxh5 Kh6 Ke2 Kxh5 f3 Kh4 Ng6+ Kg5 Ne5 Kf5 Bc5 a4 fxe4+ Kxe4 Kd2 Bg5+ Kc2 Be3 Kc3 a3 Ng4 a2 Kb2 Bd2 Nf2+ Ke3
FIDE-Wch k.o.,Las Vegas,1999.08.03,2.1,"Akopian, Vladimir","Antonio, Rogelio Jr",1/2-1/2,A24,Nf3 Nf6 c4 g6 g3 Bg7 Bg2 O-O O-O d6 Nc3 e5 d3 h6 Rb1 a5 a3 Be6 b4 axb4 axb4 Qd7 b5 Bh3 e4 Qg4 Qc2 Nbd7 Nh4 Bxg2 Kxg2 Nc5 Be3 Qd7 Ra1 Nh5 Rxa8 Rxa8 Nd5 Ra3 Rd1 Nf4+ Nxf4 exf4 Bxc5 dxc5 Qe2 Bf6 Nf3 g5 e5 Bg7 h3 fxg3 fxg3 Qf5 d4 g4 hxg4 Qxg4 Rd2 h5 Rd3 Rxd3 Qxd3 cxd4 Nxd4 Bxe5 Nf5 Qg5 Qd7 Qf6 Ne7+ Kg7 Nf5+ Kh7 Nh4 Bd6 b6 cxb6 Qxb7 Bc5 Qe4+ Kg8 Nf5 Qg6 Qa8+ Kh7 Qf3 Qg4 Qd3 Qg6
FIDE-Wch k.o.,Las Vegas,1999.08.03,2.1,"Tiviakov, Sergei","Kramnik, Vladimir",1/2-1/2,C43,e4 e5 Nf3 Nf6 d4 Nxe4 Bd3 d5 Nxe5 Nd7 Nxd7 Bxd7 O-O Bd6 c4 c6 cxd5 cxd5 Qh5 O-O Qxd5 Bc6 Qh5 g6 Qh3 Ng5 Qg4 Ne6 Bh6 Re8 d5 Bxd5 Bb5 Bc6 Bxc6 bxc6 Nd2 Qb8 h3 Qxb2 Nc4 Qb8 Rab1 Qc7 Nxd6 Qxd6 Rfd1 Qe7 Qe4 Rac8 Bd2 Qf6 Qc4 c5 Be3 Nd4 Rb7 Rcd8 Rc1 a6
FIDE-Wch k.o.,Las Vegas,1999.08.03,2.1,"Yermolinsky, Alex","Rublevsky, Sergei",1/2-1/2,A28,c4 e5 Nc3 Nf6 Nf3 Nc6 d4 exd4 Nxd4 Bb4 Bg5 O-O Rc1 h6 Bh4 Re8 e3 Nxd4 Qxd4 c5 Qd1 g5 Bg3 d5 cxd5 Qxd5 Qxd5 Nxd5 Bb5 Rd8 h4 g4 Ke2 Nxc3+ bxc3 Ba5 Bc4 Bd7 h5 Kg7 e4 Re8 f3 Bc6 Rhd1 Rad8 Rxd8 Rxd8 Be5+ f6 Bf4 Re8 Kf2 Rd8 fxg4 b5 Bd5 Bxd5 exd5 Rxd5 c4 Rd4 Be3 Rxg4 cxb5 Ra4 Rc2 Bb6 Bxc5 Bxc5+ Rxc5 Rxa2+ Kf3 Kf7 g4 Ke6 Rc7 Ra3+ Kf4 Ra4+ Kg3 Ra5 Rb7 Ra3+ Kh4 f5 b6 fxg4
FIDE-Wch k.o.,Las Vegas,1999.08.03,2.1,"Smirin, Ilia","Psakhis, Lev",1/2-1/2,C11,e4 e6 d4 d5 Nc3 Nf6 e5 Nfd7 Nce2 c5 c3 Nc6 f4 Qb6 Nf3 f6 a3 Be7 b4 cxd4 cxd4 O-O Nc3 fxe5 dxe5 Ndxe5 fxe5 Nxe5 Be2 Bd7
FIDE-Wch k.o.,Las Vegas,1999.08.03,2.1,"Timman, Jan H","Aronian, Levon",1-0,A16,Nf3 Nf6 c4 g6 Nc3 Bg7 e4 e5 Nxe5 Nxe4 Nxe4 Bxe5 d4 Bg7 Bg5 f6 Be3 O-O Nc3 Nc6 d5 Ne7 Bd3 d6 O-O Nf5 Bf4 Nh6 Rc1 f5 Qd2 Nf7 Be3 Bd7 f4 Re8 Bf2 a6 Ne2 Qf6 b3 b6 Nd4 Bh6 Bb1 Bf8 Nf3 Qh8 h3 Qf6 Bd4 Qd8 Qc3 c5 dxc6 Bxc6 Rce1 Qc7 Bf6 Qb7 Nh4 Nh6 Bc2 b5 Bd3 bxc4 Rxe8 Bxe8 Qxc4+ Bf7 Qd4 Re8 Nf3 a5 Rd1 Qb4 Qxb4 axb4 Ng5 Bg7 Bxg7 Kxg7 Bf1 d5 Nxf7 Nxf7 Rxd5 Kf6 Bc4 Rd8 Rxd8 Nxd8 Bd5 g5 fxg5+ Kxg5 Kf2 Kf4 Ke2 Ke5 Bg8 Ne6 Bxh7 Nf4+ Kf3 Nd5 h4 Nc3 Bg8 Kf6 g3 Nxa2 Kf4 Nc3 Bc4 Ne4 g4 Nd6 g5+
FIDE-Wch k.o.,Las Vegas,1999.08.03,2.1,"Stefansson, Hannes","Shipov, Sergei",1/2-1/2,B84,e4 c5 Nf3 d6 d4 cxd4 Nxd4 Nf6 Nc3 a6 Be2 e6 O-O Be7 f4 Qc7 a4 O-O Be3 b6 Bf3 Bb7 g4 Nc6 g5 Nd7 Nde2 Rfe8 Bg2 Bf8 h4 Nc5 Ng3 Rad8 Qe2 d5 exd5 Nb4 Qf2 Nxd5 Nxd5 Bxd5 b3 Qc6 Rad1 b5 axb5 axb5 f5 Bxg2 Qxg2 Qxg2+ Kxg2 Rxd1 Rxd1 exf5 Nxf5
FIDE-Wch k.o.,Las Vegas,1999.08.03,2.1,"Ponomariov, Ruslan","Topalov, Veselin",1-0,B90,e4 c5 Nf3 d6 d4 cxd4 Nxd4 Nf6 Nc3 a6 Be3 Ng4 Bg5 h6 Bh4 g5 Bg3 Bg7 Bc4 Nc6 Nxc6 bxc6 h4 Qa5 Qf3 Be6 Bxe6 fxe6 hxg5 hxg5 Rxh8+ Bxh8 Kf1 Ne5 Qe2 Kd7 Nd1 Rb8 c3 Qa4 Bxe5 Bxe5 g3 Bf6 Kg2 a5 f3 c5 Ne3 Kc7 Qd2 Qb5 b3 a4 Rb1 axb3 Rxb3 Qa4 Rxb8 Kxb8 Ng4 Kc7 e5 Bxe5 Nxe5 dxe5 Qe2 Kd6 c4 e4 Qxe4 Qxa2+ Kh3 Qb2 Kg4 Qf2 f4 Kd7 fxg5 Qb2 g6 Qf6 Qb7+ Kd6 Qb8+ Kd7 Kh5 e5 Qb7+ Kd8 Qd5+ Ke8 Qg8+ Kd7 Qf7 Qh8+ Kg4 Qh1 g7 Qe4+ Kg5 Qe3+ Kh4 Qe4+ g4
FIDE-Wch k.o.,Las Vegas,1999.08.03,2.1,"Short, Nigel D","Fridman, Daniel",1-0,C55,e4 e5 Bc4 Nf6 d3 Nc6 Nf3 h6 c3 d6 O-O g6 d4 Qe7 dxe5 Nxe5 Nxe5 Qxe5 Nd2 Be6 Qa4+ Nd7 Nf3 Qf6 Be3 c5 Bd5 Bxd5 exd5 a6 Rfe1 O-O-O c4 Bg7 Rab1 Rhe8 b4 Qc3 Rec1 Rxe3 Rxc3 Rxc3 Nd2 Nb6 Qd1 cxb4 Rxb4 Kc7 Qb1 Bd4 Ne4 Re8 Rxb6 Rxe4 Rxb7+ Kd8 Rb8+
FIDE-Wch k.o.,Las Vegas,1999.08.03,2.1,"Shirov, Alexei","Sokolov, Ivan",0-1,C42,e4 e5 Nf3 Nf6 Nxe5 d6 Nf3 Nxe4 d4 d5 Bd3 Nc6 O-O Be7 Re1 Bg4 c4 Nf6 Nc3 O-O cxd5 Nxd5 h3 Be6 a3 Bf6 Ne4 Bf5 Qb3 Nb6 d5 Bxe4 Bxe4 Ne7 Be3 Nec8 Rac1 Nd6 Bb1 Qd7 Rc5 g6 Rec1 Rac8 Nd4 a6 Ba2 Rfe8 Qd3 Ne4 Ra5 Qd6 b4 Be5 Nf3 Bb2 Rc2 Bg7 Bc5 Qd7 Bb3 Rcd8 Be3 Qd6 Rac5 Rd7 Nd2 Nf6 Nc4 Nxc4 Bxc4 Ne4 Ra5 Rde7 Bb3 Be5 Ba4 Bh2+ Kf1 Ng3+ Ke1 b5 Rc6 Qe5 d6 cxd6 Rcxa6 Nf5 Bxb5 Nxe3 Bxe8 Qa1+ Kd2 Qb2+
FIDE-Wch k.o.,Las Vegas,1999.08.03,2.1,"Aleksandrov, Aleksej","Svidler, Peter",1/2-1/2,D97,d4 Nf6 c4 g6 Nc3 d5 Nf3 Bg7 Qb3 dxc4 Qxc4 O-O e4 Na6 Be2 c5 d5 e6 O-O exd5 exd5 Bf5 Be3 Qb6 Na4 Qa5 Nxc5 Nxc5 b4 Qd8 bxc5 Qxd5 Qb3 Qxb3 axb3 Nd5 Bd4 Nf4 Rfe1 Bd3 Bf1 Bxf1 Bxg7 Kxg7 Kxf1 Ne6 b4
FIDE-Wch k.o.,Las Vegas,1999.08.03,2.1,"Almasi, Zoltan",Peng Xiaomin,0-1,D85,d4 Nf6 c4 g6 Nc3 d5 cxd5 Nxd5 e4 Nxc3 bxc3 c5 Nf3 Bg7 Rb1 O-O Be2 Nc6 d5 Ne5 Nxe5 Bxe5 Qd2 e6 f4 Bc7 O-O exd5 exd5 Ba5 Rb3 b6 Qb2 Qxd5 Bf3 Qc4 Bxa8 Ba6 Re1 Rxa8 Ra3 Rd8 h3 Bc8 Kh2 Be6 Be3 h5 Qf2 Rd5 Rxa5 bxa5 Rb1 Kh7 Rb8 Qxc3 Rb3 Qa1 Rb8 Qc3 Rb3 Qc4 Qb2 Rd8 Qf6 Rc8 Rc3 Qxa2 f5 Bxf5 Rxc5 Be4 Qg5 Rxc5 Bxc5 a4 Bf8 Qb2 Be7 a3 Bf6 Qe2
FIDE-Wch k.o.,Las Vegas,1999.08.03,2.1,"Andersson, Ulf","Zvjaginsev, Vadim",1/2-1/2,D30,Nf3 d5 d4 Nf6 c4 e6 g3 dxc4 Qa4+ c6 Qxc4 b5 Qc2 Bb7 Bg2 Nbd7 O-O c5 Bg5 Rc8 dxc5 Bxc5 Qd3 Qb6 Bxf6 Nxf6 Nc3 a6 Ng5 Bxg2 Kxg2 Qb7+ Kg1 O-O Nce4 Nxe4
FIDE-Wch k.o.,Las Vegas,1999.08.03,2.1,"Asrian, Karen","Sadler, Matthew",1-0,B92,e4 c5 Nf3 d6 d4 cxd4 Nxd4 Nf6 Nc3 a6 Be2 e5 Nb3 Be7 O-O Be6 f4 Qc7 f5 Bc4 Bg5 Nbd7 a4 O-O Bxc4 Qxc4 a5 h6 Bh4 Rfc8 Ra4 Qc6 Qd3 b5 axb6 Nxb6 Rxa6 Rxa6 Qxa6 Nc4 Qxc6 Rxc6 Rb1 Rc8 Bxf6 Bxf6 Nd5 Ra8 Kf2 Ra2 Ke2 Bg5 g3 h5 h4 Bh6 f6 g6 Nc3 Rxb2 Rxb2 Nxb2 Na5 g5 Nb5 gxh4 gxh4 Bf8 Nc6 Kh7 Ne7 Nc4 Kd3 Nb6 Nxd6 Nd7 Nxf7 Nxf6 Nc6 Kg7 Nfxe5 Bd6 Nf3 Bg3 e5 Ng4 Ke4 Kf7 c4 Ke8 Ncd4 Nxe5 Nxe5 Bxh4 Nf5 Bf6 Nf3 Kd7 Kd5 Bd8 c5
FIDE-Wch k.o.,Las Vegas,1999.08.03,2.1,"Azmaiparashvili, Zurab","Nisipeanu, Liviu Dieter",1/2-1/2,E13,d4 Nf6 Nf3 e6 c4 b6 Nc3 Bb4 Bg5 Bb7 Nd2 h6 Bh4 Bxc3 bxc3 d6 f3 Nbd7 e4 e5 Be2 Nf8 c5 Ng6 Bxf6 Qxf6 cxd6 cxd6 Qa4+ Ke7 Nc4 exd4 Rd1 d3 Rxd3 Rhd8 Ne3 Nf4 Rd4 Kf8 Kf2 Ne6 Rhd1 Nxd4 cxd4 Qh4+ Kg1 Qg5 Qa3 Kg8 d5 Rac8 Nf5 Rc5 Qxa7 Bc8 h4 Qf6 Nd4 Qxh4 Qxb6 Qf6 e5 Qh4 e6 Rxd5 Bc4 Re5 Nc6 Re1+ Rxe1 Qxe1+ Kh2 Qh4+ Kg1 Qe1+ Kh2 Qh4+ Kg1
FIDE-Wch k.o.,Las Vegas,1999.08.03,2.1,"Bauer, Christian","Leko, Peter",1/2-1/2,B30,e4 c5 Nf3 e6 d3 Nc6 g3 Nge7 Bg2 d5 O-O g6 Qe2 Bg7 Re1 b6 e5 h6 h4 Nf5 c3 b5 Bf4 a5 Na3 Ba6 Nc2 Qb6 a3 a4 Ne3 Nfe7
FIDE-Wch k.o.,Las Vegas,1999.08.03,2.1,"Dreev, Alexey","Kotronias, Vasilios",1-0,A65,d4 Nf6 c4 g6 Nc3 Bg7 e4 d6 f3 O-O Nge2 c5 d5 e6 Ng3 exd5 cxd5 a6 a4 Nbd7 Be2 h5 Bg5 Qc7 Qd2 Re8 O-O Nh7 Bh6 Bh8 Rac1 Qa5 Nh1 c4 Ra1 Nc5 Bxc4 Qb4 Qe2 g5 h4 gxh4 Bd2 Qb6 Nf2 Bd4 a5 Qd8 Be3 Qf6 Rad1 Bxe3 Qxe3 Bd7 Qd4 Rac8 Qxf6 Nxf6 Rc1 Rc7 Rc2 Rec8 Rfc1 Na4 Nxa4 Bxa4 b3 Bb5 Nd1 Bd7 Ne3 Kg7 Bd3 Rxc2 Rxc2 Rxc2 Bxc2 Ne8 f4 Kf8 e5 Ke7 Bf5 Bxf5 Nxf5+ Kd7 Kh2 Nc7 Ne3 Nb5 Kh3 Nd4 Kxh4 Nxb3 Nc4 dxe5 fxe5 Nd4 Kxh5 Ne2 Kg5 Ke7 g4 Nd4 Kf4 Nb3 g5 Nd4 Nd6 Ne2+ Ke3 Nc3 Kd4 Ne2+ Ke4
FIDE-Wch k.o.,Las Vegas,1999.08.03,2.1,"Ehlvest, Jaan","Bareev, Evgeny",1/2-1/2,A11,Nf3 d5 c4 c6 e3 Nf6 Nc3 a6 b3 Bg4 Be2 e6 O-O Nbd7 Bb2 Bd6 h3 Bh5 Rc1 Qe7 d4 O-O Nd2 Bg6 Re1 b5 c5 Bc7 Bf3 Ba5 a3 Bxc3 Bxc3 Ne4 Ba5 Nxd2 Qxd2 f5 Bd1 Nf6 f3 h6 Qf2 Nh5 Bc2 Bh7 a4 g5 g4 Ng7 Qg3 f4 Bxh7+ Kxh7 Qf2 fxe3 Qxe3 Qf6 Kg2 Rf7 Qd3+ Qg6 Qxg6+ Kxg6 Bd2 Raf8 Rc3 bxa4 b4 Rb7 Ra3 a5 Rxa4 axb4 Rxb4 Rxb4 Bxb4 Ra8 Kf2 Ra4 Bc3 Ra3 Bb4 Ra4 Bc3 Rc4 Bb2 Kf7 Re3 e5 Rxe5 Ne6 Ke1 Rb4 Bc3 Rb1+ Kd2 Rh1 Re2 Nf4 Rf2 Nxh3 Rg2 Nf4 Rf2 Kf6 Kc2 Ne6 Kd3 Rh3 Bd2 h5 gxh5 Rxh5 Be3 Rh3 Ke2 Kf5 Kd2 Rh1 Rg2 Rh4 Rg3 Nf4 Bg1 Rh8 Rg4 Ra8 Be3 Ra2+ Kd1 Ra1+ Kd2 Ra2+ Kd1 Rg2 Rxg2 Nxg2 Bc1 g4 fxg4+ Kxg4 Ke2 Nh4 Kd3 Kf3 Bg5 Ng6 Bf6 Nf8 Kc3 Ke4 Kb4 Ne6 Ka5
FIDE-Wch k.o.,Las Vegas,1999.08.03,2.1,"Georgiev, Kiril","Shaked, Tal",1-0,E34,d4 Nf6 c4 e6 Nc3 Bb4 Qc2 d5 cxd5 Qxd5 e3 c5 Bd2 Bxc3 Bxc3 cxd4 Bxd4 Nc6 Bc3 Qc5 Rc1 Bd7 a3 Rc8 Nf3 Ne7 Bd3 Ned5 Bd2 Qxc2 Bxc2 O-O O-O Nb6 Ne5 Bb5 Rfe1 Rfd8 Ba5 Nfd5 Bb3 Re8 h4 Na4 Nf3 b6 Bd2 Nc5 Bc2 Nd3 Bxd3 Bxd3 Ne5 Bb5 e4 Ne7 f3 f6 Ng4 Rxc1 Rxc1 Rc8 Rxc8+ Nxc8 h5 Kf7 Bc3 h6 Kf2 Ne7 Ne3 f5 exf5 exf5 Kg3 g6 hxg6+ Kxg6 Kf4 Bd3 Ke5 Kf7 Kd4 Ba6 Bb4 f4 Ng4 Nf5+ Ke5 Ne3 Nxh6+ Kg6 Ng8 Nxg2 Bd2 Bb7 Bxf4 Ne1 Ke6 Nxf3 Ne7+ Kg7 Bb8 a6 Bc7 b5 Ba5 Kf8 Bc3 Ke8 Kd6 Ng5 Bb4 Kd8 Ba5+ Ke8 Nf5 Nf7+ Kc7 Be4 Ng7+ Ke7 Bb4+ Kf6 Ne8+ Ke5 Bc3+ Ke6 Kb6 Bd3 Nc7+ Kd7 Nxa6 Be2 Nc5+ Kc8 Ne6 Bf1 Nd4 Nd6 Kc6 Nc4 Nxb5 Bg2+ Kc5 Ne3 Bd2 Nf5 Bf4 Kb7 Nc3 Ng7 Be3 Ne6+ Kd6 Nc7 a4 Ne8+ Kc5 Nf6 Kd4 Ka6 b4 Nd7 Bf4 Bf3 Bd6 Bg2 Kc4 Nb6+ Kd4 Nd7 Bc7 Kb7 Bd8 Nf8 Be7 Nd7 b5 Kb6 Bd8+ Kb7 Kc4 Kc8 Be7 Kb7 a5 Bf1+ Kb4 Ne5 a6+ Ka8 Nd5 Nd7 Ka5 Ne5 Bc5 Nc4+ Kb4 Nb2 Nc7+
FIDE-Wch k.o.,Las Vegas,1999.08.03,2.1,"Gulko, Boris F","Fedorov, Alexei",1/2-1/2,E97,d4 Nf6 c4 g6 Nc3 Bg7 e4 d6 Nf3 O-O Be2 e5 O-O Nc6 d5 Ne7 b4 Nh5 Re1 a5 bxa5 Rxa5 a4 c5 Ra3 Nf6 Bf1 Ra6 Nb5 Kh8 g3 Neg8 Bg2 Ng4 h3 N4f6 Kh2 Nd7 Bg5 f6 Bd2 Bh6 Bc3 f5 exf5 gxf5 Qc2 Ndf6 Nh4 f4 Qe2 Bg7 Bd2 Nh6 Kh1 Bd7 Nc3 Rg8 gxf4 e4 f5 Nfg4 Nxe4 Qxh4 Bg5 Qh5 Kg1 Bxf5 Bxh6 Qxh6 hxg4 Be5 Nxd6 Bh2+ Kf1 Rxd6 gxf5 Rf6 Qe4 Qg5 Rh3 Bd6 Bf3 Rf7 Qe3
FIDE-Wch k.o.,Las Vegas,1999.08.03,2.1,"Hamdouchi, Hichem","Beliavsky, Alexander G",0-1,B07,e4 d6 d4 Nf6 Nc3 g6 Bf4 a6 e5 Nh5 Be3 Nc6 Be2 Ng7 f4 Nf5 Bf2 dxe5 dxe5 h5 Nf3 Bh6 Qxd8+ Nxd8 g3 Bd7 O-O Ne6 Bd3 O-O-O Rfd1 Bg7 Bxf5 gxf5 Nh4 Nf8 Rd3 e6 Rad1 Nh7 Bc5 Bc6 Kf2 Rxd3 Rxd3 Nf8 Nf3 Nd7 Ba3 Bxf3 Kxf3 f6 exf6 Bxf6 Kg2 h4 Re3 hxg3 hxg3 Re8 Nd5 Bd4 Re1 Kd8 Ne3 b5 b3 Rg8 Kf3 Kc8 Ng2 Nf6 Rxe6 Nh5 Rh6 Rxg3+ Ke2 Rxg2+ Kd3 Nxf4+ Kxd4 Rxc2 Rxa6 Rxa2 Kc5 Kb7 Kxb5 Nd5 Ra5 Rc2 Bc5 c6+ Ka4 Ra2+ Ba3 f4 b4 f3 b5 Nc3+ Kb3 Nxb5
FIDE-Wch k.o.,Las Vegas,1999.08.03,2.1,"Ivanchuk, Vassily","Wahls, Matthias",1-0,B90,e4 c5 Nf3 d6 d4 cxd4 Nxd4 Nf6 Nc3 a6 Be3 e5 Nb3 Be6 Qd2 Be7 f4 Qc7 h3 Nbd7 g4 exf4 Bxf4 Ne5 O-O-O Nfd7 Nd4 g6 g5 Nb6 h4 Nbc4 Qe1 Rc8 h5 Qc5 Bxc4 Nxc4 Na4 Qc7 hxg6 Ne5 gxf7+ Bxf7 Nc3 Nc4 Nd5 Bxd5 exd5 Qb6 b3 Na3 g6 Qc5 Qe4 Qc3 Bxd6
FIDE-Wch k.o.,Las Vegas,1999.08.03,2.1,"Kamsky, Gata","Khalifman, Alexander",1-0,B83,e4 c5 Nf3 d6 d4 cxd4 Nxd4 Nf6 Nc3 e6 Be2 Nc6 O-O Be7 Be3 O-O f4 e5 Nxc6 bxc6 Kh1 Be6 Bf3 Bc4 Re1 Nd7 b3 Ba6 f5 Nf6 g4 h6 g5 hxg5 Bxg5 Nh7 Be3 Bb7 Rg1 Bf6 Rg3 d5 exd5 cxd5 Nxd5 e4 Nxf6+ Qxf6 Be2 Qxf5 Qd4 g5 Rf1 Qg6 Bc4 Rac8 h4 Rxc4 bxc4 g4 Rxg4 Qxg4 Rg1 Qxg1+ Kxg1 f6 Qxa7 Rf7 Qb8+ Kg7 Qg3+ Kh8 Bh6
FIDE-Wch k.o.,Las Vegas,1999.08.03,2.1,"Kobalija, Mihail","Adams, Michael",0-1,C64,e4 e5 Nf3 Nc6 Bb5 Bc5 O-O Nd4 Nxd4 Bxd4 c3 Bb6 d4 c6 Bc4 d6 Qb3 Qe7 dxe5 dxe5 a4 Nf6 a5 Bc5 Qc2 Be6 Nd2 Rd8 Be2 a6 Nc4 Ng4 Bxg4 Bxc4 Rd1 O-O b3 Qh4 bxc4 Qxg4 Be3 Bxe3 fxe3 Qg5 Qe2 Qe7 Rxd8 Rxd8 Rd1 g6 Rb1 Rd7 h3 h5 Kh2 Qa3 Rd1 Rxd1 Qxd1 Qxa5 Qb3 b6 Qb1 Kg7 Qd3 Qc5
FIDE-Wch k.o.,Las Vegas,1999.08.03,2.1,"Kortschnoj, Viktor","Dolmatov, Sergey",1-0,A88,c4 f5 Nf3 Nf6 g3 d6 d4 g6 Bg2 Bg7 O-O O-O Nc3 c6 Qb3 Kh8 Rd1 Na6 Qa3 Qe8 b4 Nc7 Bb2 e5 dxe5 dxe5 Qa5 Na6 b5 b6 Qa3 Nc5 bxc6 e4 Nd4 Qf7 Rac1 Be6 Ncb5 a6 Nd6 Qc7 Nb7
FIDE-Wch k.o.,Las Vegas,1999.08.03,2.1,"Krasenkow, Michal","Miles, Anthony J",0-1,D10,d4 d5 c4 c6 Nc3 Nf6 e3 a6 Qc2 Bg4 h3 Bh5 Qb3 Ra7 cxd5 cxd5 g4 Bg6 g5 Ne4 Qxd5 Qxd5 Nxd5 Nxg5 Nc3 Nc6 h4 Ne4 h5 Bf5 Bg2 Nxc3 bxc3 e5 Ne2 Bd6 e4 Bd7 f4 f6 Be3 Ra8 dxe5 fxe5 f5 h6 Rd1 Be7 Rd5 Bf6 Kf2 Ne7 Rd6 Bb5 Rhd1 O-O Bc5 Bh4+ Kf3 Rac8 Bb6 Kh7 Bf1 Bc6 Rxc6 Rxc6 Ba5 Ng8 Rd7 b6 Bb4 Rd8 Rd5 a5 Ba3 Rxd5 exd5 Rc4 Bb2 Nf6 Nd4 Rc8 Ne6 e4+ Kg2 Nxd5 Ba6 Rb8 Ba3 Be7
FIDE-Wch k.o.,Las Vegas,1999.08.03,2.1,"Lautier, Joel","Sakaev, Konstantin",1/2-1/2,D18,d4 d5 c4 c6 Nf3 Nf6 Nc3 dxc4 a4 Bf5 e3 e6 Bxc4 Bb4 O-O O-O Nh4 Nbd7 h3 Rc8 Qb3 Qb6 Rd1 Bg6 Nxg6 hxg6 Bd2 a5 Be1 Rcd8 Rac1 Ne8 Be2 Nd6
FIDE-Wch k.o.,Las Vegas,1999.08.03,2.1,"Leitao, Rafael","Macieja, Bartlomiej",1-0,E11,d4 Nf6 c4 e6 Nf3 Bb4+ Nbd2 b6 a3 Bxd2+ Bxd2 Bb7 Bg5 d6 e3 Nbd7 Bh4 h6 Qc2 Qe7 Rd1 g5 Bg3 Ne4 Nd2 Ndf6 Nxe4 Nxe4 Bd3 Nxg3 fxg3 O-O-O O-O f5 b4 c5 e4 f4 gxf4 gxf4 Rxf4 cxd4 Qf2 Rh7 Rf6 e5 Rf1 Kc7 Qf5 Bc8 Qh5 Qe8 Qh4 h5 Qg5 h4 c5 bxc5 bxc5 dxc5 Bc4 Kb8 Bf7 Qd7 Rb1+ Bb7 Bd5 Ka8 Rxb7 Qxb7 Rd6 Rc8 Qxe5 Rhc7 Bxb7+ Kxb7 Qd5+
FIDE-Wch k.o.,Las Vegas,1999.08.03,2.1,"Polgar, Judit","Nielsen, Peter Heine",1-0,C42,e4 e5 Nf3 Nf6 Nxe5 d6 Nf3 Nxe4 d4 d5 Bd3 Nc6 O-O Be7 c4 Nb4 Be2 O-O Nc3 Bf5 a3 Nxc3 bxc3 Nc6 Re1 Bf6 Bf4 Na5 cxd5 Qxd5 Nd2 Qd7 Bf3 Rfe8 Ne4 Be7 Ng3 Bg6 Bg4 Qc6 Bf3 Qd7 Ra2 Bf8 Rae2 Rxe2 Qxe2 c6 h4 h6 h5 Bh7 a4 Rd8 Bg4 f5 Bh3 Qf7 Qd3 Nc4 Bxf5 Bxf5 Nxf5 Nb2 Qh3 Nxa4 Re3 Nb6 Rg3 Kh7 Be5 Rd5 Qg4 Nd7 Qe4
FIDE-Wch k.o.,Las Vegas,1999.08.03,2.1,"Movsesian, Sergei","Dizdar, Goran",1-0,C02,e4 e6 d4 d5 e5 c5 c3 Nc6 Nf3 Bd7 Be2 Nge7 Na3 cxd4 cxd4 Nf5 Nc2 Nb4 O-O Nxc2 Qxc2 Rc8 Qd3 a6 a4 Bb4 Bg5 Qb6 h4 h6 Bf4 Be7 h5 Rc4 Qd1 Rb4 Bd2 Nxd4 Bxb4 Nxf3+ Bxf3 Qxb4 b3 O-O Qd3 Bc5 Rac1 Bd4 Rfe1 Bb2 Rb1 Rc8 Re2 Bd4 Rd1 Bc3 Rc1 Qxb3 Re3 d4 Qxd4 Bxd4 Rxc8+ Bxc8 Rxb3 Bxe5 Bxb7 Bxb7 Rxb7 a5 Kf1 Kf8 Ke2 g6 hxg6 fxg6 Kd3 h5 Ra7
FIDE-Wch k.o.,Las Vegas,1999.08.03,2.1,"Milos, Gilberto","Salov, Valery",1-0,C65,e4 e5 Nf3 Nc6 Bb5 Nf6 O-O Bc5 c3 O-O d4 Bb6 Bg5 h6 Bh4 d6 Qd3 Bd7 Na3 a6 dxe5 dxe5 Bxf6 gxf6 Bc4 Be6 Qe2 Qe7 Nh4 Kh7 Qf3 Rg8 Nf5 Qf8 Rad1 Ne7 Rd3 Ng6 g3 Nf4 Rd2 Rd8 Rxd8 Qxd8 Rd1 Qf8 Kf1 Bxf5 exf5 Nh3 Rd2 Nxf2 Rxf2 Bxf2 Kxf2 b5 Bb3 Qc5+ Kf1 Rg5 Bxf7 Kg7 Be6 h5 Nc2 h4 g4 Qd6 Ke1 e4 Qe2 h3 Ne3 c6 Qd2 Qf4 Qf2 Qd6 Qd2 Qxd2+ Kxd2 Kh6 Ke2 Rg7 Kf2 Kg5 Kg3 Rh7 Nd1 Rh4 Nf2 e3 Ne4+ Kh6 Nxf6 e2 Kf2 Kg5 Ne4+ Kf4 Ng3 Ke5 Kxe2 Rxg4 Kf3 Rf4+ Ke3 Rg4 Bd7 Kd6 Ne4+ Ke7 Bxc6
FIDE-Wch k.o.,Las Vegas,1999.08.03,2.1,"Magem Badals, Jorge","Tkachiev, Vladislav",1/2-1/2,B07,e4 g6 d4 d6 Nf3 Nf6 Bd3 Bg7 O-O O-O c3 Nc6 Re1 e5 h3 h6 Na3 a6 Nc2 Re8 Bd2 Bd7 a4 a5 Na3 exd4 Nxd4 d5 exd5 Rxe1+ Qxe1 Nxd4 cxd4 Nxd5 Nc4 Bxd4 Qe4 Qf6 Rf1 c6 Nxa5 Re8 Qf3 Qxf3 gxf3 Bxh3 Rb1 Re7 Bxh6 Nb4 Bc4 b6 Nb3 Bf5 Rd1 Bxb2 Rd8+ Kh7 Be3 Bf6 Rb8 b5 axb5 cxb5 Rxb5 Nc2 Bc5 Rd7 Be2 Ne1 Rb6 Be6 Be3 Bd8
FIDE-Wch k.o.,Las Vegas,1999.08.03,2.1,"Gelfand, Boris","Speelman, Jonathan S",1-0,E34,d4 Nf6 c4 e6 Nc3 Bb4 Qc2 d5 cxd5 Qxd5 e3 c5 Bd2 Bxc3 Bxc3 cxd4 Bxd4 Nc6 Bc3 e5 Nf3 Bg4 Be2 O-O O-O e4 Nd4 Nxd4 Bxd4 Rfc8 Bc3 Qe6 Bxg4 Nxg4 Rfd1 Qe5 Rd8+ Rxd8 Bxe5 Nxe5 Qxe4 Nc6 Qc2 Rac8 Rd1 Nb4 Rxd8+ Rxd8 Qe2 h6 h4 Nc6 Qb5 Rd7 h5 a6 Qf5 Rd8 a3 Kf8 Kf1 f6 Qc5+ Ke8 b4 Rd7 Qc4 Kd8 a4 Ne7 Qc5 Rc7 Qd6+ Rd7 Qb8+ Nc8 b5 axb5 axb5 b6 e4 Re7 Qg3 Kd7 Qb8 Kd8 Qa8 Re5 Qb7 Re7 Qd5+ Rd7 Qg8+ Kc7 f4 Nd6 Qe6 Nc8 e5 fxe5 Qxe5+ Nd6 g4 Kd8 g5 hxg5
FIDE-Wch k.o.,Las Vegas,1999.08.04,2.2,"Bareev, Evgeny","Ehlvest, Jaan",1-0,E61,d4 Nf6 c4 g6 g3 Bg7 Bg2 O-O Nc3 Nc6 e3 e5 d5 Ne7 Nge2 d6 O-O h5 e4 Kh8 f4 exf4 gxf4 c6 Kh1 Bg4 f5 cxd5 cxd5 Rc8 Be3 Qa5 h3 Bxe2 Qxe2 a6 Bd4 Kh7 a3 Neg8 Bf3 Nd7 Bxh5 Bxd4 fxg6+ fxg6 Bxg6+ Kg7 Bf5 Ndf6 Qd2 Bxc3 Qg5+ Kf7 Be6+ Ke7 Qg7+ Ke8 Bxc8 Rf7 Qg2 Be5 Be6 Ne7 Rac1 Rh7 Rxf6 Bxf6 Rc8+ Qd8 Rxd8+ Kxd8 Qf2 Be5 Qb6+ Ke8 Qxb7 Kf8 Qxa6
FIDE-Wch k.o.,Las Vegas,1999.08.04,2.2,"Aronian, Levon","Timman, Jan H",1/2-1/2,A30,Nf3 Nf6 g3 c5 Bg2 Nc6 O-O e5 c4 d5 cxd5 Nxd5 Nc3 Be6 Ng5 Qxg5 Nxd5 Qd8 Ne3 Qd7 d3 Be7 Qa4 Rc8 Bd2 b6 f4 exf4 gxf4 f5 Kh1 Bf6 Bc3 Nd4 Qd1 O-O Nc2 Rfd8 Ne1 Qe7 e3 Nc6 Qf3 Bxc3 bxc3 Qf6 d4 cxd4 cxd4 Nb4 Qf2 Bd5 Bxd5+ Nxd5 Nf3 Qc6 Rg1 Re8 Qg2 Qf6 Ne5 Nxe3 Qb7 Ng4 Rac1 Rb8 Qxa7 Ra8 Qb7 Nf2+ Kg2 Ne4 Kh1 Nf2+ Kg2 Ne4 Kf1 Rab8 Qd5+ Qe6 Qxe6+ Rxe6 Rg2 Nf6 Rgc2 Rd8 Rc8 Ree8 Rxd8 Rxd8 Nc6 Ra8 Nb4 Rd8 Nc6 Ra8 Kf2
FIDE-Wch k.o.,Las Vegas,1999.08.04,2.2,"Antonio, Rogelio Jr","Akopian, Vladimir",1/2-1/2,B08,e4 d6 d4 g6 Nc3 Bg7 Nf3 Nf6 h3 O-O Be2 c5 dxc5 Qa5 O-O Qxc5 Be3 Qa5 Qd2 Nc6 Bh6 Be6 Bxg7 Kxg7 a3 Rac8 Qe3 Nd7 Rad1 Qb6 Qc1 Nde5 Nd5 Nxf3+ Bxf3 Bxd5 Rxd5 Nd4 c3 Nxf3+ gxf3 Rc5 Rfd1 Rfc8 Kg2 Qb3 R1d4 a5 Qd2 R8c6 h4 h5 Qe2 Qa2 Rd2 Rxd5 exd5 Rc7 Rd4 Rxc3 Qxe7 Rc2 Rf4 Qxd5 Qf6+ Kg8 Qd8+ Kg7 Qf6+ Kg8
FIDE-Wch k.o.,Las Vegas,1999.08.04,2.2,"Adams, Michael","Kobalija, Mihail",1-0,B42,e4 c5 Nf3 e6 d4 cxd4 Nxd4 a6 Bd3 Nf6 O-O Qc7 Qe2 d6 c4 g6 Nc3 Bg7 Nf3 Nbd7 Bf4 O-O Rfd1 Nh5 Be3 Bxc3 bxc3 e5 Bh6 Re8 Qe3 Nc5 h3 Be6 Be2 Nf6 Nd2 Kh8 Bg5 Ng8 Qg3 Qc6 Be3 Rad8 Rab1 Rd7 Rb4 f6 f3 Qc8 Qf2 Ne7 Nb3 Nxb3 axb3 b5 cxb5 a5 Rc4 Bxc4 Bxc4 d5 exd5 a4 Bc5 axb3 Bxb3 Nf5 b6 Qa6 g4 Qb5 Rb1 Nd6 Bc2 Qa6 Rb4 Nb7 Ba4 Rxd5 Bxe8 Rxc5 Ra4 Qd3 Ra8 Qb1+ Kg2 Qxb6 Bxg6+ Kg7 Bxh7 Rb5 Qxb6 Rxb6 Be4 Rb2+ Kg3 Nd6 Ra7+ Kf8 Bd5 Rc2 Rd7
FIDE-Wch k.o.,Las Vegas,1999.08.04,2.2,"Sakaev, Konstantin","Lautier, Joel",1/2-1/2,D30,d4 d5 c4 c6 Nf3 e6 Qc2 dxc4 Qxc4 Nf6 Bg5 Be7 Nbd2 b6 Qc2 h6 Bxf6 Bxf6
FIDE-Wch k.o.,Las Vegas,1999.08.04,2.2,"Beliavsky, Alexander G","Hamdouchi, Hichem",1/2-1/2,E94,d4 Nf6 Nf3 g6 c4 Bg7 Nc3 O-O e4 d6 Be2 Na6 O-O e5 Rb1 Qe7 Bg5 Qe8 Re1 exd4 Qxd4 Ng4 Qd2 Nc5 Bd3 Ne6 Bh4 Ne5 Be2 f6 Rbd1 Qf7 Bg3 Bd7 Nd5 Bc6 Nh4 Rae8 f4 Nd7 Bd3 Bh6 Qf2 Ndc5 Bc2 a5 b3 Ng7 a3 f5 exf5 gxf5 Qd4 Nce6 Qd2 b6 b4 axb4 axb4 Kh8 Rf1 b5 Qc3 Kg8 Bb3 Kh8 Bc2 Kg8 Ne3 Qh5 Nd5 Bxd5 Rxd5 Nxf4 Bxf4 Qxh4 Bxh6 Qxh6 cxb5 Qg5 Bb3 Kh8 b6 cxb6 Rxd6 Re2 Bd5 Qd2 Qxd2 Rxd2 Rd7 Re8 Bc6 Rxd7 Bxd7 Re4 b5 Kg8 Bxf5 Nxf5 Rxf5 Rb4 h3 Kg7 g4 Rb2 Kf1 Rh2 Rh5 Kg6 Kg1 Rb2 Rd5 Kg7 h4 Rb4 Rg5+ Kh6 Kg2 Rb2+ Kf3 Rf2+ Ke4 Re2+ Kd5 Rd2+ Kc6 Rd6+ Kc7 Rd7+
FIDE-Wch k.o.,Las Vegas,1999.08.04,2.2,"Fedorov, Alexei","Gulko, Boris F",1-0,C18,e4 e6 d4 d5 Nc3 Bb4 e5 c5 a3 Bxc3+ bxc3 Ne7 Nf3 Qa5 Bd2 Nbc6 h4 cxd4 cxd4 Qa4 h5 Nxd4 Bd3 Nec6 Kf1 Nf5 Kg1 Qg4 Qe2 f6 h6 fxe5 hxg7 Rg8 Rxh7 e4 Ng5 Qxe2 Bxe2 Rxg7 Rh8+ Ke7 f4 exf3 Bxf3 Nfd4 Bh5 b6 Re1 e5 c3 Nb3 Bf4 Bb7 Rh6 Rag8 Bxe5 Rxg5 Rh7+ Ke6 Bh2+ Ne5 Bf7+ Kf6 Rf1+ Ke7 Bxg8+
FIDE-Wch k.o.,Las Vegas,1999.08.04,2.2,"Salov, Valery","Milos, Gilberto",0-1,E15,d4 Nf6 c4 e6 Nf3 b6 g3 Ba6 Qa4 Bb7 Bg2 c5 dxc5 bxc5 Nc3 Be7 Bf4 O-O Rd1 Qb6 O-O d6 Rfe1 h6 Qc2 Nc6 Bc1 Rfd8 e4 Ng4 b3 Bf6 Bb2 Nge5 Nxe5 Bxe5 f4 Bd4+ Kh1 a5 Na4 Qc7 Bc1 Rab8 Qe2 Ne7 Rf1 Bc6 f5 exf5 exf5 Re8 Bxc6 Nxc6 Qg2 Ne5 h3 Qd7 Nb2 Re7 Rd2 Rbe8 Re2 f6 g4 Kh7 Rd1 a4 Nxa4 Nd3 Nb6 Rxe2 Nxd7 Nf2+
FIDE-Wch k.o.,Las Vegas,1999.08.04,2.2,"Shaked, Tal","Georgiev, Kiril",0-1,E20,d4 Nf6 c4 e6 Nc3 Bb4 Nf3 c5 g3 cxd4 Nxd4 O-O Bg2 d5 cxd5 Nxd5 Qb3 Nc6 Nxc6 bxc6 O-O Qa5 Bd2 Bxc3 bxc3 Ba6 Rfd1 Qc5 e4 Bc4 Qa4 Nb6 Qb4 Qh5 Be3 Be2 Re1 Nc4 Qc5 Rfd8 e5 a5 h3 Nxe3 Qxe3 Bc4 Bxc6 Rac8 Bg2 a4 Qa7 Bb5 Qa5 Be8 c4 Qg5 Bb7 Rxc4 Rad1 Rcd4 Rxd4 Rxd4 Qc5 Qd8 a3 g6 Kg2 Kg7 Bf3 Rd2 Re4 Rd5 Qc1 Rd3 Rh4 Rd2 Rc4 Bb5 Rb4 Be2 Bb7 Bd1 Be4 Bb3 Qc3 Rd7 h4 Qc7 Qb2 Qc5 h5 gxh5 Kh2 h6 Bf3 Bc2 Rf4 Qxf2+ Bg2 Qd2 Qb6 Bb3 Rf2 Qd4 Qxd4 Rxd4 Bf3 Kg6 Bc6 Bd5
FIDE-Wch k.o.,Las Vegas,1999.08.04,2.2,"Shipov, Sergei","Stefansson, Hannes",1/2-1/2,E32,d4 Nf6 c4 e6 Nc3 Bb4 Qc2 O-O a3 Bxc3+ Qxc3 b6 Bg5 Bb7 f3 h6 Bh4 d5 e3 Nbd7 cxd5 Nxd5 Bxd8 Nxc3 Be7 Rfe8 Bh4 Nd5 Bf2 e5 e4 exd4 O-O-O Nf4 Bxd4 Rad8 Ne2 Ne6 Be3 Ba6 Nf4 Bxf1 Rhxf1 Nxf4 Bxf4 Nc5 Kc2 Ne6 Be3 h5 Kc3 c6 a4 Nc7 Bf4 Ne6 Be3 Nc7 Kc4 b5+ axb5 cxb5+ Kb4 Ra8 Ra1 f5 Rfc1 Re7 Bc5 Rd7 exf5 Rd2 Rxa7 Nd5+ Kxb5 Rxb2+ Kc4 Rxa7 Bxa7 Ne7 f6 gxf6 Bd4 Rxg2 Bxf6 Kf7 Be5 Ng6 Bc7 Rf2 Rc3 Nh4
FIDE-Wch k.o.,Las Vegas,1999.08.04,2.2,"Sokolov, Ivan","Shirov, Alexei",0-1,E97,d4 Nf6 Nf3 g6 c4 Bg7 Nc3 O-O e4 d6 Be2 e5 O-O Nc6 Be3 Ng4 Bg5 f6 Bc1 f5 Bg5 Qe8 dxe5 dxe5 h3 Nf6 Bd3 Be6 Re1 Qf7 c5 Nd7 Bb5 Nd4 Bxd7 Bxd7 Bh4 Bc6 Ng5 Qf6 exf5 gxf5 Ne2 Rad8 Nxd4 Rxd4 Qh5 h6
FIDE-Wch k.o.,Las Vegas,1999.08.04,2.2,"Speelman, Jonathan S","Gelfand, Boris",1/2-1/2,A15,Nf3 Nf6 b3 g6 Bb2 Bg7 g3 d6 Bg2 O-O O-O e5 c4 Nc6 d3 Bf5 Nbd2 Qd7 a3 Bh3 b4 Bxg2 Kxg2 Rae8 b5 Nd8 Qc2 Nh5 a4 Ne6 e3 f5 d4 e4 Ng1 c5 dxc5 dxc5 Bxg7 Qxg7 Rad1 Nf6 Nb1 Ng4 Nc3 Ne5 Nd5 Nd3 Ne2 Rd8 a5 Qb2 Rd2 Qxc2 Rxc2 Rd6 Nef4 Nexf4+ exf4 Kf7 Rb1 Ke6 Kf1 Rxd5 cxd5+ Kxd5 Ke2 Kd4 f3 c4 fxe4 fxe4 b6 a6 Ra1 Rc8 Ra4 Rc5 Kd2 Rc8 Ke2 Rc5 Kd2
FIDE-Wch k.o.,Las Vegas,1999.08.04,2.2,"Svidler, Peter","Aleksandrov, Aleksej",1-0,C67,e4 e5 Nf3 Nc6 Bb5 Nf6 O-O Nxe4 d4 Nd6 Bxc6 dxc6 dxe5 Nf5 Qxd8+ Kxd8 Nc3 Ke8 h3 a5 Ne2 Ne7 Ng3 a4 a3 Nd5 Re1 Be7 Bd2 h6 Rad1 Kf8 Nd4 Kg8 Ngf5 Bc5 e6 fxe6 Nxe6 Bxe6 Rxe6 Kh7 c4 Rhf8 Re5 Bd6 Nxd6 cxd6 Re4 Nb6 Bc3 Nc8 f4 b6 g4 g6 Rde1 Ra7 Re8 Raf7 Rxf8 Rxf8 Re6 Rd8 Kf2 Rf8 Kg3 Rd8 h4 d5 cxd5 cxd5 Bd4 h5 f5 gxf5 g5 Kg8 Rh6 Kf7 Rxh5
FIDE-Wch k.o.,Las Vegas,1999.08.04,2.2,"Tkachiev, Vladislav","Magem Badals, Jorge",1/2-1/2,D26,d4 d5 c4 dxc4 e3 Nf6 Bxc4 e6 Nf3 c5 O-O a6 Bb3 Nc6 Nc3 Be7 Qe2 cxd4 Rd1 O-O exd4 Na5 Bc2 b5 Ne4 Bb7 Nc5 Bd5 Ne5 Nc4 Ned3 Qb6 Bg5 Rad8 Ne5 Qa7 b3 Na3 Bd3 Ba8 Qe3 Rd6 Re1 g6 Bh6 Rfd8 Rac1 b4 Nxf7 Kxf7 Nxe6 Qb7 Bf1 R8d7 Nc5 Qa7 Bf4 Bd5 Nxd7 Rxd7 Rc8 Qb6 Bh6 Be6 Rb8 Qc6 Rc8 Qb6 Rb8 Qc6 Bc4 Nxc4 bxc4 Qxc4 Rb6
FIDE-Wch k.o.,Las Vegas,1999.08.04,2.2,"Sadler, Matthew","Asrian, Karen",1/2-1/2,D36,d4 d5 c4 e6 Nc3 Nf6 cxd5 exd5 Bg5 Be7 e3 O-O Bd3 Nbd7 Nge2 Re8 O-O c6 Qc2 Nf8 f3 Be6 Kh1 Rc8 Rad1 Ng6 e4 dxe4 fxe4 Ng4 Bc1 c5 e5 cxd4 Nxd4 Qxd4 Bxg6 Qxe5 Bf4 Qc5 Bxh7+ Kh8 Be4 Rcd8 Rc1 Bd6 Qd2 Bxf4 Qxf4 Qe5 h3 Qxf4 Rxf4 Ne5 Rh4+ Kg8 Nb5 Ng6 Bxg6 fxg6 b3 Bf5 Rd4 Rxd4 Nxd4 Re7 Kg1 a6 h4 Bg4 Rc2 Rd7 Rd2 Rd5 Kf2 g5 hxg5 Rxg5 Ke3 Rd5 Ke4 Rc5 Kf4 Bd7 Nf3 g5+ Ke3 Bc6 Rd8+ Kf7 Rd2 Kf6 Rf2 Bxf3 Rxf3+ Ke5 Rf7 Rc3+ Ke2 b5
FIDE-Wch k.o.,Las Vegas,1999.08.04,2.2,"Rublevsky, Sergei","Yermolinsky, Alex",1/2-1/2,A34,e4 c5 Nf3 e6 c4 Nc6 Nc3 Nf6 Be2 d5 e5 Nd7 cxd5 exd5 Bb5 Be7 O-O O-O Re1 Nb6 d4 c4 Bxc6 bxc6
FIDE-Wch k.o.,Las Vegas,1999.08.04,2.2,"Psakhis, Lev","Smirin, Ilia",1/2-1/2,E65,Nf3 Nf6 c4 g6 g3 Bg7 Bg2 O-O Nc3 c5 O-O Nc6 d4 d6 dxc5 dxc5 Bf4 Be6 Qa4
FIDE-Wch k.o.,Las Vegas,1999.08.04,2.2,Peng Xiaomin,"Almasi, Zoltan",0-1,B43,e4 c5 Nf3 e6 Nc3 a6 d4 cxd4 Nxd4 Qc7 g3 Bb4 Bd2 Nf6 Bg2 Nc6 Nb3 Be7 f4 d6 O-O b5 a3 Bb7 Kh1 O-O g4 d5 e5 Nd7 g5 Rfd8 Ne2 d4 Ng3 a5 Nc1 Bf8 Nd3 Nb6 Qe2 Nc4 Rg1 Ne7 Rad1 Nd5 Nf1 Rac8 h4 Ne7 Ng3 Nd5 Nf1 b4 axb4 axb4 h5 Ba6 Qf2 Qa7 Bxd5 Rxd5 g6 fxg6 hxg6 h6 Kh2 Qb7 Rg3 Be7 Rh3 Rf8 Qg2 b3 cxb3 Qxb3 Ra1 Qb6 f5 Nxd2 f6 Nxf1+ Rxf1 Bxf6 exf6 Qc7+ Kh1 Rxf6 Rxf6 gxf6 Qe4 Bb7 Qxe6+ Kg7 Qf7+ Qxf7 gxf7 Rg5+ Kh2 Rg2+ Kh1 Kxf7 b4 Be4 Nc5 Bd5 Nd3 Rg3+ Kh2 Rxh3+ Kxh3 Bc4 Nf2 Ke6 Kg3 Ke5
FIDE-Wch k.o.,Las Vegas,1999.08.04,2.2,"Topalov, Veselin","Ponomariov, Ruslan",1-0,D20,d4 d5 c4 dxc4 e4 Nf6 e5 Nd5 Bxc4 Nb6 Bb3 Nc6 Ne2 Bg4 Nbc3 e6 O-O Qd7 h3 Bxe2 Nxe2 Be7 Be3 Nb4 Ng3 O-O-O Qe2 N4d5 Ne4 Kb8 Rad1 h5 a3 Qe8 Bd2 a6 Rc1 Qg8 f4 f5 exf6 gxf6 f5 Rh7 Nc5 Bd6 Nxe6 Qg3 Qf3 Qxf3 Rxf3 Re8 Re1 h4 Re4 Bg3 Kf1 c6 Rg4 Kc8 a4 Nc7 Nxc7 Bxc7 Be1 Nd5 Bxd5 cxd5 Bxh4 Rhe7 Rc3 Kb8 Bxf6 Rf7 Rg6 Ref8 Rxc7 Kxc7 Be5+ Kd7 g4 Rc8 Rb6 Rc1+ Kg2 Ke8 h4 Rc6 Rxc6 bxc6 h5 Rb7 h6 Rxb2+ Kg3
FIDE-Wch k.o.,Las Vegas,1999.08.04,2.2,"Wahls, Matthias","Ivanchuk, Vassily",0-1,C26,e4 e5 Nc3 Nf6 g3 c6 d4 Bb4 Bg2 d5 exd5 Nxd5 Bd2 Bxc3 bxc3 exd4 cxd4 O-O Ne2 Re8 O-O Bg4 f3 Bf5 Re1 Na6 c3 c5 Qb3 Nb6 Rad1 Rc8 Bc1 Qe7 Kf2 Qf6 Ba3 Be6 Qb1 Bc4 dxc5 Bxe2 Rxe2 Rxe2+ Kxe2 Nxc5 Bxc5 Rxc5 Qe4 g6 Qxb7 Qxc3 Kf1 Nd5 Kg1 Ne3 Rb1 Kg7 Bf1 Nxf1 Rxf1 Qe3+ Kh1 Qe2
FIDE-Wch k.o.,Las Vegas,1999.08.04,2.2,"Fridman, Daniel","Short, Nigel D",1/2-1/2,A09,Nf3 d5 c4 d4 e3 Nc6 exd4 Nxd4 Nxd4 Qxd4 Nc3 c6 d3 Nh6 Be2 g6 Be3 Qd7 d4 Nf5 Bg4 Bg7 O-O O-O Qd2 Rd8 Rad1 Qc7 Bxf5 Bxf5 f3 Rd7 d5 cxd5 cxd5 Bxc3 Qxc3 Qxc3 bxc3
FIDE-Wch k.o.,Las Vegas,1999.08.04,2.2,"Khalifman, Alexander","Kamsky, Gata",1-0,E15,Nf3 Nf6 c4 e6 d4 b6 g3 Ba6 b3 Bb4+ Bd2 Be7 Bg2 c6 Bc3 d5 Nbd2 O-O Qc2 Nbd7 e4 Rc8 O-O Nxe4 Nxe4 dxe4 Qxe4 b5 c5 b4 Bxb4 Nf6 Qe1 Nd5 Ba5 Qe8 Qe4 Bxf1 Bxf1 Bf6 h4 g6 h5 Bd8 Bd2 f5 Qe2 gxh5 Re1 Rf6 Bh3 h6 Nh4 Qf7 Bg2 Bc7 Bf3 Qg7 Qa6 Qd7 Bxh5 Bb8 Nf3 Kh7 Ne5 Bxe5 dxe5 Rff8 Qe2 Rg8 Kg2 Qg7 Rh1 f4 Bf3 Rgf8 Be4+ Rf5 Bxf5+ exf5 Qh5 Qg6 Qxg6+ Kxg6 Kf3 Rd8 Bxf4 h5 Rd1 Kf7 Rh1 Kg6 Re1 Nb4 Re2 Nd3 e6 Nxc5 e7 Re8 Rc2 Nd3 Rxc6+ Kf7 Bd6 Rxe7 Bxe7 Ne5+ Kf4 Nxc6 Bc5 Ke6 b4 a6 Kg5 Ne5 Kxh5 Kd5 Kg5 Ke4 f4 Nd3 Be7 Nb2 a3 Nd1 a4 Nc3 b5 axb5 a5 Nd5 a6
FIDE-Wch k.o.,Las Vegas,1999.08.04,2.2,"Kotronias, Vasilios","Dreev, Alexey",1/2-1/2,B12,e4 c6 d4 d5 e5 Bf5 Nc3 Qb6 Bd3 Bxd3 Qxd3 e6 Nge2 Ne7 O-O Qa6 Qh3 Nd7 a4 Qb6 a5 Qa6 Be3 Rc8 Nf4 g6 Nce2 Bg7 Ng3 c5 c3 cxd4 cxd4 Rc2 Qg4 O-O h4 Rfc8 h5 Rxb2 hxg6 hxg6 Qg5 f6 exf6 Bxf6 Qg4 Kf7 Rfe1 Nf8 Ra3 Rbc2 Nd3 R2c3 Rxc3 Rxc3 Ne5+ Bxe5 dxe5 Qxa5 Bd2 Qc5 Qf4+ Ke8 Bxc3 Qxc3 Rc1 Qb2 Re1 a5 Nf1 Nc6 Nh2 Qb4 Qc1 a4 Nf3 Kd8 Re2 Kc7 Rb2 Qc4 Qb1 Qa6 Rc2 Kb8 Qa1 Nd7 Qa3 Ka7 g4 Qb5 Ra2 Nb6 Kg2 Qb4 Kg3 Qxa3 Rxa3 Ka6 Kf4 Ka5 Kg5 Nc4 Ra1 N4xe5 Nxe5 Nxe5 f4 Nxg4 Kxg4 b5 Kf3 b4
FIDE-Wch k.o.,Las Vegas,1999.08.04,2.2,"Kramnik, Vladimir","Tiviakov, Sergei",1-0,E32,d4 Nf6 c4 e6 Nc3 Bb4 Qc2 O-O a3 Bxc3+ Qxc3 b6 Bg5 Bb7 f3 h6 Bh4 d5 e3 Re8 Nh3 Nbd7 cxd5 exd5 Be2 Qe7 Bf2 c5 O-O c4 b3 b5 bxc4 bxc4 Bd1 Nb6 Bc2 Bc6 a4 Qd7 a5 Nc8 Bh4 Nh7 Nf2 Nd6 Ng4 Nf5 Bf2 f6 h3 Nd6 Rfe1 Rac8 e4 Nb5 Qd2 h5 Ne3 dxe4 d5 f5 Nxf5 Qxd5 Qxd5+ Bxd5 Ba4 a6 Bxb5 axb5 fxe4 Bc6 Nd6 Nf6 a6 c3 a7 c2 e5 Ne4 Nxe8 Rxe8 Rec1
FIDE-Wch k.o.,Las Vegas,1999.08.04,2.2,"Zvjaginsev, Vadim","Andersson, Ulf",1/2-1/2,E21,d4 Nf6 c4 e6 Nc3 Bb4 Nf3 O-O Bg5 d6 e3 h6 Bh4 Qe7 Nd2 Nbd7 Bd3 c6 O-O e5 Qb3 Ba5 Rae1 Re8 f4 exd4 exd4 Qf8 Bb1 b6 Rxe8 Qxe8 Re1 Qf8 Qc2 Bxc3 bxc3 d5 Nf3 Ba6 Ne5 Nxe5 Bxf6 Ng6 Be7 Qc8 c5 Qd7 Bd6 Re8 Qf2 Nf8 Qg3 Rxe1+ Qxe1 bxc5 dxc5 Bc4 h3 Qe6 Qxe6 Nxe6 a3 a6 Kf2 g6 g4 Kg7 h4 f6 Ke3 g5 fxg5 fxg5 h5 Kf6 Bf5 Kf7 Bg6+ Kf6 Be8 Bb5 Bd7 Ba4 Bc8 a5 Kd2 Bb5 Bxe6 Kxe6 Bf8 Kf6 Bxh6 Ba6 Ke3 Bc8 Kf3 a4 Bf8 Be6
FIDE-Wch k.o.,Las Vegas,1999.08.04,2.2,"Macieja, Bartlomiej","Leitao, Rafael",1/2-1/2,B40,e4 c5 Nc3 a6 Nf3 d6 g3 b5 Bg2 Bb7 d3 Nf6 O-O e6 Ng5 h6 Nh3 Be7 f4 b4 Ne2 Nc6 Nf2 d5 e5 Nd7 a3 a5 c4 Nb6 Qc2 a4 cxd5 b3 Qd1 Nxd5 Bd2 Nd4 Nxd4 cxd4 Qg4 O-O f5 exf5 Qxf5 Qc8 Qe4 Qc2 Rad1 Qxb2 Ng4 Bg5 Nxh6+ Bxh6 Bxh6 Ne3 Qxb7 Qxg2+ Qxg2 Nxg2 Bxg7 Kxg7 Kxg2 Rfc8 Kf3 Rc2 Rf2 Rxf2+ Kxf2 Rc8 Kf3 Rc2 Ke4 Ra2 Kxd4 Rxa3 Kc3 Ra2 Rb1 Rxh2 d4 Rc2+ Kb4 Rd2 Kxa4 Rxd4+ Kxb3 Re4 Kc2 Rxe5 Kd2 Kg6
FIDE-Wch k.o.,Las Vegas,1999.08.04,2.2,"Dizdar, Goran","Movsesian, Sergei",0-1,E68,d4 Nf6 Nf3 g6 c4 Bg7 g3 O-O Bg2 d6 O-O Nbd7 Nc3 e5 e4 a6 h3 b5 dxe5 dxe5 Qc2 Bb7 Be3 c6 Nd2 Qc7 Rac1 Rfc8 c5 Nf8 b4 a5 a3 a4 Nf3 Rd8 Rfd1 Ne6 Bf1 Ne8 h4 Qe7 Bh3 N8c7 Ng5 Bc8 Rxd8+ Qxd8 Rd1 Qe8 Bg2 Nxg5 hxg5 Bg4 Rd6 Bf8 Rd3 Rd8 f4 Rxd3 Qxd3 Qe6 Nd5 Ne8 Bd2 exf4 gxf4 cxd5 exd5 Qe2 Bf1 Qd1 Be3 Qb3 Kf2 Bd7 Bc1 Bg7 d6 Qa2+ Be2 Qe6 Bf3 Qh3 Qd1 Qh2+ Bg2 h5 Qh1 Bd4+ Ke2 Qg3 Qf1 Be6
FIDE-Wch k.o.,Las Vegas,1999.08.04,2.2,"Dolmatov, Sergey","Kortschnoj, Viktor",1-0,C65,e4 e5 Nf3 Nc6 Bb5 Nf6 d3 d6 c3 Bd7 Ba4 Be7 O-O O-O h3 Rb8 Re1 b5 Bc2 b4 Nbd2 bxc3 bxc3 d5 Bb3 dxe4 dxe4 Bc5 Nc4 Qe7 Bg5 Be6 Qe2 h6 Bxf6 gxf6 Nh4 Kh7 Qf3 Rg8 Nf5 Qf8 Rad1 Ne7 Nce3 Nxf5 Nxf5 Bxb3 axb3 Rxb3 Rd7 Rb2 Re2 Rxe2 Qxe2 Bd6 Qe3 Rg5 Nxd6 cxd6 Qxa7 Kg6 g3 f5 h4 Rh5 Qb7 Kg7 Qc7 Qe8 Re7 Qg8 Qxd6 fxe4 Rxe5
FIDE-Wch k.o.,Las Vegas,1999.08.04,2.2,"Leko, Peter","Bauer, Christian",1-0,C41,e4 d6 d4 Nf6 Nc3 Nbd7 Nf3 e5 Bc4 Be7 O-O O-O Re1 c6 a4 b6 b3 a6 d5 c5 Rb1 Ne8 Bf1 Rb8 Nd2 g6 b4 f5 Nc4 cxb4 Rxb4 Qc7 Ba3 Nef6 exf5 gxf5 Qd2 Nc5 Reb1 Nce4 Nxe4 Nxe4 Qe1 b5 axb5 axb5 Ne3 Qa7 Bc1 Bh4 Nd1 Qg7 Rxb5 Rxb5 Rxb5 Ba6 Rb4 Bxf1 Qxf1 Bg5 Bxg5 Nxg5 f3 Qa7+ Qf2 Qa5 Qd2 f4 h4 Nf7 Nf2 Nh6 g4 fxg3 Rg4+ Nxg4 Qxa5 gxf2+ Kf1 Ne3+ Kxf2 Nxc2 Qc7 Nd4 Qxd6 Rxf3+ Ke1 Rf5 Qc7 Rf7 Qc8+ Kg7 d6 Rf8 d7 Ne6 Qe8
FIDE-Wch k.o.,Las Vegas,1999.08.04,2.2,"Nielsen, Peter Heine","Polgar, Judit",1/2-1/2,E05,d4 Nf6 c4 e6 Nf3 d5 g3 Be7 Bg2 O-O O-O dxc4 Qc2 a6 Qxc4 b5 Qc2 Bb7 Bd2 Be4 Qc1 Nbd7 Ba5 Rc8 Nbd2 Ba8 Qc2 Nb8 Nb3 Be4 Qd2 Nc6 Rfc1 b4 Rxc6 Bxc6 Bxb4 Bxb4 Qxb4 Qd6 Qa5 Bd5 Rc1 Qb6 Nfd2 Rb8 Qc5 a5 Bxd5 exd5 a4 Qb4 Qxc7 Qxa4 Qc2 Qb5 e3 h6 Qd1 Rfc8 Ra1 a4 Nc5 Qxb2 Nxa4 Qc2 Nc5 Rb2 Qxc2 Rxc2 Ndb3 Rb8 h3 Rb2 Nc1 Rb1 Rxb1 Rxb1 Nd3 Ne4 Kg2 Kf8 Ne2 g5 g4 Ke7 Ng3 Nxg3 Kxg3 Rb3 Ne5 Rc3 h4 Ke6 hxg5 hxg5 Nf3 f6 Nh2 Rc8 Nf1 f5 gxf5+ Kxf5 Nh2 Rc1 f3 Ra1 Ng4 Rg1+ Kf2 Rxg4 fxg4+ Ke4 Ke2
FIDE-Wch k.o.,Las Vegas,1999.08.04,2.2,"Miles, Anthony J","Krasenkow, Michal",0-1,A54,Nf3 Nf6 c4 d6 d4 Nbd7 Nc3 e5 Bg5 Be7 e3 c6 Qc2 O-O O-O-O h6 Bh4 Nh5 Bxe7 Qxe7 g4 Nhf6 g5 hxg5 Nxg5 Re8 h4 Nf8 Be2 e4 Rdg1 Bf5 Rg3 b5 cxb5 cxb5 Bxb5 Rec8 Ba6 Rc6 Bb5 Rc7 Kb1 N8d7 Ba4 Nb6 Bb3 d5 Rc1 a5 a3 a4 Ba2 Qd7 Ka1 Nc4 Qe2 Rac8 Bxc4 Rxc4 Rgg1 Ne8 f3 f6 fxe4 dxe4 Rcf1 fxg5 Rxg5 Be6 d5 Rxc3 bxc3 Rxc3 dxe6 Rxa3+ Kb2 Rb3+ Ka1 Qc7 Qd2 Ra3+ Kb1 Qb6+ Qb2 Rb3 Rf2 Qxe6 Rb5 Rxb2+ Kxb2 Nf6 Rff5 Qd6 h5 Qd2+ Ka3 Qxe3+ Kxa4 Qd4+ Kb3 e3 h6 e2
FIDE-Wch k.o.,Las Vegas,1999.08.04,2.2,"Nisipeanu, Liviu Dieter","Azmaiparashvili, Zurab",1/2-1/2,C60,e4 e5 Nf3 Nc6 Bb5 g6 d4 exd4 Bg5 Be7 Bxe7 Qxe7 Bxc6 dxc6 Qxd4 Nf6 O-O O-O Nc3 Rd8 Qe5 Qxe5 Nxe5 Re8 f4 b6 Rad1 Kg7 h3 Bb7 g4 Rad8 Rxd8 Rxd8 Nf3 c5 e5 Ne4 Rd1 Rxd1+ Nxd1 f6 a3 Kf7 exf6 Kxf6 Ne3 b5 h4 c4 Ng5 c3 Nxe4+ Bxe4 bxc3 c5 g5+ Ke6 Kf2 a5 Ke2 Ke7 Kd1 Kd6 Kc1 Ke7 Kd2 Ke6 Kd1 Kd6 Kc1 Ke7 Kb2 a4 Kc1 Kd6 Kb1 Ke7 Kc1 Kd6 Kb2 Ke6 Kb1 Bb7 Kc1 Bf3 Kb2 Be4
FIDE-Wch k.o. g/25+10,Las Vegas,1999.08.05,2.3,"Miles, Anthony J","Krasenkow, Michal",0-1,A06,Nf3 c5 b3 Nc6 Bb2 d5 e3 Nf6 Bb5 Bd7 O-O e6 c4 dxc4 Bxc4 Bd6 d4 O-O dxc5 Bxc5 Nbd2 Be7 Rc1 Qa5 a3 Rfd8 b4 Qb6 Qb3 a5 b5 a4 Qa2 Na5 Rb1 Nxc4 Nxc4 Qc5 Bd4 Qd5 Rfd1 Bxb5 Nfe5 Bxc4 Qxc4 Bxa3 Qc7 Rf8 Rxb7 Bd6 Qc6 Bxe5 Qxd5 Bxh2+ Kxh2 Nxd5 Ra1 Ra6 e4 Nf4 Ra3 Rfa8 Rf3 e5 Bxe5 Rh6+ Kg1 Rd8 Rb8 Rxb8 Bxb8 Ne2+ Kf1 Nd4 Rh3 Rb6
FIDE-Wch k.o. g/25+10,Las Vegas,1999.08.05,2.3,"Magem Badals, Jorge","Tkachiev, Vladislav",1-0,B06,e4 g6 d4 d6 Nc3 Bg7 Bg5 a6 Nf3 b5 Bd3 Bb7 a4 b4 Ne2 Nd7 O-O Ngf6 Ng3 O-O Re1 c5 e5 dxe5 dxe5 Nd5 Be4 N7b6 a5 Nc8 Qd2 Qd7 c4 bxc3 bxc3 c4 Bh6 Rd8 Bxg7 Kxg7 Nd4 e6 h4 Nce7 h5 Ng8 Rab1 Rab8 hxg6 hxg6 Bf3 Nde7 Bxb7 Rxb7 Rxb7 Qxb7 Nxe6+ fxe6 Qxd8 Nd5 Ne4 Nf4 Qb6 Qd5 Qxa6 Ne2+ Rxe2 Qd1+ Kh2 Qxe2 Qa7+ Kh8 Qe3 Qxe3 fxe3 Ne7 a6 Nc6 Ng5 Kg7 Nxe6+ Kf7 Nd8+ Ke8
FIDE-Wch k.o. g/25+10,Las Vegas,1999.08.05,2.3,"Ponomariov, Ruslan","Topalov, Veselin",1/2-1/2,B51,e4 c5 Nf3 d6 Bb5+ Nc6 O-O Bd7 c3 a6 Ba4 Nf6 Re1 b5 Bc2 Bg4 h3 Bxf3 Qxf3 g6 d3 Bg7 Nd2 O-O Qe2 Nd7 Nf3 b4 Ba4 Qc7 Bd2 bxc3 bxc3 Rab8 Rab1 e6 g3 Nb6 Bc2 Nd7 a4 Rxb1 Rxb1 Rb8 Qd1 Rb6 Kf1 Qb7 Ke2 h5 Rxb6 Qxb6 Qb1 Qxb1 Bxb1 Nb6 Bc2 Kf8 Ng5 Ke7 f4 Bh8 Nf3 Bg7 g4 hxg4 hxg4 Bh8 Be1 Bf6 Kd2 Kd7 Bf2 Bg7 d4 cxd4 cxd4 d5 e5 Bh6 Bg3 Nc4+ Kc3 Ne3 Bd3 Nxg4 Bxa6 Ne3 Bb5 Nf5 Bh2 Kc7 Bd3 Bf8 Bg1 Bb4+ Kb3 Ba5 Bxf5 gxf5 Be3 Kd7 Kc2 Ke7 Bd2 Bb6 Kd3 f6 exf6+ Kxf6 Bc3 Ke7 Nd2 Bc7 Ke3 Kd7 Nb3 Bd6 Bd2 Kc7 Nc1 Be7 Nb3
FIDE-Wch k.o. g/25+10,Las Vegas,1999.08.05,2.4,"Almasi, Zoltan",Peng Xiaomin,1-0,C96,e4 e5 Nf3 Nc6 Bc4 Nf6 d3 Be7 O-O O-O h3 d6 c3 Na5 Bb5 a6 Ba4 b5 Bc2 c5 Re1 Nc6 Nbd2 Nd7 a4 Nb6 axb5 axb5 Rxa8 Nxa8 Nf1 Bf6 Ne3 Nb6 Bb3 Na5 Bc2 g6 Bd2 Nc6 Bb3 Bg7 Nd5 Nxd5 Bxd5 Ne7 Bg5 Kh8 Bxe7 Qxe7 Qb3 Bd7 Ra1 Be8 Ra8 f5 Qa2 fxe4 dxe4 g5 Nh2 h5 b3 Qf6 Qe2 Qg6 g4 hxg4 hxg4 Qf6 Nf1 Qf4 Ne3 Bg6 Rxf8+ Bxf8 Qxb5 Bxe4 Bxe4 Qxe4 Qe8 Kg8 Qe6+ Kh7 Qf5+ Qxf5 gxf5 Kg7 Nd5 g4 b4
FIDE-Wch k.o. g/25+10,Las Vegas,1999.08.05,2.4,"Azmaiparashvili, Zurab","Nisipeanu, Liviu Dieter",0-1,E15,d4 Nf6 Nf3 e6 c4 b6 g3 Ba6 Nbd2 d5 Bg2 Be7 O-O O-O b3 Nbd7 Bb2 Rc8 Re1 c5 e4 dxc4 bxc4 cxd4 e5 Ne8 Nxd4 Bb4 Nc6 Rxc6 Bxc6 Nb8 Bxe8 Qxe8 Re2 Qc6 Ne4 Nd7 Nd6 Bxd6 Qxd6 Qxc4 Re3 Nc5 Ba3 Bb7 Bxc5 bxc5 Qd3 Qa4 Rc1 Qxa2 Qc4 Qd2 Rb1 Qd5 Qxd5 Bxd5 Ra3 h6 Rxa7 c4 Rc7 Ra8 Kf1 g5 Rb6 Ra2 Ke1 Ra1+ Ke2 Ra2+ Ke3 Ra3+ Kd4 Kg7 Rb8 Rf3 h3 h5 Rcc8 Rxf2 Rg8+ Kh6 Kc5 Rg2 Rbf8 c3 Rh8+ Kg6 Rhg8+ Kf5 Rxf7+ Ke4 Rxg5 Rg1 Rf2 Ke3 Rh2 Bg2
FIDE-Wch k.o. g/25+10,Las Vegas,1999.08.05,2.4,"Akopian, Vladimir","Antonio, Rogelio Jr",1-0,A45,d4 Nf6 Bg5 e6 e4 h6 Bxf6 Qxf6 Nc3 Bb4 Nf3 d5 e5 Qd8 a3 Be7 Bd3 c5 dxc5 Bxc5 O-O Nc6 b4 Be7 Nb5 a6 Nbd4 Qb6 c3 Bd7 Qd2 Rc8 Rac1 O-O Bb1 a5 g3 Na7 h4 Nb5 Qd3 g6 h5 Nxa3 hxg6 Nxb1 Rxb1 axb4 gxf7+ Rxf7 Qg6+ Rg7 Qxh6 Rh7 Qe3 Be8 Ng5 Bxg5 Qxg5+ Rg7 Qe3 Rc4 Rxb4 Rxb4 cxb4 Rg4 f4 Bf7 Qc3 Rg6 Kg2 Qd8 Rh1 Qa8 f5 exf5 e6 Be8 Nxf5 Qa2+ Kf3 d4 Ne7+ Kg7 Qxd4+ Rf6+ Nf5+ Kg8 Rh8+
FIDE-Wch k.o. g/25+10,Las Vegas,1999.08.05,2.4,"Smirin, Ilia","Psakhis, Lev",0-1,C11,e4 e6 d4 d5 Nc3 Nf6 e5 Nfd7 Nce2 c5 c3 Nc6 f4 Qb6 Nf3 f6 a3 Be7 h4 O-O Rh3 a5 b3 Qd8 Ng3 Nb6 Bd3 f5 Bc2 Bd7 Be3 cxd4 cxd4 a4 b4 Na7 Nh5 Be8 Ng5 Qc8 Rc1 Nc4 Rg3 Bg6 Bf2 Bxg5 Rxg5 Rf7 Ng3 Rc7 Bxa4 Nb2 Rxc7 Qxc7 Qc2 Qxc2 Bxc2 Nb5 h5 Nxa3 hxg6 Nxc2+ Kd2 Nxb4 gxh7+ Kxh7 Nh5 Nc4+ Kc3 Nc6 Kd3 Ra2 Bh4 g6 Nf6+ Kh6 Be1 Ra3+ Ke2 Nxd4+ Kf1 Nc2 Bf2 d4 g4 d3 Bc5 Ra1+ Kf2 Kg7 gxf5 exf5 Rg3 d2 Rh3 Rf1+ Kg3 Rf3+ Kxf3 d1=Q+ Kg3 Qd3+ Kh4 Qf1 Kg3 g5 fxg5 f4+ Kh4 Kg6 e6 Qe1+ Kg4 Qxe6+ Kh4 Qf5
FIDE-Wch k.o. g/25+10,Las Vegas,1999.08.05,2.4,"Shirov, Alexei","Sokolov, Ivan",1-0,C64,e4 e5 Nf3 Nc6 Bb5 Bc5 O-O d6 d4 exd4 Nxd4 Ne7 Bg5 f6 Be3 Bxd4 Qxd4 a6 Bxc6+ Nxc6 Qc4 Qe7 Nc3 Be6 Nd5 Bxd5 exd5 Ne5 Qb3 O-O Rfe1 Qd7 f4 Ng6 Bd2 Qb5 c4 Qxb3 axb3 Rfe8 Kf2 Kf7 g3 Rxe1 Bxe1 Ke7 Kf3 Kd7 g4 Rh8 Bc3 h6 Rh1 Ne7 Rg1 Ke8 h3 Kf7 f5 Nc8 Bd4 a5 Bc3 b6 b4 axb4 Bxb4 Ne7 Ra1 h5 Ra7 hxg4+ hxg4 Rc8 Bc3 Ke8 Bd4 Kf8 Ke4 Kf7 b4 Ke8 Be3 Kf7 c5 bxc5 bxc5 dxc5 Bxc5 g6 d6 gxf5+ gxf5 cxd6 Bxd6 Re8 Kd4 Kf8 Rxe7 Rxe7 Kd5 Kf7 Bxe7 Kxe7
FIDE-Wch k.o. g/25+10,Las Vegas,1999.08.05,2.4,"Shipov, Sergei","Stefansson, Hannes",1-0,E32,d4 Nf6 c4 e6 Nc3 Bb4 Qc2 O-O a3 Bxc3+ Qxc3 b6 Bg5 Bb7 e3 d6 f3 Nbd7 Nh3 c5 dxc5 bxc5 Be2 Qb6 O-O Rfe8 Rfd1 d5 Rac1 Rac8 Bh4 e5 cxd5 Nxd5 Qd2 e4 Bc4 N7f6 f4 Ne7 Nf2 Rcd8 Qe2 Rxd1+ Rxd1 Nfd5 Bxe7 Nxe7 Qh5 Rf8 Ng4 Ba6 Bxa6 Qxa6 Qxc5 Ng6 Qc2 f5 Ne5 Nxe5 fxe5 Qe6 Qc5 Qb3 Rd7 Qxb2 Qe7 Qa1+ Kf2 Qa2+ Kg3 Qf7 Qxf7+ Rxf7 e6 Rf8 Kf4 Rb8 Rxa7 h6 Kxf5 Rb5+ Kxe4 Kf8 Rf7+ Kg8 Rf5 Rb7 g4 Ra7 h4 Re7 Ke5 Ra7 Ke4
FIDE-Wch k.o. g/25+10,Las Vegas,1999.08.05,2.4,"Sakaev, Konstantin","Lautier, Joel",0-1,D20,d4 d5 c4 dxc4 e4 e5 Nf3 exd4 Bxc4 Nc6 O-O Nf6 Qb3 Qd7 Bd2 a5 Re1 a4 Qb5 Nd8 e5 Ng8 Nxd4 Ne7 Nc3 c6 Qb6 Ne6 Be3 Qd8 Qxd8+ Nxd8 Rad1 Nf5 Ne4 Nxd4 Bxd4 Be6 Nd6+ Bxd6 exd6 Rg8 Bd3 g6 Bb6 Kd7 Bc7 Re8 a3 Bd5 Rxe8 Kxe8 f4 Ne6 f5 Nxc7 dxc7 Kd7 Re1 Rc8 Re3 Kxc7 Rh3 Re8 Rxh7 gxf5 Kf2 f4 Rh4
FIDE-Wch k.o. g/25+10,Las Vegas,1999.08.05,2.4,"Zvjaginsev, Vadim","Andersson, Ulf",1-0,E21,d4 e6 c4 Bb4+ Nc3 Nf6 Nf3 d6 Bg5 c5 Rc1 h6 Bh4 cxd4 Nxd4 Nc6 e3 O-O Bd3 Ne5 O-O Ng6 Bxg6 fxg6 Ne4 g5 Nxf6+ gxf6 Bg3 e5 Nb5 Be6 a3 a6 Nd4 exd4 axb4 dxe3 fxe3 Qb6 Bxd6 Rf7 Qd4 Qxd4 exd4 Rd8 Bc5 Kg7 d5 Bd7 Rce1 Kg6 Re7 Re8 d6 Rfxe7 dxe7 Kf7 Rd1 Be6 b3 Bf5 Rd2 h5 Kf2 h4 Ke3 Be6 Ke4 b6 Bd6 Bc8 Kd4 Bb7 c5 Ke6 g3 hxg3 hxg3 Bc6 Re2+ Kd7 Rh2 Ke6 Rh6 bxc5+ bxc5 Kf5 Kc3 a5 Rh2 Ke6 Ra2 Ra8 Kd4 Kf7 Re2 a4 bxa4 Rxa4+ Kc3 Ra3+ Kb4 Ra4+ Kb3 Ra8 Bc7 Ra7 Bd8 Be8
FIDE-Wch k.o. g/25+10,Las Vegas,1999.08.05,2.4,"Tkachiev, Vladislav","Magem Badals, Jorge",0-1,D26,d4 d5 c4 dxc4 e3 Nf6 Bxc4 e6 Nf3 c5 O-O a6 Bb3 Nc6 Nc3 Be7 Qe2 cxd4 Rd1 e5 exd4 exd4 Be3 Bg4 Ba4 O-O Bxc6 bxc6 Bxd4 Qc7 h3 Bh5 Re1 Rfe8 Bxf6 gxf6 Rad1 Qc8 Ne4 Kg7 Ng3 Bg6 Qc4 Rb8 b3 Rb4 Qc3 c5 Rd5 Bf8 Rxe8 Qxe8 Nf5+ Kg8 N3h4 Qe6 Qd2 Re4 g4 Re1+ Kh2 Re2 Qd3 Rxf2+ Kg3 Rxa2 Nf3 Qe2 Qxe2 Rxe2 N3h4 Rb2 Rd8 Rxb3+ Kg2 Bxf5 Nxf5 c4 Ne7+ Kg7 Nf5+ Kg8 Nh6+ Kg7 Nf5+ Kg8 h4 c3 h5 c2 Ne7+ Kg7 Nf5+ Kg8 h6 Rb7 Rc8 a5 Rxc2 a4 Rc8 Ra7 Ne3 f5 Nd5 f6 gxf5 a3 Nc7 Kf7 Ne6 Bxh6 Rh8 Be3 Rxh7+ Kg8 Rxa7 Bxa7
FIDE-Wch k.o. g/25+10,Las Vegas,1999.08.05,2.4,"Rublevsky, Sergei","Yermolinsky, Alex",1-0,B27,e4 c5 Nf3 g6 d4 Bg7 c3 cxd4 cxd4 d5 e5 Nc6 Bb5 Nh6 O-O O-O h3 Qb6 Nc3 Nf5 Bxc6 bxc6 Na4 Qb5 b3 f6 Ba3 fxe5 Nxe5 Bxe5 dxe5 d4 Nc5 Qa5 Qc1 Ba6 Rd1 Rfd8 Ne6 Rd5 Bc5 Be2 b4 Qa4 Rd2 d3 Nc7 Rad8 Nxd5 Rxd5 Qc3 h5 Kh2 e6 Re1 Qb5 Bxa7 h4 Bc5 Kf7 a3 g5 Qb2 Qc4 Rdxe2 d2 Rxd2 Qf4+ Kh1 Rxd2 Qc1 Ra2 Qxf4 gxf4 Re4 f3 gxf3 Rxa3 Kg2 Rb3 Rc4
FIDE-Wch k.o. g/25+10,Las Vegas,1999.08.05,2.4,"Krasenkow, Michal","Miles, Anthony J",1/2-1/2,A32,d4 e6 Nf3 c5 c4 cxd4 Nxd4 a6 Nc3 Nf6 e3 Qc7 Be2 b6 O-O Bb7 Bf3 Bb4 Bxb7 Qxb7 Bd2 Be7 Qf3 Ra7 Qxb7 Rxb7 Rfd1 O-O Be1 Rc8 b3 d6 Rac1 Kf8 Kf1 Rbc7 f3 Nbd7 e4 Ne8 Nde2 Bg5 Bd2 Bf6 Be1 Ke7 Bd2 g5 h3 h6 Be1 Be5 Bd2 Nf8 Be3 Nd7 Na4 Rb7 Nac3 Nef6 Bd4 Rbc7 Bxe5 Nxe5 Na4 Nfd7 Nb2 Nc5 Rc2 h5 Rcd2 Rd7 Nc3 Nc6 Re1 Rb8 Ne2 Rc7 Red1 Rd8 Nd4 Ne5 Kf2 g4 hxg4 hxg4 Rh1 Rg8 Ke3 gxf3 gxf3 Rcc8 Rdd1 Rg2 Ne2 Rcg8 Rdg1 Nc6 Rxg2 Rxg2 Nd1 Nb4 Ndc3 Rg8 Nd4 Rg2 Nde2 b5 cxb5 axb5 Nxb5 Nxa2 Rd1 Nxb3 Rxd6 Nb4 Rb6 Nc2+ Kd3 Nc5+ Kxc2 Rxe2+ Kc3 Rf2 Kd4 Nd7 Ke3 Rxf3+ Kxf3 Nxb6 e5 Kf8 Nd6 Kg7 Kf4 Kg6 Ke4 Nd5 Kd4 Ne7 Ke4 Kg7 Ne8+ Kh6 Nd6 Kg6 Kf4 Nf5 Ne4 Kg7 Ng5 Ne7 Nf3 Kg6 Kg4 Nc6 Nh4+ Kg7 Nf3 Kh6 Kh4 Nb4 Nd4 Nd3 Nc6 Kg7 Kg4 Kf8 Kf3 Ke8 Ke3 Kd7 Kxd3 Kxc6 Kc4 Kd7 Kd3 Ke7 Ke3 Ke8 Ke4 Kd7 Kd3 Kd8 Kd4 Ke8 Ke4 Kf8 Kf4 Kg8 Kg4 Kh8 Kh4 Kh7 Kh5 Kg7 Kg5 Kf8 Kf4 Ke7 Ke3 f6 exf6+ Kxf6 Kf4 e5+ Ke4 Ke6 Ke3 Kd5 Kd3 e4+ Ke3 Ke5 Ke2 Kf4 Kf2 e3+ Ke2 Ke4 Ke1 Kf3 Kf1 Kf4 Ke2 Ke4 Ke1 Ke5 Ke2 Kd4 Ke1 Kd3 Kd1 e2+ Ke1 Ke3
FIDE-Wch k.o. g/25+10,Las Vegas,1999.08.05,2.4,"Kortschnoj, Viktor","Dolmatov, Sergey",0-1,A87,c4 f5 Nf3 Nf6 g3 d6 d4 g6 Bg2 Bg7 O-O O-O Qb3 Kh8 Rd1 c6 d5 Qc7 Nd4 Bd7 Nc3 Na6 Bf4 Nh5 Bg5 Rae8 Bf3 Nf6 Qa3 Qc8 Rac1 h6 Bxf6 Bxf6 e3 g5 Nce2 c5 Nb5 Qb8 Qb3 Nc7 a4 a6 Nxc7 Qxc7 Nc3 Rb8 Be2 Kg7 Qc2 Qa5 Ra1 Qd8 Rd2 Qe8 a5 Qg6 Na4 Bxa4 Rxa4 g4 b4 Be5 bxc5 dxc5 Ra3 h5 Rb3 h4 Qb1 Bd6 Bf1 Rh8 Bg2 Rh5 Rxb7 Rbh8 f4 gxf3 Bxf3 Rg5 g4 Qf6 Qb2 fxg4 Qxf6+ Kxf6 Be4 Re5 Rf2+ Kg5 Rf4 Rh6 Bc2 Rf6 Rxf6 Kxf6 e4 Rg5 Rb3 Ke5 Rb6 h3 Rxa6 g3 Rb6 gxh2+ Kxh2 Rg2+ Kxh3 Rxc2 a6 Ra2 Kg4 Kxe4
FIDE-Wch k.o. g/25+10,Las Vegas,1999.08.05,2.4,"Kamsky, Gata","Khalifman, Alexander",1/2-1/2,C42,e4 e5 Nf3 Nf6 Nxe5 d6 Nf3 Nxe4 d4 d5 Bd3 Nc6 O-O Be7 Re1 Bg4 c4 Nf6 cxd5 Bxf3 Qxf3 Qxd5 Qg3 Qxd4 Nc3 O-O Nb5 Qg4 Qxg4 Nxg4 Bf5 Nf6 Nxc7 Rad8 Be3 Bb4 Red1 g6 Bh3 a6 Bh6 Rxd1+ Rxd1 Rd8 Rxd8+ Nxd8 Bg5 Be7 Be3 Nc6 Bc8 Nd8 Bb6 Kf8 Kf1 Ne4 Nd5 Nd6 Nxe7 Kxe7 Bc5 a5 Bg4 Ne6 Be3 Nc4 Bc1 Ne5 Be2 Nd4 Bd1 Kd6 Bd2 b6 a4 Kd5 Bc3 f5 h4 h5 g3 Kc4 Kg2 Kd3 Kf1 Nd7 Bxd4 Kxd4 Ke2 Nc5 Kf3 Nd3 Bb3 Nxb2 Kf4 Nd3+ Kg5 Nxf2 Bf7 Ke5 Kxg6 Ne4 Kxh5 Kf6 Bd5 Nxg3+ Kh6 f4 Bf3 Nf5+ Kh5 Nd4 Be4 f3 Kg4 f2 Bd3 b5 Kg3 bxa4 Kxf2 a3
FIDE-Wch k.o. g/25+10,Las Vegas,1999.08.05,2.3,"Yermolinsky, Alex","Rublevsky, Sergei",0-1,A28,c4 e5 Nc3 Nf6 Nf3 Nc6 d4 exd4 Nxd4 Bb4 Bg5 h6 Bh4 Bxc3+ bxc3 O-O Nxc6 dxc6 Qxd8 Rxd8 f3 Be6 e4 Rd7 Bf2 Rad8 Be3 b6 c5 Re7 Be2 Nd7 cxb6 axb6 Kf2 Ra8 a4 Ra5 c4 Nc5 Bd2 Rxa4 Rxa4 Nxa4 Ra1 Rd7 Bf4 Nc3 Bf1 Nd1+ Ke1 Nb2 c5 b5 Ra7 Rd1+ Kf2 Bc4 Bxc4 bxc4 Ra3 Nd3+ Kg3 g5 Bxc7 Rc1 Ba5 Nxc5 Bc3 Kh7 Bd4 Ne6 Be5 Kg6 Ra6 c5 Ra3 Rc2 Rc3 Rxc3 Bxc3 Nd4 Kf2 Nb5 Ba5 c3 Ke2 Nd4+ Kd3 c2 Bd2 Kf6 Be3 Ke6 h3 Kd6 Kd2 Ke5
FIDE-Wch k.o. g/25+10,Las Vegas,1999.08.05,2.4,"Topalov, Veselin","Ponomariov, Ruslan",1/2-1/2,A32,Nf3 Nf6 c4 c5 g3 Nc6 d4 cxd4 Nxd4 e6 Bg2 Qb6 Nc2 d5 O-O Be7 cxd5 Nxd5 Ne3 Nxe3 Bxe3 Qxb2 Bxc6+ bxc6 Bd4 Qb7 Bxg7 Rg8 Bc3 c5 Qc2 Rg6 Nd2 Qc6 Nc4 Bb7 f3 f6 Na5 Qc7 Nxb7 Qxb7 Qa4+ Kf7 Rad1 a6 Rd2 Rd8 Rxd8 Bxd8 Rd1 Be7 Qc4 Rg5 a4 Rd5 Ra1 h5 Kf2 Rd7 e4 Qc6 f4 Bf8 Rb1 Qd6 Ke3 Bh6 a5 Kg6 Ke2 h4 Rf1 f5 Rb1 Kh5 Rg1 Bg7 gxh4 Bh6 e5 Qd5 Qxd5 Rxd5 Bd2 Rd4 Be3 Ra4 Kf3 Rxa5 Rd1 Kg6 Rd6 Kf7 h5 Rb5 Rd7+ Kg8 Rd6 Kf7 Rxa6 Bf8 Ra7+ Kg8 Rc7 Rb3 h4 Rb5 Ke2 Rb2+ Kd3 Rb3+ Kd2 Rb2+ Kc3 Rh2 Bxc5 Bxc5 Rxc5 Rxh4 Rc8+ Kg7 Kd4 Rxf4+ Kc5 Ra4 Rc6 Kh6 Kd6 Kxh5 Kxe6 Kg4 Kf6 f4 e6 f3 e7 f2 Rc1
FIDE-Wch k.o. g/25+10,Las Vegas,1999.08.05,2.3,"Stefansson, Hannes","Shipov, Sergei",1/2-1/2,B85,e4 c5 Nf3 d6 d4 Nf6 Nc3 cxd4 Nxd4 a6 Be2 e6 O-O Be7 f4 Qc7 a4 O-O Kh1 b6 Bf3 Bb7 f5 e5 Nde2 Nbd7 g4 h6 g5 hxg5 Bxg5 Rfe8 Rg1 Bf8 Qd2 d5 exd5 e4 Bf4 Qc5 Bg2 Ng4 Bg3 Ndf6 Qg5 Qe3 Qh4 Bd6 h3 Bxg3 Qxg3 Qxg3 Nxg3 Nf2+ Kh2 Rad8 Rae1 e3 Nf1 Re5 Kg3 Nh5+ Kh4 Nf6 Rxe3 Rxf5 Re2 Bxd5 Bxd5 Nxd5 Nxd5 Rdxd5 Ne3 Rh5+ Kg3 Nxh3 Nxd5 Nxg1 Re8+ Kh7 Nxb6 Rg5+ Kf2 Nh3+ Kf3 Ng1+ Kf2 Nh3+
FIDE-Wch k.o. g/15+10,Las Vegas,1999.08.05,2.6,"Ponomariov, Ruslan","Topalov, Veselin",0-1,B51,e4 c5 Nf3 d6 Bb5+ Nc6 O-O Bd7 Re1 a6 Bf1 Bg4 h3 Bxf3 Qxf3 g6 c3 Bg7 Qd1 e6 d3 Nge7 Nd2 b5 Nf3 Qb6 Be3 O-O Qd2 d5 Bf4 d4 e5 dxc3 bxc3 b4 cxb4 cxb4 Be3 Qb7 Bc5 Rfd8 d4 Rd7 Qf4 Rad8 Rad1 Nf5 g4 Bh6 Qe4 Nfe7 h4 Nd5 g5 Bf8 Bxf8 Rxf8 Rd2 Nc3 Qf4 Rfd8 Re3 Ne7 Red3 a5 Nh2 Qe4 Qxe4 Nxe4 Rc2 Nc3 Ng4 Rxd4 Nf6+ Kg7 Rh3 Nc6 h5 Nxe5 hxg6 Kxg6 Nxh7 Rh8 f4 Rxh7 Rxh7 Kxh7 fxe5 Rg4+
FIDE-Wch k.o. g/25+10,Las Vegas,1999.08.05,2.3,"Sokolov, Ivan","Shirov, Alexei",1/2-1/2,D85,d4 Nf6 c4 g6 Nc3 d5 cxd5 Nxd5 Bd2 Bg7 e4 Nb6 Be3 O-O Be2 Nc6 Nf3 Bg4 d5 Bxf3 gxf3 Na5 Bd4 Qd6 Bxg7 Kxg7 Qd2 Qf6 f4 Nac4 Bxc4 Nxc4 Qe2 Nb6 Qe3 Nc4 Qe2 Nb6 Qe3 Nc4 Qe2
FIDE-Wch k.o. g/25+10,Las Vegas,1999.08.05,2.3,"Psakhis, Lev","Smirin, Ilia",1/2-1/2,E65,Nf3 Nf6 c4 g6 g3 Bg7 Bg2 O-O Nc3 c5 d4 d6 O-O Nc6 dxc5 dxc5 Bf4 Be6 Ne5 Na5 Qa4 Nd7 Nxd7 Bxd7 Qc2 Bf5 Qc1 Qc8 Nd5 Nc6 Bh6 Bh3 Bxg7 Kxg7 Qc3+
FIDE-Wch k.o. g/25+10,Las Vegas,1999.08.05,2.3,"Dolmatov, Sergey","Kortschnoj, Viktor",0-1,C11,e4 e6 d4 d5 Nc3 Nf6 e5 Nfd7 f4 c5 Nf3 Nc6 Be3 cxd4 Nxd4 Bc5 Qd2 a6 O-O-O O-O Kb1 Nxd4 Bxd4 b5 Qe3 Bxd4 Qxd4 Bb7 Bd3 Qe7 Rhe1 b4 Ne2 a5 Qe3 Nc5 Nd4 Ne4 Bxe4 dxe4 Nb3 Rfc8 Nd2 Qc7 Rc1 a4 c4 bxc3 Rxc3 Qd8 Rxc8 Rxc8 Nxe4 Bxe4+ Qxe4 Qd2 Qe2 Qxf4 a3 Qxh2 Qe4 h5 Rf1 Qg3 Rxf7 Kxf7 Qb7+ Kg6 Qxc8 Qe1+ Ka2 Qxe5 Qc2+ Kg5
FIDE-Wch k.o. g/15+10,Las Vegas,1999.08.05,2.5,"Kortschnoj, Viktor","Dolmatov, Sergey",1-0,A87,c4 f5 Nf3 Nf6 g3 d6 d4 g6 Bg2 Bg7 O-O O-O Qb3 Kh8 Rd1 Na6 Qa3 Qe8 d5 Ne4 Nbd2 Nac5 Nxe4 fxe4 Ng5 e6 Be3 exd5 cxd5 Bf5 Bxc5 dxc5 Qxc5 h6 Ne6 Bxe6 dxe6 Qxe6 Qxc7 Rf7 Qc2 Re8 e3 h5 Rd2 h4 Rad1 hxg3 hxg3 Kh7 Rd6 Qe7 Rd7 Qxd7 Rxd7 Rxd7 Bxe4 Re6 b4 b6 Kg2 Rf6 g4 Re7 g5 Rfe6 f3 Rd6 Kh3 Red7 Kg4 Re7 Qh2+
FIDE-Wch k.o. g/15+10,Las Vegas,1999.08.05,2.5,"Topalov, Veselin","Ponomariov, Ruslan",1-0,D27,Nf3 d5 d4 Nf6 c4 dxc4 e3 e6 Bxc4 a6 O-O c5 dxc5 Bxc5 Qxd8+ Kxd8 Nbd2 Ke7 Be2 Nbd7 b3 b6 Ne1 Ne5 Bb2 Rd8 Rd1 Bd6 Nef3 Nc6 Nc4 Bc5 Rxd8 Nxd8 Nfe5 Bb7 Nd3 Nc6 Rc1 Nd7 Nxc5 bxc5 Rd1 Rb8 Bxg7 Rg8 Bb2 Nb4 f3 Nxa2 e4 Nb4 Kf2 Bc6 Ne5 Rb8 Bc3 f6 Nxd7 Bxd7 Bxf6+ Kxf6 Rxd7 Nc6 Rxh7 Rxb3 Bxa6 Nd4 Rc7 Rc3 h4 e5 Kg3 Rc2 Rc8 Ne6 Rc6 Ke7 h5 Nf4 Kg4 Rxg2+ Kf5 Nxh5 Rh6 Nf4 Kxe5 Ng6+ Kf5 Kf7 Rh7+ Kg8 Rh1 Kg7 f4 Ne7+ Ke6 Nc6 f5 Nd4+ Ke5 Nf3+ Kf4 Nd4 Bc4 Rc2 Bd5 Rf2+ Ke5 Nf3+ Kd6 Nd4 Rh5 Kf6 e5+ Kg7 f6+ Kg6 Rh1 Nf5+ Ke6 Nd4+ Ke7 Nf5+ Kd7 Rd2 Rg1+ Kh7 f7 Rxd5+ Ke6 Rd8 Kxf5 c4 Ke4
FIDE-Wch k.o. g/15+10,Las Vegas,1999.08.05,2.6,"Dolmatov, Sergey","Kortschnoj, Viktor",0-1,B40,e4 e6 d3 c5 Nf3 Nc6 c3 d5 Nbd2 e5 exd5 Qxd5 Be2 Nf6 O-O Bd6 Ng5 Be7 Nc4 Qd8 Bf3 Nd5 Be4 h6 Qf3 Nf6 Bxc6+ bxc6 Ne4 Qd5 Ne3 Qe6 Ng3 g6 Nc4 Nd7 Re1 Rb8 b3 Ba6 Qe2 h5 f4 h4 Nf1 Bxc4 bxc4 exf4 Bxf4 Qxe2 Rxe2 Rb7 Rae1 Nf8 d4 cxd4 cxd4 Ne6 Be5 O-O d5 cxd5 cxd5 Bc5+ Kh1 Nd4 Re4 Nf5 Rc4 Bf2 Re2 Bb6 g4 hxg3 hxg3 f6 Bb2 Rd7 g4 Nh4 Rd2 Rh7 Rh2 g5 Rc1 Rd7 Rd1 Kf7 Rh3 Re8 Rhd3 Re4 Nh2 Re2 R3d2 Rde7 Rxe2
FIDE-Wch k.o. g/25+10,Las Vegas,1999.08.05,2.3,"Andersson, Ulf","Zvjaginsev, Vadim",1/2-1/2,D43,Nf3 d5 d4 Nf6 c4 e6 g3 dxc4 Qa4+ c6 Qxc4 b5 Qd3 Bb7 Bg2 Nbd7 O-O a6 Nc3 c5 dxc5 Bxc5 Bf4 O-O Rad1 Qb6 Ng5 Bxg2 Kxg2 Qb7+ Qf3 Qxf3+ Nxf3 Rac8 Bd6 Rfe8 Bxc5 Nxc5 Rd4 e5 Rdd1 Nce4 Nxe4 Nxe4
FIDE-Wch k.o. g/25+10,Las Vegas,1999.08.05,2.3,Peng Xiaomin,"Almasi, Zoltan",0-1,C67,e4 e5 Nf3 Nc6 Bb5 Nf6 O-O Nxe4 d4 Nd6 Bxc6 dxc6 dxe5 Nf5 Qxd8+ Kxd8 Nc3 Ke8 h3 Ne7 Re1 Ng6 Ne4 c5 c4 Be6 b3 h6 Be3 b6 Rad1 Be7 Nc3 Bd8 Bc1 c6 Ne4 Bc7 Bb2 Ke7 Nd6 Rhd8 Rd2 Rd7 Red1 Rad8 Kf1 Kf8 Ne4 Rxd2 Rxd2 Rxd2 Nexd2 Nf4 Ne1 Bf5 h4 Ng6 Nef3 Bd3+ Ke1 Ke7 h5 Nf4 g4 Ke6 Bc3 Bc2 Nf1 Be4 N1h2 Nd3+ Ke2 Nc1+ Ke3 Bh7 g5 Nxa2 Bb2 Bf5 gxh6 gxh6 Kf4 Nb4 Ne1 f6 Nhf3 a5 Bc3 b5 Ke3 fxe5 Ke2 Bg4 Ke3 Bxh5 Bb2 Bg6
FIDE-Wch k.o. g/25+10,Las Vegas,1999.08.05,2.3,"Antonio, Rogelio Jr","Akopian, Vladimir",1/2-1/2,B04,e4 Nf6 e5 Nd5 d4 d6 Nf3 g6 Bc4 c6 Nc3 Nxc3 bxc3 d5 Bd3 Bg4 h3 Bxf3 Qxf3 e6 Rb1 b5 O-O Nd7 a4 a6 Ra1 Bg7 h4 O-O Bg5 f6 exf6 Nxf6 Qh3 Qd7 Rfe1 Rae8 axb5 axb5 Re3 e5 Rxe5 Qxh3 gxh3 Rxe5 dxe5 Ne4 Bxe4 dxe4 Ra6 Bxe5 Rxc6 Rf3 Re6 Bxc3 Rxe4 Bg7 Be3 Rf8 Rb4 Rc8 Rxb5 Rxc2 Rb8+ Kf7 Rb7+ Kg8 Kg2 h5 Rd7 Rc4 Bg5 Ra4 Rd8+ Kh7 Rd7 Kg8 Kg3 Rb4 Kf3 Ra4 Bf4 Ra3+ Kg2 Ra4 Kf3 Ra3+ Be3 Bf6 Kg3 Ra4 Bg5 Be5+ f4 Ra3+ Kg2 Bg7 Be7 Rb3 Ra7 Rb2+ Kf3 Rb3+ Ke4 Rxh3 f5 gxf5+ Kxf5 Rg3 Bg5 Kh7 Bf4 Rg4 Be5 Kg8 Bf4 Rxh4 Ke4
FIDE-Wch k.o. g/25+10,Las Vegas,1999.08.05,2.3,"Lautier, Joel","Sakaev, Konstantin",1/2-1/2,D18,d4 d5 c4 c6 Nf3 Nf6 Nc3 dxc4 a4 Bf5 e3 e6 Bxc4 Bb4 O-O O-O Nh4 Nbd7 Nxf5 exf5 Qc2 g6 f3 Rc8 Kh1 c5 d5 Nb6 Ba2 c4 e4 fxe4 fxe4 Ng4 Qe2 Ne5 Be3 a6 Bd4 Bd6 Rad1 Nbd7 b3 cxb3 Bxb3 Qa5 Qb2 Rfe8 h3
FIDE-Wch k.o. g/25+10,Las Vegas,1999.08.05,2.3,"Nisipeanu, Liviu Dieter","Azmaiparashvili, Zurab",1/2-1/2,B09,e4 d6 d4 g6 Nc3 Bg7 f4 Nf6 Nf3 O-O Be3 Nbd7 e5 Ng4 Bg1 c5 e6 fxe6 Ng5 Ndf6 dxc5 Qa5 Be2 Nh6 Qd2 dxc5 O-O-O Nf7 Nxf7 Kxf7 Bc4 a6 Qe3 Qb4 Qxc5 Qxc5 Bxc5 b5 Bb3 Nd7 Ne4 Bh6 g3 Nxc5 Nxc5 g5 f5 g4+ Kb1 Be3 Nxe6 Bxe6 Bxe6+ Kf6 Rhe1 Bc5 Re4 Rad8 Rxd8 Rxd8 c3 h5 Kc2 Kg5 b4 Bd6 Rd4 Rh8 Kb3 h4 f6 Kxf6 Bxg4 hxg3 hxg3 Bxg3 Rd7 Rh4 Bf3 Be5 Rd3 Rh3 Be4 Rxd3 Bxd3 Ke6 Be4 Kd6 Bb7 a5 bxa5 Kc5 Be4 Bc7 a6 Kb6 Bd3 Kxa6 a4 Kb6 Bxb5 Bd6
FIDE-Wch k.o. g/25+10,Las Vegas,1999.08.05,2.3,"Khalifman, Alexander","Kamsky, Gata",1-0,D37,Nf3 d5 d4 Nf6 c4 e6 Nc3 Be7 Bf4 O-O e3 Nbd7 Qc2 a6 cxd5 exd5 Bd3 c6 h3 Re8 g4 Nf8 O-O-O Be6 Ng5 Rc8 Nxe6 fxe6 g5 Nh5 Be5 Bxg5 f4 Bh6 Rhg1 Kh8 Rg4 Nf6 Rdg1 N8d7 Rh4 Qe7 Kb1 c5 Qf2 Rf8 Qg3 cxd4 Bxd4 Rce8 Bc2 b5 a3 Rf7 e4 b4 e5 bxc3 exf6 Nxf6 Bxc3 Rd8 Be5 d4 Qd3 Rc8 Bxf6 gxf6 Rxh6 e5 fxe5 fxe5 Qxa6 Rb8 Qe6 Rd8 Qxe7 Rxe7 Be4 d3 Rc6 d2 Rd1 Rd4 Bf3 e4 Be2 e3 Rg1 Re8 Rc3 Rf4 Kc2 Rf2 Kd1 Rh2 b4 Rxh3 b5 Rh6 a4 Rh4 Rc4 Rxc4 Bxc4 Rc8 Rg4 h5 Re4 Kg7 b6 Rc6 a5 Rc5 b7 Rxa5 Rxe3 Ra1+ Kxd2 Rb1 Rb3
FIDE-Wch k.o. g/25+10,Las Vegas,1999.08.06,3.4,"Bareev, Evgeny","Akopian, Vladimir",1/2-1/2,D43,d4 d5 c4 c6 Nf3 Nf6 Nc3 e6 Bg5 h6 Bh4 dxc4 e4 g5 Bg3 b5 Be2 Nbd7 d5 cxd5 exd5 Nb6 dxe6 Qxd1+ Rxd1 Bxe6 Be5 Bg7 Nxb5 O-O O-O Nfd5 Bxg7 Kxg7 Nfd4 a6 Nxe6+ fxe6 Nd4 Kf6 Rfe1 e5 Nf3 Rad8 Bf1 Rfe8 Nd2 Nb4 Nxc4 Nxc4 Bxc4 a5 g3 g4 Kg2 h5 h3 Nc2 Rh1 gxh3+ Kxh3 e4 Be2 e3 Rdf1 Rd2 Rh2 Kg5 f4+ Kh6 Rd1 Red8 Rhh1 R8d4 Bf3 e2 Rc1 R4d3 Be4 e1=Q Rhxe1 Nxe1 Rxe1 Rd6 Bf3 Rf2 Re3 Rxb2 Re5 Rxa2 Rxh5+ Kg7 Rb5 Rh6+ Bh5 Rf6 Rb7+ Kh6 Bf3 Ra3 Kg2 Ra2+ Kg1 Ra3 Kf2 Ra2+ Kf1 Ra3 Kf2 Ra2+ Ke3 Ra3+ Ke4 Re6+ Kf5 Rxf3 Kxe6 Rxg3 Ra7 Re3+ Kf6 Rb3 Ra6 a4 f5 a3 Ra4 Kh7 Ra7+ Kh6 Ra8 Kh7 Ra5 Rb6+ Kg5 Kg7 Rxa3 Kf7 Ra7+ Kf8 Rh7 Kg8 Rd7 Kf8 Kf4 Ra6 Ke5 Rb6 Rh7 Ra6 Kf4 Rb6 Ke4
FIDE-Wch k.o.,Las Vegas,1999.08.06,3.1,"Bareev, Evgeny","Akopian, Vladimir",1/2-1/2,D46,d4 d5 c4 c6 Nc3 Nf6 e3 e6 Nf3 Nbd7 Qc2 Bd6 Bd3 dxc4 Bxc4 O-O O-O Qe7 h3 e5 Bb3 Bc7 Bd2 h6 Nh4 Rd8 Nf5 Qf8 Rad1 exd4 exd4 Nb6 Rfe1 Nbd5 Bxd5 Bxf5 Bxf7+ Qxf7 Qxf5 Rxd4 Be3 Rxd1 Rxd1 Bb6 Bxb6 axb6 Rd4 b5 a3 Re8 g4 Qb3 Rb4 Qf7 Rd4 Qb3 Rb4 Qf7 Rd4
FIDE-Wch k.o.,Las Vegas,1999.08.06,3.1,"Beliavsky, Alexander G","Short, Nigel D",0-1,E34,d4 Nf6 c4 e6 Nc3 Bb4 Qc2 d5 cxd5 Qxd5 Nf3 Qf5 Qb3 Nc6 a3 Ba5 e3 O-O Qb5 e5 Bd3 Qg4 O-O a6 Qb3 Bxc3 Qxc3 e4 Ne5 Nxe5 dxe5 Nd5 Qd4 exd3 Qxd5 Be6 Qxd3 Bc4 Qd1 Be2 f3 Bxd1 fxg4 Bxg4 Bd2 Rfd8 Bc3 c5 Rac1 Rd3 Kf2 Rad8 Ba5 R8d5 Bb6 Rb3 Bxc5 Rxb2+ Kg3 Be6 Rcd1 h5 Bd4 h4+ Kf3 Rb3 a4 Ra5 Ra1 Bd7 Rfc1 Bc6+ Kg4 Rb4 Kxh4 Rxe5 g4 Rd5 a5 Rbb5 Bc3 Rd3 Bd4 Rd2 Kg3 Rg2+ Kh3 Rf2 Rg1 f6 Bc3 Rb3 Rac1 g5 Bd4 Kf7 Rc5 Ra3 Ra1 Rf3+ Kg2 Rfxe3+ Kf2 Rf3+ Kg1 Rad3 Bf2 Rd2 Bg3 Rb3 Rf5 Rg2+ Kf1 Rbb2 Rf2 Rbxf2+ Bxf2 Rxg4 Ra3 Kg6 Bb6 Rf4+ Kg1 Rc4 Ra2 f5 Bd8 Rc1+ Kf2 Rh1 Ke3 f4+ Kd3 Kf5 Rd2 g4 Bc7 Be4+ Kd4 Rc1 Bd6 Rc6 Bb8 Rc8 Bd6 Rd8 Kc3 Bf3 Rd4 Rxd6 Rxd6 g3 Kd4
FIDE-Wch k.o.,Las Vegas,1999.08.06,3.1,"Almasi, Zoltan","Adams, Michael",1/2-1/2,E13,d4 Nf6 c4 e6 Nf3 b6 Nc3 Bb4 Bg5 Bb7 e3 h6 Bh4 Bxc3+ bxc3 d6 Nd2 Nbd7 f3 Qe7 Qa4 e5 e4 O-O Bd3 Qe6 O-O Nh5 Rfe1 Nf4 Bc2 a6 Bg3 Rfb8 Rad1 Qe7 Qa3 Qg5 Nf1 Nh5 Ba4 b5 Bb3 bxc4 Bxc4 Nb6 Bd3 Nxg3 hxg3 Bc6 Kf2 Ba4 Rd2 Bb5 Ne3 h5 dxe5 Bxd3 Rxd3 Qxe5 Re2 g6 Rd4 Qe8
FIDE-Wch k.o.,Las Vegas,1999.08.06,3.1,"Magem Badals, Jorge","Polgar, Judit",1/2-1/2,B90,e4 c5 Nf3 d6 d4 cxd4 Nxd4 Nf6 Nc3 a6 f3 Qb6 Nb3 e6 Qe2 Nc6 Be3 Qc7 g4 b5 Qg2 Ne5 O-O-O h6 h4 Bb7 g5 hxg5 hxg5 Rxh1 Qxh1 b4 Ne2 Nfd7 Ned4 Nc5 Kb1 O-O-O Be2 d5 exd5 Rxd5 Qf1 Ned7 f4 Kb8 Bf3
FIDE-Wch k.o.,Las Vegas,1999.08.06,3.1,"Rublevsky, Sergei","Dreev, Alexey",1/2-1/2,B18,e4 c6 d4 d5 Nd2 dxe4 Nxe4 Bf5 Ng3 Bg6 Bc4 e6 N1e2 Nf6 Nf4 Bd6 c3 Nbd7 Qf3 Nb6 Bb3 Nbd5 Nxg6 hxg6 Bg5 Qc7 Bxd5 Nxd5 Ne4 Be7
FIDE-Wch k.o. g/15+10,Las Vegas,1999.08.06,3.5,"Gelfand, Boris","Lautier, Joel",1-0,D46,d4 d5 c4 c6 Nc3 Nf6 e3 e6 Nf3 Nbd7 Qc2 Bd6 Bd3 O-O O-O h6 b3 b6 Bb2 Bb7 Rad1 Qc7 e4 dxe4 Nxe4 Nxe4 Bxe4 Be7 Rfe1 Rfe8 Qc3 Rad8 Bb1 Bf6 Ne5 c5 Qc2 Nf8 f4 cxd4 Bxd4 Rd6 c5 bxc5 Qxc5 Qxc5 Bxc5 Rxd1 Rxd1 a6 b4 Bd5 a4 Bb3 Rd6 Bxa4 Rxa6 Bb5 Ra5 Rb8 Ba7 Rc8 Rxb5 Rc1+ Kf2 Rxb1 Rb8 Be7 Nc6 Bd6 Rd8 Rd1 Bb8 Rd2+ Ke3 Bxb4 Rxd2 Bxd2+ Kxd2 g5 Bd6 Nd7 Ke3 Kg7 Be7 f6 Bd6 Kg6 Kf3 Nb6 Nd8 Nc4 Bc7 Nd2+ Ke2 Ne4 Nxe6 Kf5 Nd4+ Kg4 h3+ Kh5 Nf5 Kg6 Ne3 gxf4 Bxf4 h5 Nc4 Kf5 Kf3 Nc5 Ne3+ Kg6 Nd5 Kf5 Bd2 Nd3 Nf4 Ne5+ Kg3 Nc4 Bc1 Kg5 Nd5+ Kg6 Kh4 Nd6 Nf4+
FIDE-Wch k.o. g/25+10,Las Vegas,1999.08.06,3.4,"Shirov, Alexei","Milos, Gilberto",1-0,B81,e4 c5 Nf3 d6 d4 cxd4 Nxd4 Nf6 Nc3 a6 Be3 e6 g4 h6 f4 Qc7 Bg2 Nc6 h3 Be7 Qe2 Bd7 O-O-O Rc8 Qf2 Na5 Nxe6 fxe6 Bb6 Qb8 Bxa5 O-O Kb1 e5 g5 hxg5 fxg5 Nxe4 Qh4 Rf4 Qh5 Nxc3+ Bxc3 Be6 Be4 Rxe4 Qg6 Bxa2+ Kxa2 Ra4+ Kb3 Rcc4 Rhf1 Rf4 Qe6+ Kf8 Bd2 Qe8 c4 d5 Qxd5 Bxg5 Bxf4 Bxf4 Rde1 b5 Rxf4+
FIDE-Wch k.o. g/25+10,Las Vegas,1999.08.06,3.4,"Nisipeanu, Liviu Dieter","Leitao, Rafael",1-0,B92,e4 c5 Nf3 d6 d4 cxd4 Nxd4 Nf6 Nc3 a6 Be2 e5 Nb3 Be7 O-O O-O Kh1 Qc7 g4 Be6 g5 Nfd7 Nd5 Bxd5 exd5 Nc5 Nxc5 dxc5 a4 c4 f4 Nd7 f5 Bd6 Be3 e4 Qd4 Rac8 g6 Nf6 Bg5 Be5 Qe3 fxg6 fxg6 h6 Bxf6 Rxf6 Rxf6 Bxf6 Qxe4 Qe5 Qxe5 Bxe5 c3 Kf8 Re1 Bf6 Bg4 Rd8 Be6 b5 Bf7 Be7 axb5 axb5 Kg2 b4 Re4 bxc3 bxc3 Rc8 Kf3 Bd6 h3 Rb8 Re6 Rd8 Ke4 Be7 Ke5 Bh4 d6 Bg5 Kd5 Bf6 Kc6 h5 Kc7 Ra8 Rxf6 gxf6 Bd5 Ra5 Bc6
FIDE-Wch k.o. g/25+10,Las Vegas,1999.08.06,3.4,"Leko, Peter","Movsesian, Sergei",1/2-1/2,B48,e4 c5 Nf3 Nc6 d4 cxd4 Nxd4 Qc7 Nc3 e6 Be3 a6 Qd2 b5 O-O-O Bb7 Nxc6 Bxc6 Nd5 Bxd5 exd5 Nf6 d6 Qc6 Be2 Qxg2 f3 Nd5 Rdg1 Qh3 Rg3 Qh4 Rg4 Qd8 Bc5 Rc8 b4 h5 Rd4 Nf6 a4 Rb8 axb5 axb5 Rg1 g6 Bd3 Bh6 f4 Qc8 Kb2 Bg7 c3 O-O f5 exf5 Bxf5 Ra8 Bc2 Ng4 Bb3 Ne5 Qe2 Qa6 Re4 Rfe8 Kc2 Re6 Bd5 Qa4+ Bb3 Qa6 Bd5 Qa4+ Kd2 Qa3 Rc1 Rae8 Bxe6 Rxe6 Rc2 Qa1 Qxb5 Nf3+ Ke3 Bh6+ Kxf3 Qh1+ Rg2 Rxe4 Qb8+ Kh7 Kxe4 Qxg2+ Kd3 Qf1+ Kc2 Qc1+ Kb3 Qd1+ Kc4 Qe2+ Kd5 Qf3+ Kc4 Qe2+ Kb3 Qd1+
FIDE-Wch k.o. g/25+10,Las Vegas,1999.08.06,3.4,"Gelfand, Boris","Lautier, Joel",1/2-1/2,D46,d4 d5 c4 c6 Nc3 Nf6 e3 e6 Nf3 Nbd7 Qc2 Bd6 Bd3 O-O O-O h6 b3 b6 Bb2 Bb7 Rad1 Qc7 e4 dxe4 Nxe4 Nxe4 Bxe4 Rad8 c5 Be7 b4 Ba6 Rfe1 Nf6 Ne5 Nxe4 Qxe4 Rd5 Rc1 Bf6 Ng4 Bg5 Rcd1 Rfd8 Ne3 R5d7 Rc1 Bb5 Bc3 Qb7 f4 Bf6 f5 Rxd4 Bxd4 Rxd4 Qf3 Rxb4 fxe6 fxe6 Nc2 Rb2 Rxe6 Qd7 Rce1 Rb1 Rd6 Rxe1+ Nxe1 Qe7 Qb3+ Kh8 Nf3 Qe2 h3 bxc5 Rxf6 gxf6 Qf7 Qe3+ Kh1 Qc1+ Kh2 Qf4+ Kh1 Qc1+ Kh2 Qf4+
FIDE-Wch k.o. g/25+10,Las Vegas,1999.08.06,3.3,"Movsesian, Sergei","Leko, Peter",1-0,C65,e4 e5 Nf3 Nc6 Bb5 Nf6 O-O Bc5 c3 O-O d4 Bb6 Re1 d6 h3 Bd7 Bg5 h6 Bh4 Nxd4 Nxd4 exd4 Bxd7 dxc3 Nxc3 Qxd7 Bxf6 gxf6 Nd5 Qe6 Qf3 c6 Nxf6+ Kg7 Nh5+ Kh7 Rad1 Rad8 Ng3 Rfe8 b3 Bc5 Nh5 Rf8 g4 Qe5 Kg2 Kh8 Ng3 Rde8 Nf5 Re6 h4 Rfe8 g5 hxg5 hxg5 Rf8 Rh1+ Kg8 Qh5 Qxe4+ Kf1
FIDE-Wch k.o. g/25+10,Las Vegas,1999.08.06,3.3,"Milos, Gilberto","Shirov, Alexei",0-1,C11,e4 e6 d4 d5 Nc3 Nf6 Bg5 dxe4 Nxe4 Be7 Bxf6 Bxf6 Nf3 O-O Qd3 Nd7 O-O-O b6 h4 Bb7 Nfg5 Bxg5+ hxg5 Bxe4 Qxe4 Qxg5+ Kb1 Nf6 Qc6 Qf4 Bd3 Rad8 c3 Rd5 Rh3 Qd6 Qa4 h6 Qxa7 Ra5 Qb7 Nd5 c4 Nb4 a3 Nxd3 Rhxd3 Rf5 R1d2 h5 g3 g6 Qe4 b5 d5 bxc4 Qxc4 exd5 Rxd5 Qe6 Qd4 Rf3 Qc5 c6 Rd6 Qe4+ Ka2 Rc8 Rc2 Rf5 Qc3 c5 Rcd2 Kh7 b3 c4 b4 Rf3 Qd4 Qe1 Rc2 Rxa3+ Kxa3 Ra8+
FIDE-Wch k.o. g/25+10,Las Vegas,1999.08.06,3.3,"Leitao, Rafael","Nisipeanu, Liviu Dieter",1/2-1/2,E15,d4 Nf6 c4 e6 Nf3 b6 g3 Ba6 Nbd2 d5 Bg2 Be7 O-O O-O cxd5 exd5 Ne5 c5 dxc5 bxc5 b3 Re8 Bb2 Bf8 Re1 Bb7 Qc2 Qc7 Nd3 Nbd7 Nf4 Bd6 e3 Rac8 Rac1 d4 Bxb7 Qxb7 Nc4 Bxf4 exf4 Qd5 Qd3 h5 Nd2 h4 Qf3 hxg3 hxg3 Qxf3 Nxf3 Nd5 Rxe8+ Rxe8 Ne5 Nxe5 fxe5 Nb4 Rxc5 Nd3 Rc2 Nxe5 Kg2 Nd3 Rd2 Nxb2 Rxb2 f5 Rd2 Rd8 Kf3 Kf7 Ke2 Ke6 Kd3 Kd5 Rc2 f4 Rc7 fxg3 fxg3 Rf8 Rxg7 Rf3+ Ke2 Rc3 Kd2 a5 Rg5+
FIDE-Wch k.o. g/25+10,Las Vegas,1999.08.06,3.3,"Lautier, Joel","Gelfand, Boris",1/2-1/2,E15,d4 Nf6 c4 e6 Nf3 b6 g3 Ba6 Nbd2 d5 Bg2 Be7 O-O O-O cxd5 exd5 Ne5 Bb7 b3 c5 dxc5 bxc5 Bb2 Re8 Rc1 Na6 Qc2 Bd6 Ndf3 Qe7 e3 Rac8 Qb1 Ne4 Qa1 f6 Nd3 c4 Nf4 Nb4 Bd4 Bxf4 exf4 Nd3 Rc2 Nb4 Rcc1 Nd3 Rc2 Ba6 bxc4 dxc4 Rd1 c3 a3 Qe6 Be3 Qb3 Nd4 Qa4 Bf3 Kh8 Kg2 Nb2 Re1 Bd3 Rcc1 Nc4 Red1 Ncd2 Bg4 Rcd8 Rxc3 Nxc3 Qxc3 Be4+ Kg1 Nf3+ Bxf3 Bxf3 Rb1 Be4 Re1 Rc8 Qb2 Qd7 f3 Ba8 Bf2 Rxe1+ Bxe1 Re8 Bf2 Bd5 Qb4 Qb7 Qc3 Qc8 Qd2 Qc4 Kg2 Bb7 f5 Qd5 Qf4 Qe5 Qd2 h5 Qb4 Bc8 Qb1 Qd5 Qc2 Bd7 h3 Rc8 Qd3 Qc4 Qb1 Bc6 g4 Bd5 Qe1 Qc1 Qe7 Bc4 Kg3 Qh6 Be3 Qh7 Qxa7 hxg4
FIDE-Wch k.o. g/25+10,Las Vegas,1999.08.06,3.3,"Akopian, Vladimir","Bareev, Evgeny",1-0,D23,Nf3 d5 d4 Nf6 c4 c6 Qb3 dxc4 Qxc4 Bf5 Nc3 Nbd7 g3 e6 Bg2 Be7 O-O O-O e3 Ne4 Qe2 Qa5 Bd2 Nxd2 Nxd2 Bg6 e4 Rfe8 h4 Rad8 Nb3 Qh5 Bf3 Qh6 h5
FIDE-Wch k.o. g/15+10,Las Vegas,1999.08.06,3.6,"Lautier, Joel","Gelfand, Boris",0-1,C43,e4 e5 Nf3 Nf6 d4 Nxe4 Bd3 d5 Nxe5 Nd7 Nxd7 Bxd7 O-O Bd6 c4 c6 cxd5 cxd5 Qh5 O-O Qxd5 Bc6 Qh5 g6 Qh3 Ng5 Qg4 Ne6 Be3 h5 Qh3 Bd7 Qf3 Bc6 Qd1 Qh4 h3 Ng5 d5 Nxh3+ gxh3 Qxh3 Re1 Bh2+ Kh1 Bxd5+ f3 Bf4+ Kg1 Bxf3
FIDE-Wch k.o.,Las Vegas,1999.08.06,3.1,"Georgiev, Kiril","Svidler, Peter",1-0,D77,d4 Nf6 Nf3 g6 g3 d5 Bg2 Bg7 O-O O-O c4 dxc4 Na3 c3 bxc3 c5 e3 Nc6 Qe2 Bf5 Rd1 Qa5 Bb2 Be4 Nd2 Bxg2 Nb3 Qb6 Kxg2 cxd4 cxd4 Na5 Nc5 Qc6+ Qf3 b6 Qxc6 Nxc6 Na6 Nd5 Nb5 Rfc8 Ba3 Nb8 Nxb8 Raxb8 Rac1 a6 Na7 Rxc1 Rxc1 f5 Nc6 Rb7 Nd8 Rb8 Nc6 Rb7 Nd8 Rb8 Ne6 Bf6 Kf3 Kf7 Rc6 a5 e4 fxe4+ Kxe4 Nb4 Bxb4 axb4 Nc7 Rb7 Nd5 e6 Nxf6 Kxf6 d5 Ra7 Rxe6+ Kf7 Rxb6 Rxa2 Rxb4 Rxf2 Rb7+ Kf6 Rxh7 Rd2 h3 Rd1 g4
FIDE-Wch k.o.,Las Vegas,1999.08.06,3.1,"Topalov, Veselin","Psakhis, Lev",1-0,A30,Nf3 Nf6 c4 c5 g3 b6 Bg2 Bb7 O-O g6 d4 cxd4 Qxd4 Bg7 Nc3 d6 Rd1 Nbd7 Be3 Rc8 Rac1 O-O Qh4 a6 b3 Rc7 Bh3 Qb8 Bh6 Bxf3 Bxg7 Kxg7 exf3 Ne5 Bg2 b5 cxb5 axb5 Qb4 Rfc8 f4 Ned7 Ne2 Rc2 Rxc2 Rxc2 Rd2 Rc5 Bf3 Qb6 a3 Nb8 Qd4 Qc7 Qb2 b4 axb4 Rb5 Nc3 Rxb4 Nd5 Qa5 Re2 Rb5 b4 Qd8 Nxe7 d5 Re5 Nbd7 Rxd5 Rb6 Rxd7 Qxd7 Nd5 Qd8 Nxb6 Qxb6 b5 Kg8 Bc6
FIDE-Wch k.o.,Las Vegas,1999.08.06,3.1,"Timman, Jan H","Fedorov, Alexei",0-1,E63,d4 Nf6 c4 g6 Nf3 Bg7 g3 O-O Bg2 d6 O-O Nc6 Nc3 a6 b3 Rb8 Nd5 e6 Nxf6+ Qxf6 Bg5 Qf5 Be3 e5 Qd2 Qh5 d5 Ne7 Ng5 h6 Ne4 b6 h4 Kh7 Rad1 Ng8 b4 Bf5 f3 Bxe4 fxe4 Qg4 Kh2 Nf6 Qd3 a5 bxa5 bxa5 c5 Rb2 Bf3 Qc8 Qc3 Qb7 c6 Qb5 Rd2 Rb4 Qd3 Qa4 Rb1 Rfb8 Rxb4 Rxb4 Qc2 Qb5 Qd3 Qb8 Kg2 h5 Rc2 Bh6 Bf2 Rb1 Rc3 a4 Ba7 Qb2 Rc2 Qb4 Qc3 Qb5 Bf2 Qb8 Qa3 g5 hxg5 Bxg5 Be3 Qg8 Rc1 Bxe3 Qxe3 h4 Rxb1 Qxg3+ Kf1 Ng4 Qg1 Nh2+ Qxh2 Qxh2 Rb7 Qh3+ Bg2 Qe3 Rxc7 Kg7
FIDE-Wch k.o.,Las Vegas,1999.08.06,3.1,"Shirov, Alexei","Milos, Gilberto",1-0,C88,e4 e5 Nf3 Nc6 Bb5 a6 Ba4 Nf6 O-O Be7 Re1 b5 Bb3 O-O h3 Bb7 d3 d6 a3 Qd7 Nc3 Rae8 Be3 Bd8 Ne2 Ne7 Ng3 c5 a4 Qc7 axb5 axb5 c4 b4 Ba4 Nc6 Bg5 Nd7 Nf5 Re6 Qd2 h6 Bxc6 Bxc6 Bxd8 Rxd8 Nh2 Nf8 Ng4 Nh7 Ra6 h5 Nge3 g6 Nd5 Bxd5 cxd5 Ree8 Rc6 Qb8 Ne3 Rc8 Ra6 Qc7 Nc4 Red8 f4 Qe7 Qf2 f6 Rea1 Rc7 Qh4 exf4 Qxf4 Rcd7 h4 g5 Qf3 gxh4 Qxh5 Ng5 Qxh4 f5 Qh5 fxe4 dxe4 Qxe4 Ra8 Nf7 Rxd8+ Nxd8 Ra8 Kg7 Qh3 Qd4+ Kh1 Re7 Rxd8 Qxc4
FIDE-Wch k.o.,Las Vegas,1999.08.06,3.1,"Leko, Peter","Movsesian, Sergei",1/2-1/2,B80,e4 c5 Nf3 Nc6 d4 cxd4 Nxd4 Qc7 Nc3 e6 g3 a6 Bg2 Nf6 O-O d6 Re1 Rb8 Nxc6 bxc6 e5 dxe5 Rxe5 Bd6 Re1 O-O b3 Rd8 Qe2 Bb7 Na4 Nd7 Bg5 Re8 Rad1 Bb4 c3 Bf8 Qd2 Nf6 Qf4 Qxf4 Bxf4 Rbd8 Bc7 Rxd1 Rxd1 e5 c4 e4 Rd8 Be7 Rxe8+ Nxe8 Bb6 f5 f3 Nf6 Bc5 Bd8 fxe4 Nxe4 Bxe4 fxe4 Kf2 Bc8 Ke3 Bf5 Kf4 Bg6 Nc3 Bc7+ Ke3 h5 Nxe4 h4 gxh4 Bxh2 Kf3 Bh5+ Kf2 Bg6 Nd2 Be5 Nf3 Bf6 Bd4
FIDE-Wch k.o.,Las Vegas,1999.08.06,3.1,"Leitao, Rafael","Nisipeanu, Liviu Dieter",1/2-1/2,E43,d4 Nf6 c4 e6 Nf3 b6 e3 Bb7 Bd3 Bb4+ Nc3 O-O O-O c5 Na4 cxd4 a3 Bd6 exd4 Bxf3 Qxf3 Nc6 Rd1 Nxd4 Bxh7+ Nxh7 Rxd4 Be5 Re4 Ng5 Bxg5 Qxg5 Rd1 Rad8 Nc3 Qf6 Qh5 Bxc3 Rh4 Qh6 Qxh6 gxh6 bxc3 Kg7 Rhd4 Kf6
FIDE-Wch k.o.,Las Vegas,1999.08.06,3.1,"Lautier, Joel","Gelfand, Boris",1/2-1/2,B87,e4 c5 Nf3 d6 d4 cxd4 Nxd4 Nf6 Nc3 a6 Bc4 e6 Bb3 b5 O-O Be7 Qf3 Qc7 Qg3 O-O Bh6 Ne8 Rad1 Bd7 Nce2 Kh8 Bg5 Bxg5 Qxg5 Nf6 Ng3 Nc6 c3 Na5 Rfe1 Qb6 Nf3 Rad8 e5 dxe5 Nxe5 h6 Qf4 Nc6 Nxd7 Rxd7 Rxd7 Nxd7 Ne4 Qb8 Qxb8 Rxb8 Rd1 Nf6 Nxf6 gxf6 Rd7 Kg8 Rd6 Ne5 f4 Nc4 Rxa6 f5 Kf2 Nxb2 Ke2 Rd8 Rb6 Nd3 Rxb5 Nc1+ Ke1 Nd3+ Ke2 Nc1+ Ke1 Nd3+ Kf1 Nxf4 a4 Rc8 g3 Nd3 Ke2 Nc5 Ke3 Nxa4 Bxa4 Rxc3+ Kd4 Rc7 Ke5 Kg7 Rb4 Rc1 Be8 Rc8 Bd7 Rc2 h4 Re2+ Kf4 Rf2+ Ke3 Ra2 Rb7 Ra3+ Kf2 Kf8 Bc6 Ra6 Bf3 e5 Bd5 Rf6 Kf3 h5 Rb8+ Ke7 Rb7+ Kf8 Rb8+ Ke7 Rh8 Rd6 Bc4 Rc6 Be2 f4 gxf4 Rf6 Rxh5 Rxf4+ Kg3 Kf6 Bg4 Rf1 Bh3 Re1 Rg5 Re3+ Kg4 Ra3 Rf5+ Ke6 Bf1 Rg3+ Kxg3 Kxf5 Bd3+ Kf6 Kg4 Kg7
FIDE-Wch k.o.,Las Vegas,1999.08.06,3.1,"Krasenkow, Michal","Zvjaginsev, Vadim",0-1,D37,d4 Nf6 c4 e6 Nf3 d5 Nc3 Be7 Bf4 O-O e3 Nbd7 a3 c5 dxc5 Nxc5 cxd5 Nxd5 Nxd5 Qxd5 Qxd5 exd5 Be5 Bf5 Rd1 Rac8 Nd4 Bg6 Be2 f6 Bg3 Na4 b3 Nc3 Ra1 Bc5 Ne6 Rfe8 Nxc5 Rxc5 Rc1 d4 Bd6 Rcc8 Bb4 Nxe2 Kxe2 Bc2 Rhe1 dxe3 fxe3 Bxb3 Bc5 Bd5 Bxa7 Bxg2 Bd4 Bc6 Rg1 Kf7 Rg3 Be4 Rgg1 Bc6 Rg3 Bf3+ Kd2 Rxc1 Kxc1 Bc6 Rg4 g5 Rg1 Kg6 Rf1 Re6 Kd2 h5 Ke1 Be4 Rf2 h4 Rb2 Rc6 Ba7 g4 Rb4 Bf3 Kd2 Rd6+ Kc2 Ra6
FIDE-Wch k.o.,Las Vegas,1999.08.06,3.1,"Kortschnoj, Viktor","Kramnik, Vladimir",1/2-1/2,A32,c4 c5 Nf3 Nf6 d4 cxd4 Nxd4 e6 g3 Bb4+ Bd2 Be7 Bg2 Nc6 Bc3 O-O O-O d5 cxd5 Nxd5 Nxc6 bxc6 Bd4 Qa5 Nc3 Rd8 Qc1 Ba6 Rd1 Rac8 Qc2 Bf8 a3 c5 Be5 Nxc3 Bxc3 Qb5 Bf3 Bb7 Bxb7 Qxb7 Qa4 a6 Qc4 Qb5
FIDE-Wch k.o.,Las Vegas,1999.08.06,3.1,"Khalifman, Alexander","Asrian, Karen",1/2-1/2,D58,d4 d5 c4 e6 Nc3 Nf6 Nf3 Be7 Bg5 h6 Bh4 O-O e3 b6 Bd3 Bb7 O-O Nbd7 Bg3 c5 cxd5 Nxd5 Rc1 cxd4 Nxd5 Bxd5 e4 Bb7 Bc7 Qe8 Nxd4 Nc5 Bb5 Qc8 Be5 a6 Qg4 Bg5 f4 f5 exf5 exf5 Bc4+ Kh8 Qh3 Bf6 b4 b5 Be2 Bxe5 fxe5 Qd8 Nxf5 Ne4
FIDE-Wch k.o.,Las Vegas,1999.08.06,3.1,"Ivanchuk, Vassily","Shipov, Sergei",1-0,D80,d4 Nf6 c4 g6 Nc3 d5 Bg5 Bg7 Nf3 Ne4 Bf4 Nxc3 bxc3 c5 e3 O-O cxd5 cxd4 cxd4 Qxd5 Be2 Qa5+ Qd2 Nc6 Qxa5 Nxa5 Bc7 Nc6 Rb1 Be6 Rxb7 Bxa2 Kd2 Bd5 Rb5 Be4 Rc1 Rfc8 Bg3 e6 Ng5 Bxg2 f3 h6 Ne4 Ne7 Rxc8+ Rxc8 Nd6 Rd8 Rb7 Bf8 Rxa7 Nf5 Nxf7 Rc8 Kd3 Nxg3 hxg3 g5 g4 Bg7 Nd6 Rf8 Re7 Bxf3 Bxf3 Rxf3 Rxe6 Bf8 Nc4 Rg3 Ne5 Bg7 Re8+ Kh7 d5 Rg1 Ke4 h5 d6
FIDE-Wch k.o.,Las Vegas,1999.08.07,3.2,"Polgar, Judit","Magem Badals, Jorge",1-0,B14,e4 c6 d4 d5 exd5 cxd5 c4 Nf6 Nc3 e6 Nf3 Bb4 cxd5 Nxd5 Bd2 O-O Bd3 Nc6 O-O Be7 Qe2 Ndb4 Be4 Bf6 Rad1 b6 Bb1 Ba6 Qe4 g6 Rfe1 Ne7 Bh6 Re8 Ne5 Nf5 Bc1 Nd6 Qf4 Rc8 Ng4 Bg7 Nh6+ Kf8 Qg3 Nd5 Nxd5 exd5 Rxe8+ Kxe8 Re1+ Kf8 Bf4 Rc6 h4 Bb7 Qf3 Qf6 Qe3 Qd8 Qa3 Bxd4 Qf3 Rc7 h5 Ne4 Ng4 Rd7 hxg6 hxg6 Be5 Bc5 Qh3 Qg5 Qh8+ Ke7 Bf6+ Qxf6 Qxf6+
FIDE-Wch k.o.,Las Vegas,1999.08.07,3.2,"Shipov, Sergei","Ivanchuk, Vassily",0-1,E39,d4 Nf6 c4 e6 Nc3 Bb4 Qc2 c5 dxc5 O-O a3 Bxc5 Nf3 b6 Bg5 Bb7 e3 h6 Bh4 Be7 Rd1 d6 Be2 a6 O-O Qc7 Rd2 Nbd7 Rfd1 Rfd8 Qb1 Nc5 Rc2 Rac8 Nd4 Nce4 Bf3 Nxc3 Rxc3 Bxf3 gxf3 Qb7 Kg2 g5 Bg3 g4 h3 gxf3+ Kh2 Kh8 Rcc1 Rc5 b4 Rh5 Rh1 Rg8 Qd3 Rxg3 Kxg3 Rg5+ Kh4 Ne4
FIDE-Wch k.o.,Las Vegas,1999.08.07,3.2,"Short, Nigel D","Beliavsky, Alexander G",1/2-1/2,B07,e4 d6 Nc3 g6 d4 Nf6 Be3 c6 Nf3 Nbd7 a4 Bg7 Be2 O-O O-O b6 Re1 Bb7 h3 Qc7 a5 Rad8 axb6 axb6 Bf1 b5 b4 Ra8 Qd2 Rfd8 Bh6 Bxh6 Qxh6 e5 Rad1 Ra3 Re3 Rda8 Qh4 Ra1 Ree1 Rxd1 Rxd1 Kg7 Bd3 Re8 Qg5 Nf8 dxe5 dxe5 Ne2 h6 Qe3 Ne6 Nd2 Rd8 Rb1 Qd6 Qb6 Bc8 Nf3 Bd7 Qa6 Be8 Qa1 Nd7 h4 h5 g3 f6 Qa7 Bf7 Qe3 Ra8 c3 Nb6 Ne1 Qc7 f4 exf4 gxf4 Ra2 Ng2 Na4 f5 Nf8 fxg6 Bxg6 Ngf4 Qe5 Rc1 Nb2 Bb1 Nc4 Qg3 Ra1 Nd4 Qe8 e5 Nxe5 Nxh5+ Kh8 Nxf6 Qe7 Rf1 Qg7 Bxg6 Rxf1+ Kxf1 Qxf6+ Bf5 Ne6 Qf2 Nxd4 cxd4 Nc4 Kg1 Qe7 Qf4 Qe1+
FIDE-Wch k.o.,Las Vegas,1999.08.07,3.2,"Nisipeanu, Liviu Dieter","Leitao, Rafael",1/2-1/2,B92,e4 c5 Nf3 d6 d4 cxd4 Nxd4 Nf6 Nc3 a6 Be2 e5 Nb3 Be7 O-O O-O Kh1 Be6 f4 Qc7 f5 Bc4 g4 d5 g5 Nxe4 Nxd5 Bxd5 Qxd5 Qxc2 Bd3 Nf2+ Rxf2 Qxf2 Qe4 g6 f6 Bc5 Bd2 Ba7 Qxb7 Nd7 Rf1 Nc5 Rxf2 Nxb7 Re2 Nc5 Nxc5 Bxc5 Ba5 Bd4 b3 Rac8 Bc4 Rfe8 Kg2 e4 h4 e3 Be1 Rc6 Bg3 h6 Bf4 Rc5 Kf3 a5 a4 Rf5 Bd3 Rc5 Bc4 Rf5 Bd3 Rd5 Bc4 Rc5 Bb5 Rd8 Bc4 Rdc8 Ba6 Rd8 Bc4 Bc3 Rxe3 hxg5 hxg5 Bd2 Re7 Rf5 Bxf7+ Kf8 Bxg6 Rxf4+ Kg3 Rfd4
FIDE-Wch k.o.,Las Vegas,1999.08.07,3.2,"Movsesian, Sergei","Leko, Peter",1/2-1/2,B18,e4 c6 d4 d5 Nd2 dxe4 Nxe4 Bf5 Ng3 Bg6 Bc4 e6 N1e2 Nf6 O-O Bd6 Nf4 Qc7 Nxg6 hxg6 a4 Nbd7 c3 Bf4 Qf3 Bxc1 Raxc1 O-O Rfe1 c5 Bb5
FIDE-Wch k.o.,Las Vegas,1999.08.07,3.2,"Milos, Gilberto","Shirov, Alexei",1-0,C11,e4 e6 d4 d5 Nc3 Nf6 Bg5 dxe4 Nxe4 Be7 Bxf6 Bxf6 Nf3 O-O Qd3 Nd7 O-O-O Be7 h4 Nf6 Nfg5 Nxe4 Qxe4 g6 Bc4 Rb8 Qe3 Bf6 f4 b5 Bb3 a5 h5 Bxg5 hxg6 fxg6 fxg5 Qe7 Rdf1 Bd7 a3 a4 Ba2 Rxf1+ Rxf1 Rf8 Rxf8+ Kxf8 Qf4+ Ke8 Kd2 b4 Qe5 Kd8 Qh8+ Be8 Qf6 bxa3 bxa3 Qxf6 gxf6 Kd7 d5
FIDE-Wch k.o.,Las Vegas,1999.08.07,3.2,"Svidler, Peter","Georgiev, Kiril",1/2-1/2,B90,e4 c5 Nf3 d6 d4 cxd4 Nxd4 Nf6 Nc3 a6 Be3 Ng4 Bg5 h6 Bh4 g5 Bg3 Bg7 h3 Ne5 Nf5 Bxf5 exf5 Qa5 Qd5 Nbc6 Qxa5 Nxa5 Nd5 Rc8 O-O-O e6 Ne3 Ke7 Be2 h5 Rhf1 d5 f4 gxf4 Bxf4 Nac4 Bg5+ Kd6 Bxc4 Nxc4 fxe6 fxe6 Nxc4+ Rxc4 Rf7 Rg8 h4 Be5 Re1 Rg7 Rf3 Rgc7 Re2 Bg7 g3
FIDE-Wch k.o.,Las Vegas,1999.08.07,3.2,"Zvjaginsev, Vadim","Krasenkow, Michal",1/2-1/2,A55,d4 Nf6 Nf3 d6 c4 Nbd7 Nc3 e5 e4 Be7 Be2 O-O O-O c6 Qc2 a6 Rb1 b5 dxe5 Nxe5 cxb5 axb5 a3 Nxf3+ Bxf3 Bb7 Bg5 Nd7 Bxe7 Qxe7 Rbd1 Nc5 Ne2 g6 Nd4 Qe5 b4 Rxa3 bxc5 dxc5 Qc1 b4 Nc2 Ra2 Ne3 Ba6 Rfe1 h5 Nc4 Qe6 Nb6 c4 e5 Kg7 Nd7 Ra8 Nc5 Qe7 Nxa6 c3 Nxb4 Qxb4 Qe3 c2 Rc1 R8a3 Qe2 Qc3 Be4 Qxe5 Bxc2 Qc5 Qd1 Rc3 Re2
FIDE-Wch k.o.,Las Vegas,1999.08.07,3.2,"Psakhis, Lev","Topalov, Veselin",1/2-1/2,B92,e4 c5 Nf3 d6 d4 cxd4 Nxd4 Nf6 Nc3 a6 Be2 e5 Nb3 Be7 O-O O-O Kh1 b6 a4 Bb7 f3 Nc6 Bg5 Nb4 Nb1 h6 Bxf6 Bxf6 Na3 Qc7 c3 Nc6 Nc4 Rad8 Qd3 Bg5 Ne3
FIDE-Wch k.o.,Las Vegas,1999.08.07,3.2,"Akopian, Vladimir","Bareev, Evgeny",1/2-1/2,D10,d4 d5 c4 c6 Nc3 Nf6 e3 a6 Qc2 b5 b3 Bg4 Nge2 Nbd7 h3 Bh5 Nf4 Bg6 Nxg6 hxg6 Be2 e6 O-O Bd6 e4 b4 exd5 bxc3 dxc6 Nb8 Bf3 Qc7 d5 O-O Be3 exd5 cxd5 Rd8 Rad1 a5 Qxc3 Nbd7 g3 Nb6 Qc2 Be5 Qc5 Nc8 Rfe1 Bd6 Qc2 Re8 Kg2 Ne7 Bc5 Nf5 Bxd6 Nxd6 Qd2 Rab8 Rxe8+ Nfxe8 Re1 Kf8 Qc3 Qa7 h4 Nf6 Qe5 Qc7 Qc3 Qb6 Qe5 Qc7 Qc3 Qb6
FIDE-Wch k.o.,Las Vegas,1999.08.07,3.2,"Kramnik, Vladimir","Kortschnoj, Viktor",1-0,D26,Nf3 d5 d4 e6 c4 dxc4 e3 Nf6 Bxc4 c5 O-O Nc6 Qe2 cxd4 Rd1 Be7 exd4 Na5 Bb5+ Bd7 Ne5 Nc6 Nc3 O-O Qf3 Nd5 Nxd5 exd5 Qxd5 Nxe5 Qxe5 Bf6 Qe2 Re8 Be3 Bg5 Bc4 Bxe3 fxe3 Qg5 Qf2 Be6 d5 Bf5 d6 Qxe3 Qxe3 Rxe3 Rac1 Rd8 Bd5 Be6 Rc7 Kf8 Kf2 Re5 Bf3 Ra5 a3 Ra6 Rxb7 Raxd6 Rxd6 Rxd6 Ke3 a6 a4 Bc4 b4 g5 Rc7 Bb3 a5 Ba4 Be2 h6 Bc4 f5 Rf7+ Ke8 Rxf5
FIDE-Wch k.o.,Las Vegas,1999.08.07,3.2,"Adams, Michael","Almasi, Zoltan",1-0,C67,e4 e5 Nf3 Nc6 Bb5 Nf6 O-O Nxe4 d4 Nd6 Bxc6 dxc6 dxe5 Nf5 Qxd8+ Kxd8 Nc3 Ke8 h3 Ne7 Ne4 Ng6 Re1 c5 a4 h6 a5 Bf5 h4 Be7 Nd6+ cxd6 exd6 Be6 dxe7 Nxe7 Ne5 Nf5 Ra4 Ke7 Rf4 Rac8 b4 b6 bxc5 bxc5 Ba3 g5 Rfe4 Nxh4 Nxf7 Kxf7 Rxe6 Rhe8 Rxe8 Rxe8 Rxe8 Kxe8 a6 Kd7 Bxc5 Kc6 Bxa7 Kb5 Bc5 Kxa6 Bf8 g4 Bxh6 Nf5 Bg5 Kb5 Bf6 Kc4 Kf1 Kd5 Ke2 Kc4 f3 gxf3+ Kxf3 Kd5 g4 Nd6 Kf4 Ke6 Bd4
FIDE-Wch k.o.,Las Vegas,1999.08.07,3.2,"Gelfand, Boris","Lautier, Joel",1/2-1/2,D46,d4 d5 c4 c6 Nc3 Nf6 e3 e6 Nf3 Nbd7 Qc2 Bd6 Bd3 O-O O-O h6 b3 b6 Bb2 Bb7 Rfd1 Qe7 Qe2 Rfe8 cxd5 exd5 Ba6 Nf8 Rac1 Ng6 Bxb7 Qxb7 Rc2 Re6 Rdc1
FIDE-Wch k.o.,Las Vegas,1999.08.07,3.2,"Asrian, Karen","Khalifman, Alexander",0-1,B74,e4 c5 Nf3 d6 d4 cxd4 Nxd4 Nf6 Nc3 Nc6 Be2 g6 Be3 Bg7 Nb3 O-O O-O Be6 f4 Rc8 Kh1 a6 Bf3 Nd7 f5 Bc4 Be2 Nce5 fxg6 hxg6 Bg5 Nf6 Nd5 Nxd5 exd5 Qc7 c3 Rfe8 Bxc4 Qxc4 Qd2 Qd3 Rad1 Qxd2 Rxd2 Nc4 Rdf2 Be5 h3 f6 Bc1 b5 Rd1 Kf7 g4 a5 Rd3 a4 Nd2 b4 Ne4 bxc3 bxc3 Rb8 Kg2 Rb1 Nd2 Rxc1 Nxc4 Bxc3 Nb6 a3 Rf1 Rc2+ Rf2 Rc1 Rf1 Rxf1 Kxf1 Bb2 Nc4 Rc8 Nxa3 Rc5 Ke2 Bxa3 Rxa3 Rxd5 Ra8 Rb5 Kd3 f5 gxf5 gxf5 Kc4 Rc5+ Kd3 Rc1 a4 Rh1 Rh8 Kg7 Rh4 e5 Kc4 f4 Rh5 Kg6 Rh8 Ra1 Kd5 Rxa4 Kxd6 e4 Rg8+ Kf5 Rf8+ Kg5 Rg8+ Kh4 Ke5 e3
FIDE-Wch k.o.,Las Vegas,1999.08.07,3.2,"Dreev, Alexey","Rublevsky, Sergei",1-0,D20,d4 d5 c4 dxc4 e4 e5 Nf3 exd4 Bxc4 Bb4+ Bd2 Bxd2+ Nbxd2 Qf6 O-O Ne7 e5 Qg6 Nxd4 Nbc6 N2f3 O-O e6 Bxe6 Nxe6 fxe6 Re1 Kh8 Rxe6 Qg4 Qe2 Ng6 h3 Qf5 Bd3 Nf4 Bxf5 Nxe2+ Rxe2 Rxf5 Rd1 Kg8 Rd7 Rf7 Rxf7 Kxf7 Ng5+ Kg8 Re3 Rd8 Ne6 Rd1+ Kh2 Rd7 Rf3 Rf7 Kg3 Ne5 Rxf7 Kxf7 Nxc7 Nd3 Nb5 Nxb2 Nxa7 Ke6 Nb5 Kd5 Nc7+ Kc4 Ne8 b5 Nxg7 Na4 f4 Nc3 f5 Kd5 Kf4 Nxa2 f6 Kd6 Kf5 Nc3 Ne6 Nd5 f7 Ne7+ Ke4
FIDE-Wch k.o.,Las Vegas,1999.08.07,3.2,"Fedorov, Alexei","Timman, Jan H",1/2-1/2,C39,e4 e5 f4 exf4 Nf3 g5 h4 g4 Ne5 d6 Nxg4 Nf6 Nf2 Nc6 d4 Bh6 Nc3 Qe7 Be2 Bd7 Nd5 Nxd5 exd5 Nb4 c4 Bf5 O-O Bc2 Qd2 O-O-O Bf3 Qxh4 Qxb4
FIDE-Wch k.o.,Las Vegas,1999.08.09,4.1,"Topalov, Veselin","Kramnik, Vladimir",1/2-1/2,C42,e4 e5 Nf3 Nf6 Nxe5 d6 Nf3 Nxe4 d4 d5 Bd3 Nc6 O-O Be7 c4 Nb4 Re1 Nxd3 Qxd3 c6 cxd5 cxd5 Qb5+ Qd7 Qb3 O-O Nc3 Nxc3 bxc3 Rd8 Ba3 Bf6 Re3 Qc6 Be7 Re8 Rae1 Bxe7 Rxe7 Bd7 h3 f6 Qa3 a6 Nd2 Rxe7 Rxe7 Re8 Nf1 Rxe7 Qxe7 Qe6 Qd8+ Qe8 Qb6 Bc6 Ne3 h5 Qc7 Qe4 g3 Qb1+ Kg2 Bb5 Qc8+ Kh7 Qf5+ Qxf5 Nxf5 g6 Ne3 g5 h4 Kg6 f3 Bc6 Kf2 Kf7 a3 Ke6 Ke2 Bb5+ Kd2 Bc6 Kc2 Ba4+ Kb2 Bb5 Kc2 Be2 f4 gxh4 gxh4 Bb5 Kb3 Bd3 Kb4 b6 Kb3
FIDE-Wch k.o.,Las Vegas,1999.08.09,4.1,"Shirov, Alexei","Short, Nigel D",1-0,C11,e4 e6 d4 d5 Nc3 Nf6 Bg5 dxe4 Nxe4 Be7 Bxf6 gxf6 Nf3 Nd7 Bc4 c5 O-O O-O Re1 Nb6 Bf1 cxd4 Nxd4 Kh8 c3 e5 Qh5 Nd5 Rad1 exd4 Rxd4 f5 Ng3 Bc5 Rd2 Qb6 Qe2 Nf6 Qe5 Kg8 h3 Re8 Qxe8+ Nxe8 Rxe8+ Kg7 b4 Qc6 Rdd8 Bb6 Rg8+ Kf6 Nh5+ Ke5 Rd3 Qh6 Be2 Qc1+ Rd1 Qxc3 Bf3 Be6 Rxa8 Qxb4 Re8 Bd4 Rd8 Bb6 a3 Qa5 R8d2 f4 Bg4 Bc4 Re1+ Be3 Rdd1 Bb3 Rb1 Bc2 Rb4 f5 Bf3 Be4 fxe3 Bxf3 gxf3 Qxa3 Nxf4 b6 Rd4
FIDE-Wch k.o.,Las Vegas,1999.08.09,4.1,"Polgar, Judit","Zvjaginsev, Vadim",1/2-1/2,B36,e4 c5 Nf3 Nc6 d4 cxd4 Nxd4 g6 c4 Nf6 Nc3 d6 Be2 Nxd4 Qxd4 Bg7 Be3 O-O Qd2 Be6 f3 Qa5 Nd5 Qxd2+ Kxd2 Nxd5 exd5 Bd7 Rab1 e6 Bd3 exd5 cxd5 Rfe8 f4
FIDE-Wch k.o.,Las Vegas,1999.08.09,4.1,"Nisipeanu, Liviu Dieter","Ivanchuk, Vassily",1/2-1/2,B66,e4 c5 Nf3 Nc6 d4 cxd4 Nxd4 Nf6 Nc3 d6 Bg5 e6 Qd2 a6 O-O-O h6 Nxc6 bxc6 Bf4 d5 Qe3 Be7 Be2 O-O Qg3 Kh8 Bc7 Qd7 Be5 Qb7 exd5 cxd5 Rd4 Ne8 Bd3 Bd7 Re1 Bf6 Rg4 Bxe5 Rxe5 Rb8 b3 Rc8 Qh4 f5 Qe7 Kg8 Rb4 Qc7 Rxe6 Rf7 Nxd5 Rxe7 Nxc7 Bxe6 Nxe6 Rxe6 Bxf5 Rcc6 Bxe6+ Rxe6 Rd4 Kf7 Kd2 Nd6 Rf4+ Ke7 c4 a5 f3 Re5 a3 Rc5 Kd3 Re5 b4 g5 Rd4 Re1 bxa5 Ra1 Kc3 Rxa3+ Kb4 Ra2 g4 Ke6 h3 Rb2+ Kc3 Rb1 f4 Rc1+ Kd2 Ra1 f5+ Ke7 c5 Nb5 Re4+ Kf7 Re6 Rxa5 Rxh6 Nd4 Kc3 Nxf5 gxf5
FIDE-Wch k.o.,Las Vegas,1999.08.09,4.1,"Movsesian, Sergei","Fedorov, Alexei",1/2-1/2,B78,e4 c5 Nf3 d6 d4 cxd4 Nxd4 Nf6 Nc3 g6 Be3 Bg7 f3 Nc6 Qd2 O-O Bc4 Bd7 O-O-O Qb8 Nd5 Nxd5 exd5 Ne5 Be2 Rc8 h4 Qc7 b3 b5 Kb1 Rab8 g4 Qc3 Rhg1 Qc7 Bh6 Bh8 h5 Nc4 Bxc4 bxc4 hxg6 hxg6 Rh1 cxb3 cxb3 Qc3 Bg5 Be5 Bxe7 Qxd2 Rxd2 Kg7 Nc6 Bxc6 dxc6 Rxc6 f4 Bxf4 g5 Be5 Rdh2 Rbc8 Rf2 Rh8 Rxh8 Kxh8 Rxf7 Kg8 Rf8+ Kg7 Rf3
FIDE-Wch k.o.,Las Vegas,1999.08.09,4.1,"Khalifman, Alexander","Gelfand, Boris",1/2-1/2,B92,e4 c5 Nf3 d6 d4 cxd4 Nxd4 Nf6 Nc3 a6 Be2 e5 Nb3 Be7 Be3 O-O g4 Be6 g5 Nfd7 Qd2 a5 a4 Nc6 f4 f5 exf5 Bxf5 fxe5 dxe5 O-O-O Nb4 Rhf1 Be6 Rxf8+ Qxf8 Rf1 Qc8 Bb5 Qc7 Bxd7
FIDE-Wch k.o.,Las Vegas,1999.08.09,4.1,"Georgiev, Kiril","Akopian, Vladimir",1/2-1/2,A29,c4 e5 Nc3 Nc6 Nf3 Nf6 g3 g6 d4 exd4 Nxd4 Bg7 Bg2 O-O O-O Re8 Nxc6 dxc6 Bf4 Qe7 Qc1 Qc5 b3 Qh5 e4 Bh3 f3 Rad8 e5 Bxg2 Kxg2 g5 exf6 Bxf6 g4 Qg6 Bg3 Qd3 Nd1 Bxa1 Nf2 Qe2 Qxa1 Re6 Qb1 h6 Bxc7 Rd2 a4 Rb2 Qf5 Rxb3 Rd1 Rb2 Rd8+ Re8 Rxe8+ Qxe8 Be5 Re2 Bd4 Qe6 Qxe6 fxe6 Bxa7 Ra2 c5 Rxa4 Bb6 Kf7 Ne4 e5 Nd6+ Ke6 Nf5 Ra2+ Kg3 Ra3 Kg2 Ra2+ Kg3 Ra3 Nd6 Kd5 Ne4 Kd4 Bc7 Ra1 Kf2 Ra2+ Kg3 Ra1 h3 Ke3 Bxe5 Rf1 Kg2 Rxf3 Nd6 Rf2+ Kg3 Rf3+ Kg2 Rf2+ Kg3 Rf3+ Kg2
FIDE-Wch k.o.,Las Vegas,1999.08.09,4.1,"Adams, Michael","Dreev, Alexey",1/2-1/2,D26,e4 c6 d4 d5 exd5 cxd5 c4 Nf6 Nc3 Nc6 Bg5 e6 Nf3 dxc4 Bxc4 Be7 O-O O-O Re1 a6 Rc1 b5 Bd3 Bb7 Bb1 Rc8 h4 g6 Ne4 Nxe4 Bxe4 Bxg5 hxg5 Qd6 d5 exd5 Bxd5 Nd8 Rxc8 Bxc8 Re3 Ne6 Rd3 Qc7 g3 Bb7
FIDE-Wch k.o.,Las Vegas,1999.08.10,4.2,"Akopian, Vladimir","Georgiev, Kiril",1-0,E12,d4 Nf6 c4 e6 Nf3 b6 a3 Bb7 Nc3 d5 cxd5 Nxd5 Bd2 Nd7 Nxd5 exd5 g3 Be7 Bh3 O-O O-O a5 Rc1 c6 Bg5 Bxg5 Nxg5 Re8 e3 Nf6 Bg2 a4 Re1 g6 e4 dxe4 Nxe4 Nxe4 Rxe4 Rxe4 Bxe4 Qd7 h4 c5 Bxb7 Qxb7 dxc5 bxc5 Qd2 Qe7 Qd5 Rd8 Qxc5 Rd1+ Kh2 Qxc5 Rxc5 Rd2 Kg2 Rxb2 Rc4 h5 Rxa4 Ra2 Kf3 Kg7 Ke3 Ra1 Ra6 Ra2 Ra4 Ra1 Ra6 Ra2 a4 Ra3+ Kd4 f6 Ra7+ Kh6 a5 g5 Kc5 gxh4 gxh4 Ra4 a6 Ra2 Ra8 Kg6 Kb6 Rb2+ Ka7 Rxf2 Rb8 Rf4 Rb5 Rxh4 Kb6 Re4 a7 Re8 Ra5 h4 a8=Q Rxa8 Rxa8 Kg5 Kc5 h3 Rh8 Kg4 Kd4 Kg3 Ke3 Kg2 Ke2 h2 Rg8+ Kh3 Kf2 h1=N+ Kf3 Kh2 Rg2+ Kh3 Rg6 Kh2 Rxf6 Kg1 Rg6+
FIDE-Wch k.o.,Las Vegas,1999.08.10,4.2,"Dreev, Alexey","Adams, Michael",1/2-1/2,E12,d4 Nf6 c4 e6 Nf3 b6 a3 Ba6 Qb3 Be7 Nc3 d5 cxd5 Nxd5 e4 Bxf1 Kxf1 Nxc3 Qxc3 O-O Bf4 c5 dxc5 bxc5 g3 Bf6 Be5
FIDE-Wch k.o.,Las Vegas,1999.08.10,4.2,"Fedorov, Alexei","Movsesian, Sergei",1/2-1/2,A08,e4 c5 d3 Nc6 g3 d5 Nd2 Nf6 Bg2 e5 Ngf3 Be7 O-O O-O c3 Be6 exd5 Nxd5 Re1 f6 d4 cxd4 cxd4 Ndb4 Nb3 Bf5 d5 Nb8 Nh4 Bc2 Qf3 Qd7 a3 e4 Qh5 Nxd5 Nd4 Bd3 Bxe4 Bxe4 Rxe4 Nc6 Nxc6 bxc6 Nf5 Bc5 Qg4 Kh8 Re7 Qxe7 Nxe7 Nxe7 Bd2 Rfd8 Bb4 Bxb4 Qxb4 Ng6 Qa4 Ne5 Rd1 Re8 Kg2 h6 h3 Re7 f4 Ng6 Rd2 Rc8 Qd1 Kh7 Qc2 Rce8 Qf5 Re2+ Rxe2 Rxe2+ Kf3 Rxb2 a4 Rd2 Qc5 Rd3+ Kf2 Rd7 Qxc6 Nf8 h4 Kg8 Qc4+ Kh8 h5 Kh7 Kf3 Kh8 Kg4 Kh7 Qc8 Kg8 Qb8 Kf7 Qb3+ Ke8 Kf5 Re7 Qg8 Rf7 Ke4 f5+ Kd5 Ke7 Kc6 Ke6 Kb5 Kf6 Kc4 Rc7+ Kd3 Rf7 Ke3 Re7+ Kf2 Rf7 Kg2 Ke6 Kf3 Kf6 Kf2 Ke7 Kf1 Ke6 Kg1 Ke7 Kh2 Kf6 Kh3 Ke6 g4 fxg4+ Kxg4 Ke7 f5 Kf6 Kf4 Ke7 Ke4 Kf6 Kd5 Ke7 Kc6 Ke8 Kd6 Rd7+ Kc5 Rf7 Kc4 Rc7+ Kb5 Rf7 Ka6 Rxf5 Qxg7 Rxh5 a5 Rd5 Qxa7 Ne6 Qh7 Rd6+ Kb5 Kd8 Qg8+ Kd7 Qf7+ Kd8 Kb4 Nc7
FIDE-Wch k.o.,Las Vegas,1999.08.10,4.2,"Ivanchuk, Vassily","Nisipeanu, Liviu Dieter",1/2-1/2,E15,d4 Nf6 c4 e6 Nf3 b6 g3 Ba6 Nbd2 d5 Bg2 Be7 O-O O-O cxd5 exd5 Ne5 Bb7 b3 c5 Bb2 Nc6 Nxc6 Bxc6 Rc1 Bb5 dxc5 Bxc5 Nb1 Ba6 a3 Re8 Re1 Ne4 e3 Qg5 f4 Qe7 Be5 Bb7 b4 Bd6 Bxd6 Qxd6 Nc3 Nxc3 Rxc3 a5 Qd4 axb4 axb4 Ra4 Rb1 Qe6 Rb2 h6 Kf2 Ra1 Rc7
FIDE-Wch k.o.,Las Vegas,1999.08.10,4.2,"Kramnik, Vladimir","Topalov, Veselin",1/2-1/2,D28,d4 d5 c4 dxc4 Nf3 e6 e3 Nf6 Bxc4 c5 O-O Nc6 Qe2 a6 Rd1 b5 d5 exd5 Bxd5 Nxd5 e4 Bd6 exd5+ Ne7 a4 b4 Nbd2 O-O Nc4 Re8 Bg5 a5 Re1 Ba6 Qe4 Bxc4 Qxc4 Qc7 Bxe7 Bxe7 b3 Bf6 Rxe8+ Rxe8 Rd1 Rd8 g3 g6 Kg2 Qd6 Qe4 Bc3 Rd3 Kg7 h4 h5 Rd1
FIDE-Wch k.o.,Las Vegas,1999.08.10,4.2,"Zvjaginsev, Vadim","Polgar, Judit",1/2-1/2,E20,d4 Nf6 c4 e6 Nc3 Bb4 Nf3 c5 g3 cxd4 Nxd4 O-O Bg2 d5 cxd5 Nxd5 Qb3 Qb6 Bxd5 exd5 Be3 Bxc3+ Qxc3 Qg6 h4 h5 g4 Bxg4 f3 Rc8 Qd2 Nc6 fxg4 Ne5 gxh5 Qe4 Rg1 Nc4 Qd3 Nxe3 Qxe4 dxe4 Kf2 Nc2 Rad1 Rc5 Nxc2 Rxc2 Rd7 Rxb2 h6 e3+ Kxe3 Re8+
FIDE-Wch k.o.,Las Vegas,1999.08.10,4.2,"Short, Nigel D","Shirov, Alexei",1/2-1/2,C39,e4 e5 f4 exf4 Nf3 g5 h4 g4 Ne5 d6 Nxg4 Nf6 Nxf6+ Qxf6 Nc3 Nc6 Bb5 a6 Bxc6+ bxc6 Qf3 Rg8 d3 Bh6 Qf2 Rb8 Ne2 Rxb2 Bxb2 Qxb2 O-O Qxc2 Rac1 Qxa2 Nd4 Qxf2+ Kxf2 f3 Rxc6 fxg2 Rg1 Kd8 Nf5 Bxf5 exf5 Rg4 Rc4 Rxc4 dxc4 Ke7 Kf3 Kf6 Kg4 Bd2 Rxg2 Bb4 Kf4 a5 Rg8 a4 Rc8 d5 cxd5 h5 Ke4 Bd6 Ra8 a3 Re8 Be5 Ra8 Bd6
FIDE-Wch k.o.,Las Vegas,1999.08.10,4.2,"Gelfand, Boris","Khalifman, Alexander",1/2-1/2,D18,d4 Nf6 Nf3 d5 c4 c6 Nc3 dxc4 a4 Bf5 e3 e6 Bxc4 Bb4 O-O O-O Nh4 Nbd7 f3 Bg6 e4 e5 Nxg6 hxg6 Na2 Ba5 dxe5 Nxe5 Be2 Qe7 Qc2 Ned7 Kh1 Rfe8 Nc3 Qc5 Qb3 a6 Bd2 Rad8 Rad1 Ne5 Be1 Rxd1 Qxd1 Rd8 Qb3
FIDE-Wch k.o. g/25+10,Las Vegas,1999.08.11,4.3,"Ivanchuk, Vassily","Nisipeanu, Liviu Dieter",1/2-1/2,A30,c4 e6 Nc3 c5 Nf3 Nf6 g3 b6 Bg2 Bb7 O-O Be7 d4 cxd4 Qxd4 d6 b3 Nbd7 Nb5 Nc5 Rd1 d5 cxd5 exd5 Ba3 Qd7 Nc3 Ne6 Ne5 Nxd4 Nxd7 Kxd7 Bxe7 Nxe2+ Nxe2 Kxe7 Nd4 Rhd8 Rac1 Rac8 Rxc8 Rxc8 Nf5+ Kf8
FIDE-Wch k.o. g/25+10,Las Vegas,1999.08.11,4.3,"Fedorov, Alexei","Movsesian, Sergei",1/2-1/2,B20,e4 c5 d3 Nc6 g3 g6 Bg2 Bg7 f4 e6 Nf3 Nge7 O-O O-O c3 d6 Be3 b6 Na3 Bb7 Bf2 Qd7 Nc2 f5 exf5 gxf5 d4 cxd4 Ncxd4 Nxd4 Bxd4 Rad8 Bxg7 Kxg7 Re1 Bxf3 Bxf3 Ng6 Qd2 e5 Bd5 Rde8 Rad1 exf4 Rxe8 Rxe8 gxf4 Qe7 Qd4+ Kh6 Bc6 Qe3+ Qxe3 Rxe3 Kf2 Rh3 Rxd6 Rxh2+ Bg2 Rh4 Ke3 Rh2 Kf3 Rh4 Rd4 Rg4 Bh3 Rg1 Kf2 Rb1 Rd2 Nxf4 Bxf5 Rh1 Rd7 Kg5 Bxh7 Rh2+ Kf3 Rxb2 Rxa7 Nd5 Ra3 Kf6 Ke4 Nc7 Kd3 Ke5 Rb3 Rxa2 Rxb6 Rh2 Bg8 Rh3+ Kc2 Rg3 Ba2 Rg2+ Kb1 Rd2 Bc4 Nd5
FIDE-Wch k.o. g/25+10,Las Vegas,1999.08.11,4.4,"Gelfand, Boris","Khalifman, Alexander",1/2-1/2,A14,c4 e6 g3 d5 Bg2 Nf6 Nf3 Be7 O-O O-O b3 b6 Bb2 Bb7 e3 c5 Nc3 dxc4 bxc4 Nc6 Qe2 Rc8 Ne1 Qd7 f4 Na5 Rd1 a6 Nf3 Rfd8 Ne5 Qc7 d3 Bxg2 Qxg2 Nc6 Nf3 Qb7 g4 Nb4 g5 Ne8 Qe2 b5 Ne5 Nc6 Ne4 Bf8 Qg2 Rc7 Qh3 Nxe5 Bxe5 Re7 g6 fxg6 Ng5 h6 Nxe6 Qd7 f5 gxf5 Nxf8 Kxf8 Rxf5+ Kg8 Qf3 Nd6 Bxd6 Qxd6 Rf1 bxc4 dxc4 Qe6 Rxc5 Qxe3+ Qxe3 Rxe3 Rf2 Rc3 Rc6 Rd4 Rxa6 Rdxc4 a3 Kh7 Ra2 Rc1+ Kg2 R4c2+ Rxc2 Rxc2+
FIDE-Wch k.o. g/15+10,Las Vegas,1999.08.11,4.6,"Dreev, Alexey","Adams, Michael",0-1,E34,d4 Nf6 c4 e6 Nc3 Bb4 Qc2 d5 cxd5 Qxd5 Nf3 Qf5 Qd1 e5 e3 exd4 Nxd4 Bxc3+ bxc3 Qa5 Qc2 O-O Be2 c5 Nb3 Qc7 c4 b6 Bb2 Nbd7 O-O Bb7 Qc3 Rfe8 f4 Re7 Rae1 Ne8 Nd2 Ndf6 f5 Rd8 Bf3 Red7 Rf2 Bxf3 gxf3 Rd3 Qc2 Qd7 Nf1 Qxf5 Ng3 Qd7 Bd4 Ra3 Qb2 Rd3 Qb1 Ra3 Bb2 Rd3 Bd4 Ra3 Qb2 Rd3 Qe2 Ra3 Be5 Rd3 Bd4 Ra3 Ba1 Rd3 e4 Rd2 Qe3 Rxf2 Qxf2 Qh3 Qe3 h6 Nf5 Kh7 Qc3 Nh5 Qe3 Nd6 Nxd6 Rxd6
FIDE-Wch k.o. g/25+10,Las Vegas,1999.08.11,4.4,"Adams, Michael","Dreev, Alexey",1/2-1/2,B19,e4 c6 d4 d5 Nd2 dxe4 Nxe4 Bf5 Ng3 Bg6 h4 h6 Nf3 e6 Ne5 Bh7 Bd3 Bxd3 Qxd3 Nf6 Bd2 Nbd7 f4 Bd6 O-O-O Qc7 Rhe1 O-O Qf3 Rad8 Nc4 Rfe8 Ne4 Nxe4 Qxe4 f5 Qf3 Nf6 Kb1 Qf7 Bc1 Bc7 Ne5 Qh5 Qxh5 Nxh5 c3 Nf6 Nd3 Ne4 g4 Kf7 Rg1 g6 h5 gxh5 gxf5 exf5 Rh1 Nf6 Ne5+ Kg7 Bd2 Kh7 Be1 Rc8 c4 Bd6 Bh4 Ne4 Be1 Nf6 Bh4 Ng4 Rh3 Rc7 c5 Bf8 Rdh1 b6 cxb6 axb6 Be1 Nf6 Bh4 Nd5 Bf2 Nxf4 Rf3 Ne6 Rxf5 Ng7 Rf6 Be7 Rxc6 Rxc6 Nxc6 Bf6 d5 Re2 Bd4 Bxd4 Nxd4 Re5 Kc2 Rxd5 Kc3 Kg6 a4 Ne8 Ne2 Rf5 b4 Nf6 Nd4 Rg5 Ra1 h4 a5 Nd5+ Kc4 bxa5 bxa5 Nc7 Nf3 Rh5 a6 h3 a7 Na8 Kd4 h2 Rh1 Ra5 Rxh2 Rxa7 Ne5+ Kh7 Ke4 Rg7 Kf3 Nc7 Ng4 Rg6 Rxh6+ Rxh6 Nxh6 Kxh6 Ke4
FIDE-Wch k.o. g/25+10,Las Vegas,1999.08.11,4.4,"Movsesian, Sergei","Fedorov, Alexei",1/2-1/2,B78,e4 c5 Nf3 d6 d4 cxd4 Nxd4 Nf6 Nc3 g6 Be3 Bg7 f3 Nc6 Qd2 O-O Bc4 Bd7 O-O-O Qb8 h4 b5 Nd5 bxc4 Nxc6 Nxd5 Nxb8 Bxb2+ Kxb2 c3+ Ka1 cxd2 Nxd7 Nxe3 Nxf8 Nxd1 Rxd1 Kxf8 Rxd2 Ke8 Rd3 Rc8
FIDE-Wch k.o. g/15+10,Las Vegas,1999.08.11,4.5,"Adams, Michael","Dreev, Alexey",1-0,B10,e4 c6 d3 d5 Nd2 e5 Ngf3 Bd6 g3 Nf6 Bg2 O-O O-O Re8 b3 a5 a4 Na6 Bb2 Nb4 Re1 Qc7 h3 dxe4 dxe4 b5 Nf1 Bc5 Qe2 Ba6 axb5 cxb5 c3 Nc6 Ne3 b4 c4 Bxe3 Qxe3 Red8 Red1 Rxd1+ Rxd1 Nd7 h4 Bc8 h5 h6 Nh4 a4 bxa4 Nb6 Qc5 Nxa4 Bxe5 Nxc5 Bxc7 b3 Rb1 Nd4 Be5 Nc2 Bf1 Bd7 Nf3 Ba4 Nd2 Rd8 Bc3 Na3 Rb2 Nc2 Rb1 f6 f3 Na3 Rb2 Nd3 Rxb3 Bxb3 Nxb3 Nxc4 Nd4 Ncb2 Nf5 Ra8 Bxb2 Nxb2 Kg2 Kf8 g4 Ra1 Be2 Rc1 Kg3 Rc2 Bb5 Rc5 Be2 Na4 Nd4 Nc3 Ne6+ Ke7 Nxc5 Nxe2+ Kf2 Nf4 Nb3 Kf7 Nd4 Nd3+ Ke3 Ne5 Nf5 Nc4+ Kf4 Ne5 Ke3 Nc4+ Kd4 Ne5 Ke3 Nc4+ Kf2 Ne5 Kg3 Nc4 Nd4 Ke7 Kf4 Kf7 Nc6 Ke6 Nd4+ Ke7 Kg3 Kf8 Kf2 Kf7 Ne2 Ne5 Nf4 Nc4 Ng6 Ke6 Ke2 Nd6 Kd3 Nf7 f4 Nd6 Nh4 Kf7 Nf5 Nb5 Kc4 Nc7 Nd4 Ke7 Kc5 Na6+ Kb5 Nc7+ Kc6 Ne8 e5 fxe5 fxe5 Nf6 Nf5+ Ke6 exf6 Kxf6 Kd6 g6 Ng3 Kg5 Ke6 gxh5 gxh5 Kg4 Kf6 Kxg3 Kg6
FIDE-Wch k.o. g/25+10,Las Vegas,1999.08.11,4.4,"Topalov, Veselin","Kramnik, Vladimir",0-1,A32,c4 c5 Nf3 Nf6 d4 cxd4 Nxd4 e6 g3 Bb4+ Bd2 Be7 Bg2 Nc6 Bf4 O-O Nc3 a6 O-O Nxd4 Qxd4 d6 Qd3 Qc7 Rfd1 Rd8 Rac1 Nh5 Bd2 Rb8 Ne4 Nf6 Nxf6+ Bxf6 Bf4 e5 Be3 Be6 b3 h6 a4 b6 Rc2 Be7 Bd5 Qd7 Bxe6 Qxe6 f3 b5 cxb5 axb5 a5 d5 Bb6 e4 Qxb5 Rd6 fxe4 Bd8 exd5 Bxb6+ axb6 Qe3+ Kf1 Rf6+ Ke1 Rfxb6 Qc5 Qe4 Kf2 Rxb3 d6 R8b5 Rc4 Rf3+ Kg1 Qxe2 Qd4 Rb2
FIDE-Wch k.o. g/25+10,Las Vegas,1999.08.11,4.4,"Polgar, Judit","Zvjaginsev, Vadim",1-0,B83,e4 c5 Nf3 e6 d4 cxd4 Nxd4 Nc6 Nc3 d6 Be2 Nf6 O-O Be7 Be3 O-O f4 Bd7 Qe1 Nxd4 Bxd4 Bc6 Qg3 g6 Bd3 Nd7 Kh1 Bh4 Qh3 e5 Be3 exf4 Bxf4 Ne5 Bxe5 dxe5 Rad1 Bg5 Bc4 Qc8 Rxf7 Qxh3 Rxf8+ Kxf8 gxh3 Rb8 Kg2 b5 Bd5 Be8 Rf1+ Kg7 a3 a5 Ne2 Rb6 Nc1 Bf4 Nd3 g5 h4 Rh6 hxg5 Rxh2+ Kg1 Rxc2 Nxf4 exf4 Rxf4 Rxb2 Rf6 Rb1+ Kf2 Ra1 Ra6 Rxa3 Ra8 Kg6 Rxe8 Kxg5 e5 b4 e6 Rd3 Rg8+ Kf6 Rf8+
FIDE-Wch k.o. g/25+10,Las Vegas,1999.08.11,4.4,"Nisipeanu, Liviu Dieter","Ivanchuk, Vassily",1-0,C45,e4 e5 Nf3 Nc6 d4 exd4 Nxd4 Bc5 Nxc6 Qf6 Qd2 dxc6 Nc3 Qe7 Be2 Nf6 O-O Nxe4 Nxe4 Qxe4 Re1 O-O Bd3 Qd5 b4 Bxf2+ Qxf2
FIDE-Wch k.o. g/15+10,Las Vegas,1999.08.11,4.5,"Fedorov, Alexei","Movsesian, Sergei",0-1,A08,e4 c5 d3 Nc6 g3 d5 Nd2 Nf6 Bg2 g6 Ngf3 Bg7 O-O O-O c3 e5 Qb3 dxe4 dxe4 h6 Re1 Qc7 Nf1 Be6 Qc2 Rfd8 Nh4 Bc4 f4 Bd3 Qf2 c4 h3 Re8 Nd2 Rad8 b4 exf4 gxf4 Nh5 e5 Nxf4 Qxf4 g5 Qf2 gxh4 Nf3 Nxe5 Nd4 Qd7 Qxh4 Ng6 Rxe8+ Rxe8 Qf2 Bxd4 cxd4 Re2 Qf6 Re1+ Kh2 Re6 Qf2 Re2
FIDE-Wch k.o. g/25+10,Las Vegas,1999.08.11,4.3,"Dreev, Alexey","Adams, Michael",1/2-1/2,E34,d4 Nf6 c4 e6 Nc3 Bb4 Qc2 d5 cxd5 Qxd5 e3 c5 Bd2 Bxc3 Bxc3 cxd4 Bxd4 Nc6 Bc3 Qc5 Rc1 O-O Nf3 Nd5 Bd2 Qxc2 Rxc2 Rd8 a3 h6 Bb5 Bd7 Bc4 Nb6 Bb3 Ne7 O-O Rac8 Rxc8 Nbxc8 Rc1 Bc6 Ba5 b6 Be1 Nd6 Nd4 Bd5 Rc7 Bxb3 Nxb3 Nd5 Rc2 Rc8 Rxc8+ Nxc8 Nd4 e5 Nc6 f6 Kf1 Kf7 e4 Nde7 Nb4 Ke6 Ke2 Nd6 Kd3 h5 Nc2 Nc6 f3 g6 a4 f5 b4 fxe4+ fxe4 a6 Ne3 b5 a5 Kd7 Bc3 Nf7 Nd5 Nfd8 h3 Ne6 Bd2 Nc7 Ne3 Ne6 Nd5 Nc7 Ne3 Ne6 Nd5 Nc7 Ne3
FIDE-Wch k.o. g/15+10,Las Vegas,1999.08.11,4.6,"Movsesian, Sergei","Fedorov, Alexei",1/2-1/2,B77,e4 c5 Nf3 d6 d4 cxd4 Nxd4 Nf6 Nc3 g6 Be3 Bg7 f3 O-O Qd2 Nc6 Bc4 Na5 Be2 a6 O-O-O b5 Bh6 Bb7 Bxg7 Kxg7 h4 e5 Nb3 Nc4 Bxc4 bxc4 Na1 d5 exd5 Qb6 Qe2 Qc7 Rhe1 Rfe8 d6 Qc6 h5 Rad8 hxg6 hxg6 Qd2 Re6 Rh1 Ng8 Ne4 f6 Qa5 Ree8 Rh4 Qb5 Qxb5 axb5 Nc5 Bc6 c3 f5 Nc2 Nf6 Nb4 Ba8 Nba6 Nd5 Rxd5 Bxd5 Nc7 Bf7 Nxe8+ Rxe8 Rh1 Kf6 Rd1 Rd8 Nb7 Rd7 Nc5
FIDE-Wch k.o. g/25+10,Las Vegas,1999.08.11,4.3,"Zvjaginsev, Vadim","Polgar, Judit",0-1,E92,d4 Nf6 c4 g6 Nc3 Bg7 e4 d6 Be2 O-O Nf3 e5 d5 a5 Bg5 Na6 O-O Qe8 Nd2 Bd7 Rb1 h6 Be3 Nh7 b3 f5 f3 Nf6 a3 Nc5 b4 axb4 axb4 Na4 Nxa4 Rxa4 c5 Bb5 Re1 Ra3 Bxb5 Qxb5 Qe2 Qxe2 Rxe2 fxe4 fxe4 Ng4 Rbe1 Ra4 cxd6 cxd6 Bb6 Rc8 Ba5 h5 Rf1 Bh6 h3 Ne3 Rfe1 Nc2 Rc1 Kg7 Kh1 h4 Rf1 Bf4 Nf3 g5 Bd8 Nd4 Nxd4 exd4 Bb6 Rxb4 Ba5 d3 Bxb4 dxe2 Re1 Rc4
FIDE-Wch k.o. g/25+10,Las Vegas,1999.08.11,4.3,"Kramnik, Vladimir","Topalov, Veselin",1-0,D28,d4 d5 Nf3 e6 c4 dxc4 e3 Nf6 Bxc4 c5 O-O Nc6 Qe2 a6 a3 cxd4 Rd1 b5 Ba2 d3 Rxd3 Qc7 e4 Ng4 h3 Nge5 Nxe5 Qxe5 Be3 Bb7 Nc3 Bc5 Rad1 O-O f4 Bxe3+ Qxe3 Qb8 Rd7 Bc8 R7d6 Ne7 Kh1 Qc7 Qg3 Kh8 h4 Ng8 Bb1 Bb7 Rd7 Qc6 e5 Qc8 f5 exf5 Bxf5 Qb8 Be4 Bxe4 Nxe4 Qe8 R1d6 Ne7 Nf6 Nf5 Qf4 gxf6 Qxf5 Qxe5 Qxf6+ Qxf6 Rxf6 Kg7 Rf5 h6 Kh2 Rad8 Rfxf7+ Rxf7 Rxd8 Re7 Rd6 Re3 Rxa6 Rb3 Rb6 Rxb2 a4 b4 Kg3 b3 Kf4 Ra2 Kf5 Rxa4 Rb7+ Kg8 g4 Ra6 Rxb3 Kg7 Rb7+ Kg8 Re7 Ra5+ Re5 Ra4 Re4 Ra7 Kf6 Rg7 Re8+ Kh7 Re7 Rxe7 Kxe7 Kg7 h5
FIDE-Wch k.o. g/25+10,Las Vegas,1999.08.11,4.3,"Khalifman, Alexander","Gelfand, Boris",1-0,B92,e4 c5 Nf3 d6 d4 cxd4 Nxd4 Nf6 Nc3 a6 Be2 e5 Nb3 Be7 Be3 Be6 Nd5 Nbd7 Qd3 Bxd5 exd5 O-O g4 Nc5 Nxc5 dxc5 O-O-O e4 Qd2 Bd6 g5 Nd7 h4 Ne5 h5 Rc8 Rh4 c4 Rxe4 c3 bxc3 Qa5 Kb1 Rxc3 Bd4 Rfc8 Bxc3 Rxc3 Qd4 f6 gxf6 gxf6 f4 Bc5 Qa4 Qb6+ Ka1 Nf7 Qe8+ Kg7 h6+ Nxh6 Qd7+ Nf7 Rb1 Qd8 Rxb7 Qxd7 Rxd7 Rxc2 Bh5 Ba3 Re1 Bb4 Rxf7+ Kh6 Rh1
FIDE-Wch k.o.,Las Vegas,1999.08.12,5.1,"Akopian, Vladimir","Movsesian, Sergei",1/2-1/2,E69,d4 Nf6 c4 g6 g3 Bg7 Bg2 O-O Nc3 d6 Nf3 Nbd7 O-O e5 h3 c6 e4 Qa5 Re1 exd4 Nxd4 Ne5 Bf1 Re8 Rb1 Be6 b4 Qc7 f4 Ned7 Be3 a5 a3 axb4 axb4 h5 Bf2 Nf8 Qf3 Qc8 Nxe6 Nxe6 Rb3 h4
FIDE-Wch k.o.,Las Vegas,1999.08.12,5.1,"Kramnik, Vladimir","Adams, Michael",1/2-1/2,E37,d4 Nf6 c4 e6 Nc3 Bb4 Qc2 d5 a3 Bxc3+ Qxc3 Ne4 Qc2 e5 cxd5 Qxd5 e3 exd4 Nf3 Nd6 Nxd4 Bd7 b3 Nc6 Bb2 Nxd4 Bxd4 O-O O-O-O Bf5 Bxg7 Bxc2 Rxd5 Bxb3 Rg5 Ne4 Bxf8+ Nxg5 Be7 Ne4 f3 Re8 Bh4 Nd6 e4 f5 exf5 Nxf5 Bf2 Rd8 Be2 a5 g4 Nd4 Bd1
FIDE-Wch k.o.,Las Vegas,1999.08.12,5.1,"Khalifman, Alexander","Polgar, Judit",1-0,D39,Nf3 Nf6 c4 e6 d4 d5 Nc3 dxc4 e4 Bb4 Bg5 c5 Bxc4 cxd4 Nxd4 Bxc3+ bxc3 Qa5 Bb5+ Bd7 Bxf6 gxf6 Qb3 a6 Be2 Nc6 O-O Qc7 Rab1 Na5 Qa3 Rc8 c4 Qc5 Qc3 e5 Nb3 Nxb3 axb3 a5 Rfd1 Be6 h3 O-O Qg3+ Kh8 Qh4 Qe7 Bg4 Rg8 Rd3 Rg5 Bxe6 Qxe6 Rbd1 Rcg8 Rd6 Qc8 g3 Kg7 R1d5 h6 Rxe5 Rd8 Red5 Rxd6 Rxd6 Rg6 Qf4 a4 bxa4 Qxc4 Rd8 Qc3 Kg2 Qb4 Ra8 h5 Qb8 Qxe4+ Kh2 Rg5 Qh8+ Kg6 Rg8+ Kf5 Qh7+
FIDE-Wch k.o.,Las Vegas,1999.08.12,5.1,"Nisipeanu, Liviu Dieter","Shirov, Alexei",1/2-1/2,B96,e4 c5 Nf3 d6 d4 cxd4 Nxd4 Nf6 Nc3 a6 Bg5 e6 f4 Nbd7 Qf3 Qc7 O-O-O b5 e5 Bb7 Qh3 dxe5 Nxe6 fxe6 Qxe6+ Be7 Bxb5 axb5 Nxb5 Qc6 Nd6+ Kd8 fxe5 Kc7 Qxe7 Rxa2 exf6 Ra1+ Kd2 Qd5+ Kc3 Qa5+ Kd3
FIDE-Wch k.o.,Las Vegas,1999.08.13,5.2,"Movsesian, Sergei","Akopian, Vladimir",1/2-1/2,C43,e4 e5 Nf3 Nf6 d4 Nxe4 Bd3 d5 Nxe5 Nd7 Nxd7 Bxd7 O-O Bd6 Qh5 Nf6 Re1+ Kf8 Qh4 Ng4 Qxd8+ Rxd8 h3 Nf6 Nd2 g6 Nf3 Kg7 Ne5 Bc8 Bg5 h6 Bf4 g5 Bh2 Rhe8 Re2 Ng8 Rae1 f6 Nf3
FIDE-Wch k.o.,Las Vegas,1999.08.13,5.2,"Shirov, Alexei","Nisipeanu, Liviu Dieter",0-1,B12,e4 c6 d4 d5 e5 Bf5 Nc3 e6 g4 Bg6 Nge2 c5 h4 h6 f4 Be7 Bg2 Bxh4+ Kf1 Be7 f5 Bh7 Nf4 Qd7 Nh5 Bf8 dxc5 Nc6 Nb5 Bxc5 c4 Nxe5 Qe2 Nxc4 Bxd5 Qxb5 Bxc4 Qb6 fxe6 O-O-O exf7 Ne7 Qe6+ Kb8 Bf4+ Ka8 Qxb6 axb6 Be5 Rhf8 Ke2 Nd5 Rhf1 Ne3 Bb5 Nxf1 Rxf1 Bg6 Rf4 Bd6 Bxd6 Rxd6 Bc4 b5 Bb3 Bd3+ Ke3 g5 Rf2 Bc4 Bxc4 bxc4 Ke4 Rd7 Rf6 Rfxf7 Rxh6 Rfe7+ Kf5 Rd5+ Kg6 Re2
FIDE-Wch k.o.,Las Vegas,1999.08.13,5.2,"Polgar, Judit","Khalifman, Alexander",1/2-1/2,B18,e4 c6 d4 d5 Nc3 dxe4 Nxe4 Bf5 Ng3 Bg6 f4 e6 Nf3 Bd6 Be2 Ne7 Ne5 Bxe5 fxe5 c5 dxc5 Qxd1+ Bxd1 Na6 O-O Nxc5 Bf3 Nc6 Bxc6+ bxc6 b3 Nd7 c4 a5 Ba3 Nxe5 Bb2 f6 Bxe5 fxe5 Rae1 Rf8 Rxe5 Rxf1+ Nxf1 Ke7 Nd2 a4 Kf2 axb3 axb3 Kd6 Rg5 c5 Ke3 Rb8 h4 Rb7 Ne4+ Bxe4 Kxe4 Rxb3 Rxg7 h6 Rg6 Rc3 Rxh6 Rg3 h5 Rxg2 Rh8 Rg4+ Kd3 Rd4+ Kc3 Rh4 h6 Rh3+ Kc2 Ke5 h7 Ke4 Kd2
FIDE-Wch k.o.,Las Vegas,1999.08.13,5.2,"Adams, Michael","Kramnik, Vladimir",1/2-1/2,B31,e4 c5 Nf3 Nc6 Bb5 g6 Bxc6 dxc6 d3 Bg7 h3 b6 Nc3 e5 Be3 Ne7 Qd2 h6 Nh2 Be6 O-O-O Qd7 Kb1 O-O-O Qe2 f5 exf5 gxf5 f4 Rhe8 Qd2 Qb7 fxe5 Bxe5
FIDE-Wch k.o. g/25+10,Las Vegas,1999.08.14,5.3,"Adams, Michael","Kramnik, Vladimir",1/2-1/2,B25,e4 c5 Nc3 Nc6 g3 g6 Bg2 Bg7 d3 d6 Be3 e5 Qd2 Nge7 f4 Nd4 Nf3 O-O O-O exf4 Bxf4 Nxf3+ Rxf3 Qb6 Rb1 Be6 Bh6 Rae8 Bxg7 Kxg7 Kh1 f6 a3 d5 b4 cxb4 Rxb4 Qc7 Nb5 Qd7 Nd4 Bg8 Re3 Nc6 Nxc6 Qxc6 h4 b6 Kh2 Qc5 d4 Qd6 exd5 Bxd5 Bxd5 Qxd5 c4 Qf7 d5 Rxe3 Qxe3 Re8 Qd3 Qe7 Rb2 Qe1 Qd2 Qxd2+ Rxd2 Kf7 a4 Re4 a5 Rxc4 axb6 axb6 Rb2 Rd4 Rxb6 Rxd5 Rb7+ Kg8 Kg2 h5 Kf3 Re5 Ra7 Kf8 Rb7 Re7 Rb6 Kf7 Ra6 Rd7 Rb6 Ke7 Ra6 Rd6 Ra5 Ke6 Ra3 Ke5 Re3+ Kf5 Ra3 Rd5 Re3 g5 hxg5 fxg5 Ra3 g4+ Ke3 Re5+ Kf2 Rc5 Ra4 Rc2+ Kg1 Re2 Kf1 Rd2 Kg1 Ke5 Ra5+ Rd5 Ra4 Rd1+ Kf2 Rd2+ Kg1 Kf5 Rf4+ Ke5 Ra4 Rd4 Ra5+ Ke4 Rxh5 Kf3 Ra5 Rd1+ Kh2 Rd2+ Kg1 Rg2+ Kh1 Re2 Kg1 Kxg3 Ra3+ Kf4 Rb3 g3 Rb8
FIDE-Wch k.o. g/15+10,Las Vegas,1999.08.14,5.5,"Adams, Michael","Kramnik, Vladimir",1-0,B30,e4 c5 Nf3 Nc6 Bb5 Nf6 e5 Nd5 Nc3 Nc7 Bxc6 dxc6 h3 g6 O-O Bg7 Re1 O-O d3 Ne6 Ne4 f5 exf6 exf6 Rb1 b6 b3 a5 a4 Ra7 Bb2 Re7 Qd2 Nd4 Nxd4 cxd4 Ng3 c5 Rxe7 Qxe7 Re1 Qd6 Bc1 f5 Qf4 Qd7 Nf1 Bb7 f3 Bf6 Qg3 Qd8 Re6 Be7 Bh6 Rf6 Re2 Bd5 Bg5 Kf7 Bxf6 Bxf6 Nd2 Bh4 Qh2 Bg5 f4 Bf6 g3 h5 Nc4 Bb7 Kf2 Qd5 Ke1 Qd8 Kd2 Bd5 Ne5+ Kg7 Qg1 g5 Kc1 Qd6 Qe1 g4 hxg4 fxg4 Rh2 Bxe5 fxe5 Qh6+ Kb2 Kf7 e6+ Bxe6 Qe5 Qe3 Qxh5+ Ke7 Qg6 Kd6 Rh6 Qe1 Qxg4 Qc3+ Kb1 Qe1+ Ka2 Kd7 Qg7+ Kd6 Qb7 Qb4 Qb8+ Kd7 Rh7+ Kc6 Qc7+
FIDE-Wch k.o. g/15+10,Las Vegas,1999.08.14,5.6,"Kramnik, Vladimir","Adams, Michael",0-1,A28,c4 e5 Nc3 Nf6 Nf3 Nc6 a3 d5 cxd5 Nxd5 d3 Be7 e3 Be6 Be2 O-O O-O a5 Qc2 Kh8 Rb1 f5 Rd1 Qe8 Bd2 Qg6 Be1 Rad8 Nb5 e4 Nfd4 Nxd4 Nxd4 Bc8 b4 axb4 axb4 c6 Bf1 Bf6 dxe4 fxe4 Nb3 Bg4 Rdc1 Bg5 Qc5 h6 Nd2 Rf6 Nc4 Re8 b5 Rfe6 bxc6 bxc6 Na5 Be7 Qc4 Bg5 Qb3 Rf6 Nc4 Qf7 Qb7 Qg6 Qb2 Qf5 Qa3 Ref8 Rc2 Bh5 Rbc1 Be8 Nd6 Qg6 Nxe8 Qxe8 Bc4 Qg6 Re2 Rf5 Bd2 Be7 Qa2 Rg5 g3 Rh5 Ree1 Qf5 Ba5 Qh3 f4 exf3 Qf2 Nf6 Bf1 Qe6 Qxf3 Rxa5
FIDE-Wch k.o. g/25+10,Las Vegas,1999.08.14,5.4,"Kramnik, Vladimir","Adams, Michael",1/2-1/2,A17,Nf3 Nf6 c4 e6 Nc3 Bb4 Qc2 O-O a3 Bxc3 Qxc3 b6 e3 Bb7 Be2 c5 b4 d6 Bb2 e5 O-O Re8 d3 Nbd7 Rfe1 a5 bxc5 bxc5 d4 Ne4 Qc2 cxd4 exd4 Ng5 Nxg5 Qxg5 d5 f5 Rab1 Nc5 Bc3 Bc8 Rb6 Rd8 Rb5 f4 Bf1 Bf5 Qd1 Rdc8 Rxa5 Rxa5 Bxa5 h5 Bb4
FIDE-Wch k.o. g/25+10,Las Vegas,1999.08.14,5.4,"Movsesian, Sergei","Akopian, Vladimir",1/2-1/2,C55,e4 e5 Bc4 Nf6 d3 Nc6 Nf3 h6 O-O d6 c3 g6 d4 Qe7 dxe5 Nxe5 Nxe5 dxe5 Qe2 Bg7 a4 O-O a5 a6 f3 Be6 Be3 Rfd8 Na3 Qe8 Rfd1 Bf8 Bxe6 Qxe6 Nc4 Ne8 Bf2 Be7 b4 h5 h3 Rxd1+ Rxd1 Rd8 Rxd8 Bxd8 Bg3 f6 Ne3 Nd6 Qd2 c6 Bf2 Be7 c4 Kf7 Qd3 Ne8 c5 Nc7 Nc4 Nb5 g4 hxg4 hxg4 Ke8 Kg2 Qd7 Qb1 Qe6 Nb6 Bd8 Qh1 Qg8 Qh6 g5 Qh5+ Ke7 Qh1 Bxb6 cxb6 Nd4 Qc1 Qa2 Qc5+ Kf7 Qc3 Ne2 Qe3 Nf4+ Kg3 Ne2+ Kh2 Nf4 Kg3 Ne2+ Kg2 Nf4+ Kh2 Kg6 Kg3
FIDE-Wch k.o. g/25+10,Las Vegas,1999.08.14,5.3,"Akopian, Vladimir","Movsesian, Sergei",1-0,A48,d4 Nf6 Nf3 g6 Bg5 Bg7 Nbd2 O-O e4 d5 Bxf6 Bxf6 c3 Bg7 exd5 Qxd5 Bc4 Qd8 O-O Nd7 Re1 c5 Bb3 cxd4 cxd4 Nb6 Qe2 e6 Ne4 Nd5 Ne5 a5 Qf3 a4 Bxd5 exd5 Nc5 Qd6 Rad1 b6 Ncd3 Bf5 a3 Be4 Qf4 Rac8 Nb4 Rce8 f3 Bf5 h4 h5 Rc1 Rc8 g4 hxg4 fxg4 Rxc1 Rxc1 Be4 Kh2 Qd8 Kg3 g5 hxg5 f6 gxf6 Rxf6 Qg5 Qf8 Qe3 Rf1 Rxf1 Qxf1 Qf2 Qc1 Nbc6 Kh7 Ne7 Bh6 Qf7+ Bg7 Qg8+
FIDE-Wch k.o. g/25+10,Las Vegas,1999.08.15,6.5,"Khalifman, Alexander","Nisipeanu, Liviu Dieter",1-0,E07,d4 Nf6 c4 e6 g3 d5 Bg2 c6 Nf3 Nbd7 O-O Be7 Nc3 O-O b3 b6 Nd2 Ba6 e4 b5 e5 Ne8 c5 f6 f4 fxe5 fxe5 Nxc5 Rxf8+ Bxf8 dxc5 Bxc5+ Kh1 Bd4 Bb2 Bxe5 Qe2 Qd6 Nce4 dxe4 Nxe4 Qc7 Ng5 Bxb2 Qxe6+ Kh8 Nf7+ Qxf7 Qxf7 Nd6 Qf1 b4 Qd1 Bxa1 Qxa1 Re8 Bxc6 Rc8 Bg2 h6 h3 Rc3 Qe1 Bd3 g4 Bc2 Kh2 Kh7 Qe6 Rd3 Bd5 Rd2+ Kg1 Rd1+ Kf2 Rxd5 Qxd5 Ne4+ Ke1 Nc3 Qa5 Bd3 a3 Kg8
FIDE-Wch k.o. g/25+10,Las Vegas,1999.08.15,6.6,"Nisipeanu, Liviu Dieter","Khalifman, Alexander",1/2-1/2,B36,e4 c5 Nf3 Nc6 d4 cxd4 Nxd4 g6 c4 Nf6 Nc3 d6 Be2 Nxd4 Qxd4 Bg7 Be3 O-O Qd2 Qa5 f3 Be6 Rc1 Rfc8 b3 a6 Na4 Qxd2+ Kxd2 Nd7 g4 f5 exf5 gxf5 h3 Rf8 f4 Rad8 g5 d5 cxd5 Bxd5 Rhd1 b5 Ke1 Bg2 Rc7 bxa4 Rdxd7 Rxd7 Rxd7 axb3 axb3 e5 Bxa6 exf4 Bxf4 Re8+ Kf2 Bc6 Bc4+ Kh8 Rc7 Be4 h4 Bd4+ Kg3 Rd8 b4 Bd5 Bxd5 Rxd5 h5 Kg8 Rb7 h6 g6 Be5 Bxe5 Rxe5 Kf4 Rd5 Ke3 f4+ Kxf4 Rxh5 b5 Rg5 g7 Rc5 Ke4 h5 Kd4 Rf5 Kc4 h4 b6 Rf4+ Kb5 Rf2 Re7 Rb2+ Kc6 h3 b7 h2 Re1 Kxg7 Rh1 Rc2+ Kd7 Rd2+ Kc7 Rc2+ Kb8 Rg2
FIDE-Wch k.o.,Las Vegas,1999.08.15,6.1,"Adams, Michael","Akopian, Vladimir",0-1,B06,e4 d6 d4 g6 Nc3 Bg7 Be3 c6 Qd2 b5 Bd3 Nd7 Nf3 Nb6 h3 a5 e5 d5 b3 a4 O-O h5 Ne2 Nh6 Nf4 e6 Nxg6 fxg6 Bg5 Qc7 Bxg6+ Kd7 Bf6 Bxf6 exf6 Qd6 Rfe1 Kc7 Qg5 Bb7 Ne5 Nd7 c4 dxc4 bxc4 Nxe5 dxe5 Qa3 Be4 Nf7 Qg7 Raf8 Bg6 Rhg8 Bxf7 Rxg7 fxg7 Ra8 Bxe6 Qe7 g8=Q Rxg8 Bxg8 Qg7 e6 c5 g3 Qxg8 e7 Bc6 cxb5 Bxb5 Rad1 Qf7 Rd8 Be8 h4 c4 Re3 Kb7 a3 c3 Rxc3 Qxe7 Rd1 Qf6 Rb1+ Ka6 Rbc1 Bd7 R1c2 Qd4 Rc1 Bb5 Kg2 Bd3 Kg1 Bb5 Kg2 Kb6 Kg1 Qe4 Re3 Qf5 Rec3 Qe4 Re3 Qg6 Rec3 Ba6 R3c2 Qd6 Rb1+ Ka7 Rc3 Bb7 Rbc1 Qd5 Kf1 Qg2+ Ke2 Ba6+ Ke3 Qd5 R1c2 Bb7 Ke2 Ba6+ Ke3 Qd1 Rc7+ Kb8 R7c3 Bb7 Re2 Ka8 Rd3 Qc1+ Red2 Qc6 Rb2 Qf3+ Kd2 Qxf2+ Kc3 Qf6+ Rd4 Qe5 Rb4 Qxg3+ Kb2 Qf2+ Ka1 Bc6 Rdc4 Qe1+ Kb2 Qe5+ Rc3 Bb5 Kc2 Ka7 Kb2 Ka6 Kc2 Ka5 Kb2 Bd3 Ka2 Qxc3 Rxa4+ Kb5
FIDE-Wch k.o.,Las Vegas,1999.08.15,6.1,"Khalifman, Alexander","Nisipeanu, Liviu Dieter",1/2-1/2,E14,d4 Nf6 Nf3 e6 c4 b6 e3 Bb7 Bd3 Bb4+ Nbd2 O-O O-O d5 a3 Bxd2 Bxd2 Nbd7 cxd5 Bxd5 b4 c5 Bc3 c4 Bc2 Ne4 Be1 f5 Ne5 Nxe5 dxe5 Qg5 f4 Qg6 Qe2 Rfc8 Rc1 b5 h3 Rc7 Kh2 c3 Bxe4 fxe4 Rf2 Rac8 Qxb5 Bc4 Qa4 Bd3 Qb3 c2 f5 Qe8 f6 g6 a4 Kf7 b5 Rc5 Qb2 Qd8 Bb4 Rc4 a5 Qd5 Bd6 Rc3 b6 axb6 axb6 Qb3 Qxb3 Rxb3 Bc7 Rb2 Rd2 Ra8 Rcxc2 Rxc2 Rxc2 Bxc2 b7 Re8
FIDE-Wch k.o.,Las Vegas,1999.08.16,6.2,"Nisipeanu, Liviu Dieter","Khalifman, Alexander",1/2-1/2,C42,e4 e5 Nf3 Nf6 Nxe5 d6 Nf3 Nxe4 d4 d5 Bd3 Nc6 O-O Be7 c4 Nf6 h3 O-O Nc3 Nb4 Be2 Bf5 a3 Nc6 Re1 Be6 Ng5 Bf5 Bf1 h6 Nf3 dxc4 Bxc4 Bd6 d5 Ne7 Nd4 Bh7 Ndb5 Nf5 Bd3 Qd7 Bxf5 Qxf5 Nxd6 cxd6 Qd4 Rfe8 Bf4 Ne4 Bh2 Nxc3 bxc3 Qd3 Qxd3
FIDE-Wch k.o.,Las Vegas,1999.08.16,6.2,"Akopian, Vladimir","Adams, Michael",1/2-1/2,E05,Nf3 Nf6 c4 e6 g3 d5 Bg2 Be7 O-O O-O d4 dxc4 Qc2 a6 a4 Bd7 Qxc4 Bc6 Bg5 Bd5 Qd3 c5 dxc5 Bxc5 Nc3 Bc6 Qc4 Be7 b4 Nbd7 b5 Bd5
FIDE-Wch k.o.,Las Vegas,1999.08.17,6.3,"Adams, Michael","Akopian, Vladimir",0-1,C07,e4 e6 d4 d5 Nd2 c5 Ngf3 cxd4 exd5 Qxd5 Bc4 Qd6 O-O Nf6 Nb3 Nc6 Nbxd4 Nxd4 Nxd4 a6 Re1 Qc7 Bb3 Bd7 Qf3 Bd6 h3 O-O-O c3 h6 a4 Kb8 Qe2 g5 Be3 Bh2+ Kh1 Bf4 Bxf4 gxf4 Qe5 Qxe5 Rxe5 Bc6 Rd1 Rhg8 f3 Bd5 Bc2 Kc7 h4 Kd6 Ree1 Kc7 a5 Nh5 Kh2 Ng3 Ba4 Bc6 Bb3 Bd5 Ba4 Bc6 Nxc6 bxc6 Bc2 Rd5 Rxd5 cxd5 Bd3 Rb8 b4 Kb7 c4 dxc4 Bxc4 Ka7 Rb1 Rc8 Bb3 Rc3 Ba4 e5 Be8 f5 h5 e4 fxe4 fxe4 Bg6 e3 Kh3 e2 Kg4 Nf1 Kxf4 Ne3 Kf3 e1=Q Rxe1 Nc2+ Kf2 Nxe1 Kxe1 Rc4 Kf2 Rxb4 Kf3 Ra4 g4 Rxa5 Bf5 Rb5 Kf4 a5 g5 Rb4+ Be4 hxg5+ Kf5 g4 h6 g3 h7 Rb8 Kf4 a4 Kxg3 a3
FIDE-Wch k.o.,Las Vegas,1999.08.17,6.3,"Khalifman, Alexander","Nisipeanu, Liviu Dieter",1-0,E12,d4 Nf6 Nf3 e6 c4 b6 a3 Ba6 Qc2 Bb7 Nc3 c5 e4 cxd4 Nxd4 Nc6 Nxc6 Bxc6 Bf4 Nh5 Be3 Qb8 g3 Bc5 Bxc5 bxc5 O-O-O Nf6 f4 O-O Bg2 e5 f5 Qd8 Bf3 Rb8 Rd2 g6 Rf1 Kh8 g4 gxf5 exf5 Bxf3 Rxf3 Nxg4 f6 Nxf6 Qf5 Rb6 Qxe5 Re8 Qxc5 Qe7 Qxe7 Rxe7 c5 Rc6 b4 a5 Kc2 axb4 axb4 Kg7 Kb3 Re5 Rdf2 Rce6 Rf5 Kg6 Rxe5 Rxe5 b5 Re3 Re2 Rf3 b6 Nd5 b7 Rxc3+ Kb2 Rc4 b8=Q
FIDE-Wch k.o.,Las Vegas,1999.08.19,6.4,"Nisipeanu, Liviu Dieter","Khalifman, Alexander",1-0,C45,e4 e5 Nf3 Nc6 d4 exd4 Nxd4 Bc5 Nxc6 Qf6 Qd2 dxc6 Nc3 Ne7 Qf4 Qe6 Bd3 O-O O-O Ng6 Qg5 Qe5 Qxe5 Nxe5 Be2 Bg4 Bxg4 Nxg4 h3 Nf6 Re1 Rfe8 Kf1 Bb4 f3 Rad8 Bf4 Rd7 Rad1 Bxc3 bxc3 Red8 Rxd7 Rxd7 Ke2 Kf8 g4 Ne8 h4 Nd6 h5 Nb5 Bd2 f6 Rg1 h6 Rd1 Ke7 Be1 Rxd1 Kxd1 c5 Kd2 Nd6 Kd3 Nf7 f4 b6 c4 Ke6 Bg3 Ke7 Bh4 Ke8 Be1 Kd7 Bd2 Ke7 Bc1 Ke6 Bb2 c6 Bc3 b5 Be1 Nd6 cxb5 cxb5 Bf2 Nb7 f5+ Kf7 e5 fxe5 Ke4 b4 Kxe5 c4 Kd5 Na5 Bd4 a6 Be5 Kg8 Kc5 b3 axb3 cxb3 c4 Kf7 Kd5 Ke7 c5 Kd7 Bxg7 Nc6 Kc4
FIDE-Wch k.o.,Las Vegas,1999.08.22,7.1,"Akopian, Vladimir","Khalifman, Alexander",0-1,A15,Nf3 Nf6 c4 g6 b4 Bg7 Bb2 O-O g3 d6 Bg2 e5 d3 Nh5 Nc3 f5 O-O Nc6 b5 Ne7 e4 c5 bxc6 bxc6 c5 d5 exd5 cxd5 Qb3 e4 dxe4 fxe4 Nxe4 Bxb2 Qxb2 dxe4 Ng5 Bf5 Nxe4 Rb8 Qc3 Nd5 Qa3 Bxe4 Bxe4 Nhf6 Bf3 Qc7 Rac1 Ne7 c6 Nf5 Qc3 Rbc8 Rfe1 Qg7 Rcd1 Rc7 Re6 h5 Qe5 Kh7 h3 Ng8 Qe4 Nf6 Qe5 Ng8 Qe4 Rf6 Rxf6 Nxf6 Qb4 Qe7 Qb8 Nd6 g4 hxg4 hxg4 Nf7 Kg2 Kg7 Re1 Qd8 Qb2 Ng5 Re3 Qd6 Qa3 Qxa3 Rxa3 Kf7 Be2 Ne6 Ra4 Nd5 Bf3 Ne7 Kg3 Kf6 Rc4 Ke5 Rc1 Nd4 Re1+ Kf6 Bg2 Nexc6 f4 Ne7 Bf1 Rc3+ Kg2 Nc2
FIDE-Wch k.o.,Las Vegas,1999.08.23,7.2,"Khalifman, Alexander","Akopian, Vladimir",1/2-1/2,E38,d4 Nf6 c4 e6 Nc3 Bb4 Qc2 c5 dxc5 Qc7 Nf3 Bxc5 g3 Qb6 e3 Be7 Bg2 a6 O-O Qc7 b3 d6 Bb2 Nbd7 Ng5 Rb8 Rac1 O-O Rfd1 b6 Nce4 Nxe4 Nxe4 Bb7 Qc3
FIDE-Wch k.o.,Las Vegas,1999.08.24,7.3,"Akopian, Vladimir","Khalifman, Alexander",1-0,B51,e4 c5 Nf3 Nc6 Bb5 d6 O-O Bd7 c3 Nf6 Re1 a6 Ba4 c4 d4 cxd3 Bg5 Ne5 Nbd2 Bxa4 Qxa4+ b5 Qd4 h6 Bxf6 gxf6 a4 Rb8 Nxe5 dxe5 Qa7 Ra8 Qb7 Qc8 Qd5 Rb8 axb5 axb5 Qxd3 h5 Nf1 Qd7 Qe2 e6 h4 Bc5 Ng3 Ke7 Red1 Qc6 Rd3 Rbd8 Rxd8 Rxd8 Nxh5 Rg8 Ra5 b4 Qb5 Rc8 Ng3 bxc3 bxc3 Qxb5 Rxb5 Ba3 Ne2 Bc5 g4 Kd6 Kg2 Kc6 Rb2 f5 f3 Rh8 Kg3 Be7 h5 fxe4 fxe4 f5 Kf3 fxg4+ Kxg4 Rg8+ Kh3 Rh8 Ng3 Bg5 Rh2 Kc5 Kg4 Bf4 Rh3 Kc4 Nf1 Rf8 Nh2 Rg8+ Kf3 Bxh2 Rxh2 Kxc3 h6 Kd3 h7 Rf8+ Kg3 Rh8 Rh4 Ke3 Kg2 Kd3 Kf3 Kd4 Ke2 Kc5 Kd3 Rd8+ Kc3 Rh8 Rh5 Kd6 Kb4 Rb8+ Kc4 Rh8 Rh1 Kc6 Rh2 Kd6 Kb4 Kc6 Kc4 Kd6 Ra2 Ke7 Kc5 Rc8+ Kb6 Rh8 Rh2 Kd6 Rd2+ Ke7 Kc7 Kf6 Rh2 Kg5 Kd6 Kf6 Kd7 Kf7 Rh3 Kf6 Rh1 Kf7 Rh4 Kf6 Rh1 Kf7 Rf1+ Kg7 Ke7 Ra8 h8=Q+
FIDE-Wch k.o.,Las Vegas,1999.08.26,7.4,"Khalifman, Alexander","Akopian, Vladimir",1-0,E92,d4 Nf6 c4 g6 Nc3 Bg7 e4 d6 Be2 O-O Nf3 e5 Be3 exd4 Nxd4 Re8 f3 c6 Bf2 d5 exd5 cxd5 O-O Nc6 c5 Nh5 Qd2 Be5 g3 Ng7 Rfd1 Be6 Nxe6 fxe6 f4 Bf6 Nb5 Be7 Rac1 a6 Nd4 Bf6 Nf3 Qa5 Qxa5 Nxa5 b4 Nc6 Rb1 h6 a4 g5 fxg5 hxg5 g4 Ne5 Nxe5 Bxe5 Be3 Rf8 Rf1 Bf4 Bxf4 gxf4 Bf3 Rf7 a5 Rd8 Rbe1 d4 Re4 d3 Bd1 d2 Rfxf4 Rxf4 Rxf4 Ne8 Kf2 Nc7 h4 e5 Rc4 Nd5 Kf3 Rf8+ Ke2 Rd8 Kf3 Rf8+ Ke2 Rd8 Rc2 Nf4+ Ke3 Nd5+ Ke2 Nf4+ Kf3 Kf7 c6 bxc6 Rxc6 Rd3+ Ke4 Ke7 h5 Rd4+ Kxe5 Rxb4 Rc7+ Kf8 Rd7 Ng2 h6 Kg8 g5 Ne3 g6 Rb5+ Ke4
FIDE-Wch k.o.,Las Vegas,1999.08.27,7.5,"Akopian, Vladimir","Khalifman, Alexander",1/2-1/2,C90,e4 e5 Nf3 Nc6 Bb5 a6 Ba4 Nf6 d3 b5 Bb3 Be7 O-O d6 c3 O-O Re1 Na5 Bc2 c5 Nbd2 Nc6 Nf1 Re8 h3 h6 Ng3 Bf8 d4 cxd4 cxd4 exd4 Nxd4 Nxd4 Qxd4 Be6 Bf4 Rc8 Bb3 a5 Rad1 a4 Bxe6 Rxe6 Rc1 g6 Qd3 Rxc1 Rxc1 Qd7 b3 axb3 axb3 Qb7 Qd2 Nxe4 Nxe4 Qxe4 Bxh6 Bxh6 Qxh6 Re8 Qd2 Qe5 Rd1 Rc8 f4 Qc3 Qxd6 Qxb3 f5 Qe3+ Kh2 Qc5 fxg6 Qxd6+ Rxd6 Rb8 gxf7+ Kxf7 Rd3 b4 Rb3 Ke6 g4 Kd5 h4 Kc4 Rb1 b3 h5 Kd5 h6 Ke6 h7 Rh8 Rxb3
FIDE-Wch k.o.,Las Vegas,1999.08.28,7.6,"Khalifman, Alexander","Akopian, Vladimir",1/2-1/2,A77,d4 Nf6 Nf3 e6 c4 c5 d5 exd5 cxd5 d6 Nc3 a6 a4 g6 Nd2 Nbd7 e4 Bg7 Be2 O-O O-O Re8 Qc2 Rb8 Ra3 Qe7 h3 h6 a5 g5 Nc4 Ne5 Nxe5 Qxe5 f4 Qd4+ Kh2 b5 axb6 Rxb6 e5 dxe5 fxg5 hxg5 Bxg5 e4 Na4 Rd6 Rg3 Nxd5 Bh5 Rf8 Nc3 Kh8 Rxf7 Rxf7 Bxf7 Be5 Nxd5 Rxd5 Bxd5 Qxd5 Qd2 Qxd2 Bxd2 Kh7 Bc3 Bf4 Be1 e3 Kg1 Bxg3 Bxg3 a5 Bf4 e2 Kf2 Bb7 Kxe2 Bxg2
