Event,Site,Date,Round,White,Black,Result,ECO,Moves
FIDE WCh KO,Moscow RUS,2001.11.03,4.1,"Adams,Mi","Svidler,P",1/2-1/2,B90,e4 c5 Nf3 d6 d4 cxd4 Nxd4 Nf6 Nc3 a6 Be3 Nc6 f3 d5 Nxd5 Nxd5 exd5 Qxd5 Nxc6 Qxc6 Bd3 e5 Qd2 Qc7 O-O-O Be6 Kb1 Be7 Qf2 Qa5 b3 f5 Qe1 Qc7 Bd4 Bd6 f4 O-O-O fxe5 Bc5 Bxc5 Qxc5 Qg3 Rd7 Be2 Rc7 Rd2 Qc3 Qxc3 Rxc3 Bd3 Rd8 Rf2 g6 Re1 Rd4 g3 b5 Kb2 Rc5 a3 Kd7 b4 Rc7 Rf4 Rd5 Re3 Ke7 h4 h5 Re1 Bd7 Rf3 Bc6 Rfe3 Rd4 c3 Rg4 Rf1 Bd5 Rf4 Bc4 Bc2 Ke6 Bd1 g5 hxg5 Rxg5 Rd4 Rcg7 Rd6+
FIDE WCh KO,Moscow RUS,2001.11.03,4.1,"Ivanchuk,V",Ye Jiangchuan,1-0,E97,d4 Nf6 c4 g6 Nc3 Bg7 Nf3 O-O e4 d6 Be2 e5 O-O Nc6 d5 Ne7 b4 a5 Ba3 b6 bxa5 Rxa5 Bb4 Ra8 a4 Re8 Qd3 Nd7 Qb1 Bh6 a5 Nc5 axb6 Rxa1 Qxa1 cxb6 Rb1 Qc7 Nb5 Qd8 Bxc5 bxc5 Qa7 Bg4 h3 Nc8 Qb8 Bxf3 Bxf3 Bg5 Ra1 h5 Ra6 Be7 Rc6 Rf8 Rc7 Bg5 Qb7 Bd2 h4 Ba5 Rc6 Be1 g3 Qa5 Kf1 Qd2 Be2 Ne7 Qxe7 Bxf2 Kxf2
FIDE WCh KO,Moscow RUS,2001.11.03,4.1,"Ponomariov,R","Morozevich,A",1-0,C11,e4 e6 d4 d5 Nc3 Nf6 Bg5 dxe4 Nxe4 Be7 Bxf6 gxf6 Nf3 a6 Qe2 b5 g3 Bb7 Bg2 Bd5 c3 Nd7 b3 O-O O-O f5 Ned2 c5 c4 Bc6 Rad1 Rc8 d5 exd5 Qd3 bxc4 bxc4 Ba4 Rb1 dxc4 Qxf5 Rc6 Nxc4 Rf6 Qh5 Rg6 Rfe1 Bf6 Ne3 Bc3 Rec1 Bd4 Nf5 Qf6 N5xd4 cxd4 Qd5 Bc6 Qxd4 Bxf3 Qxd7 Bxg2 Kxg2 h5 Rb3 Qf4 Re3 h4 Rc6 hxg3 hxg3 Qh6 Rec3 Qh7 Rxg6+ fxg6 Rc7 Qxd7 Rxd7 Rf6 a4 Kf8 Ra7 Ke8 f4 g5 fxg5 Rg6 Kf3 Rxg5 Rxa6 Kf7 Rc6 Rd5 Rc4 Rd1 g4 Kf6 Ke4 Ke6 Rc6+ Kd7 Rc5 Kd6 Rb5 Kc6 Rf5 Kd6 a5 Ra1 Kf4 Ke6 Kg5 Ra4 a6 Ke7 Rf6 Rxg4+ Kxg4
FIDE WCh KO,Moscow RUS,2001.11.03,4.1,"Lautier,J","Nikolic,Pr",1/2-1/2,E42,d4 Nf6 c4 e6 Nc3 Bb4 e3 c5 Ne2 cxd4 exd4 O-O a3 Be7 Nf4 d5 cxd5 Nxd5 Ncxd5 exd5 Bd3 Nc6 O-O Bf6 Be3 g6 Rc1 Bg7 Rc5 Ne7 Qb3 b6 Rc3 Qd6 Rfc1 Bxd4 Bxd4 Qxf4 Qb4 Nf5 Bf6 Qxb4 axb4 Bd7 Ba6 Rae8 Rc7 Ba4 Rxa7 Re6 Bc3 d4 Bd2 Nd6 h3 Rfe8 Bf4 b5 Rc5 Bb3 Bxb5 Nxb5 Rxb5 Re1+ Kh2 R1e2 Ra3 Be6 Rba5 Rxf2 Be5 Rxb2 Bxd4 Rxb4 Ra8 Bc8 Re3 Rf8 Bc5 Rc4 Bxf8 Kxf8 Raa3 Be6
FIDE WCh KO,Moscow RUS,2001.11.03,4.1,"Bareev,E","Ehlvest,J",1-0,E11,d4 Nf6 c4 e6 Nf3 Bb4+ Nbd2 b6 a3 Bxd2+ Qxd2 O-O g3 Ba6 Qc2 Bb7 Bg2 d6 O-O Nbd7 b4 a6 Bb2 Be4 Qb3 b5 c5 a5 Rfc1 Qb8 Bf1 h6 Nd2 Bg6 e3 a4 Qd1 dxc5 dxc5 c6 Bg2 Nd5 e4 N5f6 f4 Qc7 Bf3 Rad8 Qe2 Kh8 Rd1 Ng8 Nf1 Ne7 Ne3 f6 Rd6 Nc8 Rd2 Rfe8 Rad1 Nf8 e5 Rxd2 Qxd2 f5 Qg2 Ne7 Rd6 Nd5 Nc2 Rd8 Nd4 Be8 Qe2 Ne7 Nxe6 Nxe6 Rxe6 Nc8 Bh5 Bd7 Rd6 Be8 Rxd8 Qxd8 e6
FIDE WCh KO,Moscow RUS,2001.11.03,4.1,"Azmaiparashvili,Z","Gelfand,B",1/2-1/2,E05,d4 Nf6 Nf3 e6 g3 d5 Bg2 Be7 c4 O-O O-O dxc4 Qc2 a6 a4 Bd7 Qxc4 Bc6 Bg5 Bd5 Qc2 Be4 Qd1 h6 Bxf6 Bxf6 Nc3 Bxf3 Bxf3 c6 Qb3 Ra7 a5 Nd7 Rfd1 Qc7 Ne4 Be7 Nd2 Raa8 Nc4 Rad8 Rac1 Nf6 e4 Qb8 Kg2 c5 d5 exd5 exd5 Ne8 Qb6 Nd6 Qxc5 Rfe8 Qb6 Nxc4 Rxc4 Bd6 Rdc1 Re5 Bg4 f5 Bf3 Re7 R1c3 Kh7 h4 Rde8 h5 Qd8 Rc8 Qd7 Rxe8 Rxe8 Rb3 Re7 Qd4 Kg8 Rb6 Qd8 Qd3 Rf7 b4 Qd7 b5 axb5 Rxb5 Re7 Rb6 Rf7 Qe2 Re7 Qc4 Rf7 Qd3 Kh8 a6 bxa6 Qxa6 Rf6 Qa8+ Rf8 Qc6 Rd8 Rb7 Qe8 Qc3 Qf8 Qd4 Rb8 Rxb8 Qxb8 Bd1 Qb4 Qxb4 Bxb4 f4 Kg8 Bc2 Kf7 Bxf5 Kf6 Bc8 Bd6 Kf3 Bb8 Ke4 Bd6 g4 Bb8 f5 Ke7 Kd4 Bh2 Kc5 Bg3 Kc6 Bf4 Ba6 Be5 Bc8 Bf4 Be6 Be5 Bg8 Bf4 Be6 Be5 Bd7 Bf4 g5 Bxg5 d6+ Kd8
FIDE WCh KO,Moscow RUS,2001.11.03,4.1,"Topalov,V","Shirov,A",1/2-1/2,C42,e4 e5 Nf3 Nf6 Nxe5 d6 Nf3 Nxe4 d4 d5 Bd3 Nc6 O-O Be7 c4 Nb4 Be2 O-O Nc3 Be6 Ne5 c5 Nxe4 dxe4 d5 Bc8 a3 Na6 Qc2 f6 Ng4 Bd6 f4 exf3 Bxf3 Qc7 g3 Bd7 Nf2 b5 b3 Rae8 Kg2 Be5 Rb1 Bd4 Bd2 b4 a4 Qc8 Rbe1 Bf5 Be4 Rxe4 Nxe4 Bh3+ Kh1 Bxf1 Rxf1 Qg4 Nd6 Rd8 Qf5 h5 Qxg4 hxg4 Nb5 Rd7 Bf4 Re7 Nxd4 cxd4 c5 g5 Bd6 Re3 c6 Kf7 Bb8 Nxb8 c7 Re8 cxb8=Q Rxb8 Rd1 f5 Rxd4 Kf6 Rc4 Ke5 Rc7 Kxd5 Rxa7 Rc8 Rd7+ Ke4 Rd1 Rc3 a5 Rxb3 a6 Ra3 Rb1 f4 Rxb4+ Ke3 Rb1 Rxa6 Rb3+ Ke2 Rb2+ Kd3 gxf4 gxf4 Rb4 Ra1+ Kg2 f3+ Kf2 Ra2+ Kg1 Rg2+ Kh1 Rd2 Kg1 Ke3 Rb3+ Rd3 Rb1 Rd4 Rb3+ Kf4 Rb8 Rd1+ Kf2 Rd2+ Kg1 Rg2+ Kh1 Re2 Kg1 Ke3 Re8+ Kd2 Ra8 Rg2+ Kh1 Ke3 Ra3+ Kf4 Ra4+ Kg5 Ra8 g3 hxg3 Kg4 Rg8+ Kh3 Rh8+
FIDE WCh KO,Moscow RUS,2001.11.03,4.1,"Dreev,A","Anand,V",1/2-1/2,E12,d4 Nf6 c4 e6 Nf3 b6 a3 Bb7 Nc3 d5 Bg5 Be7 Qa4+ Qd7 Qxd7+ Nbxd7 Nb5 Bd8 cxd5 Nxd5 e4 N5f6 Rc1
FIDE WCh KO,Moscow RUS,2001.11.27,1.1,"Nielsen,PH","Goldin,A",1-0,E05,d4 d5 c4 e6 Nf3 Nf6 g3 Be7 Bg2 O-O O-O dxc4 Qc2 a6 Qxc4 b5 Qc2 Bb7 Bd2 Be4 Qc1 Bb7 Bf4 Bd6 Nbd2 Nbd7 Nb3 Bd5 Rd1 Rc8 Nc5 Nxc5 dxc5 Bxf4 Qxf4 Qe7 Ne5 Qxc5 Rac1 Qe7 Nc6 Bxc6 Rxc6 Rfd8 Rdc1 h6 a3 e5 Qf5 e4 e3 Re8 Rxa6 c5 Rb6 Rcd8 Bf1 Rd5 Rxf6 Rxf5 Rxf5 b4 a4 g6 Rfxc5 Qf6 b3 Qb2 a5 Qxb3 a6 Qa3 Rb1 Rb8 Rc7 Qa5 Rbc1 Kg7 R1c5 Qa1 Kg2 Rb6 Rb7 Rf6 Rc2 Qb1 Rd2 b3 a7 Qa1 Bc4 Qc3 Bxf7 Rxf7 Rdd7
FIDE WCh KO,Moscow RUS,2001.11.27,1.1,"Kobalija,M","Aseev,K",1/2-1/2,C54,e4 e5 Nf3 Nc6 Bc4 Bc5 c3 Nf6 d3 d6 Bb3 a6 Nbd2 Ba7 h3 O-O O-O Be6 Nc4 Bxc4 Bxc4 Na5 Bb3 Nxb3 Qxb3 Rb8 Bd2 Qd7 Rae1 Rfe8 Be3 Bxe3 Rxe3 Qe6 Qxe6 Rxe6 Rfe1 Rbe8 g3 g6 Kg2 Kg7 R3e2 c6 a4
FIDE WCh KO,Moscow RUS,2001.11.27,1.1,"Sasikiran,K","Eingorn,V",1/2-1/2,E11,d4 e6 c4 Bb4+ Nd2 Nf6 Nf3 d6 g3 Nc6 Bg2 e5 O-O a5 d5 Ne7 e4 Bd7 Ne1 b5 b3 Bc3 Rb1 b4 a4 h5 h4 Ng4 Ndf3 c6 Bb2 Bxb2 Rxb2 cxd5 exd5 O-O Ng5 Qb6 Bf3 Rac8 Ng2 g6 Re1 Kg7 Rd2 Ng8 Qa1 N8f6 Ne3
FIDE WCh KO,Moscow RUS,2001.11.27,1.1,"Avrukh,B","Macieja,B",0-1,E15,d4 Nf6 c4 e6 Nf3 b6 g3 Ba6 b3 Bb4+ Bd2 Be7 Nc3 O-O Qc2 d5 cxd5 exd5 Bg5 Nbd7 e3 Bxf1 Kxf1 h6 Bxf6 Nxf6 Kg2 Qc8 Rhd1 Rd8 Rac1 Qa6 Ne5 Ba3 Rb1 c5 Nc6 Re8 b4 cxb4 Nxb4 Qc8 Qd3 Bxb4 Rxb4 h5 Ne2 h4 f3 Qe6 Rb3 g5 h3 Nh5 gxh4 Nf4+ Nxf4 gxf4 exf4 Kh8 f5 Qd6 Qd2 Kh7 Kh1 Qg3 Rg1 Qxh3+ Qh2 Qxf5 Qd2 Rac8 Qd3 Qxd3 Rxd3 Rc2 a3 Ree2 Rgd1 Kg6 Rb3 Kf5 Rb5 Kf4 Rxd5 f6 Rd8 Rh2+ Kg1 Rcg2+ Kf1 Rg3 Rd6 f5 Rd3 Rh1+ Kf2 Rhg1
FIDE WCh KO,Moscow RUS,2001.11.27,1.3,"Korchnoi,V","Psakhis,L",1/2-1/2,E13,Nf3 Nf6 c4 b6 Nc3 Bb7 d4 e6 Bg5 Bb4 Nd2 Bxc3 bxc3 h6 Bh4 d6 f3 Nbd7 e4 Qe7 a4 a5 Bd3 g5 Bf2 Nh5 g3 f5 exf5 exf5+ Qe2 Qxe2+ Kxe2 O-O Rhf1 Rae8+ Kd1 Kg7 Kc2 g4 Bg1 Rf7 fxg4 fxg4 Rxf7+ Kxf7 Rf1+ Kg7 c5 bxc5 dxc5 dxc5 Rf5 Nhf6 Bxc5 Bc6 Bd4 Bxa4+ Kb2 c5 Bxf6+ Nxf6 Nc4 Rb8+ Ka3 Bd1 Nxa5 Rc8 Re5 Rc7 Bc4 Ra7 Rxc5 Ne4 Re5 Nxc3 Kb4 Nb1 Re1 Bc2 Ba2 Ra8 Bd5 Rd8 Re5 Nd2 Nc6 Rd7 Be6 Rc7 Bd5 Nf3 Re2 Bg6 Kc5 Ng5 Kd6 Rb7 Ne5 Ra7 Rb2 h5 Nc6 Ra1 Rb7+ Kf6 Rb2 Rd1 Rf2+ Kg7 Ke5 Re1+ Kd4 Rd1+ Kc4 Rc1+ Kb4 Be4 Ne7 Rc2 Rxc2 Bxc2 Kc3 Bd1 Nf5+ Kf6 Ne3 Bf3 Kd4 Be2 Nc2 Bf3 Bc4 Bb7 Ne1 Nf3+ Nxf3 Bxf3
FIDE WCh KO,Moscow RUS,2001.11.27,1.3,"Christiansen,L","Tiviakov,S",0-1,B77,e4 c5 Nf3 Nc6 d4 cxd4 Nxd4 g6 Nc3 Bg7 Be3 Nf6 Bc4 O-O Bb3 d6 f3 Bd7 Qd2 Nxd4 Bxd4 a5 a3 b5 O-O Bc6 Kh1 Qb8 Nd5 Bxd5 exd5 Nd7 Bxg7 Kxg7 Rfe1 Re8 c3 Qb7 Re4 h6 Rh4 Rh8 Re1 Nf6 Rd4 Rac8 f4 Rc5 h3 Rb8 Re3 Qd7 Bd1 Rc4 Bf3 Rxd4 Qxd4 Qc7 g4 Kg8 g5 hxg5 fxg5 Ne8 h4 Ng7 Bg4 b4 axb4 axb4 c4 Ra8 Kg2 Qb7 Rf3 Re8 Qf4 e5 Qf6 e4 Re3 Qa7 Re2 e3 Qf4 Re5 b3 Qe7 Kg3 Kf8 Qf6 Qxf6 gxf6 Ne8 Kf4 Nxf6 Bf3 Nd7 Rxe3 Ke7 Bd1 Kf6 Rh3 Nc5 Rh2 Re4+ Kf3 Rd4 Bc2 Nxb3 Bxb3 Rd3+ Ke4 Rxb3 h5 gxh5 Rxh5 Rb1 Rh6+ Ke7 Rh8 b3 Kd3 b2 Kc2 Rc1+ Kxb2 Rxc4 Rh5 Rc5 Rf5 f6 Kb3 Kf7 Rf1 Rxd5 Kc4 Re5 Kd4 Ke6 Ra1 f5 Rh1 Re4+ Kd3 Ke5 Rh8 Ra4 Re8+ Kd5 Rf8 Ra3+ Ke2 Ke4 Re8+ Kd4 Rf8 Ke4 Re8+ Kf4 Rd8 Ra2+ Ke1 Ke3 Re8+ Kf3 Rd8 Ra1+ Kd2 Ra6
FIDE WCh KO,Moscow RUS,2001.11.27,1.1,"Dominguez,L","Kotsur,P",1/2-1/2,B36,e4 c5 Nf3 Nc6 d4 cxd4 Nxd4 g6 c4 Nf6 Nc3 d6 Be2 Nxd4 Qxd4 Bg7 Bg5 O-O Qd2 Be6 Rc1 Qa5 f3 Rfc8 b3 a6 Na4 Qxd2+ Kxd2 Rc6 Be3 Nd7 g4 Kf8 h4 f5 exf5 gxf5 g5 d5 cxd5 Bxd5 Rxc6 Bxc6 Nc5 Nxc5 Bxc5 Rd8+ Ke3 Be5 Rd1 Rxd1 Bxd1 Bg3 h5 f4+ Ke2 Bb5+ Kd2 Be8 Bc2 Bxh5 Be4 b5 Ke2 Bg6 Bb7 a5 Bc6 Be8 Be4 Bh4 Bxh7 Bxg5 Bd4 Kf7 Be5 Ke6 Bc7 a4 Be4 Kd7 Be5 axb3 axb3 Bf7 b4 Bc4+ Kd2 Ke6 Bc7 Kd7 Be5 Ke6 Bc7 Bh6 Kc2 Kf6 Bd3 Bd5 Bxb5 Bxf3 Bd7 Be2 b5 f3 b6 f2 Bh3 Ba6 b7 Bxb7 Bb6 Be4+ Kd1 Bf3+ Kc2 e5 Bxf2 e4 Bd4+ Kg6 Be6 Bf4 Bd5 Kf5 Kb2 Bd1 Bxe4+ Kxe4 Bg7 Kd3 Bf6
FIDE WCh KO,Moscow RUS,2001.11.27,1.1,"Gulko,B","Vescovi,G",1/2-1/2,E51,d4 Nf6 c4 e6 Nc3 Bb4 e3 O-O Bd3 d5 a3 Be7 Nf3 b6 O-O Bb7 cxd5 exd5 b4 Nbd7 Qb3 c6 a4 a5 bxa5 Rxa5 Bd2 Ba6 Ne2 Bxd3 Qxd3 Ra7 Ng3 Re8 Rfc1 Qa8 Qb3 b5 a5 Nb6 Nf5 Bf8 Bb4 Nc4 Bxf8 Rxf8 Qb4 Re8 Ne5 Re6 h3 g6 Nh6+ Kg7 Nhg4 Rxa5 Rxa5 Qxa5 Qxa5 Nxa5 Ra1 Nxg4 hxg4 Nc4 Nd3 Re8 Ra7 Rb8 Nb4 Rc8 g5 Nd2 f3 c5 dxc5 Rxc5 Rd7 Nc4 Nxd5
FIDE WCh KO,Moscow RUS,2001.11.27,1.1,"Conquest,S","Gyimesi,Z",1/2-1/2,E54,Nf3 d5 c4 e6 d4 Nf6 Nc3 Bb4 e3 O-O Bd3 c5 O-O cxd4 exd4 dxc4 Bxc4 a6 a3 Bxc3 bxc3 Qc7 Qe2 Nbd7 Bg5 b5 Bd3 Bb7 Rfc1 Bd5 a4 Bc4 axb5 axb5 Bxf6
FIDE WCh KO,Moscow RUS,2001.11.27,1.1,"Asrian,K","Khenkin,I",1/2-1/2,B12,e4 c6 d4 d5 e5 Bf5 Nc3 e6 g4 Bg6 Nge2 c5 Be3 Nc6 dxc5 Nxe5 Nf4 Ne7 Bb5+ N7c6 Qe2 Be4 Nxe4 dxe4 Rd1 Qc7 Nh5 a6 Bxc6+ Qxc6 O-O Qb5 Qxb5+
FIDE WCh KO,Moscow RUS,2001.11.27,1.1,"Volkov,S","Luther,T",1-0,D12,d4 d5 c4 c6 Nf3 Nf6 e3 Bf5 Nc3 e6 Nh4 Be4 f3 Bg6 Qb3 Qc7 Bd2 Nbd7 Rc1 Rc8 g3 Qb8 cxd5 cxd5 e4 dxe4 Nxg6 hxg6 fxe4 Nh5 Bg2 e5 Bh3 Rd8 Nb5 Be7 Bb4 O-O Bxe7
FIDE WCh KO,Moscow RUS,2001.11.27,1.1,"Kaidanov,G","Shabalov,A",0-1,D37,d4 Nf6 c4 e6 Nf3 d5 Nc3 Be7 Bf4 O-O e3 c5 dxc5 Bxc5 a3 Nc6 Qc2 Qa5 Nd2 Qd8 Rd1 h6 cxd5 exd5 Nde4 Bf5 Nxf6+ Qxf6 Bd3 Be6 Nxd5 Bxd5 Qxc5 Bxg2 Rg1 Bf3 Rc1 Rfe8 Qf5 Qxf5 Bxf5 Nd4 Bd3 Bh5 Kf1 Nf3 Rg3 Rad8 Bb5 Re6 Rh3 Bg4 Rg3 Bh5 Rh3 Nd2+ Kg2 Bg6 Be2 Bf5 Rh5 g5 Bg3 Bg6 Rc7 Rf6 Rxb7 Be4+ f3 Bxb7
FIDE WCh KO,Moscow RUS,2001.11.27,1.1,"Krasenkow,M","Lputian,S",0-1,D31,d4 e6 c4 d5 Nc3 Be7 cxd5 exd5 Bf4 c6 e3 Bf5 g4 Be6 h3 Nd7 Nf3 Ngf6 Bd3 Nb6 Ne5 Nfd7 Qc2 Nxe5 Bxe5 f6 Bg3 g6 h4 Bd6 Ne2 Bxg3 Nxg3 Qe7 h5 O-O-O f3 f5 gxf5 Bxf5 Nxf5 gxf5 Bxf5+ Kb8 O-O-O Qxe3+ Kb1 h6 Qh2+ Ka8 f4 Qe7 Rhe1 Qc7 Re6 Rdf8 Bd3 a6 Rf1 Nc4 Qf2 Qa5 Rd1 Qb4 f5 Rf7 Ka1 Ka7 a3 Qb3 Qc2 Qb6 Bxc4 dxc4 d5 Rd8 d6 Qc5 f6 Qxh5 Qf2+ c5 Rde1 Qd5 Re7 Rd7 Qg3 Kb6 R7e5 Qd4 Qf3 Ka7 Re6 Rxd6 Re7 Rb6
FIDE WCh KO,Moscow RUS,2001.11.27,1.1,"Nisipeanu,LD","Bruzon,L",1/2-1/2,B85,e4 c5 Nf3 e6 Nc3 a6 d4 cxd4 Nxd4 Nc6 Be2 Qc7 O-O Nf6 Be3 d6 a4 Be7 f4 O-O Kh1 Nxd4 Qxd4 e5 Qd2 exf4 Bxf4 Be6 Rfd1 Rfd8 h3 Rac8 a5 Qb8 Ra4 g6 Rd4 Ne8 Na4 Bf6 Rb4 Qc7 Nb6 Rb8 c3 Qc5 Nd5 Qxa5 Be3 Bxd5 Bb6 Qxb4 cxb4 Bxe4 Bxd8 Rxd8 Qe3 Bc6 Qb6 Rc8 Bf3 Bd8 Qe3 Ng7 Bxc6 Rxc6 Qa7 Ne6 Qxb7 Rb6 Qd7 Bf6 Rxd6 Rxb4 Rxa6 Rxb2 Qe8+ Kg7 Ra7 Rb1+ Kh2 Be5+ g3 Rb2+ Kh1 Rb1+ Kg2 Rb2+ Kh1 Rb1+ Kg2 Rb2+ Kf1 Rf2+ Kxf2 Bd4+ Kf3 Bxa7 g4 h6 Qa8 Bd4 Ke4 Bf6 Qa3 Nf8 Kd5 Bg5 Kc6 Bf6 Qg3 g5 Kd6 Kg6 Qd3+ Kg7 Qf5 Bd8 Kc6 Bf6 Kc7 Be7 Qe5+ Bf6 Qd6 Ng6 Kd7 Ne5+ Ke8 Ng6 Qd7 Ne5 Qc7 Kg8 Qd6 Kg7 Qf8+ Kh7 Qa3 Kg7 Qd6 Ng6 Qd1 Ne5 Qf1 Ng6 Qe1
FIDE WCh KO,Moscow RUS,2001.11.27,1.1,"Sulskis,S","Graf,A",1-0,B80,e4 c5 Nf3 e6 d4 cxd4 Nxd4 Nf6 Nc3 d6 Be3 a6 f3 b5 g4 Bb7 Qd2 Nc6 Nxc6 Bxc6 O-O-O Rc8 Bd3 Be7 Ne2 Nd7 Kb1 Ne5 Nd4 Bb7 Qe2 O-O h4 d5 Bf4 Bd6 Qh2 Qc7 Qg3 Rfd8 exd5 Bxd5 Be4 Bxe4 fxe4 Nc4 Bxd6 Rxd6 c3 Qb7 Ka1 Rcd8 b3 Na3 e5 Rd5 Qf3 h6 g5 b4
FIDE WCh KO,Moscow RUS,2001.11.27,1.1,"Pigusov,E","Ivanov,AV",1-0,A30,Nf3 Nf6 c4 b6 g3 c5 Bg2 Bb7 O-O g6 d4 cxd4 Qxd4 Bg7 Nc3 d6 Rd1 Nbd7 b3 O-O Qh4 Rc8 Bh6 Rc6 Bxg7 Kxg7 Qd4 Qa8 Ne1 a6 e4 Rcc8 Nc2 Nc5 Ne3 Rfd8 Ned5 e5 Qe3 Bxd5 Nxd5 Nxd5 Rxd5 Qb8 Rad1 Ne6 h4 h5 Bh3 Rc5 Bxe6 fxe6 R5d3 Rd7 Qg5 Qf8 g4 Qf6 Rxd6 Rxd6 Rxd6 Qxg5 hxg5 b5 cxb5 axb5 gxh5 gxh5 Rxe6 h4 Rb6 h3 Kh2 Rc2 Kxh3 Rxf2 Rh6 Rxa2 Kh4
FIDE WCh KO,Moscow RUS,2001.11.27,1.3,"Yermolinsky,A","Milov,V",1/2-1/2,E94,d4 Nf6 c4 g6 Nc3 Bg7 e4 d6 Nf3 O-O Be2 Na6 O-O e5 Re1 Qe8 Bg5 Bg4 Bxf6 Bxf6 d5 Bg7 Rb1 Nc5 b4 Nd7 Nd2 Bxe2 Qxe2 f5 c5 dxc5 Nb5 Qd8 Qc4 Nb6 Qxc5 Rf7 Rbd1 Qd7 Na3 f4 Nf3 Bf6 Nc4 Nxc4 Qxc4 g5 Nd2 g4 Nb3 b6 Qc6 Qxc6 dxc6 Be7 a3 a5 bxa5 bxa5 Rd5 Bxa3 Rxa5 Rxa5 Nxa5 Bb4 Ra1 Rf6 Nc4 Bc3 Rc1 Bd4 Nd2 Rd6 Kf1 Rh6 h3 gxh3 gxh3 Rxh3 Kg2 Ra3 Nf3 Kf7 Nxd4 exd4 Rc5 Ke6 Rd5 Rc3 Rxd4 Ke5 Rd7 Rxc6 Re7+ Kf6 Rxh7 Ke5 Re7+ Kf6 Rh7
FIDE WCh KO,Moscow RUS,2001.11.27,1.1,"Christiansen,L","Tiviakov,S",1/2-1/2,B76,e4 c5 Nf3 Nc6 d4 cxd4 Nxd4 g6 Nc3 Bg7 Be3 Nf6 Bc4 O-O Bb3 d6 f3 a5 Ndb5 Nd7 a4 Nc5 Bc4 Be6 Bxe6 Nxe6 O-O Rc8 Qd2 Nb4 Rac1 Nc5 Kh1 b6 b3 Qd7 Bd4 Bxd4 Qxd4 Rfd8 Nd5 Nxd5 exd5 Qf5 Rfe1 Qg5 Rcd1 e5 dxe6 Nxe6 Qf2 Qc5
FIDE WCh KO,Moscow RUS,2001.11.27,1.1,"Korchnoi,V","Psakhis,L",1/2-1/2,A30,Nf3 Nf6 c4 b6 g3 c5 Bg2 Bb7 O-O g6 d3 Bg7 e4 O-O Nc3 Nc6 Be3 Ng4 Bd2 d6 a3 a6 Rb1 b5 Ne1 Nge5 f4 Nd7 cxb5 axb5 Nxb5 Qb6 Nc3 Nd4 Be3 Rfb8 Nc2 Nb3 Bf2 e6 Ne3 Bc6 Nc4 Qc7 g4 Nd4 Bg3 Nb6 f5 Nxc4 dxc4 Rb3 Qd2 Rab8 f6 Bf8 Rf2 Qa5 Qd3 Ba4 Bf1 Qa8 g5 Bc6 Bg2 R8b6 Bf4 Qb8 Qd2 Qa7 Be3 Qa5 Qd1 Qxc3 bxc3 Rxb1 Bc1 Nb3 Rb2 Nxc1 Rxb1 Rxb1 Qc2 Ra1 Qb2 Nb3+ Kf2 Ba4 Bf3 h6 h4 hxg5 hxg5 Rc1 Kg2 e5 Kf2 Ra1 Kg2 Re1
FIDE WCh KO,Moscow RUS,2001.11.27,1.1,"Lesiege,A","Shipov,S",1/2-1/2,D42,c4 Nf6 Nc3 c5 Nf3 e6 e3 Be7 d4 cxd4 exd4 d5 cxd5 Nxd5 Bd3 Nc6 O-O O-O Re1 Bf6 Be4 Nce7 Qd3 h6 Ne5 Nxc3 Qxc3 Nf5 Be3 a5 Rac1 a4 Red1 Qa5 Qxa5 Rxa5 Bxf5 Bxe5 Be4 Bd6 d5 exd5 Bxd5 Be5 b4 axb3 axb3 Be6 Bxe6 fxe6 g3 Bf6 Rc5 Rxc5 Bxc5 Rd8 Rxd8+ Bxd8 Kg2 h5 Kf3 Kf7 Ke4 g6 h3 Bc7 Bd4 Bd6 Be5 Bb4 f3 Ke7 g4 Be1 Kd4 Bf2+ Kc4 Kd7 Kb5 Be3 Bg3 Bf2 Be5
FIDE WCh KO,Moscow RUS,2001.11.27,1.1,"Ehlvest,J","Radjabov,T",1/2-1/2,B20,e4 e6 d3 c5 g3 Nc6 Bg2 g6 f4 Bg7 Nf3 Nge7 c3 O-O Be3 b6 O-O Ba6 Na3 Rc8 Re1 d6 Nc2 Qc7 Rc1 Rfd8 Qd2 e5 d4 exf4 gxf4 d5 e5 Nf5 Bf2 Nce7 Ng5 h6 Nf3 Bb5 Nh4
FIDE WCh KO,Moscow RUS,2001.11.27,1.1,"Malakhatko,V","Movsesian,S",1/2-1/2,D11,d4 Nf6 Nf3 d5 c4 c6 e3 Bg4 h3 Bh5 Nc3 e6 g4 Bg6 Ne5 Nbd7 h4 dxc4 Nxg6
FIDE WCh KO,Moscow RUS,2001.11.27,1.1,"Motylev,A",Liang Chong,1-0,C45,e4 e5 Nf3 Nc6 d4 exd4 Nxd4 Bc5 Nxc6 bxc6 Bd3 Qh4 Qe2 Nf6 h3 O-O g3 Qh5 g4 Qh4 Nd2 Ne8 Nb3 Be7 Nd4 Bc5 Nf5 Qd8 Bd2 Nd6 O-O-O Nxf5 gxf5 Qh4 Rh2 Bd4 Rg1 Be5 Rhg2 g6 Rg4 Qe7 c3 d6 Bh6 Re8 fxg6 Bxg4 gxf7+ Qxf7 Rxg4+ Kh8 f4 Qe6 Rh4 Bf6 Rh5 Re7 Kb1 Rg8 Qe3 Qf7 Ra5 Qg6 Bg5 Bxg5 Rxg5 Qf6 h4 h6 Rxg8+ Kxg8 h5 Kh8 a3 c5 Qf2 Rf7 f5 Rg7 Bc4 Qe5 Bd5 Rg4 Qe2 Rg1+ Ka2 Kg7 Qb5 Kf6 Qb8 Qe7 Qxa7 c6 Qxe7+ Kxe7 Bxc6 Kd8 Bd5 Rg5 f6 Rxh5 f7 Ke7 a4
FIDE WCh KO,Moscow RUS,2001.11.27,1.1,"Cvitan,O","Lastin,A",1/2-1/2,D34,c4 e6 Nf3 d5 d4 c5 cxd5 exd5 g3 Nc6 Bg2 Nf6 O-O Be7 Nc3 O-O b3 b6 Ne5 Nxd4 e3 Ne6 Nxd5 Bb7 Nxf6+ Bxf6 Bxb7 Bxe5 Rb1 Rb8 Bg2 Qc7 Qe2 Rfd8 Bd2 Rd7 Rfc1 Rbd8 Be1 Qd6 Kf1 g6 Rc2 Qe7 Rd2 Rxd2 Bxd2 Nc7 Be1 Qd7 Rc1 a5 Bf3 a4 Rd1 Qxd1 Qxd1 Rxd1 Bxd1 axb3 axb3 Nd5 Bd2 Kf8 Ke2 Nc3+ Bxc3
FIDE WCh KO,Moscow RUS,2001.11.27,1.1,"Delchev,A","Timoshenko,G",1-0,E04,d4 Nf6 c4 e6 g3 d5 Bg2 dxc4 Nf3 Nc6 Qa4 Bb4+ Bd2 Nd5 Bxb4 Nxb4 O-O a6 Ne5 O-O Nxc6 Nxc6 Bxc6 bxc6 Qxc4 Rb8 b3 Qd6 Rc1 Bd7 Nd2 Rb4 Qxa6 Rxd4 Nc4 Qd5 Qa7 Rc8 Ne3 Qd6 Qc5 Ra8 a4 Qxc5 Rxc5 Kf8 Kf1 Ke7 Ke1 f6 Rd1 Rd6 f4 g6 Rc3 Rb8 Nc4 Rd5 e4 Rxd1+ Kxd1 g5 fxg5 fxg5 Ke2 Be8 Ke3 c5 Nd2 Kd6 Rd3+ Ke7 e5 Bc6 Rc3 Bd5 Rxc5 c6 Rc3 Rb4 Kd3 h5 Rc1 h4 Kc3 c5 Kb2 Rd4 Nc4 Kd7 Na5 Re4 Rxc5 Rxe5 gxh4 gxh4 Rc2 Rg5 Nc4 Be4 Nb6+ Kd6 Rc4 Rg2+ Kc3 Re2 a5 h3 Rxe4 Rxe4 a6 Re1 a7 Ra1 Kb2 Rxa7 Nc8+ Kd5 Nxa7 e5 Kc3 Ke4 Nc6 Kf3 Nxe5+ Kg2 Ng4 Kf3 Kd4 Kxg4 Ke4 Kg5 Kf3
FIDE WCh KO,Moscow RUS,2001.11.27,1.1,"Savchenko,S","Vallejo Pons,F",1-0,D15,d4 d5 c4 c6 Nf3 Nf6 e3 Bf5 Nc3 a6 Be2 dxc4 Bxc4 e6 O-O Nbd7 h3 Bg6 Qe2 Be7 e4 O-O Rd1 Re8 Bf4 Rc8 a3 b5 Bd3 Qb6 b4 a5 Qb2 Ra8 Be3 Qb7 Ne1 Nb6 Nc2 Nc4 Qb3 Nxe3 Nxe3 axb4 axb4 Rxa1 Rxa1 Rd8 Nc2 e5 f3 exd4 Ne2 Qb6 Kh1 Nd7 Nf4 Ne5 Rd1 Bf6 Be2 h5 Ne1 Qc7 Ned3 Nxd3 Nxd3 Be7 Qc2 h4 Qc1 Kh7 e5 Qd7 Nf4 Bg5 e6 Qc7 e7 Qxe7 Nxg6 Kxg6 Qc2+
FIDE WCh KO,Moscow RUS,2001.11.27,1.1,"Gurevich,M","Rogozenko,D",1-0,E39,d4 Nf6 c4 e6 Nc3 Bb4 Qc2 c5 dxc5 O-O a3 Bxc5 Nf3 b6 Bf4 Nh5 Bg3 Bb7 e3 Bxf3 gxf3 f5 f4 Nc6 Be2 Nf6 O-O Rc8 Rfd1 Ne8 Rd2 Rf7 Rad1 Bf8 Qa4 d6 b4 Nb8 Nb5 Qd7 Qb3 Nc6 Bf3 a6 Nc3 Qc7 c5 d5 Nxd5 exd5 Bxd5 bxc5 Be6 Nd6 Rxd6 Bxd6 bxc5 Bxc5 Rd7 Qxd7 Bxd7 Rb8 Qa2 Nd8 Be8 Be7 a4 g6 Bxf7+ Nxf7 Qe6 Kf8 Qxa6 Kg7 Qa7 Rb1+ Kg2 Bd8 a5 h5 h3 h4 Bh2 Rb2 a6 Bb6 Qb7
FIDE WCh KO,Moscow RUS,2001.11.27,1.1,"Gdanski,J","Zvjaginsev,V",1/2-1/2,B46,e4 c5 Nc3 e6 Nf3 a6 d4 cxd4 Nxd4 Nc6 Nxc6 bxc6 Bd3 d5 O-O Nf6 Qe2 Bb7 b3 Qc7 Kh1 Be7 Bb2 O-O Rae1 Qf4 e5 Nd7 Na4 Nc5 Bc1 Qb4 c3 Qa5 Nxc5 Qxc5 Qc2 g6 Bh6 Rfe8 f4 Bf8 b4 Qa7 Bxf8 Rxf8 f5 exf5 Bxf5 Bc8 Bxc8 Raxc8 Rf6 Rfe8 h3 Re6 Ref1 Rxf6 exf6 Qe3 Rf3 Qe1+ Kh2 Qe5+ Kg1 Re8 Qd3 Qe1+ Kh2 Qe5+ Kh1 Qe2 Qd4 Qe1+ Kh2 Qe5+ Qxe5 Rxe5 c4 dxc4 Ra3 Re6 Rxa6 Rxf6 b5 c3 b6 c2 b7 c1=Q b8=Q+ Kg7 Qe5 Qc4 Rb6 Qxa2 Rxc6 Qf2 Rc3 Qf4+ Qxf4 Rxf4 g4 g5 Kg3 h5 Rc6 h4+ Kg2 Ra4 Rb6 Ra2+ Kg1 Re2 Ra6 f6 Ra7+ Kf8 Rb7 Re7 Rb6 Kf7 Ra6 Rd7 Ra3 Rd1+ Kf2 Ke6 Re3+ Kd5 Rf3 Ke5 Re3+ Kd5 Rf3 Rd2+ Ke1 Rh2 Rxf6 Rxh3 Rf5+ Ke4 Kf2
FIDE WCh KO,Moscow RUS,2001.11.27,1.1,"Rublevsky,S",Nguyen Anh Dung,1/2-1/2,C43,e4 e5 Nf3 Nf6 d4 Nxe4 Bd3 d5 Nxe5 Nd7 Nxd7 Bxd7 O-O Qh4 c4 O-O-O Nc3 Nxc3 bxc3 dxc4 Bxc4 Bd6 f4 f6 Bd5 c6 g3 Qg4 Bf3 Qe6 Qa4 a6 Rb1 h5 Bd2 Qf5 Rb2 Rde8 c4 Qd3 c5 Bh3 Rf2 Bc7 Qb4 Qb5 Qc3 Qa4 a3 a5 Rb1 Bg4 Qb2 Bxf3 Rxf3 Re2 d5 b5 cxb6 Bd6 Qc3 c5 Qd3 Rhe8 Qa6+ Kd8 b7 Kd7 Rd3 Qe4 b8=N+ Rxb8 Rb7+ Rxb7 Qxb7+ Ke8 Qc8+ Ke7 Qb7+ Ke8 Qc8+
FIDE WCh KO,Moscow RUS,2001.11.27,1.3,"Sulskis,S","Graf,A",1-0,B81,e4 c5 Nf3 e6 d4 cxd4 Nxd4 Nf6 Nc3 d6 g4 h6 g5 hxg5 Bxg5 Nc6 Qd2 Qb6 Nb3 Bd7 O-O-O a6 f4 O-O-O Bg2 Kb8 e5 Be7 exd6 Bc8 Bxf6 Bxf6 Ne4 Be7 Qc3 Bf8 Nbc5 Rh5 Bf3 Rf5 Bg4 Rxf4 d7 Rxg4 Rhf1 Bxd7 Rxd7 Rxe4 Rxd8+ Qxd8 Nxe4 f5 Qg3+ Ka8 Rd1 Qa5 Nc3 Qb6 Kb1 Ka7 b3 e5 Na4 Qc7 Qf2+ Nd4 c3 b5 cxd4 bxa4 dxe5+ Kb8 Qxf5 Ba3 Qd7 Qxe5 Qd8+ Kb7 Rd7+ Kc6 Qc8+ Kb5 Rb7+ Ka5 Qd8+
FIDE WCh KO,Moscow RUS,2001.11.27,1.4,"Ganguly,S","Khalifman,A",0-1,C45,e4 e5 Nf3 Nc6 d4 exd4 Nxd4 Bc5 Be3 Qf6 c3 Nge7 Bb5 Ne5 Be2 Qg6 O-O d6 Kh1 Qxe4 Nd2 Qg6 Bh5 Bg4 Bxg6 Bxd1 Bxf7+ Kxf7 Raxd1 Bxd4 Bxd4 N7c6 Ne4 Rhe8 f4 Nc4 Ng5+ Kg8 Rde1 Nxd4 cxd4 Ne3 Rg1 h6 Nf3 Nd5 g3 Kf7 a3 a5 Kg2 Ne3+ Kh3 Re7 g4 Rae8 Kg3 b5 a4 bxa4 Ra1 Rb8 Rxa4 Rxb2 Rxa5 Nc2 Rg2 Re3 Ra1 Rbb3 Rxc2 Rxf3+ Kg2 Rxf4 Rxc7+ Kg6
FIDE WCh KO,Moscow RUS,2001.11.27,1.1,"Belkhodja,S","Vaganian,R",0-1,B03,e4 Nf6 e5 Nd5 c4 Nb6 d4 d6 exd6 exd6 Nc3 Be7 Nf3 Bg4 Be2 O-O O-O Nc6 d5 Bxf3 Bxf3 Ne5 b3 Bg5 Bb2 Nxf3+ Qxf3 Bf6 Rae1 Nd7 Nd1 Re8 Bxf6 Qxf6 Qxf6 Nxf6 Nc3 a6 f3 Nd7 Kf2 Ne5 Re3 f5 Rd1 Re7 h3 Rae8 Re2 g5 g3 Kf7 Rd4 Kf6 Rc2 h5 Ne2 g4 fxg4 hxg4 h4 Nf3 Rd3 Re4 Rb2 R8e7 a4 a5 Nc3 Re1 Re2 R7xe2+ Nxe2 Rb1 Nf4 Rb2+ Ke3 Ne1 Rc3 Ng2+ Nxg2 Rxg2 Kd4 f4 gxf4 Kf5 c5 Kxf4 cxd6 cxd6 Rc7 Rd2+ Kc3 Rxd5 Rxb7 g3 Rg7 Kf3 b4 axb4+ Kxb4 Rd4+ Kb5 g2
FIDE WCh KO,Moscow RUS,2001.11.27,1.1,"Sutovsky,E","Zapata,A",1-0,B43,e4 c5 Nc3 e6 Nf3 a6 d4 cxd4 Nxd4 Qc7 g3 Bb4 Bd2 Nc6 Nb3 Nf6 Bg2 b5 a4 Rb8 axb5 axb5 Qe2 Bxc3 Bxc3 e5 Na5 O-O O-O b4 Nxc6 dxc6 Bd2 c5 Bg5 Rb6 Ra5 Ne8 Be3 Rc6 Rfa1 Nd6 f4 Re8 fxe5 Nb7 Ra8 Qxe5 Qb5 Qe6 R1a6 Rxa6 Rxa6 Qe5 Ra8 h6 Qc6 Nd6 Qxc5 Qxb2 Qxd6 Qxc2 Qc5 b3 Qxc2 bxc2 e5 g5 Bh3 Bd7 Rxe8+ Bxe8 Bf5
FIDE WCh KO,Moscow RUS,2001.11.27,1.3,"Volokitin,A","Sakaev,K",0-1,C43,e4 e5 Nf3 Nf6 d4 Nxe4 dxe5 d5 Nbd2 Bf5 Nxe4 Bxe4 Bd3 Nc6 O-O Bxd3 Qxd3 Qd7 Bf4 Be7 Rad1 O-O-O a3 h6 Rfe1 g5 Bc1 Qe6 b4 g4 Nd4 Nxd4 Qxd4 Kb8 Be3 b6 a4 c5 bxc5 bxc5 Qd3 Ka8 c4 Qa6 cxd5 Qxd3 Rxd3 c4 Rdd1 Bb4 Re2 Rd7 Rc2 c3 Kf1 h5 d6 Re8 Bd4 f6 Bxc3 Bxc3 Rxc3 Rxe5 Re3 Rxe3 fxe3 Kb7 Kf2 Kc8 Kg3 Rb7 Kf4 Rb2 Kf5 Kd7 Kxf6 Rxg2 Ke5 Rxh2 Rc1 Re2 Rc7+ Kd8 e4 h4 Rg7 g3 Kd5 g2 e5 Rd2+ Ke6 Kc8 a5 a6 Ke7 h3 e6 h2 d7+ Kc7 Ke8 Kc6 e7 h1=Q Rg6+ Kb7 d8=N+ Ka7 Nc6+ Ka8 Kf7 Qh7+ Rg7 Qxg7+ Kxg7 g1=Q+ Kf7 Qf2+ Kg7 Qg2+ Kf6 Qxc6+
FIDE WCh KO,Moscow RUS,2001.11.27,1.3,"Savchenko,S","Vallejo Pons,F",1/2-1/2,D15,d4 d5 c4 c6 Nf3 Nf6 e3 Bf5 Nc3 a6 Bd3 Bxd3 Qxd3 e6 O-O Be7 e4 O-O Rd1 dxe4 Nxe4 Nbd7 Bf4 a5 Nxf6+ Nxf6 Ne5 a4 Bg5 Nd7 Nxd7 Qxd7 Bxe7 Qxe7 Qc3 Rfd8 Rd3 e5 Rad1 exd4 Rxd4 Rxd4 Qxd4 h6 g3 a3 bxa3 Qxa3 Rd2 Re8 Kg2 Qc1 Qd7 Qe1 Rd4 c5 Rf4 Qe7 Qd5 b6 Rf3 Qa7 a4 Re6 Qd8+ Kh7 Qd3+ g6 Qd5 Kg7 Ra3 Qa5 Qd3 Qa8+ Qd5 Qa5 Qd3 g5 h3 Qb4 Ra2 Qe1 Rb2 Rf6 Qe3 Qd1 Qc3 Qd6 a5 bxa5 Qxa5 Qd4 Qa2 Qe4+ Kh2 Rd6 Re2 Qf3 Qb2+ Rd4 Rd2 Qe4 Rxd4 cxd4 c5 Qd5 c6 Qxc6 Qxd4+
FIDE WCh KO,Moscow RUS,2001.11.27,1.3,"Rublevsky,S",Nguyen Anh Dung,0-1,B18,e4 c6 d4 d5 Nd2 dxe4 Nxe4 Bf5 Ng3 Bg6 Bc4 e6 N1e2 Nf6 Nf4 Bd6 c3 Qc7 Qf3 Nbd7 Bb3 O-O-O O-O Nd5 Nxg6 fxg6 Re1 Rhf8 Qg4 e5 Bg5 Nf6 Qh3 exd4 cxd4 Kb8 Ne4 Bb4 Nc3 Rde8 Re3 Bd6 Rae1 Rxe3 Bxe3 Re8 d5 Nc5 Bc4 a6 dxc6 Qxc6 Bf1 h5 Be2 Ka8 Qh4 Qc7 h3 Rxe3 Qg5 Re5 Qxg6 Nce4 Nxe4 Rxe4 Kf1 Bb4 Rd1 Qh2 f3 Bc5 Ke1 Qg1+ Kd2 Qe3+
FIDE WCh KO,Moscow RUS,2001.11.27,1.3,"Tkachiev,V","Hamdouchi,H",1-0,E15,d4 Nf6 c4 e6 Nf3 b6 g3 Ba6 b3 Bb7 Bg2 Bb4+ Bd2 a5 O-O O-O Qc2 d6 Rd1 Nbd7 Bc3 Ne4 Bb2 d5 c5 bxc5 a3 cxd4 axb4 axb4 Rxa8 Bxa8 Nxd4 c5 Bxe4 dxe4 Nb5 Qe7 Nd6 f5 e3 Bd5 Nc4 Rc8 Nbd2 e5 Nf3 Be6 Nfxe5 Nxe5 Nxe5 h6 Nc4 Kh7 h4 Ra8 Ra1 Rd8 Ne5 Qf6 Nc4 Qe7 Ra6 Bxc4 Qxc4 Qd7 Ra1 Qd2 Be5 Rd5 Bf4 Kg6 Kf1 Kh5 Qe2+ Qxe2+ Kxe2 g5 hxg5 hxg5 g4+ fxg4 Bg3 Rd3 Rc1 Rxb3 Rxc5 Rb2+ Kd1 Ra2 Rb5
FIDE WCh KO,Moscow RUS,2001.11.27,1.3,"Zapata,A","Sutovsky,E",0-1,B87,e4 c5 Nf3 d6 d4 cxd4 Nxd4 Nf6 Nc3 a6 Bc4 e6 O-O b5 Bb3 Be7 Qf3 Qc7 Qg3 Nc6 Nxc6 Qxc6 Re1 Bb7 f3 O-O Be3 Nd7 Ne2 Ne5 Bd4 Bf6 Rad1 Rad8 Nf4 Nd7 Bxe6 Qxc2 Bxd7 Bxd4+ Rxd4 Rxd7 Red1 Qxb2 Nh5 f6 Rxd6 Rdf7 Rxf6 Qc2 Re6 Qc5+ Kh1 Qxh5 Rd8 Bxe4 Qd6 Rxd8 Qxd8+ Rf8 Qd6 Qg6 Qe7 Bd5 a3 Re8 Qd7 Qxe6 Qa7 Qe1+ Qg1 Qxg1+ Kxg1 Bc4
FIDE WCh KO,Moscow RUS,2001.11.27,1.3,Yu Shaoteng,Zhang Zhong,0-1,C67,e4 e5 Nf3 Nc6 Bb5 Nf6 O-O Nxe4 Re1 Nd6 Nxe5 Nxe5 Rxe5+ Be7 Bd3 O-O Nc3 Bf6 Re3 g6 b3 b6 Ba3 Bb7 Qg4 c5 Rae1 Re8 b4 Rxe3 Rxe3 Bd4 Re1 Qf6 Nd1 c4 Bf1 Bc6 c3 Be5 Bxc4 h5 Qe2 Qf4 Qxe5 Qxe5 Rxe5 Nxc4 b5 Nxe5
FIDE WCh KO,Moscow RUS,2001.11.27,1.3,Ye Jiangchuan,"Barsov,A",1-0,C03,e4 e6 d4 d5 Nd2 Bd7 Bd3 c5 dxc5 Nf6 Qe2 Nc6 Ngf3 Nb4 O-O Nxd3 cxd3 Bxc5 Nb3 Be7 Bg5 h6 Bh4 Qb6 e5 Ng8 Bg3 a5 Bf4 a4 Be3 Qa6 Nc5 Qa5 b4 axb3 Nxb3 Qa6 Rfb1 Ba3 Nfd4 Ne7 Nc2 Nf5 Nc5 Qc6 Nxa3 Rxa3 Rxb7 O-O Nb3 Qa6 Bc5 Rd8 g4 Nh4 Bd6
FIDE WCh KO,Moscow RUS,2001.11.27,1.3,"Karpov,An",Zhang Pengxiang,0-1,D10,c4 c6 d4 d5 Nc3 Nf6 e3 a6 Qc2 g6 Bd3 Bg7 Nf3 O-O O-O Nbd7 b3 b5 Bb2 Bb7 e4 dxc4 bxc4 e5 c5 exd4 Ne2 Qe7 Bxd4 Rfe8 Ng3 Ng4 Bxg7 Kxg7 Rac1 Rad8 Rfd1 Nde5 Be2 Nxf3+ Bxf3 Ne5 Be2 Qf6
FIDE WCh KO,Moscow RUS,2001.11.27,1.3,"El Taher,F","Georgiev,Ki",0-1,B53,e4 c5 Nf3 d6 d4 cxd4 Qxd4 a6 c4 Nc6 Qd2 g6 b3 Nf6 Nc3 Bg7 Bb2 O-O h3 Qa5 Rb1 Be6 Be2 b5 cxb5 axb5 Bxb5 Nxe4 Nxe4 Qxb5 Bxg7 Kxg7 Nc3 Qa6 Qe2 Nb4 Qxa6 Rxa6 a4 Bf5 Rd1 Bc2 Rc1 Bxb3 Rb1 Nd3+ Kd2 Nc5 Rhe1 e5 Rb2 Bxa4 Ra1 Rfa8 Ra3 h6 Ke3 Bc6 Rxa6 Rxa6
FIDE WCh KO,Moscow RUS,2001.11.27,1.3,"Khalifman,A","Ganguly,S",1-0,D24,d4 d5 Nf3 Nf6 c4 dxc4 Nc3 a6 e4 b5 e5 Nfd7 a4 Nb6 axb5 Bb7 Be2 e6 bxa6 Rxa6 Rxa6 Nxa6 O-O Be7 Be3 O-O Nd2 Qd7 Re1 Nb4 Nxc4 Nxc4 Bxc4 Qc6 Bf1 Rd8 Qb3 Ba6 Bxa6 Qxa6 Rd1 h6 h3 Qa8 Qc4 Qb7 Rc1 Rb8 Qe2 Kf8 Rd1 Nd5 Nxd5 Qxd5 Rc1 Rb7 Rc3 Bb4 Rc2 Be7 Qa6 Kg8 Kh2 Kh7 Qa4 Bb4 Qc6 Qxc6 Rxc6 Ba5 Rc5 Bb6 Rc3 Rb8 Kg3 Rd8 Rc4 Rd5 Kf3 Kg6 Ke4 f6 f4 f5+ Kd3 Rb5 b4 Kf7 g4 g6 Bd2 Rd5 Bc3 Rd8 Bb2 Ra8 Rc3 Rd8 Rc1 Ra8 Kc4 Rd8 Ra1 Ke7 Bc3 Kf7 Rd1 Rd5 b5 Kg7 Bb4 Kf7 Rd3 fxg4 hxg4 h5 gxh5 gxh5 f5 h4 Bc3 Rd8 Rh3 exf5 Rxh4 Rg8 Rh5 Kg6 Rh1 f4 Rg1+ Kf7 Rxg8 Kxg8 Kd3 Kf7 Ke4
FIDE WCh KO,Moscow RUS,2001.11.27,1.3,"Kobese,W","Leko,P",0-1,B10,e4 c6 d3 d5 Nd2 e5 Ngf3 Bd6 Be2 Nf6 O-O O-O c3 Re8 Re1 h6 Qc2 Nbd7 Nf1 Nf8 Ng3 Ng6 h3 Qc7 Bf1 Bd7 a4 a5 Be3 Be6 Rad1 Rad8 Bc1 Bf8 Nf5 Rd7 N3h4 Nxh4 Nxh4 dxe4 dxe4 Red8 Rxd7 Nxd7 Nf3 Bc5 Nd2 Ba7 Nc4 Nf6 Be3 Bxe3 Nxe3 Qb6 Bc4 Bxc4 Nxc4 Qc5 Ne3 g6 Rd1 Rxd1+ Nxd1 Qc4 f3 Qc5+ Qf2 Nd7 Ne3 Nb6 b4 axb4 cxb4 Qxb4 Ng4 Qd4 Nxh6+ Kg7 a5 Nc4 Ng4 Nxa5 Qxd4 exd4 e5 b5 Kf2 c5 Ke2 c4
FIDE WCh KO,Moscow RUS,2001.11.27,1.3,"Anand,V","Touzane,O",1-0,A26,Nf3 Nf6 c4 g6 g3 Bg7 Bg2 O-O O-O d6 Nc3 e5 d3 Nc6 Rb1 a5 a3 h6 b4 axb4 axb4 Be6 b5 Ne7 Bb2 Qd7 Re1 Bh3 Bh1 Ng4 Qb3 Kh7 Ne4 Qf5 b6 Qh5 bxc7 f5 Nxd6 f4 Qxb7 fxg3 hxg3 Bf1 Nh4 g5 Qe4+ Kg8 Bf3 Bh3 Bxg4 Bxg4 Ng2 Ra6 Bxe5 Nc8 c5 Ra7 Bxg7 Kxg7 Ne3 Bd7 c6 Bh3 Nxc8 Bxc8 Qd4+ Kg6 Qxa7
FIDE WCh KO,Moscow RUS,2001.11.27,1.4,"Vallejo Pons,F","Savchenko,S",1-0,B90,e4 c5 Nf3 d6 d4 cxd4 Nxd4 Nf6 Nc3 a6 f3 e5 Nb3 b5 Be3 Nc6 g4 a5 g5 b4 Ne2 Nh5 Qd2 Be6 Ng3 Nxg3 hxg3 a4 Nc1 Qa5 f4 exf4 gxf4 d5 f5 Ne5 Qf2 b3+ c3 dxe4 fxe6 Nf3+ Kd1 Qd5+ Bd4 Bc5 axb3 Bxd4 cxd4 Qxe6 Bb5+ Ke7 Rxa4 Rxa4 bxa4 Rd8 Kc2 Rxd4 Qe3 Qe5 Kb1 Qxg5 Qc3 Qe5 Rxh7 e3 Rh8 Qe4+ Ka1 Nd2 Re8+
FIDE WCh KO,Moscow RUS,2001.11.27,1.4,Nguyen Anh Dung,"Rublevsky,S",1-0,D26,d4 d5 Nf3 Nf6 c4 dxc4 e3 e6 Bxc4 c5 O-O Nc6 Nc3 a6 dxc5 Bxc5 Qe2 b5 Rd1 Qb6 Bd3 Bb7 b3 Nb4 Bb1 O-O Bb2 Rfd8 a3 Rxd1+ Nxd1 Nbd5 Nc3 Rc8 Nxd5 Nxd5 Bd3 Be7 Rc1 Rxc1+ Bxc1 Bf6 Qc2 g6 h3 Qd6 Bf1 Ne7 Nd2 Qe5 a4 b4 Nc4 Qc5 Bb2 Nd5 Bxf6 Nxf6 Qd2 Ne4 Qd7 Bc6 Qc8+ Kg7 Qxa6 Nc3 Qb6 Qd5 Qxb4 Ne2+ Kh2 Qg5 Qd2 Bf3 a5 e5 a6 Qh4 Bxe2 Qxf2 Bxf3
FIDE WCh KO,Moscow RUS,2001.11.27,1.4,"Sakaev,K","Volokitin,A",0-1,A46,d4 Nf6 Nf3 e6 g3 c5 Bg2 Nc6 O-O Qb6 dxc5 Bxc5 c4 d5 cxd5 Nxd5 e4 Nf6 Nc3 O-O Na4 Qa5 Nxc5 Qxc5 Be3 Qb4 Qc2 Qxe4 Qxe4 Nxe4 Nd4 Nxd4 Bxd4 Nf6 Bxf6 gxf6 Rac1 Rb8 Rfd1 b6 Rc7 a5 Rd6 Ba6 Bf1 Bxf1 Kxf1 Rfd8 Rxd8+ Rxd8 Rb7 Rd6 Ke2 Kg7 b3 f5 f4 Kg6 Ke3 f6 Re7 Rd1 a4 Rb1 Rxe6 Re1+
FIDE WCh KO,Moscow RUS,2001.11.27,1.4,"Radjabov,T","Ehlvest,J",1/2-1/2,D10,d4 d5 c4 c6 Nc3 Nf6 e3 a6 Qc2 g6 Bd3 Bg7 Nf3 O-O O-O Bg4 Ne5 Be6 b3 c5 Ne2 cxd4 exd4 Nc6 Nxc6 bxc6 Bf4 a5 Be5 Bc8 Nc3 Bh6 Rad1 Ng4 Bg3 Bg7 h3 Nh6 Be5 Bf5 Rfe1 e6 Qe2
FIDE WCh KO,Moscow RUS,2001.11.27,1.4,"Psakhis,L","Korchnoi,V",1-0,B19,e4 c6 d4 d5 Nd2 dxe4 Nxe4 Bf5 Ng3 Bg6 Nf3 Nd7 h4 h6 h5 Bh7 Bd3 Bxd3 Qxd3 e6 Bd2 Ngf6 O-O-O Qc7 Ne4 Be7 g3 Nxe4 Qxe4 O-O-O Bf4 Bd6 Bxd6 Qxd6 Ne5 Nxe5 dxe5 Qc5 Qf4 Rhf8 Rhe1 Rd5 a3 Qe7 c4 Rxd1+ Rxd1 Qg5 Qxg5 hxg5 Kd2 Rh8 g4 Rh6 Ke3 g6 Rh1 gxh5 gxh5 Kd7 Kf3 Ke7 Kg4 f6 exf6+ Kxf6 Rd1 Rh7 Rd8 Rf7 Rg8 Rd7 Rg6+ Kf7 Kxg5 Rd1 Rf6+ Ke7 Rf4 Rg1+ Rg4 Rf1 Kg6 Rxf2 h6 Rf6+ Kh5 Rf5+ Rg5 Rf2 Kg6 Rf6+ Kh7 b6 b4 a6 a4 Kf7 Rg7+ Kf8 Rg8+ Kf7 Rb8 Rf4 Rb7+ Kf8 Kg6 Rg4+ Kf6 Rf4+ Kxe6 Re4+ Kf5 Rh4 h7 a5 bxa5 bxa5 h8=Q+
FIDE WCh KO,Moscow RUS,2001.11.27,1.4,"Tiviakov,S","Christiansen,L",1-0,B01,e4 d5 exd5 Qxd5 Nc3 Qd6 d4 Nf6 Bc4 a6 Bb3 Bg4 Nge2 e6 Bf4 Qxf4 Nxf4 Bxd1 Rxd1 Bb4 Ne2 Nbd7 a3 Bd6 Ng3 Bxg3 hxg3 c6 f3 O-O-O Kf2 h5 Ne2 g5 c3 Kc7 Bc2 Nb6 Nc1 h4 gxh4 gxh4 Nd3 Rdg8 Rh3 Nc4 Rdh1 Nd5 Bb3 Nxb2 Nxb2 Nf4 R3h2 Rg3 Bc4 Rhg8 Bf1 b5 Rxh4 Nxg2 Rh7
FIDE WCh KO,Moscow RUS,2001.11.27,1.4,"Milov,V","Yermolinsky,A",1/2-1/2,E21,d4 Nf6 c4 Nc6 Nf3 e6 Nc3 Bb4 Bd2 O-O e3 d6 Qc2 e5 d5 Ne7 Bd3 c6 dxc6 Nxc6 O-O h6 Ne4 Bg4 Nxf6+ Qxf6 Be4 Bxd2 Qxd2 Rfd8 Rfd1 Rd7 h3 Be6 Rac1 Rad8 Bd5 Ne7 Bxe6 Qxe6 Qc3 f6 e4 Ng6 Qe3 a6 b3 Nf4 Rc2 f5 Nh4 fxe4 Qxe4 d5 cxd5 Rxd5 Re1 Rd4 Qf5 Rd1 Rxd1 Rxd1+ Kh2 Qxf5 Nxf5 Rd7 Ne3 Kf7 Kg3 Ke6 Kf3 Nd5 Nxd5 Rxd5 Ke3 Rd7 Rc8 h5 h4 g6 g3 Kf5 Rf8+
FIDE WCh KO,Moscow RUS,2001.11.27,1.4,"Graf,A","Sulskis,S",0-1,D60,d4 d5 c4 e6 Nc3 Nf6 Bg5 Be7 e3 O-O Nf3 Nbd7 Bd3 dxc4 Bxc4 c5 O-O a6 a4 cxd4 exd4 Nb6 Bb3 Bd7 a5 Nbd5 Nxd5 Nxd5 Bxd5 exd5 Bxe7 Qxe7 Qb3 Bb5 Rfe1 Qd6 Re5 Bc4 Qe3 Qb4 Nh4 Qxb2 Re1 Qb3 Qd2 Qa2 Qe3 Qb3 Qf4 Bd3 g4 Be4 Nf5 Bxf5 gxf5 f6 Re7 Rf7 Rxf7 Kxf7 Qd6 Kg8 Qe6+ Kf8 Kg2 h6 Re3 Qb4 Qxd5 Qb5 Qe6 Qxa5 d5 Qc7 Kh3 Rd8 Rd3 Rd6 Qe4 b5 Qd4 Qc4 Qe3 Qc8 Kg4 h5+ Kf4 g5+ Kf3 Qxf5+ Kg2 Rxd5 Rc3 Qg4+
FIDE WCh KO,Moscow RUS,2001.11.27,1.4,"Bruzon,L","Nisipeanu,LD",1/2-1/2,A30,c4 e6 Nf3 c5 Nc3 Nf6 g3 b6 Bg2 Bb7 O-O Be7 b3 O-O Bb2 d6 e3 Nbd7 Qe2 Ne4 Nxe4 Bxe4 d3 Bb7 Rfd1 a6 d4 cxd4 Bxd4 Re8 Rac1 Qc7 Ne1 Bxg2 Nxg2 Qb7 Qg4 Bf8 Ba1 Ne5 Qe2 Rac8 e4 Nd7 Nf4 b5 cxb5 axb5 Nd3 Rxc1 Rxc1 Ra8 Rc2 e5 f3 Nf6 Kg2 Re8 a4 bxa4 bxa4 Qa8 Ra2 d5 Bxe5 Nxe4 Qc2 Nc5 Nxc5 Rxe5 Nd7 Re3 Nxf8 Qxf8 Qd2 Qe7 a5 d4 Qxd4 h5 a6 Re2+
FIDE WCh KO,Moscow RUS,2001.11.27,1.4,"Luther,T","Volkov,S",1-0,C11,e4 e6 d4 d5 Nc3 Nf6 e5 Nfd7 f4 c5 Nf3 Qb6 Be3 a6 Na4 Qc7 dxc5 Nxc5 Nxc5 Bxc5 Qd2 Nd7 Bd3 Qb6 Bxc5 Nxc5 b4 Nxd3+ cxd3 a5 bxa5 Rxa5 Qf2 Qa6 O-O Bd7 Nd4 O-O Nb3 Rb5 Nc5 Qc6 Rfc1 Ra8 Na4 Rxa4 Rxc6 Bxc6 f5 Rab4 h3 Rb2 Qa7 h6 fxe6 fxe6 Rf1 Re2 Rf2 Rb1+ Kh2 Rxe5 Qb8+ Kh7 Qxe5
FIDE WCh KO,Moscow RUS,2001.11.27,1.4,"Hamdouchi,H","Tkachiev,V",0-1,C42,e4 e5 Nf3 Nf6 Nxe5 d6 Nf3 Nxe4 Bd3 Nf6 h3 Be7 O-O Nbd7 c3 Nc5 Bc2 d5 Re1 O-O d3 Bf5 Nh4 Be6 Be3 Re8 Bxc5 Bxc5 d4 Bf8 Nd2 c6 Nhf3 Qb6 b4 a5 a3 g6 Ne5 Nd7 Nef3 Nf6 Rb1 axb4 axb4 Ra3 Nb3 Qc7 Qc1 Raa8 Nc5 Bxc5 bxc5 Kg7 Ne5 Nd7 Qf4 Nxe5 dxe5 Qe7 h4 Ra5 Re3 Rxc5 h5 Rc4 Qf3 b5 Ra1 Rh4 Ra7 Qg5 hxg6 hxg6 g3 Rhh8 Re1 Ra8 Rea1 Rxa7 Rxa7 Qxe5 Bd3 Qxc3 Qe3 Qf6 Rc7 d4
FIDE WCh KO,Moscow RUS,2001.11.27,1.4,Yu Shaoteng,Zhang Zhong,0-1,C67,e4 e5 Nf3 Nc6 Bb5 Nf6 O-O Nxe4 Re1 Nd6 Nxe5 Nxe5 Rxe5+ Be7 Bd3 O-O Nc3 Bf6 Re3 g6 b3 b6 Ba3 Bb7 Qg4 c5 Rae1 Re8 b4 Rxe3 Rxe3 Bd4 Re1 Qf6 Nd1 c4 Bf1 Bc6 c3 Be5 Bxc4 h5 Qe2 Qf4 Qxe5 Qxe5 Rxe5 Nxc4 b5 Nxd2
FIDE WCh KO,Moscow RUS,2001.11.27,1.4,"Barsov,A",Ye Jiangchuan,0-1,E77,d4 Nf6 c4 g6 Nc3 Bg7 e4 d6 f4 O-O Nf3 c5 d5 e6 Be2 exd5 e5 Ne4 cxd5 Nxc3 bxc3 Nd7 e6 fxe6 dxe6 Nb6 O-O Bxe6 Ng5 Bd5 Rb1 Bxc3 Kh1 Bd4 a4 Qe7 a5 Rae8 Bf3 Bxf3 Qxf3 Nd7 Rxb7 h6 Qb3+ Kh8 Nf3 Qe2 Qd1 Nf6 Nxd4 cxd4 Bb2 d3 Qa1 Kg8 Rg1 Re7 Rxe7 Qxe7 Re1 Qf7 Qd1 Qd5 h3 Nh5 Qg4 Qf5 Rd1 Qxg4 hxg4 Nxf4 g3 Rb8 Bd4 Ne2 Bxa7 Rb3 Kg2 Ra3 Bb6 Kf7 Rd2 Ke6 Kf3 Kd5 a6 Nd4+ Ke3 Nc2+ Kf3 Nd4+ Ke3 Nc2+ Kf2 Kc4 a7 d5 Rd1 Ra6 Rh1 Ra2
FIDE WCh KO,Moscow RUS,2001.11.27,1.4,Zhang Pengxiang,"Karpov,An",1-0,C54,e4 e5 Nf3 Nc6 Bc4 Bc5 c3 Nf6 d3 d6 O-O O-O Bb3 a6 Nbd2 Be6 Nc4 Ba7 Bg5 h6 Bh4 Kh7 Ne3 Rg8 d4 exd4 cxd4 Bxb3 Qxb3 Nxd4 Nxd4 Bxd4 Nf5 Bb6 Qxf7 Qf8 Qc4 Re8 Rae1 g5 Bg3 Nxe4 Nxh6 Kxh6 Rxe4 Qf5 Rxe8 Rxe8 h4 g4 Bf4+ Kh7 Be3 Re4 Qb3 Bxe3 fxe3 Qe6 Qxb7 Rxe3 Qxc7+ Kg6 Qc2+ Qe4 Qf2 Qe6 Qf4 Re5 Kh2 a5 Rd1 d5 Rd4 Kh5 Qf8 Kxh4 Qh8+ Kg5 Qg7+ Kh5 Rxg4 Qxg4 Qxe5+ Kg6 Qg3 Kf5 Qxg4+ Kxg4 Kg1
FIDE WCh KO,Moscow RUS,2001.11.27,1.4,"Georgiev,Ki","El Taher,F",1-0,E62,Nf3 Nf6 c4 g6 g3 Bg7 Bg2 O-O O-O d6 Nc3 c6 d4 Bf5 b3 Ne4 Bb2 c5 Nh4 Bxd4 Nxf5 gxf5 Qc2 Bxc3 Bxc3 d5 cxd5 Qxd5 Rad1 Qe6 Ba1 Nd7 g4 Nd6 Qb2
FIDE WCh KO,Moscow RUS,2001.11.27,1.3,"Volkov,S","Luther,T",0-1,D30,d4 d5 c4 c6 Nf3 Nf6 e3 e6 Nbd2 c5 cxd5 exd5 b3 Nc6 Bb5 Bd7 Bb2 cxd4 Nxd4 Nxd4 Bxd7+ Qxd7 Bxd4 Be7 O-O O-O Qf3 a6 Rfd1 Qe6 Nf1 Rac8 Ng3 g6 Ne2 Rfd8 Nf4 Qf5 h3 Ne4 Rac1 Bh4 g3 Rxc1 Rxc1 Bf6 g4 Qg5 Rd1 Bxd4 Rxd4 Qe5 Nxd5 Ng5 Qd1 Nxh3+ Kg2 Nxf2 Kxf2 Qh2+ Ke1 Qh1+ Kd2 Qxd5 Kc3 Qc5+ Kb2 Rxd4 exd4 Qd5 Qd2 Kg7 g5 f6 gxf6+ Kxf6 Qf4+ Kg7 Qc7+ Kh6 Qh2+ Kg5 Qxh7 Qxd4+ Ka3 Qc5+ Kb2 Qe5+ Kb1 Qe4+ Kb2 Kg4 a4 Qd4+ Ka2 Qd2+ Ka3 Qc1+ Ka2 Qc2+ Ka3 Qc5+ Ka2 Qc6 Qh2 g5 Qe2+ Qf3 Qc4+ Kh3 Ka3 g4 Qc8 Qc6 Qf5 Qd6+ Ka2 Qd2+ Ka3 Qd6+ Ka2 Qc6 Qh5+ Kg3 Qe5+ Kg2 Qb2+ Kf3 Qb1 g3 Qf1+ Kg4 Qd1+ Qf3 Qd7+ Kf4 Qd4+ Qe4 Qd6+ Kf3 Qf6+ Ke2 Qb2+ Kf1 Qc1+ Qe1 Qh6 g2 Qh3 Qe4 Ka3 Kf2 Qh2 Qg4
FIDE WCh KO,Moscow RUS,2001.11.27,1.3,"Asrian,K","Khenkin,I",1/2-1/2,B45,e4 c5 Nf3 e6 d4 cxd4 Nxd4 Nf6 Nc3 Nc6 Ndb5 Bb4 a3 Bxc3+ Nxc3 d5 exd5 exd5 Bd3 O-O O-O d4 Ne2 Bg4 f3 Bh5 Bg5 Bg6 Nf4 Bxd3 Nxd3 Qd6 Bxf6 Qxf6 Qd2 Ne5 Nxe5 Qxe5 Rae1 Qc5 Qd3 Rfe8 Re4 Rxe4 fxe4 Rc8 Rf2 Qc4 Qxc4 Rxc4 Rd2 f6 b3 Rc3 Rxd4 Rxc2 Rd8+ Kf7 Rd7+ Kg6 Rxb7 a5 Rb5 a4 bxa4 Rc3 Kf2 Rxa3 Ra5 Ra2+ Kf3 Ra3+ Kf4 Ra2 Kf3 Ra3+ Kg4 h5+ Kf4 Ra2 Kf3 Ra3+
FIDE WCh KO,Moscow RUS,2001.11.27,1.3,"Kotsur,P","Dominguez,L",0-1,E95,c4 Nf6 Nc3 c6 e4 e5 Nf3 d6 d4 Nbd7 Be2 g6 O-O Bg7 Re1 O-O Bf1 Qc7 Rb1 Re8 d5 c5 a3 a6 b4 Rf8 h3 Ne8 Be3 h6 Nd2 f5 f3 f4 Bf2 g5 Nb3 b6 Na2 h5 a4 a5 bxa5 bxa5 Nc3 Ndf6 Be2 Rf7 Nd2 Bf8 Nf1 g4 fxg4 hxg4 hxg4 Rh7 g5 Qg7 gxf6 Qh6 f7+ Kxf7 Bh5+ Qxh5 Qxh5+ Rxh5 Nh2 Ba6 Nb5 Be7 Rb3 Rd8 Rh3 Rxh3 gxh3 Bc8 Kg2 Nf6 Nf3 Rg8+ Kh2 Rh8 Bh4 Ne8 Bxe7 Kxe7 Ng1 Nf6 Na7 Ng4+ Kh1 Bd7 Rb1 Bxa4 Rb7+ Kf6 Rb6 Nf2+ Kg2 Nxe4 Nf3 Rg8+ Kf1 Rg3 Ke2 Be8 Nh2 Rxh3 Ng4+ Kg5 Nxe5 Bh5+ Kf1 dxe5
FIDE WCh KO,Moscow RUS,2001.11.27,1.3,"Baklan,V","Benjamin,Joe",0-1,C60,e4 e5 Nf3 Nc6 Bb5 Nge7 O-O g6 c3 a6 Ba4 Bg7 d4 exd4 cxd4 b5 Bb3 d6 h3 O-O Nc3 Bb7 Bg5 h6 Bh4 Na5 Bc2 Qd7 e5 Nf5 Bxf5 Qxf5 exd6 cxd6 Be7 Rfe8 Bxd6 Nc4 Be5 Bxf3 Qxf3 Qxf3 gxf3 Bxe5 dxe5 Rxe5 f4 Rf5 b3 Nd2 Rfd1 Rd8 Ne4 Nf3+ Kf1 Rxd1+ Rxd1 Rxf4 Nc5 a5 Rd8+ Kg7 Ra8 Rf5 Nd3 b4 Rd8 Nd2+ Ke2 Ne4 Rd4 Nc3+ Ke3 Nxa2 Rd7 Nc3 Kd4 Ne2+ Ke3 Ng1 h4 Nf3 Nf4 Nxh4 Ne6+ Kf6 Nd8 Re5+ Kf4 Re7 Rxe7 Kxe7 Nc6+ Kd6 Nxa5 h5 Nc4+ Kd5 Ke3 Ng2+ Kd3 Nf4+ Ke3 Ne6 Nb6+ Kc6 Nc4 g5 Ne5+ Kd5 Nd3 f5 Kd2 Nc5 Nxb4+ Ke4 Ke2 f4 Kf1 Nxb3 Nc6 Nd4 Ne7
FIDE WCh KO,Moscow RUS,2001.11.27,1.3,"Eingorn,V","Sasikiran,K",0-1,D07,d4 d5 c4 Nc6 Nc3 dxc4 Nf3 a6 d5 Na5 e4 e6 Bg5 f6 Be3 b5 g3 Bb4 Bg2 Ne7 O-O O-O Nd4 e5 Nc2 Bd6 Rb1 Nb7 b4 f5 exf5 Bxf5 Ne4 a5 a3 axb4 axb4 Ra2 Qd2 Bxe4 Bxe4 Nf5 Ra1 Nxe3 Qxe3 Rxa1 Rxa1 Be7 Bg2 Bf6 h4 g6 Ra7 Nd6 Qc5 Rf7 Bh3 Kg7 Be6 Re7 Qc6 Qe8 Rxc7 Rxc7 Qxc7+ Qe7 Qb8 Qf8 Qc7+ Qe7 Qc6 e4 Qc5 Be5 Nd4 Qf6 Nc6 h5 Nxe5 Qxe5 Qc7+ Kh6 Qb8 Nf7 Qxb5 e3 fxe3 Qxg3+ Kf1 Qf3+ Ke1 Qxe3+ Kd1 Qb3+ Ke1 Ne5 Qb8 Qe3+ Kf1 Qf3+ Kg1 Qf6 Qc7 Nf3+ Kf2 Nxh4+ Ke2 Ng2 Qxc4 h4 Qc1+ g5 Kd3 Nf4+ Kc4 Nxe6 dxe6 Qxe6+ Kb5 h3 Ka5 Qd5+ b5 h2
FIDE WCh KO,Moscow RUS,2001.11.27,1.4,"Touzane,O","Anand,V",1/2-1/2,E34,d4 Nf6 c4 e6 Nc3 Bb4 Qc2 d5 cxd5 Qxd5 e3 c5 Bd2 Bxc3 Bxc3 cxd4 Bxd4 Nc6 Bc3 O-O Nf3 Rd8 Be2 Qe4 Qb3 Nd5 O-O Nxc3 Qxc3 Qb4 Qc2 Qe7 a3 Bd7 Rac1 Rac8 Qe4 Be8 b4 a6 h4 h6 Rc5 Na7 Rfc1 Rxc5 Rxc5 Bb5 Bxb5 Nxb5 a4 Nd6 Qc2 Qf6 Rc7 Nf5 Rc4 g6 Qc1 b5 axb5 axb5 Rf4 Qe7 g3 e5 Rg4 h5 Rg5 f6 Rxg6+ Kf7 g4 Kxg6 gxf5+ Kg7 Kh2 Kh7 Nd2 Qb7 Ne4 Qxe4 Qc7+ Kh6 Qxd8 Qxh4+ Kg2 Qg4+ Kf1 Qc4+ Kg1 Qg4+
FIDE WCh KO,Moscow RUS,2001.11.27,1.4,"Khenkin,I","Asrian,K",1/2-1/2,D36,d4 d5 c4 e6 Nc3 Nf6 cxd5 exd5 Bg5 Be7 e3 Nbd7 Bd3 O-O Nf3 c6 Qc2 Re8 h3 Nf8 O-O g6 Rab1 Ne6 Bh4 Ng7 b4 a6 a4 Bf5 b5 axb5 axb5 Bxd3 Qxd3 Nd7 bxc6 bxc6 Bxe7 Qxe7 Rfc1 Ne6 Qc2 Qd6 Ne2 Rec8 Rb3 Ra3 Rc3 Rxc3
FIDE WCh KO,Moscow RUS,2001.11.27,1.4,"Dominguez,L","Kotsur,P",1/2-1/2,B80,e4 c5 Nf3 d6 d4 cxd4 Nxd4 Nf6 Nc3 e6 Be3 Nc6 f3 a6 Qd2 Qc7 O-O-O Ne5 Kb1 b5 Bd3 Bb7 g4 b4 Nce2 d5 exd5 Nxd5 Nf4 Nxe3 Qxe3 Bd6 Nfxe6 fxe6 Nxe6 Qe7 Be4 Nc4 Qd4 Bxe4 Qxe4 Rc8 Rd4 Ne5 Rhd1 Nf7 Qf5 g6 Qd5 Be5 Re4 g5 Rxe5 Nxe5 Qxe5 Rg8 Qf5 Rb8 Re1 Rb7 Ng7+ Rxg7 Qc8+ Kf7 Rxe7+ Rxe7 Qf5+ Kg8 Qc8+
FIDE WCh KO,Moscow RUS,2001.11.27,1.4,"Benjamin,Joe","Baklan,V",0-1,B50,e4 c5 Nf3 d6 Bc4 Nf6 d3 Nc6 c3 g6 Bb3 Bg7 O-O O-O Nbd2 b6 Re1 Ba6 Nf1 Ne5 Bc2 Qc7 h3 e6 N3h2 Nc6 f4 e5 Ng4 Nxg4 Qxg4 f5 exf5 gxf5 Qf3 Ne7 Ng3 Bb7 Qf2 Kh8 Bd1 Ng6 Nh5 Rae8 Bd2 Re7 Bf3 e4 Nxg7 Kxg7 dxe4 fxe4 Bh5 d5 f5 Qe5 Qe3 Rxf5 Qh6+ Kg8 Bxg6 hxg6 Rf1 Rg7 Rxf5 gxf5 Bf4 Qe7 Bd6 Qe8 Qf6 Rg6 Qe5 Qe6 Qxe6+ Rxe6 Bf4 e3 Re1 d4 h4 Re4 g3 Rxf4 gxf4 Bf3 cxd4 cxd4 Kf1 Kf7
FIDE WCh KO,Moscow RUS,2001.11.27,1.4,"Sasikiran,K","Eingorn,V",1/2-1/2,A40,d4 g6 Nf3 Bg7 Bg5 c5 c3 Qb6 Qc2 d6 Nbd2 Qc7 e3 h6 Bh4 Nf6 dxc5 Qxc5 Bxf6 Bxf6 Ne4 Qf5 Bd3 Qe6 Nd4 Bxd4 cxd4 O-O O-O Bd7 Nc3 Rc8 Qd2 Qf6 f4 e6 Ne4 Qe7 Qb4 Rc6 Qxb7 Rb6 Qc7 f5 Nc3 Nc6 Nb5 Rc8 Qxd6 Rxb5 Qxe7 Nxe7 Bxb5 Bxb5 Rfc1 Bc6 Rc5 Rb8 Rac1 Rb6 b3 Kf7 Kf2 Ke8 h3 h5 g4 hxg4 hxg4 Kd7 gxf5 gxf5 Rg1 Ra6 a4 Rb6 Rg7 Bd5 Ra5 a6 b4 Rxb4 Rxa6 Rb7 a5 Rc7 Rb6 Ra7 a6 Kc7 Rb7+ Bxb7 Rxe7+ Kd6 axb7 Ra2+ Kf3 Rb2 Rf7 Kc6 Rh7 Kd6
FIDE WCh KO,Moscow RUS,2001.11.27,1.5,"Kobalija,M","Aseev,K",1-0,B75,e4 c5 Nf3 d6 d4 cxd4 Nxd4 Nf6 Nc3 g6 Be3 Bg7 f3 Nc6 Qd2 h5 O-O-O Bd7 Kb1 Rc8 Nxc6 bxc6 Bc4 Qc7 Bg5 Rb8 Bb3 Bc8 Rhe1 Nd7 f4 Nc5 f5 Nxb3 axb3 Be5 fxg6 f6 Bf4 Qa5 Bxe5 Qxe5 Ne2
FIDE WCh KO,Moscow RUS,2001.11.27,1.5,"Volokitin,A","Sakaev,K",0-1,B70,e4 c5 Nf3 d6 d4 cxd4 Nxd4 Nf6 Nc3 Nc6 Be2 g6 Nb3 Bg7 Bg5 O-O Qd2 Be6 Rd1 Rc8 Bh6 Bxh6 Qxh6 Ne5 O-O Qb6 h3 Kh8 Kh1 Rg8 f4 Nc4 Bxc4 Rxc4 Nd2 Rc5 Na4 Rh5 Qxh5 Nxh5 Nxb6 Ng3+ Kg1 Nxf1 Nxf1 axb6 Ne3 Ra8 a3 Ra4 c4 Bxc4 Rd4 b5 Kf2 Kg7 Ke1 e5 Rxd6 exf4 Nd5 Bxd5 exd5 b4 Rb6 bxa3 bxa3 Rxa3 Rxb7 Rd3 Rd7 g5 Ke2 Rd4 Kf3 Kg6 Rd8 h5 d6 Kf5 d7 h4 Ke2 f6 Kf2 Ke6 Re8+ Kxd7 Re2 Rd3 Re1 Kd6 Re8 Re3 Rd8+ Ke6 Re8+ Kf5 Ra8 Rg3 Ra5+ Kg6 Ra6 f3 gxf3 Rxh3 Kg2 Rg3+ Kf2 Kf5 Ra5+ Ke6 Ra6+ Kf7 Ra7+ Kg6 Ra8 f5 Ra6+ Kh5 Ra5 Kg6 Ra6+ Kh5 Ra5 f4 Ra6 h3 Ra8 Rg2+ Kf1 Kh4 Rh8+ Kg3 Rh5 Ra2 Rxg5+ Kxf3 Kg1 Rg2+
FIDE WCh KO,Moscow RUS,2001.11.27,1.4,"Ehlvest,J","Radjabov,T",1-0,E68,Nf3 Nf6 c4 g6 g3 Bg7 Bg2 O-O Nc3 d6 O-O e5 d4 Nbd7 e4 c6 Rb1 a6 h3 b5 cxb5 cxb5 a3 Bb7 d5 Rc8 Be3 Nb6 Nd2 Nfd7 Qe2 Nc5 Rbc1 Qd7 b4 Nca4 Nxa4 Nxa4 Nb3 Ba8 Qd2 f5 exf5 gxf5 Na5 Qf7 Nc6 f4 gxf4 exf4 Bd4 f3 Bh1 Kh8 Kh2 Bxc6 dxc6 Be5+ Bxe5+ dxe5 Rfd1 Nb6 Rc3 Nc4 Qg5 e4 Rd7 Qg6 Qxg6 hxg6 c7 e3 fxe3 f2 Bg2 f1=Q Bxf1 Rxf1 Rcd3 Rff8 Re7 Nb6 Rd6 Nc4 Rdd7
FIDE WCh KO,Moscow RUS,2001.11.27,1.5,"Milov,V","Yermolinsky,A",1-0,E33,d4 Nf6 c4 Nc6 Nf3 e6 Nc3 Bb4 Qc2 d6 Bg5 h6 Bd2 O-O e3 e5 d5 Ne7 a3 Bxc3 Bxc3 Bf5 Qb3 Ne4 Be2 a5 Rc1 a4 Qd1 c6 dxc6 Nxc6 Nd2 Nxc3 Rxc3 d5 cxd5 Qxd5 O-O Rad8 Nc4 Qxd1 Rxd1 Rxd1+ Bxd1 Rd8 Bxa4 b5 g4 bxa4 gxf5 Rb8 Rd3 Rb5 Rd7 e4 Rc7 Ne5 Nxe5 Rxe5 Rc4 Rb5 Rxe4 Rxb2 Rxa4 Ra2 Kg2 g6 fxg6 fxg6 Ra7 g5 h3 Kf8 Kg3
FIDE WCh KO,Moscow RUS,2001.11.27,1.5,"Nisipeanu,LD","Bruzon,L",0-1,B92,e4 c5 Nf3 d6 d4 cxd4 Nxd4 Nf6 Nc3 a6 Be2 e5 Nb3 Be7 g4 h6 f4 Nc6 g5 hxg5 fxg5 Nh7 Nd5 Nxg5 Qd3 Ne6 Be3 Bh4+ Kd1 Nf4 Nxf4 exf4 Bxf4 O-O c3 Be6 Kc2 Rc8 Bxd6 Be7 Bxe7 Qxe7 Qe3 Rfe8 Rae1 Bxb3+ axb3 Qxe4+ Qxe4 Rxe4 Bd1 Rh4 Re3 Kf8 h3 Rf4 Kb1 Rf2 Re2 Rxe2 Bxe2 Ne5 Rf1 Ke7 Rf4 g6 h4 Ke6 b4 f5 Kc2 Nf7 Bc4+ Kf6 Rd4 Rc6 Bd5 Rc7
FIDE WCh KO,Moscow RUS,2001.11.27,1.5,"Khenkin,I","Asrian,K",1-0,D36,d4 d5 c4 e6 Nc3 Nf6 cxd5 exd5 Bg5 Be7 e3 Nbd7 Bd3 O-O Nf3 c6 Qc2 Re8 h3 Nf8 O-O g6 Rab1 Ne6 Bh4 Ng7 b4 a6 a4 Bf5 Bxf5 Nxf5 Bxf6 Bxf6 b5 axb5 axb5 Nd6 bxc6 bxc6 Nd2 Ra3 Ne2 Qa8 Rfc1 Ra2 Rb2 Rxb2 Qxb2 Nf5 Nf4 Ne7 Nf3 Rb8 Ra1 Rxb2 Rxa8+ Kg7 g4 h6 h4 Ng8 g5 hxg5 hxg5 Be7 Ra7 Rb8 Rc7 Rb6 Ne5 Ra6 Kg2 Kf8 Kf3 Ra1 Nxc6 Bxg5 Nxd5 Ra2 Ne5 Nh6 Nb4 Ra4 Nbc6 Ra1 d5 Rd1 e4 Rd2 Nc4 Rd3+ Ke2 Rc3 Nd4 Bf4 Rc8+ Ke7 d6+ Bxd6 Nxd6 Ra3 e5 Ng4 Rc7+ Kf8 Rxf7+ Kg8 f4 g5 Rf5 Ra2+ Kd3 Nf2+ Kc4 Ra4+ Kd5 Ra5+ Ke6 gxf4 Rg5+ Kh7 N4f5 Ra7 Kf6 f3 Rh5+ Kg8 Ne7+ Rxe7 Kxe7 Nd3 Rf5 f2 e6 Kg7 Ne4
FIDE WCh KO,Moscow RUS,2001.11.27,1.5,"Baklan,V","Benjamin,Joe",1/2-1/2,C60,e4 e5 Nf3 Nc6 Bb5 Nge7 c3 d6 d4 Bd7 Bc4 Na5 Be2 Nac6 dxe5 dxe5 Bc4 Nc8 O-O Be7 Nbd2 O-O Bd5 Nd6 Qe2 Bf6 Nc4 Nxc4 Bxc4 Qe7 Be3 Na5 Bd3 b6 Rfd1 Nb7 Nd2 Bg5 Bxg5 Qxg5 Bb5 c6 Nf3 Qe7 Ba6 Nc5 b4 Nxa6 Qxa6 Bg4 Qe2 a5 a3 Rfd8 h3 Bxf3 Qxf3 axb4 axb4 Rxa1 Rxa1 g6 Qe3 Qc7 Ra6 Rb8 Kh2 Kg7 c4 Qb7 b5 cxb5 cxb5 Qc7 f3 Qd6 Ra7 Rc8 Rb7 Rc5 Qb3 Qf6 Rd7 h5 Rd5 Qf4+ Kh1 Rc1+
FIDE WCh KO,Moscow RUS,2001.11.27,1.7,"Sutovsky,E","Zapata,A",1-0,B47,e4 c5 Nf3 e6 Nc3 Nc6 d4 cxd4 Nxd4 Qc7 g3 d6 Bg2 Nxd4 Qxd4 Bd7 Bf4 Qc5 Qxc5 dxc5 a4 a6 e5 O-O-O Ne4 Bc6 O-O Rd4 Ng5 Bxg2 Kxg2 Nh6 c3 Rd5 Rfd1 Be7 Rxd5 exd5 Rd1 Rd8 Nxh7 d4 cxd4 cxd4 Ng5 d3 Nf3 Nf5 Ne1 g5 Bc1 Rd4 b3 Kd7 Bb2 d2 Nf3 Rb4 Nxd2 Ke6 Rc1 Rb6 Kf3 Bb4
FIDE WCh KO,Moscow RUS,2001.11.27,1.6,"Sakaev,K","Volokitin,A",1/2-1/2,A46,d4 Nf6 Nf3 e6 g3 c5 Bg2 Nc6 O-O cxd4 Nxd4 Bc5 Nb3 Bb6 c4 d5 cxd5 exd5 Nc3 d4 Na4 O-O Nxb6 Qxb6 Bg5 Bg4 Nxd4
FIDE WCh KO,Moscow RUS,2001.11.27,1.1,"Volokitin,A","Sakaev,K",1/2-1/2,C42,e4 e5 Nf3 Nf6 Nxe5 d6 Nf3 Nxe4 Bd3 Nf6 h3 Be7 O-O Nbd7 c3 O-O Bc2 Re8 d4 b6 Bg5 Bb7 Re1 h6 Bh4 Bf8 Nbd2 Rxe1+ Qxe1 Qe7 Qf1 Re8 Ba4 g5 Re1 Qd8 Bg3 Rxe1 Nxe1 Qe7 Nc2 Nd5 c4 Nf4 Bxf4 gxf4 Nb4 d5 Nxd5 Bxd5 cxd5 Qb4 Qd1 Nf6 Nf3 Qxb2 Ne5 Bd6 Ng4 Nxg4 Qxg4+ Kf8 Qc8+
FIDE WCh KO,Moscow RUS,2001.11.27,1.1,"Dautov,R","Gurevich,D",1-0,D27,d4 d5 c4 dxc4 Nf3 e6 e3 Nf6 Bxc4 c5 O-O a6 Bb3 b5 a4 b4 Nbd2 Bb7 e4 Be7 e5 Nfd7 Nc4 O-O Bc2 cxd4 Nxd4 Bd5 Ne3 Nxe5 Qh5 Ng6 Nxd5 Qxd5 Qxd5 exd5 Bb3 Bf6 Be3 Rd8 Rac1 Ne5 Rfd1 Nc4 Bxc4 dxc4 Rxc4 Ra7 Rd2 a5 Ne6
FIDE WCh KO,Moscow RUS,2001.11.27,1.1,"Milov,V","Yermolinsky,A",0-1,E53,d4 Nf6 c4 e6 Nc3 Bb4 e3 O-O Bd3 d5 a3 Bxc3+ bxc3 dxc4 Bxc4 c5 Nf3 Qa5 Bd2 Ne4 O-O Nxd2 Qxd2 cxd4 cxd4 Qxd2 Nxd2 Nc6 Rfc1 Bd7 Nb3 Rfc8 a4 Rc7 a5 Be8 Bb5 Kf8 Nc5 Rac8 Bxc6 Rxc6 Rcb1 b6 axb6 axb6 Nd3 Rc3 Nb4 f6 Kf1 Bg6 Rb2 Rc1+ Rxc1 Rxc1+ Ke2 Ke7 f3 Rg1 Kf2 Ra1 e4 Be8 h4 b5 e5 Rh1 Ra2 fxe5 dxe5 Rxh4 Ra7+ Kf8 g4 Rh2+ Ke3 h5 gxh5 Rxh5 Nd3 Bc6 Nf4 Rxe5+ Kd4 Re1 Ng6+ Ke8 Ne5 Bd5 Rxg7 b4 Rg8+ Ke7 Rb8 b3 Nd3 Rd1 f4 Kd6 Kc3 Rf1 Rb6+ Ke7 Nb4 Rf3+ Kb2 Bc4 Nc6+ Kf6 Ne5 Rxf4 Nxc4 Rxc4 Kxb3 Rc1 Kb2 Rc5 Ra6 Kf5 Ra1 e5 Rf1+ Kg4 Rg1+ Kf4 Rf1+ Ke3 Rf5 Kd4 Rh5 Rc8 Rh7 e4 Rd7+ Ke3 Re7 Kd3 Rd7+ Ke2
FIDE WCh KO,Moscow RUS,2001.11.27,1.1,"Hamdouchi,H","Tkachiev,V",1/2-1/2,C42,e4 e5 Nf3 Nf6 Nxe5 d6 Nf3 Nxe4 Bd3 d5 Qe2 Qe7 O-O Nd6 Qd1 g6 Nc3 c6 b4 Bg7 Re1 Be6 b5 O-O bxc6 Nxc6 Ba3 Qd7 Nb5 Nc4 Bxf8 Bxa1 Qxa1 Rxf8 Nbd4 Bg4 Nxc6 bxc6 Bxc4 Bxf3
FIDE WCh KO,Moscow RUS,2001.11.27,1.6,"Yermolinsky,A","Milov,V",1/2-1/2,E94,d4 Nf6 c4 g6 Nc3 Bg7 e4 d6 Nf3 O-O Be2 e5 O-O Na6 Re1 Qe8 Bg5 Bg4 Bxf6 Bxf6 d5 Bd7 a3 Nc5 b4 Na4 Nb5 Bxb5 cxb5 Nc3 Qd3 Nxe2+ Rxe2 a6 Rc2 Qxb5 Qxb5 axb5 Rxc7 Rfb8 Nd2 Bd8 Rc2 Rc8 Rac1 Rxc2 Rxc2 Kf8 Nb1 Ke7 Kf1 Bb6 Ke2 Kd7 f3 Bd4 Kd3 h5 g3 Rf8 f4 f5 Nc3 Bxc3 Rxc3 exf4 gxf4 Re8 exf5 gxf5 Rc1 Re4 Rg1 Rxf4 Rg7+ Kc8 Rf7 h4 Ke3 Rc4 Rxf5 Rc3+ Kf4 Rh3 Rh5 Rxh2 Kg4 Ra2 Rxh4 Rxa3 Kf5 Re3 Re4 Rh3 Ke6 Rh6+ Kf7 Rh7+ Kg6 Rh3 Kf6 Rh6+ Ke7 Kc7 Re1 Rh7+ Ke6 Rh6+ Kf7 Rh7+ Kg6 Rh4 Re7+ Kc8 Kf7 Rh7+ Kf6 Rh6+ Kf7
FIDE WCh KO,Moscow RUS,2001.11.27,1.6,"Bruzon,L","Nisipeanu,LD",0-1,A30,c4 Nf6 Nf3 c5 g3 b6 Bg2 Bb7 O-O e6 Nc3 Be7 b3 O-O Bb2 d6 e3 Nbd7 d4 cxd4 Nxd4 Bxg2 Kxg2 Qc7 Rc1 a6 h3 Rfe8 Qe2 Rac8 Rfd1 Qb8 Kh2 Bf8 Qf3 h5 Kh1 g6 Rd2 Bg7 Rcd1 Qc7 Nc2 Ne5 Qg2 Red8 Nb4 Qc5 Nxa6 Qa5 Nb5 Ne8 Qb7 Ra8 Nac7 Nxc7 Bxe5 Nxb5 Bxg7 Kxg7 cxb5 Qxb5 Qe4 Ra5 Kg2 d5 Qe5+ Kg8 Rc2 Qe8 Rd4 Rc5 Rcd2 Rdc8 e4 dxe4 Qxe4 Rc1 Rd1 Qb5 Qe3 Rxd1 Rxd1 e5 Qe4 Rc5 Rd8+ Kg7 Rd1 Qa6 b4 Qa4 Rd5 Rxd5 Qxd5 Qxb4 Qxe5+ Kg8 Qe8+ Kg7 Qe5+ Kh7 Qd5 Qe7 h4 Qc7 Qe4 Kg7 Qd4+ Kf8 Kh2 Ke7 Qe4+ Kd7 Qd5+ Ke7 Qe4+ Kd6 Qf4+ Kc6 Qe4+ Kb5 Qd5+ Ka6 Qa8+ Qa7 Qc6 Qe7 Qa8+ Kb5 Qd5+ Ka4 Qc4+ Ka5 Qc3+ Qb4 Qe5+ Qc5 Qf6 Qc4 Qd8 Qe6 Kg1 Kb4 Qa8 b5 Kg2 Kc3 Qa3+ Kc2 Qb4 Qc6+ Kg1 Qc4 Qa3 Kb1 Qa5 b4 Kg2 Kb2 Kg1 Qc3 Qd5 f5 Kh2 Ka1 Kg2 Qc2 Qa5 Qe4+ Kg1 Qc4 Qa4 Kb2 Qa5 f4 gxf4 Qxf4 Qa4 Qg4+ Kf1 Qh3+ Kg1 Qa3 Qd1 Kxa2 Qc2+ Qb2 Qc4+ b3 Kg2 Qc2 Qa6+ Kb1 Qe6 b2 Qe1+ Ka2 Qa5+ Kb3 Qb6+ Kc3 Qc5+ Kd2 Qd4+ Kc1 Qe3+ Qd2 Qc5+ Kd1 Qb5 Qd4 Kf1 Kc2 Qc6+ Qc3 Qa4+ Qb3 Qc6+ Kd2
FIDE WCh KO,Moscow RUS,2001.11.27,1.6,"Asrian,K","Khenkin,I",1/2-1/2,A04,e4 c5 Nf3 e6 d3 Nc6 g3 Nge7 Bg2 g6 O-O Bg7 Re1 d6 c3 e5 Na3 O-O Nc4 b5 Ne3 Rb8 a4 a6 axb5 axb5 Bd2 h6 Nh4 g5 Nhf5 Nxf5 Nxf5 Bxf5 exf5 d5 h4 gxh4 Qh5 hxg3 fxg3 Qf6 Bxd5 Rfd8 Be4 Ne7 g4 Qb6 f6 Qxf6 Rf1 Qe6 Ra7 c4 g5 Rxd3 Bxd3 cxd3 gxh6 Bf6 Kh2 e4 Bf4 Rd8 Rg1+ Kh8 Qxb5 e3 Ra6 Qd5 Qxd5 Nxd5 Rxf6 Nxf6 Be5 Rd5 Bxf6+ Kh7 c4 Rd7 Bc3 d2 Bxd2 Rxd2+ Kg3 Rxb2 Rc1 Rb7 Kf3 Re7 Rh1 e2 Kf2 Re4 c5 Re5 c6 Rc5
FIDE WCh KO,Moscow RUS,2001.11.27,1.7,"Bruzon,L","Nisipeanu,LD",1-0,E14,d4 Nf6 Nf3 e6 c4 b6 e3 Bb7 Bd3 d5 O-O Bd6 Nc3 a6 b3 Nbd7 Bb2 O-O Rc1 Ne4 Ne2 f5 Ne5 Nxe5 dxe5 Be7 cxd5 exd5 Nd4 Qd7 f3 Nc5 e6 Nxe6 Bxf5 Rxf5 Nxf5 Bf8 e4 Rd8 exd5 Bxd5 Kh1 Qf7 Qc2 Nf4 Rcd1 Re8 Ng3 Bd6 Ne4 Bxe4 fxe4 Qg6 Qc4+ Kh8 Rf2 Rxe4 Qc6 h6 Rdf1 Re6 Qc2 Qh5 Qc3 Rg6 Qf3 Qxf3 Rxf3 Nxg2 Rg1 Nh4 Rxg6 Nxg6 Rf7 Ne5 Rf5 Nd7 Kg2 Kg8 h3 Be7 Rd5 Nf6 Bxf6 Bxf6 Rd7 Be5
FIDE WCh KO,Moscow RUS,2001.11.27,1.1,"Mohota,N","Stepovaia Dianchenko,T",1/2-1/2,D15,d4 d5 c4 c6 Nc3 Nf6 Nf3 a6 e3 b5 b3 Bg4 Be2 Bxf3 Bxf3 e6 O-O Nbd7 Bd2 Be7 Qc2 O-O a4 b4 Ne2 a5 e4 dxe4 Bxe4 Nxe4 Qxe4 c5 Be3 Qc7 Rfd1 Rad8 Rd2 cxd4 Nxd4 Nc5 Qc2 e5 Nf5 Rxd2 Bxd2 Ne6 Re1 Bc5 Qe4 Bd4 Ne3 Nc5 Qc2 g6 Nd5 Qd6 Bh6 Re8 Qd1 Re6 Be3 Bxe3 Rxe3 f5 h4 h5 Re2 e4 Qc2 Qe5 g3 Rd6 Kh2 Ne6 Re3 Nd4 Qd1 Kg7 f4 Nf3+ Qxf3 Qxd5 cxd5 exf3 Rd3 Kf6 Kg1 Rd8 Kf2 Ke7 Kxf3 Kd6 Re3 Rc8 Rd3
FIDE WCh KO,Moscow RUS,2001.11.27,1.1,"Arakhamia,K","Ciuksyte,D",0-1,B43,e4 c5 Nf3 e6 Nc3 a6 d4 cxd4 Nxd4 b5 Bd3 Qb6 Nb3 Qc7 f4 Bb7 Qe2 d6 O-O Nd7 a4 b4 Nd1 Ngf6 Nf2 e5 a5 Be7 Ra4 d5 fxe5 Nxe5 exd5 Nxd5 Be4 O-O Nd4 g6 Ra1 Bd6 h3 Rfe8 Qd1 Rad8 Bg5 Be7 Qc1 Qd7 Bxe7 Rxe7 Qg5 f6 Qg3 Kh8 Rae1 Rde8 Nd3 Nxd3 Bxd3 Ne3 Rf4 Nxg2 Rxe7 Rxe7 Rg4 Ne3 Rh4 g5 Qb8+ Bc8 Rh6 Kg8 Qb6 Qd5 Bf1 Nxf1 Qxf6 Rf7 Qb6 Ne3 Qc6 Rf1+ Kh2 Qe5#
FIDE WCh KO,Moscow RUS,2001.11.27,1.1,Xu Yuanyuan,"Pina,S",1-0,A44,d4 c5 d5 e5 e4 d6 Nc3 Be7 Bb5+ Nd7 Nf3 a6 Be2 b5 a4 b4 Nb1 Ngf6 Nbd2 Nf8 Bd3 Ng6 Nc4 O-O O-O h6 a5 Rb8 Nb6 Ne8 Qe2 Nc7 Be3 Bb7 c3 bxc3 bxc3 Bg5 Nxg5 hxg5 g3 f6 Rab1 Kf7 f4 gxf4 gxf4 exf4 Bxf4 Nxf4 Rxf4 Rh8 Nc4 Nb5 Rb3 Kg8 Nb6 Qe8 Qg4 Rh6 Qe6+ Qxe6 dxe6 Bc6 Nd5 Re8 Bc4 Kh8 Bxb5 axb5 Nc7 Rb8 a6 b4 cxb4 c4 Rb1 Rc8 b5 Rxc7 bxc6 Kh7 Ra1 Rc8 a7 Ra8 c7 c3 Rf3 Rg6+ Kf2 c2 Rh3+ Kg8 Rc3
FIDE WCh KO,Moscow RUS,2001.11.27,1.1,"Foisor,C",Gu Xiaobing,1-0,A36,c4 c5 g3 g6 Nc3 Bg7 Bg2 Nc6 d3 d6 Qd2 e5 b3 Nge7 Bb2 Be6 e3 O-O Nge2 d5 Rd1 Qd7 O-O Rad8 cxd5 Nxd5 Ne4 a6 Ng5 f5 Nxe6 Qxe6 a3 Rd7 Qc2 Rfd8 Nc3 Nde7 Nb1 Rd6 Bf3 Qd7 Be2 h6 b4 cxb4 axb4 Kh7 b5 Nb4 Qb3 Nxd3 Bxd3 Rxd3 Rxd3 Qxd3 Qf7 Qd6 Ba3 Qd5 Qxe7 Rd7 Qb4 Rc7 Qd6 Rd7 Qxd5 Rxd5 Nc3 Rd3 Bb4 e4 Rc1 h5 h4 Kh6 Kg2 Kh7 Ne2 Rb3 Rc4 Rb2 Nf4 Kh6 Ne6 Be5 Bf8+ Kh7 Ng5+ Kg8 Rc8 Bg7 Ba3+ Bf8 Bxb2 f4 gxf4 axb5 Ba3
FIDE WCh KO,Moscow RUS,2001.11.27,1.1,"Baginskaite,C","Prudnikova,S",1-0,D24,d4 Nf6 c4 e6 Nf3 d5 Nc3 dxc4 e4 c5 Bxc4 cxd4 Nxd4 Be7 O-O O-O Bg5 h6 Bh4 e5 Ndb5 Nc6 Bxf6 Bxf6 Qh5 a6 Rad1 Nd4 Nxd4 exd4 e5 Bg5 f4 Be7 Ne2 b5 Bb3 d3 Nc3 Bb7 Qg6 Qd4+ Kh1 Rad8 Qg3 b4 Nb1 h5 Nd2 h4 Qg4 Bc8 e6 f5 Qf3 Rf6 Rfe1 Qa7 Qe3 Qa8 Nf3 h3 Rxd3 hxg2+ Kxg2 Bb7 Rxd8+ Qxd8 Rd1 Rg6+ Kf2 Qc7 Rd7 Qc6
FIDE WCh KO,Moscow RUS,2001.11.27,1.1,"Zielinska,Mar","Gaprindashvili,N",1/2-1/2,D35,d4 d5 c4 e6 Nc3 Nf6 Nf3 Be7 cxd5 exd5 Bf4 c6 Qc2 Na6 e3 Nb4 Qd1 Bf5 Rc1 a5 a3 Na6 Bd3 Bxd3 Qxd3 O-O h3 Nc7 O-O Ne6 Bh2 Nd7 Ne5 Nxe5 Bxe5 a4 Rfd1 Qa5 Ne2 Qa6 Qc2 f5 Nf4 Nxf4 exf4 Rf7 Re1 Bf8 Re3 Re8 h4 Re6 Rce1 Qb5 Rc3 Be7 h5 Bf8 Ree3 Rh6 Rh3 b6 b4 axb3 Rxb3 Qa6 Qd1 Qa4 Qf3 Qa6 g4 fxg4 Qxg4 c5 Rbg3 c4 f5 b5 f6 Rhxf6 Bxf6 Rxf6 Rf3 Qe6 Qg5 Qe1+ Kg2 Qe4 Rg3 Rf7 Qe3 Bd6 Qxe4 dxe4 Rxf7 Kxf7 Re3 Kf6 Rc3 Ke6 a4 Kd5 axb5 Kxd4 Rc1 Ba3 Ra1 Bc5 Rd1+ Kc3 Rd5 Kb4 Kf1 Kxb5 Ke2 Kb4 Rd7 c3 Rxg7 h6 Rc7 Kc4 Kd1 Kb4 Rf7 Kb3 Rb7+ Bb4 Kc1 Kc4 Kc2 Bc5 Rf7 Bd4 Rf5 Bg7 Rf7 Bd4 Re7 Kd5 Rf7 Ke6 Rf4 Ke5 Rf8 Bc5 Rf7 Bd4 Kd1 Kd5 Rf5+ Ke6 Rf8 Ke5 Kc2 Ke6 Ra8 Kf5 Rd8 Be5 Re8 Bd4 Rd8
FIDE WCh KO,Moscow RUS,2001.11.27,1.1,"Paehtz,E","Radziewicz,I",1-0,C10,e4 e6 d4 d5 Nc3 dxe4 Nxe4 Bd7 Nf3 Bc6 Bd3 Nd7 Qe2 Bxe4 Bxe4 c6 c3 Ngf6 Bc2 Qc7 Bg5 Bd6 g3 h6 Bd2 O-O O-O-O b5 Rhe1 c5 dxc5 Nxc5 Nd4 a6 Kb1 Rab8 Qf3 Qb7 Qe2 Rfd8 g4 Bf8 g5 hxg5 Bxg5 Be7 Rg1 Kf8 Bf4 Rbc8 Qf1 Rd5 Qh3 Rh5 Qg3 g6 f3 Na4 Bxg6 e5 Bxf7 Rh7 Bh6+ Kxf7 Qg6#
FIDE WCh KO,Moscow RUS,2001.11.27,1.1,"Kiseleva,N",Wang Yu,1-0,D46,d4 d5 c4 c6 Nf3 Nf6 e3 e6 Bd3 Be7 Nbd2 O-O O-O Nbd7 e4 dxe4 Nxe4 Nxe4 Bxe4 Nf6 Bc2 c5 Bg5 cxd4 Qd3 g6 Rad1 Nh5 Bh6 Ng7 Qxd4 Qxd4 Nxd4 e5 Nb5 Bg4 f3 Bc5+ Kh1 Be6 b3 Rac8 Be4 a6 Nd6 Bxd6 Rxd6 b5 Bb7 Rb8 Bxa6 bxc4 bxc4 Rb2 a4 Rc2 Rc1 Rxc1+ Bxc1 Nf5 Rd3 Ra8 Bb5 Nd4 Bh6 f5 Rd1 Rc8 Rc1 Nxb5 cxb5 Rxc1+ Bxc1 Bb3 a5
FIDE WCh KO,Moscow RUS,2001.11.27,1.2,"Stepovaia Dianchenko,T","Mohota,N",1/2-1/2,B01,e4 d5 exd5 Qxd5 Nc3 Qa5 d4 Nf6 Nf3 Bf5 Bc4 c6 Qe2 e6 Bd2 Bb4 a3 Nbd7 O-O Bxc3 Bxc3 Qc7 Ne5 Nxe5 dxe5 Nd5 g4 Bg6 Bxd5 cxd5
FIDE WCh KO,Moscow RUS,2001.11.27,1.2,"Ciuksyte,D","Arakhamia,K",1/2-1/2,B01,e4 d5 exd5 Qxd5 Nc3 Qa5 d4 Nf6 Bc4 Bg4 f3 Bf5 Ne2 e6 Bd2 Qb6 Bf4 Bb4 Qd2 Nc6 a3 Bxc3 Qxc3 O-O-O O-O-O Nd5 Bxd5 Rxd5 Be3 Qa6 Nf4 Rd7 g4 Bg6 h4 h5 Nxg6 fxg6 Qd3 Qxd3 Rxd3 Rf8 Rh3 Rdf7 gxh5 gxh5 Bf2 Ne7 Rg3 g6 c4 Rf4 Rh3 Nf5 b3 Rd8 d5 exd5 cxd5 b6 Kc2 Ne7 Be3 Rf7 Bg5 Rxd5 Bxe7 Rxd3 Kxd3 Rxe7 Rg3 Re6 Rg5 Kd7 f4 Rf6 Ke4 c5 f5 gxf5+ Kf4 b5 Rxh5 c4 bxc4 bxc4 Ke5 Rf7 Kd4 f4 Kxc4 f3 Rd5+ Kc6 Rd1 Rf4+ Kd3 Rxh4 Ke3 Rh3 Rf1 Kb5 a4+ Kb4 Rb1+ Ka3 Ra1+ Kb2 Rd1 a5 Rd5 Kb3 Rxa5
FIDE WCh KO,Moscow RUS,2001.11.27,1.2,"Pina,S",Xu Yuanyuan,1-0,B01,e4 d5 exd5 Qxd5 Nc3 Qd6 Nf3 c5 g3 Nf6 Bg2 Nc6 O-O Bg4 h3 Bh5 d3 e6 Bf4 Qd7 Qd2 Bd6 Bxd6 Qxd6 Nb5 Qe7 Rae1 a6 Nc3 O-O Nh4 Nd4 f4 Qc7 Qf2 Rad8 Ne4 Nxe4 dxe4 f6 c3 Nb5 a4 Na7 b4 b6 Qa2 Bf7 e5 Rd3 Rf3 c4 Rxd3 cxd3 Qd2 Rd8 exf6 gxf6 Be4 Qd7 Re3 Qxa4 Bxd3 Kg7 Qe1 Nb5 c4 Nd4 Qb1 Bg8 Qb2 Qd1+ Bf1 Nc2 Re2 Rd2 Rxd2 Qxd2 b5 a5 Nf3 Qe3+ Kg2 Ne1+ Nxe1 Qxe1 Qd4 a4 Qxb6 Qe4+ Kg1 Bf7 Qa7 Qc2 b6 Qb3 b7 Qxg3+ Bg2 Qxf4 b8=Q Qc1+ Kh2 e5 Qf2 a3 Qg3+ Bg6 Qa7+
FIDE WCh KO,Moscow RUS,2001.11.27,1.2,Gu Xiaobing,"Foisor,C",0-1,B15,e4 c6 d4 g6 Nc3 d5 e5 Bg7 Bd3 Nh6 h3 f6 f4 Nf7 Nf3 O-O O-O f5 Qe2 e6 Be3 b6 Bf2 a5 a4 Ba6 g4 Bxd3 Qxd3 Na6 Kh2 Qd7 Rg1 Nd8 gxf5 exf5 Ng5 Bh6 Bh4 Nc7 Ne2 Nce6 Raf1 Bxg5 fxg5 Ng7 Qb3 Rb8 Rc1 Nde6 Bf2 f4 Qf3 Rbd8 c3 Rf5 h4 c5 b3 Qc6 c4 cxd4 Bxd4 Rff8 Rgd1 Nxd4 Nxd4 Qe8 cxd5 Qxe5 Nc6 Qb2+ Kh1 Rde8 d6 Re3 Qg2 Re2 Qd5+ Kh8 Qf3 Re3 Qf1 Nf5 Kg1 Rg3+ Kh1 Rxb3 Qg2 Qa3 Qf2 Rh3+ Kg1 Rg3+ Kh2 Rh3+ Kg2 Rg3+ Kf1 Rf3 d7 Rxf2+ Kxf2 Qe3+ Kg2 Qe2+ Kg1 f3
FIDE WCh KO,Moscow RUS,2001.11.27,1.2,"Prudnikova,S","Baginskaite,C",1-0,A08,Nf3 d5 g3 c5 Bg2 Nc6 c4 dxc4 Qa4 Bd7 Qxc4 e5 d3 Be7 O-O Nf6 b3 O-O Bb2 Qc7 Nbd2 h6 Rac1 b5 Qc2 Rac8 Qb1 Qb8 Ba3 Qb6 Rc2 Bd6 Rfc1 Nd4 Nxd4 cxd4 Bxd6 Qxd6 b4 Rxc2 Rxc2 Rc8 a3 Rc3 Rxc3 dxc3 Nb3 Bc6 Qc2 Bxg2 Kxg2 Qc6+ e4 Nd7 Nc5 f5 f3 fxe4 dxe4 Qd6 Qxc3 Nb6 Nd3 Nc4 a4 a6 a5 Ne3+ Kg1 Nc4 Kf2 Kf7 Ke2 g5 Qa1 Qe6 Qg1 g4 Qf2 gxf3+ Qxf3+ Kg6 g4 Nd6 Qf5+ Nxf5 gxf5+
FIDE WCh KO,Moscow RUS,2001.11.27,1.2,"Gaprindashvili,N","Zielinska,Mar",1/2-1/2,E90,d4 Nf6 c4 c5 d5 g6 Nc3 d6 e4 Bg7 h3 O-O Nf3 e6 Bd3 Na6 O-O e5 Be3 h6 Qd2 Nh7 Bxh6 f5 Bxg7 Kxg7 Rfc1 f4 Kf1 Ng5 Nxg5 Qxg5 Be2 Rh8 Bf3 Rh4 Qe2 Bd7 Ke1 Qe7 Kd2 g5 a3 Kf6 Nb5 Qf8 Rh1 Ke7 Kc2 Qf6 Rhf1 Qh8 Rg1 Qh6 Raf1 Qg6 Rh1 Rah8 Rhg1 Qe8 Kb1 R8h7 g3 Rxh3 gxf4 gxf4 Rg5 Bxb5 cxb5 Nc7 a4 a6 Rfg1 axb5 Rg7+ Kf6 Rg8 Qf7 axb5 Ne8 b6 Ng7 Rc8 Rh2 Rc7 Qe8 Rxb7 Qa4 Rc7 Qd4 Rf1 Ne8 Rc8 Qa4 Qc2 Qa6 Rxe8 Qxf1+ Bd1 Rxf2 Re6+ Kg5 Qa4 Qd3+ Ka2 Rhh2 Rg6+ Kxg6 Qe8+ Kh6 Qh8+
FIDE WCh KO,Moscow RUS,2001.11.27,1.2,"Radziewicz,I","Paehtz,E",1-0,B23,e4 c5 Nc3 d6 f4 g6 Nf3 Bg7 Bc4 Nc6 d3 Nf6 O-O O-O Qe1 e6 f5 d5 Bb3 gxf5 exd5 exd5 Bg5 Ne7 Ne2 Ng6 Nh4 Qb6 Kh1 h6 Bd2 Re8 Nxf5 Bxf5 Rxf5 Qe6 Ng3 Qc6 Qf1 Nh4 Rf4 Ng6 Rf2 Ng4 Rf5 Rad8 Nh5 Qc7 g3 c4 Nxg7 Kxg7 dxc4 dxc4 Bc3+ f6 Qxc4 Qxc4 Bxc4 N6e5 Bb5 Re6 Re1 Red6 h3 Rd5 hxg4 Rxb5 a4 Rc5 Bxe5 fxe5 Re2 Rd4 Rfxe5 Rxe5 Rxe5 Kf6 Rf5+ Kg6 Rf4 Rd1+ Kg2 Rd2+ Rf2 Rd4 b3 Rxg4 Rd2 Rb4 Rd6+ Kg5 Kf3 Kh5 Rd5+ Kg6 Rb5 Rxb5 axb5 Kf5 c4 h5 b4 Ke5 c5
FIDE WCh KO,Moscow RUS,2001.11.27,1.2,Wang Yu,"Kiseleva,N",0-1,C03,e4 e6 d4 d5 Nd2 a6 Bd3 c5 exd5 exd5 dxc5 Bxc5 Ngf3 Nf6 O-O O-O Nb3 Bb6 h3 Nc6 c3 Ne4 Qc2 f5 Bf4 Qf6 Rad1 Be6 Qe2 Kh8 Be3 Bc7 Nbd4 Bd7 Nxc6 Bxc6 Bd4 Qg6 Be5 Bb6 Qc2 Rae8 Bd4 Bc7 b4 Qd6 Rfe1 Re6 c4 Ng5 Ne5 Rfe8 f4 Qxb4 Rb1 Bxe5 Bxe5 Qc5+ Kh2 Ne4 Qb2 Qe7 Qd4 Rd8 cxd5 Bxd5 Rbd1 Bc6 Qe3 Re8 Bc4 Rg6
FIDE WCh KO,Moscow RUS,2001.11.27,1.3,"Mohota,N","Stepovaia Dianchenko,T",1/2-1/2,D15,d4 d5 c4 c6 Nc3 Nf6 Nf3 a6 e3 b5 b3 Bg4 Be2 Nbd7 Ne5 Bxe2 Qxe2 Nxe5 dxe5 Ne4 Nxe4 dxe4 O-O Qd3 Qxd3 exd3 Rd1 O-O-O cxb5 axb5 Ba3 e6 Bxf8 Rhxf8 Rac1 Kb7 Rc3 Rd5 Rcxd3 Rxe5 Rd7+ Kb6 Kf1 Rd5 Ke2 Rxd1 Kxd1 c5 Kc2 h5 e4 Kc6 Ra7 e5 a4 bxa4 bxa4 g6 Kc3 Kb6 Re7 f5 Re6+ Ka5 Rxe5 fxe4 Rxc5+ Kxa4 Rc4+ Kb5 Rb4+ Kc6 Rxe4 Rxf2 Re6+ Kd5 Rxg6 Ke4 Rg8 h4
FIDE WCh KO,Moscow RUS,2001.11.27,1.3,"Pina,S",Xu Yuanyuan,0-1,B01,e4 d5 exd5 Qxd5 Nc3 Qd6 d4 Nf6 Nf3 a6 g3 b5 Bg2 Bb7 O-O e6 Bf4 Qb6 a4 c5 axb5 axb5 Rxa8 Bxa8 dxc5 Bxc5 Qe2 Bc6 Ne5 Bxg2 Kxg2 b4 Qb5+ Qxb5 Nxb5 O-O Nd3 Be7 Ra1 Nd5 Bd2 Nc6 Ra6 Rc8 c4 Nb8 cxd5 Nxa6 d6 Bxd6 Nxd6 Rd8 Bf4 f6 Kf3 g5 Ke2 gxf4 Ne4 f3+ Ke3 Kf7 Ne1 f5 Ng5+ Kf6 Ngxf3 e5 Nc2 b3 Na3 Nb4 Nc4 e4 Nfd2 Nc2+ Ke2 Rd3 Kd1 Nd4 Kc1 Nf3 Nf1 Ke6 Nce3 Nd4 Nd2 Nc6 Ndc4 Nb4 Ng2 Na2+
FIDE WCh KO,Moscow RUS,2001.11.27,1.3,"Baginskaite,C","Prudnikova,S",1-0,A77,d4 e6 c4 Nf6 Nf3 c5 d5 exd5 cxd5 g6 Nc3 d6 e4 Bg7 Be2 O-O O-O a6 a4 Re8 Nd2 Nbd7 Re1 Ne5 Nf1 h5 f4 Neg4 Bf3 Nh7 Bxg4 Bxg4 Qc2 Bd7 a5 b5 axb6 Qxb6 Nd2 c4+ Kh1 Rac8 Nf3 Nf6 Be3 Qb7 Bd4 Bb5 Nxb5 Qxb5 Qc3 Nxe4 Rxe4 Rxe4 Bxg7 Rxf4 Bh6
FIDE WCh KO,Moscow RUS,2001.11.27,1.3,"Zielinska,Mar","Gaprindashvili,N",1/2-1/2,D35,d4 d5 c4 e6 Nc3 Nf6 Nf3 Be7 cxd5 exd5 Bf4 c6 Qc2 Na6 a3 Nc7 e3 Ne6 Bg3 g6 Bd3 Ng7 Be5 Bf5 O-O Bxd3 Qxd3 O-O b4 a6 Rfc1 Ng4 Na4 Nxe5 Nxe5 Nf5 Nc5 Nd6 a4 Re8 Rab1 Bf6 Qc3 Bg7 Ncd3 f6 Nf3 Qe7 Nd2 Qf7 Qb3 Re7 Rc2 Bh6 Re1 Rae8 Nb2 Qe6 Rcc1 Nf5 Qd3 Nd6 Qb3 Qf7 Nf3 Re4 Qa3 Bf8 Qb3 R4e7 Nd2 Bg7 Nd3 Bh6 Nb2 Re6 Nf1 Kh8 Nd2 Kg7 Nf1 R6e7 Qa3 Qe6 Qd3 Nf5 b5 axb5 axb5 Qd6 bxc6 bxc6 Rc3 Qb4 Rb1 Rb8 Rxc6 Reb7 Rcc1 Qb5 Nd2 Qxd3 Nxd3 Nxd4 exd4 Bxd2 Rd1 Bc3 Nc5 Rb4 Ne6+ Kf7 Nf4 Bxd4 Nxd5 Ra4 Kf1 Ke6 Nf4+ Kf5 Ne2 Ba7 Nc3 Rc4 Nb5 Bc5 Nd6+
FIDE WCh KO,Moscow RUS,2001.11.27,1.3,"Paehtz,E","Radziewicz,I",1-0,B27,e4 c5 Nf3 g6 d4 Bg7 dxc5 Qa5+ c3 Qxc5 Na3 d6 Nb5 a6 Be3 Qc6 Na7 Qc7 Nxc8 Qxc8 h3 Nc6 Qc2 Nf6 Be2 Qc7 O-O O-O a3 Rac8 Rac1 Na5 Nd2 b5 f4 Nc4 Nxc4 bxc4 Bf3 Nd7 Rcd1 Rb8 h4 Rb6 Bc1 h5 Qe2 Rb5 g3 Rfb8 Kg2 Nf6 Rfe1 Rd8 Rd4 Rc5 Rdd1 Rb5 Qe3 Nd7 Be2 Rc8 Rh1 Qb7 Bf3 Qb6 Qe2 Nf6 Rhe1 Qc7 Kh2 Rcb8 Kg2 Nd7 Rd5 Rxd5 exd5 Bf6 g4 hxg4 Bxg4 Nb6 h5 Kg7 hxg6 fxg6 Be6 Rh8 Qg4 Rh4 Qg3 Nd7 f5 Nf8 Rh1 Rxh1 Kxh1 Qb8 Qe3 g5 Kg2 Nxe6 Qxe6 Qh8 Bxg5 Bxg5 Qg6+ Kf8 Qxg5 Qe5 Qh6+ Ke8 Qe6 Qf4 Kh3 Qf1+ Kg3 Qg1+ Kf3 Qd1+ Kf4 Qd2+ Kg4 Qg2+ Kh5 Qf3+ Kh6 Kf8 Kh7 Qh5+ Qh6+ Qxh6+ Kxh6 Kf7 Kg5 Kg7 Kf4 Kf6 Ke4 Kg5 Kd4 Kxf5 Kxc4 e5 dxe6 Kxe6 Kd4 d5 a4 Kd6 b4 Kc6 b5+ axb5 axb5+ Kd6 b6 Kc6 b7 Kxb7 Kxd5 Kb6 c4 Kc7 Kc5 Kc8 Kc6
FIDE WCh KO,Moscow RUS,2001.11.27,1.4,"Mohota,N","Stepovaia Dianchenko,T",0-1,A80,Nf3 f5 d4 g6 g3 Bg7 Bg2 d6 Nc3 d5 Bf4 c6 O-O Nf6 Ne5 Nbd7 f3 Nh5 Qd2 O-O Nxd7 Bxd7 Be5 Bxe5 dxe5 f4 g4 Ng7 e4 fxe3 Qxe3 Ne6 Ne2 Qb6 Qxb6 axb6 f4 Nc5 h3 Ra7 a3 b5 Rad1 Bc8 b4 Nd7 Rd3 Nb6 Nd4 Nc4 Rff3 Bd7 e6 Be8 Rc3 Nd2 Rf2 Nc4 Rff3 b6 g5 c5 bxc5 bxc5 Nb3 Rxa3 Nxc5 Rxc3 Rxc3 Rxf4 Bxd5 Rf5 Rd3 Rxg5+ Kh2 Nb6 Bb7 Rxc5 Rd8 Rxc2+ Kg3 Kf8 Ba6 Rc5 Rb8 Nd5 Bc8 Nf6 Bd7 Rd5 Bc6 Rd6 Bxb5 Rxe6 Ba4 Re3+ Kg2 Kf7 Bb3+ Kg7 Rb6 Bc6+ Kh2 Bd5 Bd1 Rd3
FIDE WCh KO,Moscow RUS,2001.11.27,1.4,Xu Yuanyuan,"Pina,S",1-0,A44,d4 c5 d5 e5 e4 d6 Nc3 Be7 Bb5+ Nd7 Be2 a6 Nf3 b5 a4 b4 Nb1 Ngf6 Nfd2 Nf8 f3 Ng6 Nc4 a5 Be3 O-O Nbd2 Nh5 g3 Bh3 Bf1 Bxf1 Rxf1 Qb8 Qe2 Bd8 b3 Nf6 O-O-O Re8 Qg2 Bc7 f4 exf4 gxf4 Nf8 Bf2 Qc8 e5 dxe5 d6 exf4 dxc7 Qxc7 Bh4 N6d7 Ne4 Ng6 Ned6 Rf8 Nf5 Nde5 Ncd6 c4 Kb1 cxb3 cxb3 Qc3 Qb2 Qh3 Be7 Rfb8 Bg5 f3 Ne7+ Nxe7 Qxe5 Ng6 Qd5 Ra7 Rxf3 Qg4 Nxf7 Rxf7 Rxf7 Qxd1+ Qxd1 Kxf7 Qd5+ Ke8 Qe6+ Kf8 Qd6+
FIDE WCh KO,Moscow RUS,2001.11.27,1.4,"Prudnikova,S","Baginskaite,C",1-0,A22,c4 e5 Nc3 Nf6 g3 Bb4 Bg2 O-O e4 d6 Nge2 Nc6 O-O a5 d3 h6 h3 Bc5 Kh2 Nd4 f4 exf4 Nxf4 Be6 Ncd5 Bxd5 cxd5 c6 dxc6 bxc6 Nh5 Nxh5 Qxh5 Qe7 Bd2 Qe5 Qg4 Qe6 Qh5 a4 Bc3 Rab8 Rad1 Qg6 Qxg6 fxg6 Rxf8+ Kxf8 Rf1+ Ke7 h4 h5 Kh3 Ne6 g4 Bd4 gxh5 gxh5 Bf3 g6 Bd1 a3 Bxd4 Nxd4 b3 c5 Kg3 Rf8 Rg1 Ke6 Kh2 Rf6
FIDE WCh KO,Moscow RUS,2001.11.27,1.4,"Gaprindashvili,N","Zielinska,Mar",0-1,E90,d4 Nf6 c4 c5 d5 g6 Nc3 d6 e4 Bg7 h3 O-O Nf3 e6 Bd3 Na6 O-O e5 Bg5 h6 Be3 Nh7 Qd2 f5 Bxh6 f4 Bxg7 Kxg7 Rfc1 Ng5 Nxg5 Qxg5 Kf1 Rh8 Qe2 Bd7 Qf3 Rh4 Ne2 Qe7 Ng1 g5 Qd1 g4 hxg4 Rh1 f3 Rah8 Qe1 R8h2 Qf2 Qg5 Ke1 Qh6 Bf1 b5 cxb5 Bxb5 Kd2 Bxf1 Rxf1 Kf6 Ne2 Rxf1 Rxf1 Nc7 Nc3 Kg5 Kd3
FIDE WCh KO,Moscow RUS,2001.11.27,1.1,Xu Jun,"Atalik,S",1-0,A28,c4 e5 Nc3 Nf6 Nf3 Nc6 e3 Bb4 Qc2 Bxc3 Qxc3 Qe7 a3 d5 cxd5 Nxd5 Qb3 Nb6 d3 Bf5 Be2 O-O-O O-O Rd6 Bd2 Rhd8 Bb4 Nxb4 Qxb4 f6 d4 e4 Nd2 Nd5 Qb3 Rb6 Qc2 Rc6 Qa4 Kb8 Rfc1 Bd7 Qb3 Nb6 Rxc6 Bxc6 a4 a5 Bb5 Bxb5 axb5 a4 Qc2 f5 Nc4 Qb4 Nxb6 cxb6 Qxa4 Qxa4 Rxa4 Rc8 g3 Rc2 Rb4 h5 h3 Kc7 g4 g6 gxh5 gxh5 h4 Kd6 Rb3 Kd5 Rc3 Rxb2 Rc7 Rxb5 Rh7 Rb2 Rxh5 Ke6 Kg2 Kf6 Kg3 Kg6 Rh8 Rb1 Rg8+ Kf6 Rf8+ Ke6 Re8+ Kf6 Re5 Rg1+ Kh2 Rb1 h5 Rc1 h6 Kg5 h7 Rc8 Kg3 Rh8 Re7 b5 d5 b4 d6 Kf6 Rxb7 b3 Kf4 b2 d7
FIDE WCh KO,Moscow RUS,2001.11.27,1.1,"Anastasian,A","Fedorov,Alex",1-0,A26,Nf3 Nf6 c4 g6 Nc3 Bg7 g3 O-O Bg2 d6 O-O Nc6 d3 h6 Rb1 a5 a3 e5 b4 axb4 axb4 Bg4 h3 Be6 e4 Ne8 Nd5 Qd7 b5 Ne7 Kh2 Nc8 d4 c6 Ne3 Qc7 Bb2 cxb5 cxb5 Nb6 Ra1 Rd8 Qd2 Nf6 Rac1 Qb8 Qa5 Nc8 Qb4 exd4 Nxd4 Bd7 Ne2 Rfe8 Bd4 Nh7 Rfd1 Bxd4 Rxd4 Qa7 Rd2 Nf6 Nf4 Be6 Qb2 Nd7 Rc7 Qb8 Rc1 Ncb6 Nxe6 Rxe6 Rcd1 h5 h4 Ne5 Qd4 Nbd7 f4 Ng4+ Nxg4 hxg4 f5 Rf6 e5 Rxf5 Qxd6 Rxe5 Qxb8 Rxb8 Rxd7 Rxb5 Bd5 Rb2+ Kg1
FIDE WCh KO,Moscow RUS,2001.11.27,1.4,"Radziewicz,I","Paehtz,E",1/2-1/2,A42,e4 g6 d4 Bg7 c4 d6 Nc3 Nd7 Be2 e5 d5 Ngf6 Be3 a5 f3 Nc5 Qd2 O-O g4 c6 Nh3 a4 Nf2 Qa5 h4 cxd5 cxd5 Bd7 Nd3 Nxd3+ Bxd3 b5 a3 b4 Na2 bxa3 bxa3 Qxd2+ Kxd2 Ne8 Rab1 f5 gxf5 gxf5 Rhg1 Kh8 Rb7 Bc8 Rb6 Bf6 h5 Bd8 Rbb1 Nf6 h6 fxe4 Bxe4 Ba5+ Nb4 Bb7 Ke2 Bxb4 Rxb4 Bxd5 Bc2 Bc6 Rg7 Rac8 Bf5 Rce8 Bg5 Nh5 Rxh7+ Kg8 Bb1 Bxf3+ Ke1 Bg2 Rg4 Rf1+ Kd2 Rxb1 Ra7 Bf3 h7+ Kh8 Rh4 Rb7 Rxh5 Rf8 Bh6 Rff7
FIDE WCh KO,Moscow RUS,2001.11.27,1.1,"Baklan,V","Benjamin,Joe",1/2-1/2,C60,e4 e5 Nf3 Nc6 Bb5 Nge7 c3 d6 d4 Bd7 Bc4 Na5 Be2 Nac6 dxe5 dxe5 Bc4 Nc8 O-O Be7 Nbd2 O-O Bd5 Nd6 Qe2 Bf6 Rd1 Ne7 Bb3 Ng6 Nf1 Qe7 Bc2 Rad8 Ng3 Rfe8 Nf5 Bxf5 exf5 Nf4 Qf1 c6 c4 e4 Ne1 Qe5 g3 Nh5 Qh3 g6 fxg6 hxg6 Bb3 Bg5 c5 Bxc1 Rxd6 Rxd6 cxd6 Bxb2 Rd1 Rd8 d7 Kg7 Ng2 Nf6 Nf4 Ba3 Qf1 b5 h4 Be7 Qh3 c5 h5 c4 Bc2 gxh5 Re1 Bc5 Kg2 e3 Bf5 Kf8 fxe3 b4 Re2 b3 axb3 cxb3 Nxh5 Nd5 Nf4 Nxe3+ Rxe3 Bxe3 Qh6+ Ke7 Qg5+ f6 Ng6+ Kd6 Nxe5 Bxg5 Nf7+ Kc7 Nxd8 Kxd8 Be6 b2 Bf5 a5 Kf3 a4 g4 a3 Bb1 Kxd7 Ke4 Ke6 Kd4 Bc1 Ba2+ Ke7 Kd3 Kd6 Kc2 Ke5 Kb1 Kf4 Be6 Kg5 Bf5 Kf4
FIDE WCh KO,Moscow RUS,2001.11.27,1.1,Dao Thien Hai,"Milos,G",1/2-1/2,D60,d4 Nf6 c4 e6 Nf3 d5 Nc3 Be7 Bg5 O-O e3 Nbd7 Be2 dxc4 Bxc4 c5 O-O a6 a4 cxd4 Nxd4 Qa5 Bh4 Ne5 Ba2 Ng6 Bg3 e5 Nf3 Bg4 Nd5 Rad8 Nxe7+ Nxe7 Qb3 Nc6 Ng5 Rd7 f3 Bf5 Rfd1 Re7 Bh4 Qb4 Qxb4 Nxb4 Bb1 Bc2
FIDE WCh KO,Moscow RUS,2001.11.27,1.1,"El Taher,F","Georgiev,Ki",1-0,B36,e4 c5 Nf3 d6 d4 cxd4 Nxd4 Nf6 f3 Nc6 c4 Nxd4 Qxd4 g6 Nc3 Bg7 Be3 O-O Qd2 Be6 Rc1 Qa5 Be2 Rfc8 b3 a6 Nd5 Qxd2+ Kxd2 Nxd5 cxd5 Bd7 Rxc8+ Rxc8 Rc1 Rxc1 Kxc1 Kf8 Kd2 e6 a4 exd5 exd5 Ke7 g3 h5 Bg5+ Ke8 Bd3 Bd4 Be3 Bc5 Ke2 b5 axb5 axb5 Kd2 Ke7 Bg5+ f6 Be3 Kf7 Ke2 g5 Kd2 Bb4+ Ke2 Bc3 Bd2 Be5 Kf2 g4 f4 Bd4+ Be3 Bc5 Ke2 f5 Kd2 Ke7 Bf1 Kd8 Kd3 Kc7 Bd4 Kb7 Bg2 Ka6 Bxc5 dxc5 Kc3 b4+ Kc4 Kb6 d6 Be8 Kd5 Bf7+ Ke5 Bxb3 Kf6 Ba4 Bd5 Bd7 Ke7 Bc8 Be6 Bxe6 Kxe6
FIDE WCh KO,Moscow RUS,2001.11.27,1.1,"Anand,V","Touzane,O",0-1,C42,e4 e5 Nf3 Nf6 Nxe5 d6 Nf3 Nxe4 d4 d5 Bd3 Nc6 O-O Be7 c4 Nf6 Nc3 O-O Re1 Be6 cxd5 Nxd5 a3 Bf6 Be4 h6 Bc2 Nxc3 bxc3 Bc4 Nd2 Bd5 Rb1 Bg5 c4 Bxd2 cxd5 Bxe1 dxc6 Ba5 Qd3 g6 cxb7 Rb8 Bxh6 Re8 Qf3 Re6 Bb3 Rf6 Qg4 Rb6 Bg5 Qe8 Qf3 R8xb7 h4 Qd7 g4 Rxb3 Rxb3 Rxb3 Qxb3 Qxg4+ Kf1 Qxd4 Be3 Qa1+ Kg2 Bb6 Bxb6 axb6 Qg3 Qc1 h5 Qc6+ Kf1 Qh1+
FIDE WCh KO,Moscow RUS,2001.11.27,1.1,"Sarthou,G","Adams,Mi",0-1,E55,d4 Nf6 c4 e6 Nc3 Bb4 e3 O-O Bd3 d5 Nf3 c5 O-O dxc4 Bxc4 Nbd7 a3 Ba5 Qe2 a6 a4 b6 Rd1 Bb7 d5 exd5 Nxd5 Nxd5 Bxd5 Bxd5 Rxd5 Qc7 b3 Nf6 Rd1 Bc3 Rb1 Rfd8 Ba3 Qb7 Qc2 Ba5 Ne5 h6 Nc4 Bb4 Bxb4 cxb4 Nd6 Qe7 Qc6 Qe6 Rd3 Ra7 Rbd1 Rad7 Qc4 Qxc4 bxc4 Ne8 a5 Rxd6 Rxd6 Rxd6
FIDE WCh KO,Moscow RUS,2001.11.27,1.1,"Morozevich,A","Zeliakov,Nugzar",1/2-1/2,B50,e4 c5 Nf3 d6 c3 Nf6 Bd3 g6 Bc2 Bg7 d4 O-O dxc5 dxc5 Qe2 Nc6 O-O Qc7 Re1 Bg4 Nbd2 Rad8 h3 Be6 Nf1 h6 e5 Nd5 N1h2 Nb6 Ng4 Kh7 Qe3 Bxg4 hxg4 Nc4 Qxc5 N4xe5 Nxe5 Bxe5 Qe3 Bg7 Qh3 Nd4 Bxg6+ fxg6 cxd4 Qc2 Be3 Rf7 g5 Qf5 Qxf5 gxf5 gxh6 Bxd4 Rad1 e5 Kf1 f4 Bxd4 exd4 Rd3 Rc7 Re4 Rc1+ Ke2 Rc2+ Kf3 Rxb2 a3 Kxh6 Rxf4 b5 g4 a5 Rfxd4 Rf8+ Kg3 Rfxf2 Rd6+ Kg7 Rb6 Rf6 Rd7+ Kg6 Rb8 Rc6 Rd5 Rb3+ Kh4 Rxa3 Rbxb5 Ra1 Rg5+ Kh7 Rh5+ Kg6 Rbg5+ Kf7 Rh7+ Kf8 Rf5+ Kg8 Ra7 Rg6 Kh5 Rg7 Rxg7+ Kxg7 Rb5 Rh1+ Kg5 Rc1 Rxa5 Rc6 Ra7+ Kg8 Kh5
FIDE WCh KO,Moscow RUS,2001.11.27,1.1,"Shovunov,B","Ivanchuk,V",1/2-1/2,B76,e4 c5 Nf3 d6 d4 Nf6 Nc3 cxd4 Nxd4 g6 Be3 Bg7 f3 O-O Qd2 Nc6 O-O-O d5 Nxc6 bxc6 exd5 Nxd5 Nxd5 cxd5 Qxd5 Qc7 Qc5 Qb7 Qa3 Bf5 Bd3 Rab8 b3 Rfc8 Bxf5 gxf5 Qa5 Qc6 c4 Qe6 Rd3 Rxc4+ Kb1 h5 Rd8+ Rxd8 Qxd8+ Kh7 bxc4 Qxe3 Rd1 e6 Qd3 Qb6+ Qb3
FIDE WCh KO,Moscow RUS,2001.11.27,1.1,"Leko,P","Kobese,W",1-0,C88,e4 e5 Nf3 Nc6 Bb5 a6 Ba4 Nf6 O-O Be7 Re1 b5 Bb3 O-O a4 Bb7 d3 b4 a5 d5 exd5 Nxd5 Nbd2 f6 Nc4 Kh8 Bd2 Bc5 c3 Nde7 Qe2 Qd7 Rad1 bxc3 bxc3 Rad8 Bc2 Qg4 h3 Qh5 d4 exd4 Nxd4 Qxe2 Nxe2 Ne5 Be3 Bxe3 Nxe3 Nd5 Be4 Nxe3 Rxd8 Rxd8 Bxb7 N3c4 Ra1 Rd6 Ng3 Nc6 Ne4 Re6 Nc5 Rd6 Nb3 Nd8 Bc8 g6 Ra4 Rc6 Bxa6 Rxa6 Rxc4 Nb7 Rb4 Nd6 Ra4 Nb7 Rb4 Nd6 c4 Ra7 Ra4 Kg7 a6
FIDE WCh KO,Moscow RUS,2001.11.27,1.1,"Gluzman,M","Bareev,E",0-1,B19,e4 c6 d4 d5 Nc3 dxe4 Nxe4 Bf5 Ng3 Bg6 Nf3 Nf6 h4 h6 h5 Bh7 Bd3 Bxd3 Qxd3 e6 Bf4 Qa5+ Bd2 Bb4 c3 Be7 b4 Qc7 Ne5 Nbd7 f4 a5 bxa5 O-O O-O Rxa5 Qe2 Rfa8 Be1 c5 f5 cxd4 cxd4 Nxe5 Bxa5 Rxa5 dxe5 Rxe5 Qd2 Bc5+ Kh1 Re4 Nxe4 Nxe4
FIDE WCh KO,Moscow RUS,2001.11.27,1.1,"Gelfand,B","Cabrera,A",1/2-1/2,B38,d4 Nf6 Nf3 g6 c4 Bg7 Nc3 O-O e4 d6 Be2 c5 O-O cxd4 Nxd4 Nc6 Be3 Bd7 Qd2 Nxd4 Bxd4 Bc6 Bd3 e5 Be3 Ng4 Bg5 Bf6 Bxf6 Nxf6 Rad1 Qe7 Qg5 Rad8 Qe3 b6 Be2 Ne8 f4 exf4 Qxf4 Kg7 Bf3 Nf6 Rd4 Qe5 Qd2 Rfe8 b4 h5 a3 Nh7 Nd5 Ng5 Rd3 h4 h3 Rc8 Qf2 Bd7 Be2 Be6 Nf6 Bxc4 Nxe8+ Rxe8 Re3 Bxe2 Rxe2 d5 Qxh4 Nxe4 Qf4 Qxf4 Rxf4 f5 Rf3 Kf6 Rc2 Re6 Rc7 a6 Rd3 Ke5 Kf1 d4 Rd1 Kd5 Rd7+ Nd6 Re1 Re4 Rxe4 fxe4 h4 Ke6 Rg7 Kf6 Rc7 d3 g4 Nb5 Rc6+ Ke5 Rc8 Nd4 Ke1 e3 Re8+ Kf4 h5 gxh5 gxh5 Nf3+ Kf1 Nh2+ Ke1 Nf3+ Kf1 Nh2+ Ke1
FIDE WCh KO,Moscow RUS,2001.11.27,1.1,"Pierrot,F","Topalov,V",0-1,B51,e4 c5 Nf3 d6 Bb5+ Nc6 O-O Bd7 Re1 Nf6 h3 e6 c3 a6 Bf1 Be7 d4 cxd4 cxd4 d5 e5 Ne4 Nbd2 Nxd2 Bxd2 Rc8 Qb3 b5 Rac1 O-O Qe3 Qb6 Bd3 f5 exf6 Bxf6 Ne5 Nxe5 dxe5 Qxe3 Rxe3 Rxc1+ Bxc1 Rc8 Bd2 Bd8 Re1 Bb6 Be3 Bxe3 fxe3 Be8 Kf2 Bg6 Bxg6 hxg6 e4 Kf7 Ke3 dxe4 Re2 g5 Kxe4 a5 Rd2 Rc4+ Ke3 g4 Rd4 Rc2 Rf4+ Kg8 Rf2 Rc5 Kd4 Rc4+ Kd3 gxh3 gxh3 Rh4 Rf3 Kh7 Rg3 Kh6 b3 a4 Re3 axb3 axb3 Rb4 Kc3 Rf4 Kd3 g5 Rg3 Kg6 Re3 Kf5 Kc3 Rh4 Kd3 Kf4 Kd4 Rh8 Re4+ Kf5 Re3 Rd8+ Kc5 Rd5+ Kb4 Kf4 Re1 Rd3 Rh1 Kxe5 h4 gxh4 Rb1 h3 Kxb5 h2
FIDE WCh KO,Moscow RUS,2001.11.27,1.1,"Shirov,A","Rizouk,A",1-0,C67,e4 e5 Nf3 Nc6 Bb5 Nf6 O-O Nxe4 d4 Nd6 Bxc6 dxc6 dxe5 Nf5 Qxd8+ Kxd8 Nc3 Bd7 h3 h6 b3 Kc8 Bb2 Ne7 Rad1 b6 Nd4 Ng6 f4 a5 a4 h5 Ne4 Be7 Ng5 c5 Nxf7 Rf8 e6 cxd4 f5 Nh4 exd7+ Kxd7 Ne5+ Kc8 Nc6 Bc5 Bxd4 Rxf5 Rxf5 Nxf5 Bxc5 bxc5 Rd5
FIDE WCh KO,Moscow RUS,2001.11.27,1.1,"Vlassov,N","Kasimdzhanov,R",1/2-1/2,C41,e4 e5 Bc4 Nf6 d3 c6 Nf3 Be7 Nc3 d6 O-O O-O a4 Nbd7 d4 exd4 Qxd4 Nc5 Rd1 Ne6 Qd2 Qc7 Qe2 Ng4 Ba2 Bf6 h3 Ne5 Nh2 Nc5 Be3 Re8 Qd2 Rd8 b4 Na6 Rab1 Be6 Bxe6 fxe6 Qe2 Nb8 f4 Nf7 Qc4 Bxc3 Qxc3 Nd7 Ng4 Rf8 Rd3 e5 f5 h5 Nf2 Nf6 g4 d5 exd5 e4 d6 Nxd6 Rd4 hxg4 hxg4 Nxf5 gxf5 Qg3+ Kf1 Nd5 Rxd5 cxd5 Bd4 Qxc3 Bxc3 Rac8 Nd1 Rxf5+ Ke2 Rf3 Kd2 Rc4 Be5 d4 c3 dxc3+ Bxc3 Kf7 Rc1 Rd3+ Kc2 Ke6 Kb3 Rc7 Nb2 Rg3 a5 g5 Na4 Kf5 Rd1 e3 Rd5+ Ke4 Re5+ Kf3 Nc5 g4 Ne6 Rd7 Ng5+ Ke2 Ne4 Rg1 Nf6 Rd3 Kc4 g3 Nh5 Rxc3+ Kxc3 g2 Nf4+ Kf3 Nxg2 Rxg2 Re7 e2 Kd2 Rg4 Re3+ Kf2 Rxe2+ Kf1 Re1+ Kf2 Re2+ Kf1
FIDE WCh KO,Moscow RUS,2001.11.27,1.1,"Smirin,I","Simutowe,A",1-0,B17,e4 c6 d4 d5 Nd2 dxe4 Nxe4 Nd7 Bc4 Ngf6 Ng5 e6 Qe2 Nb6 Bb3 h6 N5f3 a5 c3 c5 dxc5 Bxc5 Ne5 Qc7 Ngf3 O-O O-O a4 Bc2 Bd6 a3 Ra5 Re1 Rd8 h3 Nfd5 Bd2 f6 Nd3 Nc4 Bc1 g5 Nb4 Ndb6 Rb1 Kg7 Be3 Nxe3 Qxe3 Nc4 Qe2 e5 Bd3 Nb6 Rbd1 f5 Bb1 e4 Nd4 Qc4 Qc2 Re5 g4 Qf7 Re2 h5 Qd2 fxg4 Rxe4 Rde8 Rde1 Rxe4 Qxg5+ Qg6 Qxg6+ Kxg6 Rxe4 Rxe4 Bxe4+ Kg5 Nd3 Nc4 Bd5 Nd2 Kg2 Kf6 Nb5 Bb8 Nc5 b6 Nxa4 Bd7 c4 Be5 Nxb6 Bxb5 cxb5 Bxb2 a4 Bd4 Nc8 Ke5 Bg8 Ne4 a5 Nc5 a6
FIDE WCh KO,Moscow RUS,2001.11.27,1.1,"Ganguly,S","Khalifman,A",1/2-1/2,C45,e4 e5 Nf3 Nc6 d4 exd4 Nxd4 Bc5 Be3 Qf6 c3 Nge7 Bc4 Ne5 Be2 Qg6 O-O d6 Kh1 Qxe4 Nd2 Qg6 Bh5 Qd3 Be2 Qg6 Nb5 O-O Nxc7 Rb8 Nc4 Bh3 Rg1 Nxc4 Bxc4 Bxe3 fxe3 Bf5 Nd5 Rbe8 Nf4 Qh6 Bd3
FIDE WCh KO,Moscow RUS,2001.11.27,1.1,"Van Wely,L","Felgaer,R",1-0,E91,d4 Nf6 c4 g6 Nc3 Bg7 e4 d6 Nf3 O-O Be2 c5 d5 e6 O-O Re8 h3 exd5 exd5 Bf5 g4 Ne4 Nxe4 Bxe4 Ng5 h6 Nxe4 Rxe4 Bd3 Re8 Rb1 Nd7 b3 Qh4 Kg2 Re7 Bf4 Be5 Bd2 Rae8 Qf3 Bd4 Qg3 Qxg3+ Kxg3 Ne5 Bc2 g5 Rbe1 Ng6 Bxg6 fxg6 Rxe7 Rxe7 Re1 Be5+ Kg2 Kf7 b4 cxb4 Bxb4 Rc7 Re4 b6 Kf3 Rc8 a4 Rc7 Ke2 Rc8 Kd3 h5 Bd2 hxg4 hxg4 Kf6 Re3 Kg7 Rf3 Bf6 Be3 Re8 Rh3 Rf8 Rh1 Be5 Rb1 Kf6 Rb5 Bf4 a5 Bxe3 fxe3 Ke5 axb6 axb6 Rxb6 Rf7 Rb8 Re7 Rf8 Rd7 Re8+ Kf6 Re6+ Kg7
FIDE WCh KO,Moscow RUS,2001.11.27,1.1,Zhang Pengxiang,"Karpov,An",1/2-1/2,C54,e4 e5 Nf3 Nc6 Bc4 Bc5 c3 Nf6 d3 d6 O-O O-O Nbd2 a6 Bb3 Ba7 h3 h6 Re1 Re8 Nf1 Be6 Be3 Bxe3 Nxe3 Bxb3 Qxb3 Rb8 Nd5 Nxd5 Qxd5 Ne7 Qb3 Ng6 g3 Qd7 Kg2 Kh8 d4 f5 dxe5 Nxe5 Nxe5 Rxe5 exf5 Qc6+ Kg1 Rxf5 Re2 Rbf8 Qb4 Qd5 Rae1 a5 Qa4 Qc5 Qd4 Qxd4 cxd4 Kg8 Rc2 c6 Re7 R8f7 Re8+ Kh7 Kg2 g5 Rce2 Kg7 R8e6 Rd5 R6e4 h5 Rc2 Kf8 Rce2 Kg7 Rc2 Kf8
FIDE WCh KO,Moscow RUS,2001.11.27,1.1,"Svidler,P","Hoffman,A",1-0,B07,e4 d6 d4 Nf6 Nc3 e5 Nge2 Nc6 f3 Be7 Be3 O-O d5 Nb8 Qd2 c6 g4 cxd5 exd5 Bxg4 fxg4 Nxg4 Bh3 Bh4+ Kd1 Nxe3+ Qxe3 f5 Rg1 Kh8 Kd2 g5 Qf3 g4 Bxg4 Bg5+ Kd1 fxg4 Qxg4 Nd7 Ne4 Bh6 Qh3 Rf6 Nxf6 Qxf6 Qxd7
FIDE WCh KO,Moscow RUS,2001.11.27,1.1,"Safin,S","Nikolic,Pr",1/2-1/2,E41,d4 Nf6 c4 e6 Nc3 Bb4 e3 c5 Bd3 Nc6 Nf3 Bxc3+ bxc3 d6 e4 e5 d5 Ne7 Rb1 h6 Nh4 O-O g3 Rb8 O-O Bh3 Ng2 Nh7 f4 f5 fxe5 dxe5 exf5 Bxf5 Be3 Qd6 Bxf5 Rxf5 Rxf5 Nxf5 Qg4 g6 Bd2 h5 Qe2 Qe7 Re1 Re8 g4 hxg4 Qxg4 Qg7 Nh4 Nf6 Qg5 Kh7 Kh1 Nxh4 Qxh4+ Nh5 Qg5 Qf6 Qh6+ Kg8 Rg1 Qf3+ Rg2 Re7 Qxg6+ Rg7 Qe6+ Kh8 Qh6+ Rh7 Qg5 Qf1+ Rg1 Qf3+ Rg2 Rg7 Qh6+ Kg8 Qe6+ Kh8
FIDE WCh KO,Moscow RUS,2001.11.27,1.1,"Bologan,V","Nataf,IA",1/2-1/2,B33,e4 c5 Nf3 Nc6 d4 cxd4 Nxd4 e5 Nb5 d6 N1c3 a6 Na3 b5 Nd5 Nf6 Bg5 Be7 Bxf6 Bxf6 c3 O-O Nc2 Bg5 a4 bxa4 Rxa4 a5 Bc4 Rb8 b3 Kh8 O-O f5 f3 fxe4 fxe4 Rxf1+ Qxf1 Be6 b4 axb4 Ndxb4 Bxc4 Qxc4 Nxb4 Nxb4 Be3+ Kh1 Qh4 Qe2 Qxe4 Ra1 d5 Qb5 Qb1+ Rxb1 Rxb5 Rd1 d4 Nc2 Kg8 g3 Rc5 Nxe3 dxe3 Rd3 e2 Re3 Rxc3 Rxe2 Rc5 Rf2 Rc1+ Kg2 Re1 Rf5 g6 Rg5 Re2+ Kf3 Rxh2 Rxe5 Kg7 g4 Kf6 Ra5 h6 Kg3 Re2 Ra3 Re1 Ra5 Re6 Ra3 Re5 Ra6+ Kg5 Ra3 Rb5 Rc3 Ra5 Rb3 h5 gxh5 Kxh5 Rc3 g5 Rb3 Ra4 Rc3 Rg4+ Kh3 Rg1 Kh2 Re1 Kg3
FIDE WCh KO,Moscow RUS,2001.11.27,1.1,"Harikrishna,P","Beliavsky,A",1/2-1/2,E05,d4 Nf6 c4 e6 Nf3 d5 g3 Be7 Bg2 O-O O-O dxc4 Qc2 a6 Qxc4 b5 Qc2 Bb7 Bd2 Be4 Qc1 Nbd7 Ba5 Rc8 Nbd2 Ba8 Qc2 Qe8 b4 Nb8 a3 Nc6 Nb3 Bd6 Rac1 e5 e3 Nxa5 Nxa5 e4 Nd2 Bd5 Nb1 c6 Bh3 Rc7 Nc3 Qe7 Nxd5 cxd5 Qa2 h5 Rc2 g6 Rfc1 Kg7 Rxc7 Bxc7 Nc6 Qe8 Na7 Qb8 Nc6 Qe8 Na7 Qb8
FIDE WCh KO,Moscow RUS,2001.11.27,1.1,Zhang Zhong,Yu Shaoteng,0-1,C11,e4 e6 d4 d5 Nc3 Nf6 e5 Nfd7 f4 c5 Nce2 Nc6 Nf3 Qb6 c3 f6 Qb3 Be7 Be3 O-O exf6 Nxf6 g3 c4 Qxb6 axb6 a3 b5 Rd1 Bd7 Bh3 Ne4 O-O h6 Kg2 g6 Rfe1 Rae8 Nd2 Nxd2 Bxd2 Kh7 Ng1 Bd6 Re2 Rf6 Rde1 Nd8 Nf3 Ref8 Bg4 Kg7 Be3 Re8 Bf2 Bc7 Ne5 Bxe5 dxe5 Rf7 Rd2 Nc6 Bc5 Ne7 Bd1 Bc6 Kg1 h5 Bxe7 Rfxe7 Kf2 Rh8 Bc2 Rf7 Ke3 b6 Rg1 Rh6 Rdd1 Rf8 Ra1 Ra8 Kd4 Ra7 Rg2 Be8 h4 Rf7 Rgg1 Rh8 Rg2 Bc6 Rgg1 Be8 Ke3 Rff8 g4 hxg4 Rxg4 Rh6 Kf2 Rfh8 Kg3 Bf7 f5 exf5 Bxf5 Re8 e6 Bxe6 Re1 Bf7 Rxe8 Bxe8 Be6 Rh5 Rg5 Bc6 Kg4 Kf6 Bc8 Rh8 Ba6 Re8 Kf4 Re4+ Kg3 Re2 Rg4 Rxb2 Rf4+ Ke5 Rg4 Kf6 Rf4+ Kg7 Bc8 Rc2 Be6 Rxc3+ Kg4 Re3
FIDE WCh KO,Moscow RUS,2001.11.27,1.1,"Ghaem Maghami,E","Grischuk,A",1/2-1/2,D34,c4 e6 Nf3 d5 d4 c5 cxd5 exd5 Nc3 Nc6 g3 Nf6 Bg2 Be7 O-O O-O Bg5 c4 Ne5 Be6 e3 Nd7 Nxc6 bxc6 Bxe7 Qxe7 b3 Nb6 Qc2 Qd7 Rfc1 Bh3 Bxh3 Qxh3 bxc4 Nxc4 e4 Rad8 exd5 cxd5
FIDE WCh KO,Moscow RUS,2001.11.27,1.1,"Azmaiparashvili,Z","Iuldachev,S",1-0,D22,d4 d5 c4 dxc4 Nf3 a6 e3 Bg4 Bxc4 e6 d5 exd5 Bxd5 Qe7 Qb3 Qb4+ Nc3 Qxb3 Bxb3 Nc6 h3 Bh5 Nd4 Nxd4 exd4 Bd6 O-O Bg6 Re1+ Kd7 Na4 b6 Bg5 h6 Bd5 Rf8 Be3 Ne7 Bb7 a5 Nc5+ Kd8 Rad1 Bc2 Rc1 Bf5 g4 Be6 Ne4 Bb4 d5 Bc8 Bxc8 Nxc8 Re2 f5 Rec2 Rf7 gxf5 Re8 Ng3 Bd6 Bd4 Ne7 f6 gxf6 Ne4 Nxd5 Nxd6 cxd6 Rc6 Kd7 Bxb6 Rb8 Bxa5 Rxb2 Bc7 Nf4 Rxd6+ Ke7 Re1+ Re2 Rdd1 Rxe1+ Rxe1+ Ne6 Bf4 Rf8 Bxh6 Rh8 Be3 Rxh3 a4 Rh5 Ra1 Ra5 Kg2 Kd6 Kf3 Kc6 Ke2 f5 Kd3 f4 Bd4 Kd5 Bb6 Ra6 a5 Ng5 Rh1 Nf7 Bd4 Nd6 Rh5+ Kc6 Rc5+ Kd7 Be5 Nf7 Bxf4 Nd8 Rd5+ Ke8 Bc7 Ne6 Bd6 Kd7 Be5+ Kc6 Kc4 Nf8 Rc5+ Kd7 Kb5 Ra8 a6 Ne6 Rd5+
FIDE WCh KO,Moscow RUS,2001.11.27,1.1,"Campora,D","Short,N",1-0,B40,e4 c5 Nf3 e6 Be2 Nf6 e5 Nd5 O-O Nc6 Re1 d6 Bb5 Bd7 exd6 Bxd6 Nc3 O-O Ne4 Be7 d3 a6 Bc4 b5 Bb3 Na5 Bd2 Nxb3 axb3 Qb8 c4 Nf4 Be3 Rc8 h4 Bc6 Qd2 Nh5 Qe2 Nf6 Bg5 Qc7 Nxf6+ gxf6 Bh6 Kh8 Qe3 Rg8 Bf4 Qb7 Bg3 Rg4 Re2 bxc4 bxc4 a5 Qd2 Bxf3 gxf3 Qxf3 Re3 Qc6 Rxa5 Rag8 Ra7 Rxh4 Re4 Rxe4 dxe4 Bd6 Qc3 Be5 Qf3 Rg7 Kh2 Bxg3+ fxg3 e5 Qd3 h6 Qd5 Qb6 Rb7 Qa5 Rxf7 Rxf7 Qxf7 Qb6 Kh3 Qxb2 Qxf6+ Kh7 Qe7+ Kg6 Qxc5 Qa1 Qd6+ Kg5 Qe7+ Kg6 Qe6+ Kg7 Qg4+ Kf6 Qf3+ Ke7 Qd3 Kf6 Kg4 Ke7 c5
FIDE WCh KO,Moscow RUS,2001.11.27,1.1,"Lautier,J","Barua,D",1-0,D30,d4 d5 c4 e6 Nf3 c6 Qc2 Nf6 Bg5 Nbd7 e3 Qa5+ Nbd2 Ne4 Bf4 Be7 cxd5 exd5 Bd3 Ndf6 O-O Bf5 Nb3 Qd8 Ne5 Bg6 f3 Nd6 Nxg6 hxg6 e4 Nh5 Bd2 g5 e5 Nb5 g3 Qb6 Be3 Nc7 Nc5 a5 Rac1 Ne6 Nxe6 fxe6 f4 gxf4 Bg6+ Kd7 gxf4 Raf8 f5 exf5 Rxf5 Nf4 Bxf4 Qxd4+ Kh1 Rxf5 Bxf5+ Kd8 Qd2 Qb6 Qxd5+
FIDE WCh KO,Moscow RUS,2001.11.27,1.1,"Barsov,A",Ye Jiangchuan,1/2-1/2,E97,d4 Nf6 c4 g6 Nc3 Bg7 e4 d6 Nf3 O-O Be2 e5 O-O Nc6 d5 Ne7 b4 a5 bxa5 Rxa5 Nd2 c5 a4 Ra6 Ra3 Bd7 Nb5 Bh6 Bb2 Nc8 g3 Re8 Bd3 Nh5 Be2 Nf6 Bd3 Nh5 Be2
FIDE WCh KO,Moscow RUS,2001.11.27,1.1,"Ponomariov,R",Li Wenliang,1-0,B19,e4 c6 d4 d5 Nc3 dxe4 Nxe4 Bf5 Ng3 Bg6 h4 h6 Nf3 Nd7 h5 Bh7 Bd3 Bxd3 Qxd3 Qc7 Bd2 e6 O-O-O Ngf6 Kb1 Bd6 Ne4 Bf4 Be1 O-O-O Nxf6 Nxf6 g3 Bd6 c4 c5 Bc3 cxd4 Nxd4 a6 Qe2 Kb8 Nf3 Ka8 Ne5 Bxe5 Bxe5 Qc6 Rxd8+ Rxd8 Re1 Qg2 Bxf6 gxf6 Qe3 f5 a3 Rd7 Ka1 Rd8 Rc1 Rh8 c5 Qe4 Qd2 f4 gxf4 Rb8 Qd6 Qc6 Qxc6 bxc6 Rd1 Rg8 Rd7 Rg1+ Ka2 Rh1 b4 Rxh5 Kb3 Rh3+ Ka4 Kb8 Rxf7 Kc8 Ka5 Kd8 a4 Rf3 Kxa6
FIDE WCh KO,Moscow RUS,2001.11.27,1.1,"Al Modiahki,M","Polgar,Ju",0-1,B50,e4 c5 Nf3 d6 c3 Nf6 Be2 g6 O-O Bg7 Bb5+ Bd7 Bxd7+ Qxd7 Re1 O-O d4 Na6 Bg5 Rfe8 Nbd2 cxd4 cxd4 Rac8 Bxf6 Bxf6 e5 dxe5 dxe5 Bg7 Nb3 Red8 Nbd4 Nc5 Qe2 Qd5 h4 Ne6 Nxe6 Qxe6 b3 Rc5 Rad1 Rdc8 Qe4 b6 Qf4 Qc6 Qg4 h5 Qd7 Qxd7 Rxd7 R5c7 Red1 Bh6 g3 Kf8 Rd8+ Rxd8 Rxd8+ Kg7 Nd4 Bc1 e6 Bb2 Rd7 Rc1+ Kg2 a5 exf7 Kxf7 Nf3 Bf6 Rd5 Ke6 Rb5 Rc6 a4 Kd6 Nd2 Kc7 Nc4 Re6 Kf1 Bc3 f4 Re1+ Kg2 Bd4 Kf3 Rb1 Ke4 Bc5 Kf3 Rf1+ Ke4 Rc1 Ne5 Rc3 Nd3 Bg1 b4 Ra3 bxa5 Rxa4+ Kf3 Rxa5 Rb1 Bd4 Ke4 Bf6 Nb4 Kd6 Rd1+ Ke6 Nd5 Ra4+ Ke3 Ra3+ Kf2 Rb3 Nxf6 exf6 Rd8 Rc3 Rb8 Rc6 Re8+ Kd5 f5 gxf5 Rh8 b5 Rxh5 b4 Rxf5+ Kc4 Ke3 b3 Rf1 b2 Kf4 Kd3 Rf3+ Kc2 Rf2+ Kb3 Rxb2+ Kxb2 g4 Rc1 Kf5 Rf1+ Ke6 Kc3 h5 Kd4 h6 Rh1 Kxf6 Rxh6+ Kf5 Kd5 g5 Rh1
FIDE WCh KO,Moscow RUS,2001.11.27,1.1,"Dreev,A","Supatashvili,K",1/2-1/2,E12,d4 Nf6 c4 e6 Nf3 b6 a3 Ba6 Qc2 Bb7 Nc3 c5 e4 cxd4 Nxd4 Nc6 Nxc6 Bxc6 Bf4 Nh5 Be3 Bc5 Bxc5 bxc5 g3 f5 O-O-O f4 g4 Nf6 f3 Qc7 g5 Nh5 Bh3 Qe5 Rhg1
FIDE WCh KO,Moscow RUS,2001.11.28,1.2,"Eingorn,V","Sasikiran,K",1/2-1/2,A21,c4 e5 Nc3 Nf6 e3 Bb4 Qc2 O-O a3 Bxc3 Qxc3 Re8 b4 a5 b5 d6 d3 c6 bxc6 bxc6 Nf3 c5 Be2 Nc6 O-O Rb8 Nd2 Bf5 Bf3 Rb6 Bxc6 Rxc6 e4 Bd7 f4 exf4 Bb2 Rb6 Rxf4 Qb8 Rxf6 gxf6 Ra2 Re6 Nf1 Rb3 Qd2 d5 cxd5 Reb6 Bc3 Rb1 Ra1 Rxa1 Bxa1 Qd6 Qf2 Bb5 Qe3 Ba6 Nd2 a4 Bc3 Kf8 h3 Ke7 Kf2 Kd7 Qf3 Kc8 Ke2 Kb7 Kd1 Ka8 Kc2 c4 dxc4 Qxa3 Bd4 Qa2+ Kd1 Rb1+ Nxb1 Qxb1+ Kd2 Qa2+ Ke3 Qxc4 Qxf6 Qc1+ Kf3 Qf1+ Kg3 Qxf6 Bxf6 Kb7 h4 Kc8 Bb2 Kd7 Kf4 Bd3 g4 Bc2 g5 Bd3 Ba3 Bc2 Kf5 Ke8 Ke5 Kd7 Kd4 Ke8 Ke5 Kd7 h5 Bd1 h6 Bf3 Kf5 Ke8 Kf4 Bg2 Ke5 Bf3 d6 Kd7 g6 fxg6 Kf4 Bg2 e5 Ke6
FIDE WCh KO,Moscow RUS,2001.11.28,1.2,"Aseev,K","Kobalija,M",1/2-1/2,A87,d4 f5 c4 Nf6 Nc3 g6 g3 Bg7 Bg2 O-O Nf3 d6 O-O Qe8 d5 a5 Nd4 Na6 b3 Bd7 Bb2 g5 e3 Qg6 f4 h6 Qc2 Ng4 Qd2 Nc5 Rae1 Nf6 Qc2 Ng4 Ncb5 Rac8 h3 Nf6 g4 Nh7 fxg5 Qxg5 Nf3 Qg6 Nh4 Qg5 Nf3 Qg6 Nbd4 Qf6 Nh2 Qh4 Nhf3 Qf6 gxf5 Bxf5 e4 Bd7 e5 dxe5 Nxe5 Qd6 Nxd7 Qxd7 Qg6 Kh8 Nf5 Bxb2 Rxe7 Qxe7 Nxe7 Rxf1+ Bxf1 Rf8 Bg2 Bf6 Nf5 Ne4 Bxe4 Rg8 Qxg8+ Kxg8 Nxh6+ Kg7 Nf5+ Kf7 d6 c6 Nh6+ Kg7 Bxh7 Kxh6 Bf5 Kg5 Bc8 b6 Bb7 c5 Bf3 Kf4 Kf2 Be5 d7 Bf6 Ke2 Bd8 Bd5 Bf6 Kd3 Bd8 Be6 Bf6 Bg4 Bd8 Kc2 Bf6 a3 Ke5 b4 axb4 axb4 cxb4 Kb3 Be7 Ka4 Kd6 Kxb4 Kc6+ Kc3 b5 cxb5+ Kxb5 Kd4 Kc6 Ke5 Bd8 Ke6 Kc7 Bd1 Bh4 Ba4 Bd8 Bb5 Bh4 Kf5 Kd6 Kg4 Bd8 h4 Ke5
FIDE WCh KO,Moscow RUS,2001.11.28,1.2,"Fedorov,Alex","Anastasian,A",1/2-1/2,C10,e4 e6 d4 d5 Nc3 dxe4 Nxe4 Nd7 Bd3 Ngf6 Qe2 c5 Nxf6+ Nxf6 Bg5 Qa5+ Bd2 Qb6 O-O-O cxd4 Nf3 Be7 Ne5 O-O Bg5 Qc5 h4 Rd8 Rh3 Bd7 Rg3 Be8 Bh6 Bf8 h5 Kh8 Bg5 Nd5 Bxd8 Rxd8 Kb1 Bd6 Re1 f5 h6 g6 Rf3 Nf6 Nxg6+ Bxg6 Qxe6 Ng8 Qb3 Qb4 Qxb4 Bxb4 Rh1 Ne7 Bc4 Bd2 Rb3 b6 g3 Nc6 Rb5 Re8 a3 Ne5 Bb3 f4 gxf4 Bxf4 Rh4 Bg5 Rxd4 Nf3 Rd7 Bxh6 Rxa7 Bf8 Ka2 Bc5 Ba4 Rf8 Rxc5 bxc5 Rc7 h5 Rxc5 h4 Bd7 Nd4 a4 Rf3 a5 Nxc2 Rc3 Rxf2 Kb3 Nd4+ Ka3 Nc2+ Ka4 Rf4+ Kb5 Rb4+ Kc5 Rxb2 Rc4 Bd3 Rxh4+ Kg7 Rh3 Nb4 Bb5 Na6+ Bxa6 Bxa6 Kc6 Rb5 Ra3 Kf6 Ra1 Ke5 Rc1 Rxa5 Rc5+
FIDE WCh KO,Moscow RUS,2001.11.28,1.2,"Kotsur,P","Dominguez,L",1/2-1/2,A36,c4 Nf6 Nc3 g6 g3 Bg7 Bg2 O-O e4 c5 Nge2 Nc6 d3 Ne8 Be3 Nd4 O-O d6 Rb1 Nc7 b4 Rb8 h3 Nce6 f4 Nxe2+ Nxe2 Nd4 Kh2 b6 Nxd4 cxd4 Bd2 f5 Qe2 e5 exf5 gxf5 Bd5+ Kh8 Qh5 b5 cxb5 Rxb5 Bc6 Rb8 b5 Bd7
FIDE WCh KO,Moscow RUS,2001.11.28,1.2,"Benjamin,Joe","Baklan,V",1/2-1/2,B50,e4 c5 Nf3 d6 Bc4 Nf6 d3 Nc6 c3 g6 O-O Bg7 Bb3 O-O Nbd2 b6 Re1 Ba6 Nf1 Ne5 Bc2 Rc8 Bg5 h6 Bf4 Nh5 Be3 e6 Rc1 Qf6 h3 Nxf3+ Qxf3 Qxf3 gxf3 d5 Ng3 Nxg3 fxg3 d4 cxd4 Bxd4 Bxd4 cxd4 Bb1 e5 Kf2 Kg7 h4 f6 Ke2 Kf7 a3 Ke7 Ba2 Kd6 Bd5 Bb5 Rxc8 Rxc8 Kd2 Ba4 Rc1 Rxc1 Kxc1 g5 hxg5 fxg5 Bf7 Ke7 Bh5 Kf6
FIDE WCh KO,Moscow RUS,2001.11.28,1.2,"Macieja,B","Avrukh,B",1-0,B07,e4 d6 d4 g6 Nf3 Bg7 c3 Nf6 Bd3 O-O O-O Nc6 Na3 Bg4 h3 Bxf3 Qxf3 e5 Nc2 Nd7 Be3 Kh8 Qg3 f5 f4 exd4 Nxd4 Nxd4 Bxd4 Bxd4+ cxd4 fxe4 Bxe4 c6 f5 g5 d5 Ne5 dxc6 bxc6 Rae1 Qf6 Re2 Rg8 Rd1 g4 h4 Rae8 Bxc6 Rc8 Bd5 Rg7 Be6 Rd8 Kh1 Rc7 Red2 Rc6 Rd5 h6 Qxe5
FIDE WCh KO,Moscow RUS,2001.11.28,1.2,"Goldin,A","Nielsen,PH",1/2-1/2,D39,d4 Nf6 c4 e6 Nf3 d5 Nc3 dxc4 e4 Bb4 Bg5 c5 e5 h6 exf6 hxg5 fxg7 Rg8 dxc5 Qxd1+ Rxd1 Rxg7 Bxc4 Nc6 O-O Bxc5 Ne4 Be7 g4 Bd7 Nd6+ Bxd6 Rxd6 Ke7 Rfd1 Be8 R6d2 Rc8 Re1 Rg8 a3 Kf6 Ba2 Ne7 Ne5 Ng6 Nxg6 Rxg6 Bb1 Rh6 Be4 b6 Kg2 Bc6 Bxc6 Rxc6 Rd7 Rc2 Re3 Kg7 Rf3 Rf6 Rxf6 Kxf6 b4 a5 bxa5 bxa5 Ra7
FIDE WCh KO,Moscow RUS,2001.11.28,1.2,"Khenkin,I","Asrian,K",1/2-1/2,D48,d4 d5 c4 e6 Nc3 c6 e3 Nf6 Nf3 Nbd7 Bd3 dxc4 Bxc4 b5 Bd3 Bb7 O-O a6 e4 c5 d5 c4 Bc2 Qc7 dxe6 fxe6 Nd4 Nc5 Be3 O-O-O Qe2 e5 Nf3 Ne6 Rad1 Bc5 Nd5 Nxd5 exd5 Nf4
FIDE WCh KO,Moscow RUS,2001.11.28,1.2,"Luther,T","Volkov,S",1-0,C11,e4 e6 d4 d5 Nc3 Nf6 e5 Nfd7 f4 c5 Nf3 Nc6 Be3 a6 Qd2 b5 a3 Bb7 Bd3 Qb6 Qf2 c4 Be2 Ne7 O-O h5 Qe1 Nf5 Bf2 Be7 Qd2 Nb8 Nd1 Nc6 c3 Na5 Rb1 Nb3 Qe1 a5 Ne3 Nxe3 Bxe3 b4 axb4 axb4 Nd2 Nxd2 Bxd2 Ra2 f5 exf5 Rxf5 Bc8 Rf1 Bg4 Bxg4 hxg4 Qg3 Qg6 cxb4 Bh4 Qf4 O-O Bc3 Rfa8 g3 Be7 Qd2 Rb8 Ra1 Rxa1 Rxa1 Kh7 h3 gxh3 Kh2 Qf5 Ra7 Bg5 Qe2 Rb6 Ra1 Be7 Rf1 Qe6 Qh5+ Kg8 Ra1 Rb8 Ra5 g6 Qxh3 Bxb4 Bxb4 Qxh3+ Kxh3 Rxb4 Rxd5 Rxb2 Rc5 Rc2 Rc8+ Kg7 d5 Rd2 d6 Rd4 Kg2 g5 Kf3 Kg6 g4 c3 Ke3 Rd1 Rxc3 Re1+ Kd4 f6 d7 fxe5+ Kc4 Re4+ Kd5 Rd4+ Ke6 e4 Ke7 Kg7 Re3
FIDE WCh KO,Moscow RUS,2001.11.28,1.2,"Gurevich,D","Dautov,R",1/2-1/2,D11,Nf3 Nf6 c4 c6 d4 d5 e3 Bg4 h3 Bh5 Nc3 e6 g4 Bg6 Ne5 Nbd7 Qb3 Nxe5 dxe5 Nd7 cxd5 Nc5 Qd1 exd5 Be2 Qh4 Kf1 h5 Kg2 O-O-O b4 Be4+ f3 hxg4 fxe4 gxh3+ Kf1 Qxe4 Bg4+ Kb8 Qf3 Rh4 Rb1
FIDE WCh KO,Moscow RUS,2001.11.28,1.2,"Sakaev,K","Volokitin,A",1/2-1/2,A46,d4 d6 c4 g6 Nc3 Bg7 e4 Nf6 Nf3 O-O Be2 e5 O-O exd4 Nxd4 Re8 f3 Nc6 Be3 Nh5 Qd2 f5 Nxc6 bxc6 Rad1 Qe7 Rfe1 Rb8 Bd3 Qh4 Bf2 Qf4 Be3 Qh4 Bf2 Qf4 Be3 Qh4 g3 Nxg3 hxg3 Qxg3+ Qg2 Qxg2+ Kxg2 Rxb2+ Ne2 fxe4 fxe4 Rxa2 Rd2 Ra3 Nd4 Ba6 Bf2 d5 e5 dxc4 Bb1 Rxe5 Rxe5 Bxe5 Nxc6 Bb7 Be4 c3 Re2 Bxc6 Bxc6 Bf6 Be4 Kg7 Bc2 Ra2 Kf3 a5 Ke4 a4 Kd3 a3 Re4 Ra1 Rc4 Be5 Bd4 Bxd4 Rxd4 a2 Ra4 h5 Kxc3 h4 Kb2 Re1 Kxa2 Re2 Kb3 Re3+ Kb2 h3 Rg4 Kf6 Rxg6+ Ke5 Rc6 h2 Rh6 Re2 Kc3 Kf4 Bd3 Rg2 Rh7 c5
FIDE WCh KO,Moscow RUS,2001.11.28,1.2,"Shabalov,A","Kaidanov,G",1/2-1/2,D47,d4 Nf6 Nf3 d5 c4 e6 Nc3 c6 e3 Nbd7 Bd3 dxc4 Bxc4 b5 Bd3 Bd6 O-O O-O b3 Bb7 Bb2 e5 Rc1 exd4 Nxd4 Re8 Bb1 Be5 Nf3 Bc7 Ne2 Qb8 Ng3 Ne5 Nd4 Qd8 Qc2 Bb6
FIDE WCh KO,Moscow RUS,2001.11.28,1.2,"Lputian,S","Krasenkow,M",1-0,E69,d4 Nf6 Nf3 g6 c4 d6 g3 Bg7 Bg2 O-O O-O Nbd7 Nc3 e5 h3 c6 e4 exd4 Nxd4 Re8 Re1 Nc5 Rb1 a5 Bf4 Nh5 Be3 Qe7 Nb3 Nd7 Na4 Nhf6 Bd2 Ra6 Rc1 Ne5 c5 Nd3 cxd6 Qd8 Nbc5 Nxe1 Bxe1 Ra7 e5 Nd5 f4 b6 Bxd5 cxd5 Nb3 f6 Bf2 Rf7 Nxb6 Bxh3 g4 fxe5 Rc8 Qxc8 Nxc8 Rxc8 Qf3 Bf8 Qxh3 Bxd6 Qd3 a4 Nd2 Rd8 fxe5 Bxe5 Bd4 Re8 Bxe5 Rxe5 Nf3 Re4 g5 Rg4+ Kh2 Rf5 Qe3 Re4 Qc3 Rc4 Qa5 Rc8 Qa6 Rcf8 Qe6+ Kh8 Ne5 d4 Qd6 Rf4 Ng4 R8f5 Nh6
FIDE WCh KO,Moscow RUS,2001.11.28,1.2,"Timoshenko,G","Delchev,A",1/2-1/2,C97,e4 e5 Nf3 Nc6 Bb5 a6 Ba4 Nf6 O-O Be7 Re1 b5 Bb3 d6 c3 O-O h3 Na5 Bc2 c5 d4 Qc7 Nbd2 cxd4 cxd4 Rd8 b3 exd4 Bb2 Nc6 Rc1 Qb6 Bb1 Bb7 Nf1 d5 exd5 Nxd5 Nxd4 Nxd4 Bxd4 Qh6 Qf3 Bb4 Red1 Ba3 Rc2 Qf4 Qe2 Re8 Ne3 Nxe3 Bxe3 Qe5 Rcd2 Bb4 Rd7 Be4 Bxe4 Qxe4 R7d4 Qe7 Qf3 Rac8 Rd7 Qe6 h4 h6 Rb7 Bc5 Rd3 Bxe3 Rxe3 Qg6 Rxe8+ Rxe8 Kh2 Qe6 g3 Rc8 Ra7 g6 h5 gxh5 Qxh5 Rc2 Qf3 Kg7 a3 Rc5 Kg2 Rf5 Qc3+ Qf6 Qxf6+ Rxf6 b4 h5 Kf1 Re6 Kg2 Rf6 Ra8 Kh7 Kh3 Rxf2 Rxa6 Rf3 Kh4 f6 Kxh5 Rxg3 Rxf6 Rxa3 Rf5 Kg7 Kg5 Rb3 Rxb5 Kf7 Kf5 Ke7 Ke5 Kd7 Kd5 Kc7 Kc4 Rf3 Rg5 Rf6 Kb5 Kb7 Rg7+ Kb8 Ka5 Rh6 Rf7 Rg6 b5 Rh6
FIDE WCh KO,Moscow RUS,2001.11.28,1.2,"Lastin,A","Cvitan,O",1-0,B96,e4 c5 Nf3 d6 d4 cxd4 Nxd4 Nf6 Nc3 a6 Bg5 e6 f4 Bd7 Qe2 Nc6 O-O-O Nxd4 Rxd4 Qa5 Qd2 Bc6 f5 e5 Bxf6 exd4 Bxd4 b5 Qe3 Qc7 Bd3 f6 Nd5 Qf7 Kb1 Rc8 c4 Be7 cxb5 axb5 Nb6
FIDE WCh KO,Moscow RUS,2001.11.28,1.2,Liang Chong,"Motylev,A",1/2-1/2,A36,c4 c5 Nc3 Nc6 g3 g6 Bg2 Bg7 e3 e5 Nge2 Nge7 O-O O-O d3 d6 Rb1 Rb8 h3 a6 Kh2 b5 b3 h6 Bb2 Kh7 Qd2 f5 Rbd1 Qb6 f4 Bb7 Nd5 Qd8 Nec3 Nxd5 Nxd5 Ne7 fxe5 dxe5 e4 Bxd5 cxd5 Qd6 Rde1 fxe4 dxe4 Nc6 Qc1 Nd4 Ba3 Rbc8 Rxf8 Qxf8 Rf1 Qe7 h4 Rc7 Bh3 Bf8 Rf2 Qe8 Qf1 Kg7 Bc1 Bd6 Be3 c4 bxc4 Rxc4 h5 Rc3 Rf6 Rxe3 Rxd6 Nf3+ Kg2 Qf8 Rxg6+ Kh8 Bf5 Qa3 Rxh6+ Kg7 Rg6+ Kh8 Kh3 Re1 Qg2 Re2 Rh6+ Kg7 Rg6+ Kh8 Qf1 Qe3 Rh6+ Kg7 Rg6+ Kh8 Rh6+ Kg7 Rg6+ Kh8
FIDE WCh KO,Moscow RUS,2001.11.28,1.2,"Movsesian,S","Malakhatko,V",1/2-1/2,B18,e4 c6 d4 d5 Nc3 dxe4 Nxe4 Bf5 Ng3 Bg6 Bc4 e6 N1e2 Nf6 O-O Bd6 f4 Bf5 Nxf5 exf5 Ng3 g6 Re1+ Kf8 Qf3 h5 Nh1 Ne4 Bd3 Nf6 Bd2 Qc7 c4 c5 d5 Nbd7 Nf2 Kg7 Nh3 Rhe8 Qg3 Kf8 Ng5 Rxe1+ Rxe1 Re8 Rf1 Qd8 h3 Bc7 a3 Qe7 Kh1 Qd6 Bc3 Re7 Qh4 Kg8 Qg3 Kf8 Bc2 Qa6 Rd1 Qd6 Rf1 Qa6 Rd1 Qd6 Bd2 Re2 Qc3 Kg8 Nf3
FIDE WCh KO,Moscow RUS,2001.11.28,1.2,"Radjabov,T","Ehlvest,J",1/2-1/2,E52,d4 Nf6 c4 e6 Nc3 Bb4 e3 O-O Bd3 d5 Nf3 b6 cxd5 exd5 O-O Bb7 a3 Bd6 b4 a6 Qc2 Re8 Bb2 Nbd7 b5 Qe7 a4 axb5 Nxb5 c5 Nxd6 Qxd6 Ne5 Nf8 Rfb1 Ba6 Bf5 Bc8 Rd1 Bxf5 Qxf5 Qe6 Qc2 c4
FIDE WCh KO,Moscow RUS,2001.11.28,1.2,"Shipov,S","Lesiege,A",1-0,D27,d4 d5 c4 dxc4 Nf3 Nf6 e3 e6 Bxc4 c5 O-O a6 e4 b5 Bd3 cxd4 a4 b4 e5 Nd5 Nbd2 Nd7 Nb3 Nc5 Nxc5 Bxc5 Ng5 Be7 Qg4 g6 h4 Qc7 Re1 Bf8 Bd2 Bg7 Rac1 Qd7 h5 Bb7 Ne4 O-O Nc5 Qc6 Ne4 Qxa4 Ng5 Qd7 Nxh7 Kxh7 hxg6+ Kg8 Qh5 fxg6 Bxg6 Rfc8 Qh7+ Kf8 Bh6 Bxh6
FIDE WCh KO,Moscow RUS,2001.11.28,1.2,"Psakhis,L","Korchnoi,V",1/2-1/2,B18,e4 c6 d4 d5 Nd2 dxe4 Nxe4 Bf5 Ng3 Bg6 N1e2 e6 Nf4 Nf6 Bc4 Bd6 c3 Qc7 Qf3 Nbd7 Nxg6 hxg6 Bg5 c5 Bb5 O-O Bxd7 Nxd7 dxc5 Nxc5 O-O Be7
FIDE WCh KO,Moscow RUS,2001.11.28,1.2,"Tiviakov,S","Christiansen,L",1/2-1/2,C45,e4 e5 Nf3 Nc6 d4 exd4 Nxd4 Bc5 Nxc6 Qf6 Qd2 bxc6 Nc3 Ne7 Bd3 Ng6 O-O O-O Kh1 Ne5 Be2 d6 Na4 Bb6 f3 Qh4 Qf4 Qxf4 Bxf4 Re8 Rfe1 Be3 Rf1 Bb6 Rae1 Bd7 a3 c5 Nxb6 axb6 Bd2 Bc6 Bc3 b5 Kg1 Nd7 Kf2 h5 Rg1 Nb6 Bd2 Bd7 h3 c4 g4 hxg4 hxg4 f6 Rh1 Kf7 g5 fxg5 Bxg5 Na4 Bc1 Rh8 Reg1 Nc5 Be3 Rxh1 Rxh1 c3 b4 Ne6 f4 Bc6 f5 Nf8 Bh5+ g6 Bxg6+ Nxg6 Rh7+ Kf6 fxg6 Bxe4 Rxc7 Kxg6 Rxc3 Kf5 Ke2 Ke5 Bf2 Bf5 Re3+ Kd5 Kd2 Rc8 Rc3
FIDE WCh KO,Moscow RUS,2001.11.28,1.2,"Yermolinsky,A","Milov,V",0-1,E94,d4 Nf6 c4 g6 Nc3 Bg7 e4 d6 Nf3 O-O Be2 Na6 O-O e5 Re1 Qe8 dxe5 dxe5 b3 Nc5 Ba3 Nfxe4 Nxe4 Nxe4 Bxf8 Qxf8 Qc2 Nc5 Rad1 a5 h3 Bf5 Qc1 Re8 Bf1 e4 Nd4 Bc8 Qe3 h5 Nb5 Qe7 f3 b6 fxe4 Be5 Nd4 Bb7 Bd3 h4 Nf3 Bg3 Re2 Ne6 Bc2 Bd6 Kh1 Bf4 Qf2 Bg3 Qe3 c5 e5 Bxf3 Qxf3 Nd4 Rxd4 cxd4 e6 f5 Qd3 Qd6 e7 Be5 Qf3 Kg7 Qd5 Qxe7 Re1 Qf6 Bd1 Kh6 a3 Re7 b4 Bd6 Rxe7 Bxe7 bxa5 bxa5 Qxa5 Qd6 Qd2+ Bg5 Qd3 Be3 Be2 Qg3 Qd1 Bf4 Kg1 Qh2+ Kf1 Qh1+ Kf2 Be3+ Kf3 Qh2 Bf1 Qf4+ Ke2 Qf2+ Kd3 Qb2 Qc2 Qxa3+ Ke2 Qc5 Kd1 Kg5 Bd3 Kf4 Ke2 Kg3 Kf1 Qe5 Be2 Qe4 Bd3 Qf4+ Ke1 Bf2+ Kf1 Be3+ Ke1 Kh2 c5 Kg1 c6 Qg3+ Kd1 Bf4 Qc4 Qe3 Qc2 Qf2 Be2 Bc7
FIDE WCh KO,Moscow RUS,2001.11.28,1.2,Yu Shaoteng,Zhang Zhong,0-1,B08,e4 d6 d4 Nf6 Nc3 g6 Nf3 Bg7 Be2 O-O O-O a6 a4 e6 Re1 Nc6 h3 b6 Bf4 h6 e5 dxe5 Bxe5 Bb7 Qd2 Nxe5 Nxe5 c5 Bf3 Bxf3 Nxf3 cxd4 Nxd4 Qc7 Qe3 Rfd8 Rad1 Ne8 Rd3 Nd6 Red1 Nc4 Qc1 Rac8 Nde2 Rxd3 Rxd3 Qc5 b3 Ne5 Rd1 f5 Na2 b5 axb5 axb5 c3 Nf7 Nf4 Qa7 Qc2 Qe7 Qe2 e5 Nd5 Qb7 Ndb4 Rc5 Nd3 Rc8 Ndb4 Bf8 Rd5 Bc5 Qd2 Rc7 Rd3 e4 Rg3 Rd7 Qe2 Ne5 Re3 Kh7 Nc2 Bxe3 Nxe3 Nd3 Nb4 Nxb4 cxb4 Qc6 Qb2 h5 Qe5 Qc1+ Nf1 Qc6 Ne3 Qd6 Qxb5 f4 Nc4 Qd1+ Kh2 Qd5 Qb8 Rf7 Qe8 Rg7 Qf8 Rf7 Qe8 Rg7 Qf8 Qf5 Qe8 e3 fxe3 f3 gxf3 Qxf3 Ne5 Qf2+ Kh1 Qxe3 Qe6 Qe4+ Kh2 Ra7
FIDE WCh KO,Moscow RUS,2001.11.28,1.2,"Grischuk,A","Ghaem Maghami,E",1-0,B90,e4 c5 Nf3 d6 d4 cxd4 Nxd4 Nf6 Nc3 a6 f3 Qb6 g4 Nc6 Nb3 e6 Qe2 Qc7 Be3 b5 O-O-O Bb7 h4 Rc8 g5 Nd7 Qf2 Nce5 a3 Qd8 h5 Rxc3 bxc3 d5 exd5 Bxa3+ Kb1 Bxd5 Rxd5 exd5 Qg2 Bd6 h6 g6 f4 Nc4 Qxd5 Nxe3 Qxd6 Qb6 Qd3 Nc4 Bh3 Qd6 Re1+ Kd8 Rd1 Kc7 Qf3
FIDE WCh KO,Moscow RUS,2001.11.28,1.2,"Beliavsky,A","Harikrishna,P",1-0,D46,d4 d5 c4 c6 Nf3 Nf6 Nc3 e6 e3 Nbd7 Qc2 Bd6 Bd3 O-O O-O dxc4 Bxc4 b5 Be2 Bb7 Rd1 Qc7 Bd2 a6 b4 a5 a3 axb4 axb4 Nd5 Nxd5 exd5 Qf5 Nf6 Qc2 Qe7 Qb2 Nd7 Rxa8 Rxa8 Ra1 Rxa1+ Qxa1 Nb6 Ne5 Qc7 h3 Nc4 Bc3 Qb6 Bg4 Nxe5 dxe5 Be7 Bd7 Qd8 e6 f6 Qa7 Qa8 Qb6 Bd6 f4 h6 Bd4 Be7 Kh2 Kh8 Bc5 Bd8 e7 Bxb6 Bxb6 c5 Bd8
FIDE WCh KO,Moscow RUS,2001.11.28,1.2,"Nataf,IA","Bologan,V",1-0,C45,e4 e5 Nf3 Nc6 d4 exd4 Nxd4 Qf6 Nxc6 Bc5 Qd2 dxc6 Nc3 Bd4 Bd3 Ne7 O-O Ng6 Kh1 Ne5 Be2 Ng4 Nd1 Be6 h3 O-O-O Bxg4 Bxg4 hxg4 Qh4+ Kg1 Bxb2 Qa5 Bxa1 Qf5+ Kb8 Bg5 g6 Qf4 Be5 Qxe5 Qxg4 Bxd8 Rxd8 Ne3 Qc8 Qf6 Rd7 Nc4 Qe8 Ne5 Re7 Rd1 Kc8 f4 h5 Qh4 a6 Qh3+ Re6 Nf3 Kb8 e5 Qe7 Ng5 Qc5+ Kh2 Re7 Rd7
FIDE WCh KO,Moscow RUS,2001.11.28,1.2,"Graf,A","Sulskis,S",1-0,E59,d4 Nf6 c4 e6 Nc3 Bb4 e3 O-O Bd3 d5 Nf3 c5 O-O Nc6 a3 Bxc3 bxc3 dxc4 Bxc4 Qc7 Bb2 e5 h3 Bf5 Qe2 h6 Ba2 Rfe8 d5 Na5 c4 Ne4 Bb1 f6 Bxe4 Bxe4 Nd2 Bc2 Rac1 Ba4 Qd3 b6 f4 e4 Nxe4 Qe7 Nf2 Qxe3 Qg6 Re7 Bxf6 Be8 Qb1 Rf7 Rc3 Qe2 Re1 Qd2 Be5 Rxf4 Rc2
FIDE WCh KO,Moscow RUS,2001.11.28,1.2,"Milos,G",Dao Thien Hai,1-0,C42,e4 e5 Nf3 Nf6 Nxe5 d6 Nf3 Nxe4 d4 d5 Bd3 Nc6 O-O Be7 c4 Nb4 Be2 O-O a3 Nc6 cxd5 Qxd5 Nc3 Nxc3 bxc3 Bf5 c4 Qd6 d5 Bf6 Ra2 Ne7 Nd4 Bd7 a4 c5 Nb5 Bxb5 axb5 Nf5 Bd3 Nd4 Re1 g6 Qg4 Rfe8 Rxe8+ Rxe8 Be3 Qb6 Qd1 Be5 g3 Bb8 Kg2 Qf6 Bb1 Qb6 Ra3 Bd6 Bd2 Bb8 Re3 Qd8 Qe1 Rf8 Re7 Qc8 Bh6 Rd8 Qe3 Bd6 Qg5 Bxe7 Qxe7 Qd7 Qf6 Ne6 dxe6 fxe6 Be4 Re8 h4 Qe7 Qe5 a6 h5
FIDE WCh KO,Moscow RUS,2001.11.28,1.2,"Ivanov,AV","Pigusov,E",1/2-1/2,B76,e4 c5 Nf3 Nc6 d4 cxd4 Nxd4 g6 Nc3 Bg7 Be3 Nf6 Bc4 O-O Bb3 d6 f3 Nxd4 Bxd4 Be6 Qd2 Rc8 Nd5 Bxd5 exd5 a5 c3 Qd7 a4 b5 O-O Qb7 axb5 Qxb5 Ra3 a4 c4 Qb7 Ba2 Ra8 Re1 Rfb8 Re2 Nh5 g4 Bxd4+ Qxd4 Nf6 Kg2 Qa7 Qd2 Rb7 b4 Qb6 b5 Qc5 Rae3 Raa7 h4 h5 gxh5 Nxh5 Re4 Qc8 Rg4 Qf5 Ree4 a3 Re2 Qf6 Qh6 Qg7 Qe3 Qf6 Qh6 Qg7 Qe3 Qf6 Qh6
FIDE WCh KO,Moscow RUS,2001.11.28,1.2,"Bruzon,L","Nisipeanu,LD",1/2-1/2,E14,c4 e6 Nf3 Nf6 d4 b6 e3 Bb7 Bd3 Bb4+ Nbd2 O-O O-O d5 b3 Nbd7 Bb2 c5 a3 Bxd2 Nxd2 cxd4 exd4 dxc4 bxc4 Qc7 Re1 Rfe8 Bf1 Qf4 Qe2
FIDE WCh KO,Moscow RUS,2001.11.28,1.2,"Gyimesi,Z","Conquest,S",1/2-1/2,E15,d4 Nf6 c4 e6 Nf3 b6 g3 Ba6 b3 Bb7 Bg2 Bb4+ Bd2 a5 O-O O-O Qc2 d6 a3 Bxd2 Nbxd2 Nbd7 e4 e5 d5 c6 Rfc1 Ng4 Bh3 Nh6 b4 Kh8 Qd3 Qe7 Qe3 c5 Rab1 axb4 axb4 Ra7 bxc5 bxc5 Ra1 Rfa8 Qc3 Bc8 Rxa7 Rxa7 Nb3 Qd8 Ra1 Rxa1+ Qxa1 Nb6 Bf1 f5 Nbd2 Qe7 Qa5 Qc7 Qb5 Bd7 Qa6 Bc8 Qa1 Nf7 Bd3 f4 Nb3 fxg3 hxg3 Nd7 Nfd2 Nf6 Qa8 h6 Nf1 Kh7 Ne3 Qb7 Qxb7 Bxb7 Kg2 g6 Nd2 h5 Bc2 Kh6 Ba4 Bc8 Bc2
FIDE WCh KO,Moscow RUS,2001.11.28,1.2,"Vescovi,G","Gulko,B",1-0,B52,e4 c5 Nf3 d6 Bb5+ Bd7 Bxd7+ Qxd7 c4 Nf6 Nc3 Nc6 d4 cxd4 Nxd4 g6 Nde2 Bg7 f3 O-O O-O Qd8 Be3 Rc8 b3 Qa5 Qd2 a6 a4 Rfd8 Rab1 e6 Rfd1 Qc7 Bg5 Rd7 Kh1 Ne5 Qf4 Ne8 Qh4 Qc5 Bh6 Nf6 Bg5 Ne8 Qg3 h6 Bc1 Nf6 f4 Nc6 Be3 Qa5 Qh3 Rdd8 Bg1 Qc7 f5 exf5 exf5 g5 Ng3 Re8 Nd5 Nxd5 Rxd5 Qe7 Rbd1 Rcd8 Bb6 Nb4 R5d2 Rd7 f6 Bxf6 Re2 Be5 Rxe5 dxe5 Rxd7 Qf6 Qf5
FIDE WCh KO,Moscow RUS,2001.11.28,1.2,"Cabrera,A","Gelfand,B",0-1,B50,e4 c5 Nc3 e6 Nf3 a6 g3 Nc6 Bg2 d6 O-O Nf6 d3 Be7 h3 d5 exd5 exd5 d4 cxd4 Nxd4 h6 Be3 O-O Nxc6 bxc6 Na4 Rb8 b3 Bf5 Qe2 a5 Rfe1 Re8 Rad1 Qc8 Kh2 Bd6 c4 Bb4 Rg1 Qe6 c5 Ba3 Qd2 Be4 Qxa5 Bxg2 Rxg2 Ne4 Rgg1 Bb4 Qa6 Bc3 Qd3 Be5 f4 Bf6 Rg2 h5 Bc1 h4 gxh4 Bxh4 Qf3 Bf6 Qg4 Qxg4 hxg4 g5 Rd3 Kg7 Rc2 Rh8+ Rh3 Rxh3+ Kxh3 Rh8+ Kg2 Rh4 fxg5 Be5 Kg1 Bd4+ Kf1 Rxg4 Rg2 Rh4 Ke2 Kg6 Kd3 Be5 b4 Rh3+ Kc2 d4 Bd2 d3+ Kb3 Nxd2+ Rxd2 Bf4 Rd1 Bxg5 Nb2 d2+ Kc2 Ra3 Nc4 Rxa2+ Kb3 Ra8 Ne5+ Kf5 Nxc6 Ke4 Kc4 Ra2 Kb3 Ra8 Kc4 Be3 Na5 Kf3 Kd3 Rd8+ Kc2 Ke2 Nc4 Bf4 c6 Rd4
FIDE WCh KO,Moscow RUS,2001.11.28,1.2,"Vaganian,R","Belkhodja,S",1/2-1/2,B07,Nf3 g6 e4 Bg7 d4 d6 c3 Nf6 Bd3 O-O O-O Nc6 d5 Nb8 c4 a5 Nc3 Na6 a3 Bg4 h3 Bxf3 Qxf3 Nd7 Bc2 Nac5 b3 Ne5 Qe2 Nxc4 Qxc4 b5 Qxb5 Bxc3 Rb1 Bd4 Bg5 Qb8 Qc4 e5 dxe6 Nxe6 Bh6 Re8 Kh1 Qb6 f4 Qc5 Bd3 Bg7 Bxg7 Kxg7 f5 Qxc4 Bxc4 Ng5 fxg6 hxg6 Bd5 Ra7 b4 axb4 axb4 Re7 Rfe1 Nh7 b5 Nf6 Bc6 Ra2 b6 cxb6 Rxb6 Rd2 Rb7 Rxb7 Bxb7 Nd7 Ra1 Ne5 Kg1 Kf6 Rf1+ Kg5 Rf2 Rd1+ Kh2 Kh6 g3 Kg7 Kg2 Nd3 Ra2 Nc5 Ra7 Rd2+ Kf3 Nd7 Ke3 Rh2 Bd5 Ne5 Ra6 Rxh3 Rxd6 f6 Kf2 Rh2+ Kg1 Rd2 Ra6 Ng4 Be6 Nf2 Bd5 Nh3+ Kh1 Re2 Rc6 Rf2 Rc5 Ng5 Kg1 Rd2 Rc6 Nh3+ Kh1 Rb2 Ra6 Nf2+ Kg1 Rd2 Rb6 Ng4 Be6 Ne3 Bh3 Rd4 Bg2 Nc4 Ra6 Rd1+ Kh2 Ne5 Kh3 Rd2 Rb6 Nd3 Rb1 Nf2+ Kh2 Nxe4 Rb3 Kh6 Kg1 Rd1+ Kh2 Nd6 Ra3 Nf5 Be4 Rd2+ Kg1 Nd6 Bf3 Nc4 Ra6 Kg5 Kf1 Ne3+ Ke1 Rh2 Ra5+ f5 Ra4 Rb2 Be2 Nd5 Bf3 Nb4 Be2 Kf6 Kf1 Ke5 Ra8 Nc6 Re8+ Kd4 Re6 Ne5 Ra6 Rc2 Ra4+ Ke3 Ra3+ Kd2 Kf2 Rc5 Ra2+ Kc3 Ke3 g5 Ra1 Kb2 Rf1 Rc3+ Kd2 Rc2+ Ke3 Rc3+
FIDE WCh KO,Moscow RUS,2001.11.28,1.2,"Iuldachev,S","Azmaiparashvili,Z",1/2-1/2,B06,e4 d6 Nc3 g6 d4 Bg7 Bg5 a6 a4 Nc6 d5 Ne5 Be2 Nf6 f4 Ned7 Nf3 Nc5 e5 Nfe4 Nxe4 Nxe4 O-O c6 Bc4 Qb6+ Kh1 Qc5 Bb3 Bg4 Bh4 Rd8 dxc6 dxe5 cxb7 O-O Qe2 Nd2 b8=Q Rxb8 Qxd2 exf4 Qxf4 Rb4 Qg5 Qc6 Qxe7 Re4 Nd4 Qa8 Bxf7+ Kh8 Ne6 Bxe6 Bxe6 Re8 Qg5 R4xe6 Rae1 Rxe1 Rxe1 Bxb2 Rxe8+ Qxe8 Qf4 Kg7 Bf2 Qc6 c4 Bf6 c5 Qd5 Qc7+ Kh6 c6 Bd8 Qf4+ g5 Qf8+ Kg6 Qe8+ Kh6 Bg1 Bc7 h4 Bf4 Qd7 Qe5 hxg5+ Kg6 Qd3+ Kxg5 Qxh7 Qd6 Qg7+ Kf5 Qh7+ Kg5 Qg7+ Kf5 Qh7+ Ke5
FIDE WCh KO,Moscow RUS,2001.11.28,1.2,"Bareev,E","Gluzman,M",1-0,D34,d4 d5 c4 e6 Nc3 c5 cxd5 exd5 Nf3 Nc6 g3 Nf6 Bg2 Be7 O-O O-O Bg5 c4 Ne5 Be6 Nxc6 bxc6 b3 Qa5 Qc2 Rfd8 Na4 Rac8 Rfd1 c5 Bd2 Qc7 Bf4 Qa5 Nxc5 Bxc5 dxc5 Qxc5 e3 Nd7 bxc4 f6 h4 Nb6 Rd4 dxc4 Bb7 Rxd4 exd4 Qf8 Bxc8 Qxc8 Re1 c3 Qe2 Bf7 Qb5 h6 Qc5 Qg4 Qxc3 Nd5 Qb3 Kh7 Qd1 Qh3 Bd2 f5 Re5 Nf6 Qf1 Qg4 Qe2 Qxd4 Rxf5 Bd5 Rf4 Ne4 Kh2 g5 Be3 Qa1 hxg5 Nxf2 Qc2+
FIDE WCh KO,Moscow RUS,2001.11.28,1.2,"Nikolic,Pr","Safin,S",1-0,D15,d4 d5 c4 c6 Nc3 Nf6 Nf3 a6 c5 Nbd7 Bf4 Nh5 e3 g6 Bd3 Bg7 O-O O-O h3 Nxf4 exf4 Re8 Qc2 Qc7 g3 b6 b4 a5 a3 Nf8 Kg2 Qd7 Rh1 axb4 Na4 bxc5 Nxc5 Qd6 axb4 Rb8 Qc3 Nd7 Ra7 Nb6 h4 Bd7 Ne5 Bf5 Bxf5 gxf5 Qd3 Nc4 Qxf5 Bxe5 fxe5 Qg6 Qxg6+ hxg6 Nd3 Nd2 Ra3 f6 Rc1 Nc4 Ra6 fxe5 Nxe5 Rxb4 Nxc4 dxc4 Rxc6 Kg7 R1xc4 Rb2 Rc2 Rb4 R6c4 Rb6 Re2 Kf7 d5 Rd6 Rf4+ Kg7 Re5 e6 Rfe4 exd5 Rxe8 dxe4 Rxe4 Rd5 Kh3 Ra5 Kg4 Rb5 f4 Kf6 Re5
FIDE WCh KO,Moscow RUS,2001.11.28,1.2,"Simutowe,A","Smirin,I",0-1,E97,Nf3 Nf6 c4 g6 Nc3 Bg7 e4 d6 d4 O-O Be2 e5 O-O Nc6 d5 Ne7 b4 Nh5 Re1 f5 Nd2 Nf6 f3 c6 dxc6 Nxc6 b5 Nd4 Nb3 fxe4 fxe4 Nxe2+ Qxe2 Bg4 Qd3 Nh5 Ba3 Nf4 Qxd6 Qg5 Qd2 Bf3 Nd5 Bxg2
FIDE WCh KO,Moscow RUS,2001.11.28,1.2,"Rizouk,A","Shirov,A",0-1,C48,e4 e5 Nf3 Nf6 Nc3 Nc6 Bb5 Nd4 Nxd4 exd4 e5 dxc3 exf6 Qxf6 dxc3 Qe5+ Be2 Bc5 O-O O-O Kh1 d6 f4 Qf6 f5 Bd7 Bd3 Rfe8 Qf3 Bc6 Qg3 h6 Bd2 Re7 Rae1 Rae8 Rxe7 Rxe7 Rf4 d5 Rf1 d4 c4 Bd6 Qg4 b6 b4 Bb7 a4 c5 b5 a5 bxa6 Bxa6 Rb1 Bc7 Bf4 Bd8 Bg3 Re3 Qf4 Bb7 Qb8 Bc6 a5 bxa5 Qa7 a4 Qxc5 Be7 Qa7 Bd6 Bxd6 Qxd6 c5 Qd5 Qb8+ Kh7 Qd8
FIDE WCh KO,Moscow RUS,2001.11.28,1.2,"Topalov,V","Pierrot,F",1-0,E04,Nf3 Nf6 c4 c5 g3 d5 d4 dxc4 Qa4+ Bd7 Qxc4 cxd4 Bg2 Nc6 Nxd4 Rc8 O-O e6 Nc3 Be7 Rd1 Qa5 Nb3 Qc7 Bf4 e5 Bg5 Be6 Qa4 O-O Bxf6 Bxf6 Nc5 Qe7 Nxe6 Qxe6 Bxc6 Rxc6 Qxa7 e4 Nd5 Bxb2 Rab1 Be5 Qxb7 Rc2 Qb4 Rxe2 Ne7+ Kh8 Nc6 Re8 Qb5 Rxa2 Nd8 Qe7 Qd5 Rf8
FIDE WCh KO,Moscow RUS,2001.11.28,1.2,"Kasimdzhanov,R","Vlassov,N",1-0,D94,d4 Nf6 c4 g6 Nc3 d5 Nf3 Bg7 e3 O-O Bd2 c5 dxc5 Na6 cxd5 Nxc5 Bc4 Bf5 O-O Nfe4 Nd4 Nxd2 Qxd2 Ne4 Nxe4 Bxe4 Ne2 e6 Rad1 Rc8 Bb3 Bxd5 Bxd5 Qxd5 Qxd5 exd5 Rd2 Rc5 Rfd1 Rfc8 g3 Rc2 b3 b5 Kg2 g5 g4 a5 Ng3 Rxd2 Rxd2 Rc5 Nf5 Bf8 Kf3 f6 Nd4 Kf7 b4 axb4 Nb3 Rc3 Rxd5 Rc2 Rd7+ Kg6 Ra7 Rb2 Ra6 Be7 Nd4 h5 h3 h4 Nxb5 Bc5 Nc7 Rd2 Ne6 Bd6 Ra7 f5 Rd7 fxg4+ Kxg4 Kf6 Nxg5 Rxa2 Rxd6+ Ke7 Rb6 Rxf2 Rxb4 Rg2+ Kxh4 Kf6 Rf4+ Kg6 Nf3 Re2 e4
FIDE WCh KO,Moscow RUS,2001.11.28,1.2,"Zapata,A","Sutovsky,E",1-0,B87,e4 c5 Nf3 d6 d4 cxd4 Nxd4 Nf6 Nc3 a6 Bc4 e6 O-O b5 Bb3 Be7 Re1 O-O Qf3 b4 Na4 Bb7 Qh3 Nc6 Nf3 Na5 e5 dxe5 Nxe5 Nxb3 axb3 Rc8 c4 bxc3 bxc3 Ne4 Bf4 Bg5 Bxg5 Qxg5 Nc4 Rfd8 Qe3 Qxe3 Rxe3 Nc5 Nxc5 Rxc5 f3 Rdd5 Kf2 a5 Ke1 g5 Nd2 Kg7 Kd1 Rd8 Kc2 Bc6 Rd3 Rxd3 Kxd3 Rd5+ Kc2 Re5 Kd1 Rc5 c4 h5 Ke2 g4 Ke3 Re5+ Kf2 Rf5 h4 gxh3 gxh3 h4 Ke3 Rg5 Kd4 Rg3 Rxa5 Rxh3 b4 Rh1 b5 Bb7 Ne4 h3 Ra2 Rd1+ Kc5 Rc1 Rh2 Bd5 Nd6 Bxf3 Rxh3 Ba8 Ra3 Bh1 Ra7 Rf1 b6 Kg6 Re7 Bg2 Re8 Kf6 b7 Bxb7 Nxb7 Ke5 Nd8 Rf5 Re7 Ke4+ Kb4 f6 Nxe6 Rf1 Nc5+ Kf3 Nb3 Kg4 c5 Rf4+ Kb5 Rf2 c6 Rb2 Kb4
FIDE WCh KO,Moscow RUS,2001.11.28,1.2,"Rogozenko,D","Gurevich,M",1/2-1/2,D52,d4 d5 c4 c6 Nf3 Nf6 Nc3 e6 Bg5 Nbd7 e3 Qa5 cxd5 Nxd5 Qd2 Bb4 Rc1 c5 a3 Bxc3 bxc3 b6 Bd3 h6 Bh4 Ba6 O-O cxd4 Bxa6 Qxa6 Qxd4 O-O e4 Nf4 Qxd7 Ne2+ Kh1 Nxc1 Rxc1 Qxa3 Qd2 Rac8 Nd4 Qd6 Qe3 Rc4 f3 Rfc8 Ne2 b5 Rb1 a5 Rxb5 Qd1+ Ng1 Rxc3 Qf4 Rc2 Rb7 Rf8 Qg4 Qd4 Rb1 Rfc8 e5 Qxe5 Bg3 Qd5 Bf4 Kh7 Be3
FIDE WCh KO,Moscow RUS,2001.11.28,1.2,"Zvjaginsev,V","Gdanski,J",1-0,B90,Nf3 c5 e4 g6 d4 Bg7 c3 cxd4 cxd4 d5 e5 Bg4 Bb5+ Nd7 O-O e6 Nbd2 a6 Bxd7+ Qxd7 h3 Bxf3 Nxf3 Ne7 Bg5 h6 Bxe7 Qxe7 Rc1 O-O Rc3 Rfc8 Qc2 Rxc3 Qxc3 Bf8 a3 Qd7 Rc1 Qb5 Nh2 Be7 Qd2 Bg5 f4 Bd8 Nf3 Kg7 g4 Qd7 Qc2 Bb6 Kh2 Rb8 f5 exf5 gxf5 Qxf5 Qxf5 gxf5 Nh4 f4 Rg1+ Kh7 Nf5 Rg8 Rf1 Rc8 Rxf4 Rc2+ Kg3 Rxb2 Rg4 Rb3+ Kf4 Kh8 Nxh6 Bxd4 Nxf7+ Kh7 Ng5+ Kh8 Kf5 Be3 Nf7+ Kh7 Kf6
FIDE WCh KO,Moscow RUS,2001.11.28,1.2,"Atalik,S",Xu Jun,1/2-1/2,D39,d4 Nf6 c4 e6 Nf3 d5 Nc3 dxc4 e4 Bb4 Bg5 c5 e5 cxd4 Qa4+ Nc6 O-O-O Bd7 Ne4 Be7 exf6 gxf6 Bh4 Rc8 Kb1 Na5 Qc2 e5 Nxd4 exd4 Rxd4 Qb6 Rd6 Rc6 Bxf6 Rxd6 Bxh8 Bf5 Be2 Re6 Bf3 Kf8 g4 Bg6 Bg2 f6 f4 c3 f5 Nc4 Qxc3 Na3+ Ka1 Rc6 fxg6 Nc2+ Qxc2 Rxc2 g7+ Kg8 Nxf6+ Qxf6 Bd5+ Qf7 Bxf7+ Kxf7 Rf1+ Kg8 Kb1 Rc8 Rc1 Rxc1+ Kxc1 a5 a4 b6 Kc2 Bf6 b3 h6 Kd3 Bg5 Ke4 Bc1 Kf5 Bd2 Kg6 Be3 h4 Bd2 Kf5 Be1 h5 Bd2 Ke4 Bg5 Kd5 Bc1 Kc6 Be3 Kb5 Bf2 Kc6
FIDE WCh KO,Moscow RUS,2001.11.28,1.2,"Tkachiev,V","Hamdouchi,H",1/2-1/2,E15,d4 Nf6 c4 e6 Nf3 b6 g3 Ba6 b3 Bb7 Bg2 Bb4+ Bd2 a5 O-O O-O Qc2 d6 Bc3 d5 a3 Be7 Nbd2 Na6 Rfd1 Rc8 Ne5 c5 Qb2 Qc7 Rac1 dxc4 Bxb7 Qxb7 Ndxc4 Ne4 dxc5 Bxc5 Bd4 Rfd8 Bxc5 Naxc5 f3 b5 Rxd8+ Rxd8 Ne3 Qb6 fxe4 Nxe4 Ng4 f6 Qc2 f5 Qc6 Qxc6 Rxc6 fxg4 Rxe6 Nd2 Rb6 Re8 Nxg4 Nxb3 Rxb5 a4 Re5 Rc8 Ne3 Rc3 Nf5 Rc1+ Kf2 Ra1 Nd6 h6 Nc4 Ra2 Ke3 Nc1 Kf3 Nb3 Re8+ Kh7 h4 Rc2 Nb6 Nd4+ Kf2 Ra2 Re4 Nb5 Rxa4 Nc3 Rb4 Rxa3 Nc4 Ra2
FIDE WCh KO,Moscow RUS,2001.11.28,1.2,"Short,N","Campora,D",1/2-1/2,B07,e4 d6 Bc4 Nf6 Nc3 c6 Bb3 e5 f4 Bg4 Nf3 exf4 d4 Nh5 O-O Be7 h3 Be6 d5 cxd5 Nd4 Nf6 Bxf4 O-O exd5 Bd7 Nce2 Na6 c4 Nc5 Bc2 a5 Ng3 Qb6 Ndf5 Rae8 Kh2 Bxf5 Nxf5 Nfe4 Qf3 Bf6 Rae1 Re5 Bxe4 Nxe4 Nxd6 Nd2 Bxd2 Rxe1 Bxe1 Qxd6+ Bg3 Be5 b3 f5 Bxe5 Qxe5+ Qf4 Re8 d6 Qxf4+ Rxf4 g6 Rd4 Kf7 Kg3 Ke6 Kf4 Kd7 Rd2 h6 c5 Re4+ Kf3 Re5 Rc2 g5 a3 f4 Rc3 Re1 Kg4 Re2 g3 fxg3 Rxg3 Rc2 b4 axb4 axb4 Rc4+ Kh5 Rxb4 Kxh6 b6 cxb6 Rxb6 Rxg5 Rb4 Rg4 Rb3 h4 Kxd6 Re4 Rg3 h5 Kd7 Re5 Kd6 Re1 Kd7 Kh7 Rg2 h6 Rg3 Kh8 Rg2 Ra1 Ke7 Ra7+ Kf6 Rg7 Ra2 h7 Ra8+ Rg8 Ra7 Rb8 Kf7 Rb7+ Rxb7
FIDE WCh KO,Moscow RUS,2001.11.28,1.2,"Barua,D","Lautier,J",0-1,B92,e4 c5 Nf3 d6 d4 cxd4 Nxd4 Nf6 Nc3 a6 Be2 e5 Nb3 Be7 O-O Be6 f4 Qc7 Kh1 Nbd7 a4 h6 a5 O-O Nd5 Bxd5 exd5 Rfe8 c4 Rac8 Be3 exf4 Bxf4 Bf8 Nd4 g6 b4 Qd8 Rc1 Ne4 Bd3 Ng5 h4 Nh7 g3 Ndf6 Qf3 Qd7 Kg2 h5 b5 Ng4 bxa6 bxa6 Nc6 Bh6 Bxh6 Nxh6 Rce1 Ng4 c5 Ra8 cxd6 Rxe1 Rxe1 Qxd6 Ne7+ Kg7 Qf4 Qc5 Rc1 Qxe7
FIDE WCh KO,Moscow RUS,2001.11.28,1.2,Ye Jiangchuan,"Barsov,A",1/2-1/2,C03,e4 e6 d4 d5 Nd2 Be7 Bd3 c5 dxc5 Nf6 Qe2 Nc6 Ngf3 Nb4 O-O Nxd3 cxd3 Bxc5 Nb3 Be7 Bg5 h6 Bh4 Qb6 e5 Ng8 Bg3 a5 Bf4 a4 Be3 Qa6 Nbd4 Bd8 Bd2 Ne7 Bb4 O-O Rac1 Re8 Rc3 Bd7 Rfc1 Rc8 Rxc8 Nxc8 h3 Na7 g3
FIDE WCh KO,Moscow RUS,2001.11.28,1.2,"Kobese,W","Leko,P",1-0,B10,e4 c6 d3 d5 Nd2 e5 Ngf3 Bd6 Be2 Nf6 O-O O-O c3 Re8 a4 a5 Re1 Nbd7 Bf1 h6 Qc2 Nf8 b3 Ng6 Bb2 dxe4 dxe4 Bc5 h3 Nh5 Ba3 Bxa3 Rxa3 Nhf4 Kh2 Qf6 Raa1 Bd7 Re3 b5 g3 Ne6 Rd3 Nc5 Rxd7 Nxd7 axb5 Ne7 Kg2 Reb8 bxc6 Nxc6 Bc4 Rc8 Qd3 Nb6 Bb5 Ne7 c4 Ng6 Qc3 Qd8 Nf1 Qc7 Ne3 Ra7 h4 h5 Qe1 Rca8 Nd5 Qc5 Qe2 f6 Rd1 Nf8 Ne1 Nxd5 exd5 g6 Nd3 Qb6 Nb2 Qd6 Na4 Rc7 Qe3 Rac8 Nc3 f5 Na4 Nh7 Qc3 f4 Qxa5 fxg3 fxg3 Rf7 Qa6 Qf8 Qe6 Nf6 Rf1 Kg7 d6 Rd8 c5 e4 Nc3 e3 Qxe3 Rb8 Bc4 Ra7 Qd4 Re8 c6
FIDE WCh KO,Moscow RUS,2001.11.28,1.2,"Hoffman,A","Svidler,P",1/2-1/2,A16,Nf3 Nf6 c4 g6 Nc3 d5 cxd5 Nxd5 Qa4+ Bd7 Qh4 Nxc3 dxc3 Nc6 Qg3 Bg7 Bf4 Bf5 Nh4 Qd5 Rd1 Qe6 Nxf5 Qxf5 Qg5 Qc2 Qb5 O-O e3 a6 Qe2 Qf5 Qd3 Qa5 Qb1 Rad8 Be2 Be5 O-O Bxf4 exf4 e6 g3 Ne7 a3 Rd6 Qe4 Qb6 Qb4 Rfd8 Bf3 Nd5
FIDE WCh KO,Moscow RUS,2001.11.28,1.2,Li Wenliang,"Ponomariov,R",1/2-1/2,A01,b3 e5 Bb2 Nc6 c4 Nf6 e3 d5 cxd5 Nxd5 a3 Bd6 Qc2 O-O Nf3 a6 Nc3 Nxc3 Qxc3 Qf6 Bd3 Bf5 Bxf5 Qxf5 O-O Rad8 d3 Rfe8 Rfd1 Re6 b4 Qh5 Qc4 Rg6 Ne1 Ne7 e4 Rh6 h3 Ng6 d4 exd4 Bxd4 Nf4 Be3 Rf6 Bxf4 Rxf4 Nd3 Rh4 Re1 Re8 Re3 Qb5 Qxb5 axb5 e5 Bf8 f4 Rh6 Rc1 Rc6 Rxc6 bxc6 f5 Ra8 Nc5 Bxc5 bxc5 Kf8 e6 fxe6 Rxe6 Rxa3 Rxc6 Ra7 Kf2 b4 Ke2 b3 Kd2 Rb7 Kc1 b2+ Kb1 Kf7 Re6 g6 g4 gxf5 gxf5 h5 Rh6 Rb5 Rc6 Rb7 Rh6 Rb5 Rxh5 Rxc5 h4 Rb5
FIDE WCh KO,Moscow RUS,2001.11.28,1.2,"Polgar,Ju","Al Modiahki,M",1-0,B45,e4 c5 Nf3 e6 d4 cxd4 Nxd4 Nf6 Nc3 Nc6 Ndb5 Bb4 a3 Bxc3+ Nxc3 d5 exd5 exd5 Bd3 O-O O-O d4 Ne4 Ng4 Bf4 f5 Ng5 h6 Bc4+ Kh8 Nf7+ Rxf7 Bxf7 g5 f3 Nf6 Bg3 f4 Bf2 Bf5 Qd2 Qd6 Rad1 Rd8 Bc4 a6 Bd3 Be6 Rfe1 b5 c3 Bb3 Bc2 Bxc2 Qxc2 d3 Qb3 Kg7 Qe6 Qc7 Rd2 Rd6 Qa2 Qd7 Qb1 g4 Bd4 Rxd4 cxd4 Qxd4+ Kh1 Ne5 Rxe5 Qxe5 Rxd3 Qe2 b4 h5 Qd1 Qe5 Qg1 Kh6 Rd1 Qe2 Rd6 Kg5 Qa1 Nh7 Rd5+ Kh4 Re5 Qf2 Qg1 g3 Qc1 Ng5 Qxf4#
FIDE WCh KO,Moscow RUS,2001.11.28,1.2,"Supatashvili,K","Dreev,A",0-1,D47,d4 d5 c4 e6 Nc3 c6 e3 Nf6 Nf3 Nbd7 Bd3 dxc4 Bxc4 b5 Bd3 Bb7 a3 Bd6 b4 a5 Rb1 axb4 axb4 Qe7 Qb3 Nd5 Nxd5 exd5 O-O O-O Bd2 Nf6 Rfc1 Ne4 Be1 Ra4 Ne5 Bxe5 dxe5 Qxe5 Bxe4 Qxe4 Qc3 Re8 Rb3 h5 f3 Qg6 Qd3 Qg5 h4 Qf6 Qd2 Bc8 Rd3 Bf5 Rd4 Rea8 Qc3 R8a6 Rf4 Qg6 Qe5 Ra2 g4 Be6 Bc3 Re2 Qxh5 Qxh5 gxh5 Raa2 Be5 Rg2+
FIDE WCh KO,Moscow RUS,2001.11.28,1.2,"Karpov,An",Zhang Pengxiang,1/2-1/2,D12,Nf3 d5 d4 Nf6 c4 c6 e3 Bf5 Nc3 e6 Nh4 Be4 f3 Bg6 Qb3 Qc7 g3 Nbd7 Bd2 Be7 Rc1 Nb6 c5 Nbd7 Nxg6 hxg6 Qc2 e5 Kf2 g5 Be2 g6 b4 Kf8 Kg2 Kg7 Nd1 e4 Nf2 exf3+ Bxf3 g4 Nxg4 Nxg4 Bxg4 f5 Bf3 Nf6 a4 Qd7 b5 g5 Rcf1 Raf8 h3 g4 hxg4 fxg4 Be2 Rxh1 Rxh1 Ne4 Be1 Qf5 bxc6 bxc6 Rf1 Qh5 Rxf8 Qh3+ Kg1 Nxg3 Bxg3 Qxg3+ Kf1 Bxf8 Qf5 Qxe3 Qxg4+ Kf6 Qf3+
FIDE WCh KO,Moscow RUS,2001.11.28,1.2,"Vallejo Pons,F","Savchenko,S",1-0,C11,e4 e6 d4 d5 Nc3 Nf6 e5 Nfd7 f4 c5 Nf3 Nc6 Be3 cxd4 Nxd4 Bc5 Qd2 Nxd4 Bxd4 Bxd4 Qxd4 Qb6 Qd2 Nc5 O-O-O Bd7 Qd4 a6 h4 O-O-O h5 Bc6 Rh3 Kc7 Ne2 Ne4 Qxb6+ Kxb6 Nd4 Bd7 Rb3+ Ka7 Bd3 Nc5 Rc3 Kb6 Rh1 f6 Re1 Rdf8 g3 f5 b4 Na4 Ra3 g6 Nxe6 Bxe6 Rxa4 gxh5 Rh1 Bf7 Ra3 Be8 Be2 Rhg8 Kd2 d4 Rh3 Bc6 Rxh5 Be4 Rxh7 Rh8 Rh4 Rc8 Bd3 Rhg8 g4 Bxd3 Rxd3 fxg4 Rg3 Rc4 Rhxg4 Rgc8 e6 Rxc2+ Kd3 R8c4 f5 R2c3+ Ke4 Rc1 Kd5 Rxb4 Rb3 Rc5+ Kd6 Rxb3 axb3 Rxf5 e7 Rf6+ Ke5
FIDE WCh KO,Moscow RUS,2001.11.28,1.2,"Georgiev,Ki","El Taher,F",1-0,E62,d4 Nf6 c4 g6 Nf3 Bg7 g3 O-O Bg2 d6 Nc3 c6 O-O Bf5 Ne1 Be6 d5 cxd5 cxd5 Bd7 Be3 Na6 h3 Qa5 Nd3 Rfc8 Qb3 b6 a4 Nc5 Qa3 Nxd3 exd3 Rc7 Qb3 Rac8 Nb5 Rc2 Bd4 Bxb5 axb5 Qd2 Rad1 Qa5 Bc3 R2xc3 bxc3 Rxc3 Qb2 Nd7 d4 Rc4 Qe2 Qxb5 Rc1 Rb4 Rc8+ Nf8 Qxe7 Qd3 Rc7 Qf5 Qxd6 Rxd4 Rxa7 Rd2 Ra8 Rb2 Qe7 h5 h4
FIDE WCh KO,Moscow RUS,2001.11.28,1.2,"Felgaer,R","Van Wely,L",1/2-1/2,B82,e4 c5 Nf3 d6 d4 cxd4 Nxd4 Nf6 Nc3 a6 f4 e6 Bd3 Nbd7 a4 g6 a5 Bg7 Nb3 Qc7 O-O Nc5 Nxc5 Qxc5+ Kh1 Bd7 Qe1 Bc6 Be3 Qb4 Bd2 Qd4 Be3 Qb4 Ra3 Nd7 Bd2 Nc5 Nb5 Qxb2 Nxd6+ Kf8 Bb4 Qd4 Nc4 Kg8 Bc3 Nxd3 cxd3 Qc5 Qa1 Bxc3 Rxc3 Qd4 Ne5 Rd8 Qa3 Qd6 Qa1 Qd4 Rfc1 Kg7 Nf3 Qf6 Ne5 h5 Rf1 Rc8 Qc1 Rhd8 h3 Rd4 Rf3 Rcd8 Qb2 Ra4 Rc5 Rdd4 Qc3 Rdb4 Rf1 Rb5 Rxb5 axb5 Rc1 b4 Qd2
FIDE WCh KO,Moscow RUS,2001.11.28,1.2,"Khalifman,A","Ganguly,S",1/2-1/2,D24,d4 d5 Nf3 Nf6 c4 dxc4 Nc3 a6 e4 b5 e5 Nd5 a4 e6 axb5 Nb6 Be3 axb5 Rxa8 Nxa8 Nxb5 Nb6 Nd2 Ba6 Nc3 Nc6
FIDE WCh KO,Moscow RUS,2001.11.28,1.2,Nguyen Anh Dung,"Rublevsky,S",1/2-1/2,D26,d4 d5 c4 dxc4 Nf3 e6 e3 c5 Bxc4 a6 O-O Nf6 dxc5
FIDE WCh KO,Moscow RUS,2001.11.28,1.2,"Touzane,O","Anand,V",0-1,A57,d4 Nf6 c4 c5 d5 b5 Nd2 d6 e4 b4 Bd3 g6 b3 Bg7 Bb2 O-O Ne2 a5 a3 Nbd7 Qb1 e5 dxe6 fxe6 axb4 cxb4 O-O e5 Ng3 h5 Ne2 Nc5 Nf3 Bg4 Ng5 Nxb3 f3 Nd2 Qa2 b3 Qa3 Nxf1 c5 Nd2 Bc1 dxc5
FIDE WCh KO,Moscow RUS,2001.11.28,1.2,"Adams,Mi","Sarthou,G",1-0,B30,e4 c5 Nf3 Nc6 Bb5 e6 O-O Nge7 c3 a6 Ba4 d5 exd5 Qxd5 d4 Ng6 Be3 Qh5 dxc5 Bd7 b4 f5 Na3 f4 Bd4 Be7 Nc4 Rd8 Nb6 e5 Nxd7 Rxd7 Nxe5 Qxe5 Bxc6 bxc6 Bxe5 Rxd1 Raxd1 Nxe5 Rfe1 Bf6 Rxe5+ Bxe5 Re1 Kf7 Rxe5 Rd8 h4 Rd1+ Kh2 Rd3 Rf5+ Ke7 Rxf4 Rxc3 Re4+ Kf7 Rd4 a5 bxa5 Ra3 Rd7+ Kg8 Ra7 Rc3 a6 Ra3 h5 h6 f3 Rxa2 Kg3 Ra4 Ra8+ Kh7 a7 Ra2 Kf4 Ra5 Ke4 g6 hxg6+ Kg7 g4
FIDE WCh KO,Moscow RUS,2001.11.28,1.2,"Zeliakov,Nugzar","Morozevich,A",0-1,D11,d4 d5 Nf3 Nf6 c4 c6 e3 a6 Nbd2 Bf5 Qb3 Qc7 Bd3 Bg6 O-O e6 Re1 Be7 e4 O-O Ne5 dxc4 Qxc4 c5 Nxg6 hxg6 a4 Nc6 dxc5 Ne5 Qc3 Bxc5 Nf1 Bxf2+
FIDE WCh KO,Moscow RUS,2001.11.28,1.2,"Ivanchuk,V","Shovunov,B",1-0,A57,d4 Nf6 c4 c5 d5 b5 cxb5 a6 e3 g6 Nc3 Bg7 e4 d6 Nf3 O-O a4 Bd7 Bd2 Qc7 Be2 Rc8 O-O Be8 Re1 Qb7 e5 dxe5 Nxe5 axb5 axb5 Rxa1 Qxa1 Nxd5 Bf3 e6 Nc4 Rd8 Bg5 f6 Rxe6 Bf7 Rd6 Rxd6 Nxd6 Qe7 Nxd5 Bxd5 Bxd5+ Kf8 Bf4
FIDE WCh KO,Moscow RUS,2001.11.29,2.1,"Anastasian,A","Leko,P",1/2-1/2,D00,d4 Nf6 Bg5 d5 e3 c5 Bxf6 gxf6 c4 cxd4 exd4 Qb6 Nc3 Qxb2 Nxd5 Bf5 Qc1 Qxc1+ Rxc1 Na6 c5 Bh6 Ne3 Nc7 Bc4 Be4 Ne2 e6 O-O O-O-O Rcd1 Rhg8 f4 b6 cxb6 axb6 g3 f5 Rd2 Bg7 Kf2 Kb7 Rfd1 Rd6 Bb3 Rgd8 Nc4 R6d7 Ne5 Bxe5 fxe5 Bd5 Nf4 Bxb3 axb3 Nd5 Nxd5 Rxd5 Ke3 Rb5 Rd3 Ra8 Kf4 Rg8
FIDE WCh KO,Moscow RUS,2001.11.29,2.1,"Bareev,E","Baklan,V",1/2-1/2,E97,d4 Nf6 c4 g6 Nc3 Bg7 e4 d6 Be2 O-O Nf3 e5 O-O Nc6 d5 Ne7 b4 Nh5 Re1 f5 Ng5 Nf6 f3 Nh5 c5 Nf4 Bc4 Kh8 g3 h6
FIDE WCh KO,Moscow RUS,2001.11.29,2.1,"Ivanchuk,V","Macieja,B",1-0,B44,Nf3 c5 e4 Nc6 d4 cxd4 Nxd4 e6 Nb5 d6 Bf4 e5 Be3 Be6 N1c3 a6 Na3 b5 Nd5 Rb8 c4 b4 Nc2 Nf6 f3 Be7 Be2 O-O O-O a5 Qd2 Qd7 Rfd1 Rfd8 b3 Ne8 Rab1 Nc7 f4 exf4 Bxf4 Ne8 Qe3 Bf8 Kh1 Bg4 Bf3 Bxf3 gxf3 Qe6 a3 f5 axb4 axb4 Re1 Rd7 Ra1 Nc7 Ra4 Rf7 Qd3 fxe4 Rxe4 Ne5 Nxc7 Rxc7 Qe2 Qh3 Nd4 Rf7 Ra5 Rc8 Bxe5 dxe5 Rexe5 g6 Re3 Rd8 f4 Qc8 Re4 Qb7 Nf3 Rfd7 f5 Rf7 fxg6 hxg6 Kg2 Bh6 Rae5 Rdf8 Re7 Rxe7 Rxe7 Qc8 Re6 Qa8 Rxg6+ Kh7 Rg3 Qe8 Qd3+ Kh8 Nh4 Qa8+ Kh3 Qc8+ Rg4 Rd8 Qg6
FIDE WCh KO,Moscow RUS,2001.11.29,2.1,"Dominguez,L","Gelfand,B",1/2-1/2,C42,e4 e5 Nf3 Nf6 Nxe5 d6 Nf3 Nxe4 d4 d5 Bd3 Be7 O-O Nc6 c4 Nb4 Be2 O-O a3 Nc6 cxd5 Qxd5 Nc3 Nxc3 bxc3 Bf5 c4 Qd6 d5 Ne5 Nd4 Bd7 a4 Qg6 Bf4 Bf6 Ra3 Qe4 Be3 Rfe8 f3 Qg6 Bf2 Be7 Ra2 Bc5 Qb1 Qf6 Rd1 h5 Bf1 a6 Kh1 h4 h3 b6 a5 Ng6 axb6 cxb6 Nb3 Bxf2 Rxf2 a5 c5 a4 Nd2 bxc5 Ne4 Qf4 Nxc5 Qe3 Rc2 Bf5 Bd3 Bxd3 Nxd3 Red8 Nc5 a3 Qc1 Qe5 Rcd2 Nf4 Nd3 Qxd5 Nb4 Qg5 Rxd8+ Rxd8 Rxd8+ Qxd8 Qxf4 Qd1+ Kh2 Qb3 Qd2 g6 Qd8+ Kg7 Qd4+ Kg8 Nd5 a2 Nf6+ Kf8 Qd8+ Kg7 Qd4 Qb8+ f4 a1=Q Nh5+ Kh6 Qxa1 Kxh5 Qf6 Kh6 Qxf7 Qd6 Kg1 Qd1+ Kh2 Qd6 Kg1 Qd1+ Kh2
FIDE WCh KO,Moscow RUS,2001.11.29,2.1,"Topalov,V","Vescovi,G",1-0,C92,e4 e5 Nf3 Nc6 Bb5 a6 Ba4 Nf6 O-O Be7 Re1 b5 Bb3 d6 c3 O-O h3 Bb7 d4 Re8 Nbd2 Bf8 a4 h6 Bc2 exd4 cxd4 Nb4 Bb1 c5 d5 Nd7 Ra3 f5 Nh2 Nf6 Rg3 Qe7 Nhf3 fxe4 Nxe4 Bxd5 Nxf6+ Qxf6 Bd2 Bf7 Bc3 Rxe1+ Qxe1 Qe6 Ne5 Nd5 Qe4 Nf6 Qxa8 dxe5 axb5 axb5 Qb8 Qd6 Qxb5
FIDE WCh KO,Moscow RUS,2001.11.29,2.1,"Sasikiran,K","Morozevich,A",1/2-1/2,D10,d4 d5 c4 c6 Nc3 Nf6 e3 a6 b3 Bf5 Bd3 e6 Bb2 Bg6 Nf3 Nbd7 O-O Be7 Qc2 O-O Bxg6 hxg6 e4 Nxe4 Nxe4 dxe4 Qxe4 Qa5 a3 Rfe8 Rfe1 Rad8 Rad1 Bf6 h3 Qf5 Qe3 Nf8 Rd2 g5 Qe4 Ng6 Qxf5 exf5 Rxe8+ Rxe8 g3 Rd8 Kf1 b6 Ke2 Nf8 Kd1 Ne6 b4 b5 Ne5 Bxe5 dxe5 bxc4 Rxd8+ Nxd8 Kc2 Ne6
FIDE WCh KO,Moscow RUS,2001.11.29,2.1,"Nielsen,PH","Anand,V",0-1,E15,d4 Nf6 c4 e6 Nf3 b6 g3 Ba6 b3 Bb4+ Bd2 Be7 Bg2 c6 O-O d5 Qc2 Nbd7 Rd1 Rc8 Bf4 c5 dxc5 Bxc5 Nc3 O-O e4 Ng4 exd5 Nxf2 Rf1 e5 Bc1 e4 Nh4 e3 Na4 Bd4 Bb2 Bxb2 Qxb2 b5 Nf5 Qg5 Nd6 bxa4 Nxc8 Bxc8 Qd4 Nf6 Rae1 Re8 d6 Nh3+ Bxh3 Bxh3 Rf4 Qa5 Rxe3 Rxe3 Qxe3 axb3 d7 Bxd7 axb3 Bh3
FIDE WCh KO,Moscow RUS,2001.11.29,2.1,"Adams,Mi","Kobalija,M",1-0,B90,e4 c5 Nf3 d6 d4 cxd4 Nxd4 Nf6 Nc3 a6 Be3 e5 Nb3 Be6 f3 Be7 Qd2 O-O O-O-O Nbd7 g4 Qc7 h4 b5 Nd5 Bxd5 exd5 Rfc8 Kb1 Nb6 Bxb6 Qxb6 Qe1 a5 g5 Nh5 a3 Nf4 Rh2 Rc7 Nc1 Qb7 Rhd2 Rc5 Nd3 Nxd3 Bxd3 g6 Rh2 Qd7 Qe4 Rac8 Rdh1 h5 gxh6 f5 Qe1 Kh7 Rg2 Rg8 Qxa5 Rxd5 Bc4 Bd8 Qa8 bxc4 Qxd5 c3 Rhg1 Bf6 b3 Qe7 a4 g5 hxg5 Rxg5 Rxg5 Bxg5 f4
FIDE WCh KO,Moscow RUS,2001.11.29,2.1,"Tkachiev,V",Nguyen Anh Dung,1-0,E17,d4 Nf6 c4 e6 Nf3 b6 g3 Bb7 Bg2 Be7 O-O O-O Re1 d6 Nc3 c5 d5 e5 e4 Ne8 Rf1 Nd7 Ne1 Nc7 a4 Na6 Be3 Nb4 Qd2 Re8 Na2 a5 Bh3 Ba6 b3 Nxa2 Rxa2 Bc8 f3 Ra7 Nd3 Nf6 Bxc8 Qxc8 Qg2 h6 Rc2 Bf8 Bc1 Rae7 Re1 Nh7 f4 f6 f5 Rf7 g4 Be7 Kf2 Rd8 Rg1 Kf8 Qh3 Qd7 Ne1 Ra8 Kf1 Bd8 Qg3 Ke7 h4 Qe8 Nf3 Kd7 Rh2 Kc7 Ke2 Be7 g5 fxg5 hxg5 Nxg5 Bxg5 hxg5 Nxg5 Bxg5 Qxg5 Rd8 Rh7 Rdd7 Qh5 Qd8 Rg6 Qc8 Re6 Rf8 Qg6 Rg8 Qg4 Rh8 Qh3 Rxh7 Qxh7 Qf8 Qh5 Rf7 Qg6 Rf6 Qe8 Qxe8 Rxe8 g6 Re7+ Kd8 Re6 Rxe6 fxe6 Ke8 Kf3 Kf8 Kg4 Kg8 Kh4 Kf8 Kg5 Kg7 e7 Kf7 Kh6 Ke8 Kxg6 Kxe7 Kg7
FIDE WCh KO,Moscow RUS,2001.11.29,2.1,"Zvjaginsev,V",Xu Jun,1-0,D30,Nf3 d5 c4 e6 g3 Nf6 Bg2 Be7 O-O O-O b3 c5 Bb2 Nc6 cxd5 exd5 d4 Ne4 dxc5 Bxc5 e3 Bg4 Nc3 Qa5 Nxd5 Rad8 Qc2 f5 Nf4 Bxf3 Bxf3 Nd2 Bxc6 bxc6 Rfd1 Rfe8 a3 Bxe3 fxe3 Rxe3 b4 Qb6 Kg2
FIDE WCh KO,Moscow RUS,2001.11.29,2.1,"Vaganian,R","Gurevich,M",1/2-1/2,D47,Nf3 d5 d4 Nf6 c4 c6 Nc3 e6 e3 Nbd7 Bd3 dxc4 Bxc4 b5 Bd3 b4 Ne4 Be7 Nxf6+ Nxf6 e4 Bb7 Qe2 Nd7 O-O O-O Be3 c5 Rfd1 cxd4 Nxd4 Nc5 Bb5 Qc7 Rac1 a6 Nb3 axb5 Bxc5 Bxc5 Nxc5 Rfc8 Qe1 Bc6 Nd3 Qb7 Qxb4 Rxa2 Qd6 Raa8 Nc5 Qb8 Qxb8 Rcxb8 f3 Be8 Kf2 Kf8 Nd7+ Bxd7 Rxd7 Rc8 Rdc7 Rxc7 Rxc7 Ra2 Rc2 Ke7 e5 f6 exf6+ gxf6 Ke3 Kd6 Rd2+ Kc6 g4 Ra4 h4 Rb4 h5 h6 Rd8 f5 gxf5 exf5 Rf8 Kd5 Rxf5+ Ke6 Rc5 Rxb2 Kf4 Rb4+ Kg3 Kf6 Kg2 Rb2+ Kh3 Rb1 Rc6+ Kg5 Kg3 Kxh5 Rc5+ Kg6 Rc6+ Kg7 Rc7+ Kf8 Rh7 Rh1 f4 b4 Kg2 Kg8 Rb7 Rb1 f5 b3 Kh2 Kf8 Kg2 Ke8 Rb6 h5 Rb7 Kd8 Kh2 Kc8 Rb5 Kd7 Rd5+ Kc6 Rd3 Kc5 f6 Kc4 Rf3 Rd1
FIDE WCh KO,Moscow RUS,2001.11.29,2.1,"Vallejo Pons,F","Sutovsky,E",0-1,B90,e4 c5 Nf3 d6 d4 Nf6 Nc3 cxd4 Nxd4 a6 f3 e5 Nb3 Be6 Be3 Be7 Qd2 O-O O-O-O Nbd7 g4 Qc7 Kb1 b5 g5 Nh5 Ne2 Rac8 f4 exf4 Nxf4 Bxb3 axb3 Bxg5 Nd5 Bxe3 Nxe3 Ndf6 Rg1 Qc5 b4 Qe5 Bd3 Kh8 Rdf1 g6 h3 Qd4 Rg2 Rce8 Qe1 Nxe4 Rg4 f5 Rh4 f4 Ng2 Neg3 Qf2 Qxf2 Rxf2 f3
FIDE WCh KO,Moscow RUS,2001.11.29,2.1,"Nikolic,Pr","Dautov,R",1/2-1/2,D15,d4 d5 c4 c6 Nc3 Nf6 Nf3 a6 c5 Nbd7 Bf4 Nh5 e3 g6 Bd3 Bg7 O-O O-O Bg5 Re8 e4 dxe4 Bxe4 Ndf6 Bc2 Be6 Re1 Nd5 Qd2 Qd7 Ne5 Bxe5 dxe5 Rad8 Rad1 Qc7 Nxd5 Rxd5 Qc3 Rxd1 Rxd1 Rd8 h3 Ng7 a3 Bf5 Ba4 Ne6 Be3 h5 Bb3 Rd7 Rxd7 Qxd7 Qb4 Ng7 Bc4 Be6 Be2
FIDE WCh KO,Moscow RUS,2001.11.29,2.1,"Shipov,S","Lautier,J",1/2-1/2,E05,d4 d5 c4 e6 Nc3 Be7 Nf3 Nf6 g3 O-O Bg2 dxc4 Ne5 Nc6 Nxc6 bxc6 Bxc6 Rb8 O-O Bb7 Qa4 Qxd4 Be3 Bxc6 Qxc6 Qd6 Qxc4 Rb4 Qd3 Qxd3 exd3 Rxb2 Bxa7 Ra8 Be3 Bb4 Nb5 Nd5 a3 Bf8 a4 Rb4 Rfc1 Raxa4 Rxa4 Rxa4 Nxc7 Nxe3 fxe3 Ra3 d4 Rxe3 d5 exd5 Nxd5 Rd3 Nf4 Rd2 Rc8 g6 Re8 Kg7 Re2 Rd4 Rc2 Bd6 Ne2 Rd3 Kg2 Be5 Ng1 f5 Nf3 Bc3 Ra2 Rd7 h3 Rb7 g4 f4 h4 Bb2 g5 Bc1 Kh3 Be3 Kg4 h5+ gxh6+ Kxh6 Rc2 Ra7 Rb2 Rc7 Ra2 Rc1 Rb2 Rc7
FIDE WCh KO,Moscow RUS,2001.11.29,2.3,"Ivanchuk,V","Macieja,B",1-0,A30,Nf3 Nf6 c4 c5 g3 Nc6 Bg2 d5 O-O g6 d4 dxc4 dxc5 Be6 Ng5 Qxd1 Rxd1 Bg4 Nc3 Bg7 h3 Bc8 Be3 O-O Rac1 h6 Nf3 Bd7 Nb5 Na5 Na3 Ba4 Rd4 Rad8 b4 Nc6 Rxd8 Rxd8 b5 Na5 Bd2 b6 Bxa5 bxa5 Rxc4 Bd1 Nd4 Ne8 e3 e5 Nc6 Rd2 Rc1 Ba4 Nxa7 Rxa2 Nc4 Bf8 c6 Bb3 b6 Bxc4 Rxc4 Nd6 c7 Rb2 b7 Rb1+ Kh2
FIDE WCh KO,Moscow RUS,2001.11.29,2.1,"Gyimesi,Z","Shirov,A",0-1,E71,d4 Nf6 c4 g6 Nc3 Bg7 e4 d6 h3 O-O Bg5 Qe8 Be2 Na6 Nf3 e5 d5 Nh5 g3 f6 g4 fxg5 gxh5 gxh5 Nxg5 Qe7 Rg1 Qf6 Rg2 Kh8 Bxh5 Bh6 h4 Nc5 b4 Qf4 Ne2 Qxh4 Nf7+ Rxf7 Bxf7 Bh3 Rh2 Nxe4 Qd3 Bd2+ Kd1 Bxb4 Rb1 Bf5 Qf3 Qg5 Rb2 Nc3+ Ke1 Nxe2+ Rxb4 Nd4
FIDE WCh KO,Moscow RUS,2001.11.29,2.1,"Kasimdzhanov,R","Khenkin,I",1/2-1/2,D47,d4 d5 c4 c6 Nc3 Nf6 Nf3 e6 e3 Nbd7 Bd3 dxc4 Bxc4 b5 Bd3 Bb7 e4 b4 Na4 c5 e5 Nd5 O-O cxd4 Re1 Be7 Nxd4 O-O Qg4 Re8 Bh6 Bf8 Bg5 Be7 h4 Bxg5 hxg5 a6 Rad1 Qa5 b3 Nc3 Nxc3 bxc3 b4 Qb6
FIDE WCh KO,Moscow RUS,2001.11.29,2.1,"Luther,T","Smirin,I",1/2-1/2,B60,e4 c5 Nf3 d6 d4 cxd4 Nxd4 Nf6 Nc3 Nc6 Bg5 a6 Qd2 Qb6 O-O-O Qxd4 Qxd4 Nxd4 Rxd4 e6 f3 Bd7 Bc4 Rc8 Bb3 Bc6 Kb1 Nd7 a3 Ne5 Rhd1 h6 Bd2 Be7 Ne2 Bb5 Nc3 Bc6 Ne2 Bb5 Nc3
FIDE WCh KO,Moscow RUS,2001.11.29,2.1,"Khalifman,A","Shabalov,A",1/2-1/2,D58,d4 Nf6 c4 e6 Nf3 d5 Nc3 Be7 Bg5 O-O e3 h6 Bh4 b6 Be2 Bb7 Bxf6 Bxf6 cxd5 exd5 O-O Qe7 Qb3 Rd8 Rfd1 c6 Bd3 c5 dxc5 bxc5 Bc4
FIDE WCh KO,Moscow RUS,2001.11.29,2.1,"Lputian,S","Van Wely,L",0-1,D72,d4 Nf6 c4 g6 g3 Bg7 Bg2 d5 cxd5 Nxd5 e4 Nb6 Ne2 c5 d5 e6 Nbc3 exd5 exd5 O-O O-O Na6 h3 Nc4 b3 Nd6 Bf4 b6 Qd2 Re8 Rad1 Bb7 g4 Nc7 a4 Ba6 Rfe1 Bxe2 Nxe2 Be5 Bg5 Bf6 Be3 Qd7 Ng3 Re7 Bf4 Rxe1+ Rxe1 Re8 Rd1 Be5 Bf1 Bxf4 Qxf4 Qe7 Qd2 Qe5 Kg2 Kg7 h4 h6 f3 Qe3 Qb2+ Kg8 h5 Re5 Bc4 a6 hxg6 fxg6 Ne4 Rxe4 fxe4 Qxe4+ Kg3 b5 axb5 axb5 Bd3 Qe3+ Kg2 Nxd5 Qd2 Nf4+ Kf1 Qf3+ Kg1 Nh3+ Kh2 Nf2 Rf1 Qh3+ Kg1 Qg3#
FIDE WCh KO,Moscow RUS,2001.11.29,2.1,"Georgiev,Ki","Bruzon,L",1/2-1/2,E05,d4 d5 c4 e6 g3 Nf6 Bg2 dxc4 Nf3 Be7 O-O O-O Qc2 a6 a4 Bd7 Qxc4 Bc6 Bg5 Bd5 Qc2 Be4 Qc1 c5 dxc5 Nbd7 Bxf6 Bxf6 Nbd2 Bd5 e4 Bc6 Qc2 Qa5 Rfc1 Rac8 Nb3 Qb4 Qc4 Qxc4 Rxc4 Bxb2 Rb1 Ba3 Ra1 Bb2 Rb1 Ba3 Ra1 Bb2 Rb1
FIDE WCh KO,Moscow RUS,2001.11.29,2.1,"Sulskis,S","Svidler,P",1-0,C83,e4 e5 Nf3 Nc6 Bb5 a6 Ba4 Nf6 O-O Be7 Re1 b5 Bb3 O-O c3 d5 d4 Nxe4 dxe5 Be6 Nd4 Qe8 Bc2 Rd8 a4 Qd7 axb5 axb5 f3 Nc5 b4 Nxd4 cxd4 Na4 Bxa4 Ra8 Nc3 bxa4 Ba3 Qc6 Qd3 Qb7 b5 Bxa3 Rxa3 Rfb8 Rb1 g6 Rb4 c6 Nxa4 cxb5 Nc5 Rxa3 Qxa3 Qe7 Qe3 Ra8 Qf4 Ra1+ Kf2 Ra2+ Kg3 Bd7 h4 h5 Rb1 Ra8 Qf6 Qxf6 exf6 Be8 Kf4 Rb8 Ke5 Rb6 g4 Kf8 g5 Rb8 Kd6 Ra8 Re1 b4 Rb1 Rb8 Kxd5 Rd8+ Kc4 Bc6 Rxb4 Bd5+ Kd3 Bxf3 Nd7+ Ke8 Ne5 Bd5 Rb5 Ba2 Rb7 Bd5 Re7+ Kf8 Kc3 Ba2 Rc7 Be6 Re7 Ba2 Rd7 Rc8+ Kb4 Be6 Rd6
FIDE WCh KO,Moscow RUS,2001.11.29,2.1,Zhang Pengxiang,"Pigusov,E",0-1,D01,d4 Nf6 Nc3 d5 Bg5 Nbd7 Nf3 g6 Qd3 Bg7 e4 dxe4 Nxe4 O-O O-O-O c5 Nxf6+ Nxf6 dxc5 Qa5 Qb5 Qxa2 Bc4 Bd7 Bxa2 Bxb5 Rhe1 e6 Nd4 Bd7 f3 Rfc8 Be3 Bf8 Bg5 Be7 Nf5 gxf5 Bxf6 Bxf6 Rxd7 Rab8 g4 Rxc5 gxf5 Rxf5 Rxe6 Bxb2+ Kd1 Ra5
FIDE WCh KO,Moscow RUS,2001.11.29,2.1,"Milos,G","Dreev,A",1/2-1/2,B10,e4 c6 c4 d5 exd5 cxd5 cxd5 Nf6 Nc3 Nxd5 Nf3 Nc6 Bb5 e6 O-O Be7 d4 O-O Qe2 Bd7 Rd1 Rc8 Nxd5 exd5 Ne5 a6 Bd3 Bf6 Bf4 g6 Bc2 Re8 Bb3 Bf5 Qf3 Be4 Qg3 Ne7 Bg5 Nf5 Bxf6 Qxf6 Qf4 g5 Qd2 Nxd4 Ng4 Nf3+ gxf3 Qxf3 Qxg5+ Kf8 Qh6+ Ke7 Qg5+ Kf8 Qh6+
FIDE WCh KO,Moscow RUS,2001.11.29,2.1,"Polgar,Ju","Milov,V",1-0,B90,e4 c5 Nf3 d6 d4 cxd4 Nxd4 Nf6 Nc3 a6 Be3 Ng4 Bg5 Nc6 h3 Qa5 Nf3 Nf6 Bd2 Qd8 Qe2 e6 O-O-O Be7 e5 dxe5 Nxe5 Qc7 Bf4 Nxe5 Bxe5 Qa5 f4 O-O Qe1 Rd8 Rxd8+ Qxd8 Bd3 Bd7 Rf1 Rc8 g4 b5 g5 Ne8 Kb1 b4 Qh4 g6 Ne4 Bb5 Rd1 Qd5 Qe1 Bxd3 Rxd3 Qc6 Qe2 Rd8 c4 bxc3 Rxc3 Qd5 a3 a5 Qc4 Qd7 Qc6 Qd1+ Ka2 a4 Rc2 Qd3 Rd2 Qb3+ Kb1 Ng7 Rxd8+ Bxd8 Nf6+ Kh8 Qd7
FIDE WCh KO,Moscow RUS,2001.11.29,2.1,"Tiviakov,S","Ponomariov,R",1/2-1/2,C77,e4 e5 Nf3 Nc6 Bb5 a6 Ba4 Nf6 Qe2 b5 Bb3 Bc5 d3 d6 c3 h6 O-O O-O Be3 Bb6 Nbd2 Ne7 Bxb6 cxb6 d4 Ng6 dxe5 dxe5 g3 Qc7 a3 Bb7 Bc2 Rad8 Rad1 Qc6 Rfe1 Bc8 Nf1 Be6 Rxd8 Rxd8 N3d2 a5 Ne3 b4 axb4 axb4 c4 Nf8 Bb1 N8d7 Nd5 Qd6 Rd1 Nc5 Bc2 Bc8 Nb3 Nxd5 Rxd5 Qe7 Nxc5 bxc5 Qd3 Rf8 Qe3 Bh3 Ba4 Rc8 b3 Be6 Rd2
FIDE WCh KO,Moscow RUS,2001.11.29,2.1,Ye Jiangchuan,"Psakhis,L",1/2-1/2,C07,e4 e6 d4 d5 Nd2 c5 Ngf3 Nf6 Bb5+ Bd7 Bxd7+ Nbxd7 e5 Ne4 Nxe4 dxe4 Ng5 cxd4 Qxd4 Qa5+ Bd2 Qxe5 Qxe5 Nxe5 Bc3 Nc6 O-O-O e3 fxe3 h6 Nf3 Rd8 Ne5 Nxe5 Bxe5 f6 Rxd8+
FIDE WCh KO,Moscow RUS,2001.11.29,2.1,"Campora,D","Ehlvest,J",1/2-1/2,B83,e4 c5 Nf3 e6 d4 cxd4 Nxd4 Nc6 Nc3 d6 Be2 Nf6 g4 h6 Be3 Be7 Rg1 d5 Bb5 Bd7 exd5 Nxd5 Nxd5 exd5 Qe2 Qa5+ c3 O-O Nb3 Qc7 O-O-O Rfe8 Qd2 d4 Bf4 dxc3 Bxc7 cxd2+ Rxd2 Be6 Kb1 Rac8 Bf4 Red8 Bxc6
FIDE WCh KO,Moscow RUS,2001.11.29,2.1,"Movsesian,S","Azmaiparashvili,Z",1/2-1/2,B07,e4 d6 d4 Nf6 Nc3 c6 h3 Qa5 Bd3 e5 Nf3 Nbd7 O-O Be7 a4 O-O Re1 Qc7 Bc4 b6 Bg5 Bb7 Ba2 a6 dxe5 dxe5 Nh4 Nc5 Nf5 Bc8 Qf3 Bxf5 exf5 e4 Qe3 a5 Rad1 Rad8 Rxd8 Rxd8 Bxf6 Bxf6 Nxe4 Nxe4 Qxe4 Kf8 Qf3 Re8 Rxe8+ Kxe8 c3 h6 g3 Kf8 Qe4 Qd7 Kg2 Be7 Bc4 Bf6 Qf3 b5 Bb3 Qb7 Qe4 bxa4 Bxa4 Qxb2 Qxc6 Qb8 c4 Kg8 Bb5 Bd4 Qd7 Qe5 Bc6 Bc5 Bd5 Qe7 Qc8+ Kh7 f6 gxf6 Qg4 Kh8 Qc8+ Kg7 Qg4+
FIDE WCh KO,Moscow RUS,2001.11.29,2.1,"Grischuk,A","Motylev,A",1/2-1/2,C42,e4 e5 Nf3 Nf6 Nxe5 d6 Nf3 Nxe4 d4 d5 Bd3 Nc6 O-O Be7 c4 Nb4 Be2 Be6 Nc3 O-O Ne5 f6 Nf3 Kh8 Re1 c5 Be3 f5 a3 f4 Bd2 Nc6 Nxe4 dxe4 d5 Bxd5 cxd5 exf3 dxc6 fxe2 Qxe2 bxc6 Bxf4 Bf6 Be5 Qe7 Bxf6 Qxf6 Rac1 Rab8 Rc2 h6 Qe5 c4 h3 Rb3 Qxf6 Rxf6 Re3 a5 Rec3 Rxc3 Rxc3 Rd6 Rxc4 Rd1+ Kh2 Rd2 b3 Rd3 a4 Rxb3 Rc5 Ra3 Rxa5 c5
FIDE WCh KO,Moscow RUS,2001.11.29,2.1,"Sakaev,K","Nataf,IA",1-0,E92,d4 Nf6 Nf3 g6 c4 Bg7 Nc3 O-O e4 d6 Be2 e5 Be3 Ng4 Bg5 f6 Bh4 g5 Bg3 Nh6 d5 Nd7 h3 a5 Nd2 Nc5 f3 f5 Bf2 f4 a3 Nd7 b4 b6 Nb3 Nf6 bxa5 bxa5 a4 Nh5 Kd2 Bd7 Kc2 Nf7 c5 dxc5 Nxc5 Nd6 Nxd7 Qxd7 Bb5 Nxb5 axb5 Rfb8 Qd3 Bf8 Qc4 Qd6 Ra4 Nf6 Rha1 Nd7 Qc6 Nb6 Rxa5 Rxa5 Rxa5 Qxc6 dxc6 Nc4 Ra7 Bd6 Rb7 Rc8 Nd5 Na5 Ra7 Nc4 Kb3 Ne3 Nxe3 Bc5 Nd5
FIDE WCh KO,Moscow RUS,2001.11.29,2.1,"Beliavsky,A","Delchev,A",1/2-1/2,D38,d4 Nf6 c4 e6 Nf3 d5 Nc3 Bb4 Bg5 Nbd7 cxd5 exd5 Qc2 O-O a3 Bxc3+ Qxc3 c6 e3 Qe8 Qc2 Ne4 Bf4 Ndf6 h3 Nh5 Be5 f6 Bh2 f5 Bd3 f4 O-O fxe3 fxe3 Nhf6 Ne5 Be6 b4 Qe7 Rf3 a5 b5 cxb5 Bxb5 Rfc8 Qb2 Rc3 Bd3 Rac8 Rff1 Nh5 Bxe4 dxe4 Rfc1 Rxc1+ Rxc1 Rxc1+ Qxc1 Nf6 Qc5 Qxc5 dxc5 Nd7 Nxd7
FIDE WCh KO,Moscow RUS,2001.11.29,2.1,"Lastin,A",Zhang Zhong,1/2-1/2,B12,e4 c6 d4 d5 e5 c5 Nf3 Nc6 c4 e6 cxd5 exd5 Bb5 Bd7 O-O cxd4 Nxd4 Bc5 Nb3 Bb6 Nc3 Be6 a4 a5 Ne2 Ne7 Bg5 O-O Bxc6 bxc6 Rc1 Rc8 Nc5 h6 Bh4 g5 Bg3 Nf5 Nd4 Qe7 Nxf5 Bxf5 Qd4 Rb8 h3 Ba7 Qc3 Rb4 Na6 Rb6 Nc5 Rd8 Nb3 Ra6 Nd4 Bd7 e6 Bxd4 exf7+ Qxf7 Qxd4 Re8 Be5 Qg6 Rce1 Raa8 Qb6 g4 h4 Bf5 h5 Qxh5 Qxc6 Be4 Bd4 Qg6 Rc1 h5 Qxg6+
FIDE WCh KO,Moscow RUS,2001.11.30,2.4,"Ponomariov,R","Tiviakov,S",1-0,B78,e4 c5 Nf3 Nc6 d4 cxd4 Nxd4 g6 Nc3 Bg7 Be3 Nf6 Bc4 O-O Bb3 d6 f3 Bd7 h4 h5 Qd2 Rc8 O-O-O Ne5 Bg5 Rc5 Kb1 Re8 Bh6 Qa5 Bxg7 Kxg7 Rhe1 Rec8 f4 Neg4 Nf3 Bc6 Ng5 Be8 Qd4 R8c6 f5 Rxc3 bxc3 Ne5 fxg6 Nxg6 Nf3 Rc5 Re3 Qc7 Rde1 e5 Qd2 a5 a4 b5 Ng5 bxa4 Ba2 Qb6+ Ka1 a3 Qc1 Nxh4 Rg3 Ng6 Qxa3 Nh7 Rb1 Qc7 Nxh7 Kxh7 Rf3 Nf4 Rh1 Ne2 c4 Nd4 Rf2 Kg7 Rxh5 Kf8 Qg3 Ke7 Rh7 Kd8 c3 Rxc4 cxd4 Rc1+ Kb2 Rd1 Qg5+ Kc8 Qg4+ Kb8 Qxd1
FIDE WCh KO,Moscow RUS,2001.11.30,2.4,"Polgar,Ju","Milov,V",1/2-1/2,C67,e4 e5 Nf3 Nc6 Bb5 Nf6 O-O Nxe4 d4 Nd6 Bxc6 dxc6 dxe5 Nf5 Qxd8+ Kxd8 Nc3 Bd7 h3 h6 b3 Kc8 Bb2 Ne7 Rad1 b6 Ne2 Ng6 c4 a5 a4 Rg8 Kh2 Be7 g4 c5 Nc3 Rh8 Nd5 h5 Nxe7+ Nxe7 Kg3 Be6 Ng5 Kb7 f4 g6 Rd2 Rad8 Rfd1 Rxd2 Rxd2 Kc8 Rd1 hxg4 hxg4 Rd8 Rxd8+ Kxd8 Kf3 Nc6 Nxe6+ fxe6 Ke4 Ke7 Bc3 Kd7
FIDE WCh KO,Moscow RUS,2001.11.30,2.4,"Vaganian,R","Gurevich,M",1/2-1/2,D47,Nf3 d5 d4 Nf6 c4 c6 Nc3 e6 e3 Nbd7 Bd3 dxc4 Bxc4 b5 Bd3 b4 Ne4 Nxe4 Bxe4 Bb7 O-O Bd6 Nd2 Qc7 h3 c5 Bxb7 Qxb7 Nc4 Be7 dxc5 O-O b3 Bf6 c6 Qxc6 Bb2 Rfd8 Rc1 Qa6 Qc2 Bxb2 Qxb2 Nf6 Ne5 Rac8 Rxc8 Rxc8 Rc1 h6 Rxc8+ Qxc8 Qd4 Qc1+ Kh2 Qc7 g3 Nd5 Nc4 Qb7 Ne5 Qc7 Nc4 Qb7 Ne5 Qc7 Nc4
FIDE WCh KO,Moscow RUS,2001.11.30,2.4,"Khalifman,A","Shabalov,A",1-0,B75,e4 c5 Nf3 d6 d4 cxd4 Nxd4 Nf6 Nc3 g6 Be3 Nc6 f3 Bg7 Qd2 h5 Bc4 Bd7 Bb3 Rc8 O-O-O Na5 Kb1 a6 h3 h4 Rhe1 Rh5 Nde2 Nc4 Bxc4 Rxc4 b3 Rc8 Nf4 Re5 Nfd5 Nxd5 Nxd5 Be6 Nf4 Qd7 Bd4 Qc6 Nd3 f6 Nxe5 dxe5 Bb2 b5 Re2 Kf7 Qe1 Ra8 Red2 g5 Rd8 Ra7 R1d3 a5 Qe3 Qa6 Rb8 a4 Rb6 Qa5 Bc3
FIDE WCh KO,Moscow RUS,2001.11.30,2.3,"Kasimdzhanov,R","Khenkin,I",1/2-1/2,B10,e4 c6 d3 d5 Nd2 g6 Ngf3 Bg7 g3 e5 Bg2 Ne7 O-O O-O b4 Na6 a3 Nc7 Bb2 f6 Nb3 b6 Re1 Be6 exd5 cxd5 Nfd2 Qd7 c4
FIDE WCh KO,Moscow RUS,2001.11.30,2.4,"Anastasian,A","Leko,P",1-0,A48,d4 Nf6 Nf3 g6 Bf4 Bg7 e3 d6 h3 O-O Be2 Nc6 c3 Nd7 Bh2 e5 Nbd2 Qe7 O-O f5 dxe5 dxe5 Nc4 Kh8 Qb3 Nb6 Nxb6 axb6 Rfd1 g5 Qc2 Be6 Bb5 Bg8 Rd2 e4 Nd4 Nxd4 cxd4 f4 Bc4 Bxc4 Qxc4 c6 d5 cxd5 Rxd5 Bxb2 Rad1 Rac8 Qb5 Bg7 Rxg5 fxe3 fxe3 Rc5 Rxc5 Qxc5 Qb3 Bh6 Kh1 Rg8 Qe6 Bg7 Bf4 Qc2 Rd7 Qc6 Qe7 Qc1+ Kh2 Qb2 Qxe4 Qxa2 Rxb7 Qa8 Qe7 Qa1 Rxb6 Qa2 Rb7 Qa1 Rd7 Qb2 Rd8 Bf6 Rxg8+ Kxg8 Qe8+ Kg7 Qh5 Kg8 Qf5 Qc3 e4 Be7 Qe6+ Kf8 Bh6+ Ke8 Bg5 Qc7+ e5
FIDE WCh KO,Moscow RUS,2001.11.30,2.3,"Dautov,R","Nikolic,Pr",1/2-1/2,E15,d4 Nf6 c4 e6 Nf3 b6 g3 Ba6 b3 Bb4+ Bd2 Bxd2+ Qxd2 c6 Nc3 d5 e4 O-O e5 Ne8 cxd5 Bxf1 Kxf1 cxd5 Kg2 Nc6 Rac1 Rc8 h4 h6 Ne2 f6 Nf4 Qd7 Rhe1 fxe5 Nxe5 Nxe5 Rxc8 Qxc8 Rxe5 Nc7 Qe2 Re8 g4 Qd7 g5 hxg5 hxg5 Qf7 Qg4 g6 Re3 Rf8 Nd3 Qf5 Qh4 e5 Rh3 Qe4+ Qxe4 dxe4 Nxe5 Rf5 Nxg6 Kg7 Ne7 Rxg5+ Rg3 Kf6 Rxg5 Kxg5 d5 Kf6 d6 Ne6 Nc6 Nf4+ Kf1 Ke6 Nxa7 Kxd6 Nb5+ Kc5 Nc3 Kb4 Nxe4 Ka3 Nc3 Kb2 Ne2 Nd3 Nd4 Kxa2 Ke2 Nc1+ Ke3 Nxb3 f4 Nc5 f5 Nd7 Ke4 Kb2 Kd5 Nf6+ Ke5 Ng4+ Kf4 Nf6 Kg5 Ne4+ Kf4 Nf6 Ke5 Ng4+ Ke6 Kc3 Nb5+ Kc4 Nd6+ Kd4 Nb5+ Kc5 Nd6 b5 Nxb5
FIDE WCh KO,Moscow RUS,2001.11.30,2.4,"Movsesian,S","Azmaiparashvili,Z",0-1,C60,e4 e5 Nf3 Nc6 Bb5 g6 Bxc6 dxc6 b3 c5 O-O f6 Bb2 Ne7 Ne1 Nc6 Nd3 b6 Nc3 Ba6 Nd5 Nd4 c4 c6 Ne3 Bg7 Nc2 Ne6 Nce1 Qd6 f4 exf4 Qf3 Nd4 Qd1 Bh6 Nf3 O-O Nxd4 cxd4 Qf3 g5 Rae1 Rae8 g3 fxg3 hxg3 c5 g4 Bb7 Nf2 Rf7 Nh1 Qf4 Qg2 Rxe4 Rxe4 Qxe4 Qxe4 Bxe4 Ng3 Bd3 Rf3 Bg6 b4 Bf8 b5 Bd6 Nf5 Bxf5 Rxf5 Bf4 d3 Re7 Kf2 Kf7 Rd5 Ke8 Rf5 Re6 a4 Ke7 Ba3 Re3 Bc1 Rxd3 Bxf4 gxf4 Rh5 Rc3 a5 Rxc4 a6 d3 Rxh7+ Ke6 Rxa7 Rd4 Ke1 f3 Rh7 f2+ Kxf2 d2 a7 d1=Q a8=Q Rf4+ Kg3 Qxg4+ Kh2 Rf2+
FIDE WCh KO,Moscow RUS,2001.11.30,2.4,"Lautier,J","Shipov,S",1-0,D85,d4 Nf6 c4 g6 Nc3 d5 cxd5 Nxd5 e4 Nxc3 bxc3 Bg7 Nf3 c5 Rb1 O-O Be2 cxd4 cxd4 Qa5+ Bd2 Qxa2 O-O Bg4 Be3 Nc6 d5 Na5 Bg5 Qa3 Re1 Bxf3 Bxf3 Qd6 Qe2 Be5 g3 b6 Bg4 Nb7 f4 Bf6 Bxf6 exf6 Bf3 Nc5 e5 fxe5 fxe5 Qd7 Rb4 a5 Rf4 a4 d6 a3 Bd5 Ne6 Rf6 Qa4 Qa2 Qd4+ Kg2 Rae8 Re2 Nd8 Rf4 Qd3 Ra4 Ne6 Rxa3 Qd4 Ra7 b5 Re7 Qg4 Re4 Qf5 Qa7 Rxe7 dxe7 Re8 Bc6 Ng5 Re2 Qg4 Rf2 Qe6 Bxe8 Qd5+ Kg1 Nh3+ Kf1
FIDE WCh KO,Moscow RUS,2001.11.30,2.4,"Sulskis,S","Svidler,P",0-1,C52,e4 e5 Nf3 Nc6 Bc4 Bc5 b4 Bxb4 c3 Ba5 d4 exd4 O-O Nge7 cxd4 d5 exd5 Nxd5 Qb3 Be6 Qxb7 Ndb4 d5 Rb8 Qxb8 Qxb8 dxe6 fxe6 Nc3 O-O Rb1 Qe8 Ng5 Nd4 Ba3 Qc6 Bxb4 Bxb4 Rxb4 Qc5 Bxe6+ Nxe6 Rb5 Qxc3 Nxe6 Qc4 Re5 Re8 Rfe1 Qxa2 f4 h6 f5 Rb8 R5e2 Rb2 Kf2 a5 g4 a4 Kf3 Rxe2 Rxe2 Qd5+ Kf2 a3 Nf4 Qc4
FIDE WCh KO,Moscow RUS,2001.11.30,2.4,"Bruzon,L","Georgiev,Ki",0-1,B90,e4 c5 Nf3 d6 d4 cxd4 Nxd4 Nf6 Nc3 a6 Be3 Ng4 Bc1 Nf6 Be3 Ng4 Bg5 Nc6 h3 Qa5 Nxc6 bxc6 Bd2 Ne5 f4 Nd7 Bc4 Rb8 Bb3 g6 Qe2 Bg7 O-O-O O-O Kb1 Nc5 g4 Be6 f5 Bxb3 cxb3 Nxb3 axb3 Rxb3 Kc2 Rfb8 Rb1 Qb4 Rhc1 d5 exd5 cxd5 Kd1 Qd6 Ra1 d4 Ne4 d3 Qf2 Qd5 Qf3 Kh8 Ra5 Qd4 Rac5 Qg1+ Be1 d2 Rc8+ Bf8 Nxd2 Rxf3 Nxf3 Qb6 Ne5 Kg8 Bd2 Qg1+ Ke2 Qh2+ Kd1 Qxe5 Bh6 Qd5+ Ke1 Qa8 Rxb8 Qxb8
FIDE WCh KO,Moscow RUS,2001.11.30,2.4,"Delchev,A","Beliavsky,A",1-0,E11,Nf3 d5 d4 Nf6 c4 e6 g3 Bb4+ Bd2 Be7 Bg2 O-O O-O c6 Qc2 b6 Rd1 Nbd7 Bf4 Ba6 b3 Rc8 Nc3 dxc4 Nd2 b5 bxc4 bxc4 Qa4 Bb5 Nxb5 cxb5 Qxb5 Qb6 Qxb6 Nxb6 Bb7 Rcd8 a4 c3 Nb3 Nfd5 a5 Nc4 Ba6 Nb2 Rdc1 Nxf4 gxf4 Bb4 e3 Rd6 Be2 Rc8 Rc2 h6 a6 g5 fxg5 hxg5 Nc5 f5 Bb5 Rc7 Na4 Rd5 Be8 Kf8 Rb1 Ra5 Nxb2 Ra2 Ba4 Ba5 Nd3 Rxa4 Nc5 Rxc5 dxc5 Bb4 c6 Ke7 Rd1 Rxa6 Rd4 Ba5 Ra4 Kd6 Rxc3 Bxc3 Rxa6 Kc7 h3 Be5 Kf1 Bf6 Ke2 Bc3 Kd3 Be1 f3 Bf2 Ke2 Bg3 f4 gxf4 Kf3 e5 Rxa7+ Kxc6 Rf7 Bh2 Rxf5 fxe3 Kxe3 Kd6 h4 Ke6 Ke4 Bf4 Rf8 Ke7 Rg8 Kf7 Rg4 Kf6 h5 Bg5 Rg2 Bf4 Rg6+ Kf7 Kf5 Bc1 h6 e4 h7 Bb2 Rg8
FIDE WCh KO,Moscow RUS,2001.11.30,2.4,"Gurevich,M","Vaganian,R",1-0,D37,d4 d5 c4 e6 Nc3 Be7 Nf3 Nf6 Bf4 O-O e3 Nbd7 Bd3 a6 a4 dxc4 Bxc4 c5 dxc5 Bxc5 O-O b6 Qe2 Bb7 Rfd1 Qe7 h3 Rfc8 Rac1 Nf8 Ne5 Ng6 Nxg6 hxg6 Be5 Nh5 Bh2 Qg5 Qg4 Qxg4 hxg4 Nf6 Be2 Kf8 g5 Nd5 Nxd5 Bxd5 a5 Bb3 Rf1 Ke8 Bf3 Rab8 Bxb8 Rxb8 Rc3 Ba4 Ra1 Bd7 axb6 Bxb6 Rxa6 Bd8 b3 Bxg5 Ra8 Rxa8 Bxa8 Kd8 Bc6 Bc8 b4 Bf6 Rc2 Be5 b5 Bc7 Be8 f6 Bxg6 Bd7 Bd3 Bb6 Kf1 f5 Ke2 g5 Rc1 g4 Rh1 Kc7 Rh7 Kd6 Bc4 Bc5 Rg7 Bb6 Kf1 Bc5 e4 Bd4 Rg6 Kc5 b6 Kxc4 b7 Be5 exf5 exf5 Rg8 f4 b8=Q Bxb8 Rxb8 Kd5 Rb4 Ke5 g3 fxg3 fxg3 Kd5 Kf2 Kc5 Re4 Kd5 Ke3 Bf5 Re8 Bd7 Re7 Kd6 Rxd7+ Kxd7 Kf4
FIDE WCh KO,Moscow RUS,2001.11.30,2.4,"Nikolic,Pr","Dautov,R",1-0,D13,d4 d5 c4 c6 Nc3 Nf6 Nf3 a6 cxd5 cxd5 Bf4 Nc6 e3 Bg4 Bd3 e6 h3 Bxf3 Qxf3 Bd6 Bg5 h6 Bxf6 Qxf6 Qxf6 gxf6 Rc1 Rc8 Ke2 f5 f4 h5 Nb1 Rg8 Kf2 Ke7 Nd2 Nb8 Be2 Rxc1 Rxc1 Rh8 Nb3 b6 a4 a5 Nd2 Kd8 Nf3 f6 Nd2 Bc7 h4 Nd7 Nb1 Bd6 Nc3 Ke7 Nb5 Nb8 Na7 e5 g3 Ke6 Nb5 Kd7 Nxd6 Kxd6 fxe5+ fxe5 dxe5+ Kxe5 Rc7 Kd6 Rf7 Ke6 Rc7 Nd7 Rb7 Kd6 Bb5 Nc5 Rxb6+ Ke5 Rg6 Ne4+ Ke2 Rc8 Bd7 Rc2+ Kd1 Rd2+ Kc1 d4 Re6+ Kd5 Rxe4
FIDE WCh KO,Moscow RUS,2001.11.30,2.4,"Beliavsky,A","Delchev,A",1/2-1/2,E15,d4 Nf6 c4 e6 Nf3 b6 g3 Ba6 b3 Bb4+ Bd2 Be7 Bg2 c6 Bc3 d5 Ne5 Nfd7 Nxd7 Nxd7 Nd2 O-O O-O Nf6 Qc2 Rb8 Bb2 c5 dxc5 Bxc5 e4 dxc4 Nxc4 Rc8 Rad1 Qe7 e5 Nd5 Qe4 Bb4 Rc1 b5 Nd6 Bxd6 exd6 Qxd6 Qd4 f6 Qxa7 b4 Rfd1 Rxc1 Bxc1 Be2 Re1 Nc3 a4 bxa3 Bxa3 Qd2 Ra1 Rd8 Qe7 Qd7 Bh3 f5 Qb4 Ne4 Bg2 Qd1+ Qe1 Qxe1+ Rxe1 Rd2 Bc1 Rc2 Be3 h6 h4 Nc3 b4 Bc4 Kh2 Bd5 Bf1 Ne4 Kg1 Nd2 Bxd2 Rxd2 Rb1 Ba2 Rc1 Rb2 b5 Kf7 Bd3 Bd5 Kf1 g5 hxg5 hxg5 Ke1 Ke7 Rc8 Kd6 Rg8 Ke5 Rxg5 Kd4 Bxf5 exf5 Rxf5 Rxb5 g4 Rb1+ Kd2 Rb2+ Kc1 Re2 g5 Re5
FIDE WCh KO,Moscow RUS,2001.11.30,2.4,"Azmaiparashvili,Z","Movsesian,S",1/2-1/2,A07,g3 d5 Bg2 Nf6 d3 c6 Nd2 Bg4 Ngf3 Nbd7 e4 e5 h3 Bh5 O-O Bd6 c3 O-O Qc2 Re8 Re1 a5 a4 Qb6 Nb3 Rad8 Nh4 Qc7 Bg5 Bf8 d4 dxe4 dxe5 Qxe5 Bf4 Qd5 g4 Bg6 Rad1 Qe6 Nxg6 hxg6 Nxa5 Nc5 Bf1 Rxd1 Qxd1 Nd5 Be3 Nxe3 Rxe3 Qe5 Nc4 Qf4 b4 Ne6 Bg2 f5 Qd7 Re7 Qd6 Qg5 Ne5 Nf4 h4 Qf6 Qxf6 gxf6 Nxg6 Nxg6 gxf5 Ne5 Bxe4 Bh6 Re2 Rg7+ Kf1 Rg4 a5 Nc4 Bf3 Rf4 Re8+ Bf8 a6 bxa6 Bxc6 Nd6 Ra8 Rxf5 Rxa6 Bh6 Bd7 Rf3 Rxd6 Rxc3 Rxf6
FIDE WCh KO,Moscow RUS,2001.11.30,2.4,"Shipov,S","Lautier,J",1/2-1/2,D31,d4 d5 c4 e6 Nc3 Be7 cxd5 exd5 Bf4 c6 Qc2 Bd6 Bg3 Ne7 e3 Bf5 Qb3 Nc8 Nf3 O-O Be2 Qb6 Nd2 Re8 O-O Nd7 Na4 Qa5 Nc3 Bxg3 hxg3 Nd6 a3 Nf6 Rfc1 Re7 Qd1 Qd8 b4 b5 a4 a6 Nb3 Nc4 Nc5 Nd7 axb5 axb5 Bxc4 bxc4 Nb7 Qb8 Rxa8 Qxa8 Na5 Nf6 Qf3 Bd7 Qf4 Re8 f3 Qd8 Kf2 Qe7 Rb1 Nh5 Qe5 Qxe5 dxe5 Rxe5 b5 cxb5 Nxb5 Nf6 Nd4 Re8 Nac6 Bxc6 Nxc6 h5 Rb7 g6 Rc7 Kf8 Ke2 Re6 Kd2 Re8 Nb4 Ra8 Rc6 Kg7 Na6 Re8 Nc5 Ra8 Na6 Re8 Rb6 Re6 Rxe6 fxe6 Kc3 e5 e4 dxe4 Kxc4 exf3 gxf3 g5
FIDE WCh KO,Moscow RUS,2001.11.30,2.4,"Psakhis,L",Ye Jiangchuan,0-1,B30,e4 c5 Nf3 e6 d3 Nc6 g3 Nf6 Bg2 Be7 O-O O-O Re1 d6 c3 Rb8 d4 cxd4 cxd4 d5 e5 Ne4 Nbd2 Nxd2 Bxd2 Bd7 Bf1 f5 exf6 Bxf6 Bf4 Rc8 Ne5 Nxe5 Bxe5 Qb6 Qd2 a5 Bxf6 Rxf6 f4 Rff8 Rac1 Qb4 Qxb4 axb4 Bd3 Kf7 Kf2 h6 Ke3 Ke7 h4 Kd6 Kd2 b6 Rxc8 Rxc8 Re3 Ra8 Bb1 Rc8 Re1 Bb5 Ke3 Bc4 Rc1 Ra8 b3 Bb5 g4 Bd7 h5 Be8 Kf3 Bf7 Kg3 Be8 Kh4 Bb5 Re1 Rf8 Kg3 Rf7 Rc1 Rf8 g5 Be2 Bg6 Bb5 gxh6 gxh6 Re1 Bd7 Rc1 Ra8 Rc2 Bb5 Kf3 Bd7 Ke3 Rc8 Rxc8 Bxc8 f5 Ke7 Kf4 Kf6 fxe6 Bxe6 Bd3 Bd7 Bh7 Be8 Kg4 Bb5 Kf4 Be2 Bg6 Bd1 Be8 Bc2
FIDE WCh KO,Moscow RUS,2001.11.30,2.4,"Tiviakov,S","Ponomariov,R",0-1,C78,e4 e5 Nf3 Nc6 Bb5 a6 Ba4 Nf6 O-O b5 Bb3 Bc5 d3 d6 c3 O-O Be3 Bb6 Bxb6 cxb6 Re1 Ne7 Nbd2 Ng6 Nf1 Bb7 Ne3 Qc7 Nf5 Rad8 Nd2 d5 Qf3 Nf4 exd5 N6xd5 Qg3 g6 Ne4 Kh8 Bxd5 gxf5 Bxb7 Qxb7 Qg5 Nh3+ gxh3 Rg8
FIDE WCh KO,Moscow RUS,2001.11.30,2.4,"Milov,V","Polgar,Ju",1-0,E54,d4 Nf6 c4 e6 Nc3 Bb4 e3 O-O Bd3 d5 a3 Bxc3+ bxc3 dxc4 Bxc4 c5 Nf3 Qc7 Ba2 b6 O-O Bb7 h3 Nbd7 Bb2 Rac8 Rc1 Rfd8 Qe2 h6 Rfd1 Bc6 Nd2 Qb7 f3 b5 e4 Qb8 e5 Nd5 Ne4 cxd4 cxd4 N7b6 Qf2 b4 Nd6 Rc7 axb4 Nxb4 Bb1 Nc8 Ne4 Bb5 Qh4 Ne7 Rxc7 Qxc7 Rc1 Bc6 Nd6 Nbd5 Ba3 Rb8 Qe4 g6 Qe1 Rb3 Bc5 Nf4 Qd2 Ned5 Be4 Qb8 Bxd5 Nxd5 Qxh6 Nc3 Nxf7
FIDE WCh KO,Moscow RUS,2001.11.30,2.4,"Svidler,P","Sulskis,S",1/2-1/2,B80,e4 c5 Nf3 e6 Nc3 Nc6 d4 cxd4 Nxd4 d6 Be3 Nf6 f3 a6 Qd2 Nxd4 Qxd4 b5 a4 bxa4 Nxa4 e5 Qb6 Be7 Qxd8+ Bxd8 O-O-O Bd7 Nc3 Ke7 Bg5 Be6 Be2 h6 Bxf6+ gxf6 Nd5+ Kf8 Ne3 Ke7 Bc4 h5 Rd3 Bb6 Nd5+ Bxd5 Bxd5 Rab8 g4 Bd4 c3 Bc5 Kc2 a5 h3 f5 exf5 hxg4 fxg4 Rh4 f6+ Kxf6 Rf3+ Kg6 Rxf7 e4 Rhf1 Re8 R1f6+
FIDE WCh KO,Moscow RUS,2001.11.30,2.4,"Georgiev,Ki","Bruzon,L",1-0,D13,Nf3 Nf6 c4 c6 d4 d5 cxd5 cxd5 Nc3 Nc6 Bf4 a6 Rc1 Bf5 e3 e6 Bd3 Bxd3 Qxd3 Be7 O-O O-O Ne5 Nxe5 Bxe5 Nd7 Bg3 Qa5 Rc2 Rfc8 Rfc1 Rc6 Nd1 Rac8 Rxc6 Rxc6 Rxc6 bxc6 Nc3 c5 dxc5 Nxc5 Qd4 Ne4 Qa7 Bf8 Qc7 Qb4 Qb8 Nxc3 bxc3 Qxc3 h3 Qc1+ Kh2 Qc6 a4 f6 a5 e5 f4 exf4 Bxf4 Kf7 Qb6 Qc4 Qb7+ Ke6 Qa8 g5 Bg3 Be7 e4 h5 Qg8+ Kd7 exd5 Qe4 Qa8 h4 Qc6+
FIDE WCh KO,Moscow RUS,2001.11.30,2.4,"Shabalov,A","Khalifman,A",0-1,E60,d4 Nf6 c4 g6 g3 c6 d5 Bg7 Bg2 O-O Nh3 cxd5 cxd5 d6 Nf4 Na6 O-O Nc5 Nc3 Bf5 Be3 Rc8 Bd4 a5 e4 Bd7 e5 dxe5 Bxe5 Bg4 Qe1 g5 Bxf6 Bxf6 Nfe2 Nd3 Qd2 Nxb2 Qxb2 Bxe2 Qxe2 Rxc3 Rab1 Qc7 Qh5 Kg7 Be4 h6 Rfe1 b6 Rbd1 Qd6 Qg4 Rh8 Bb1 h5 Qf5 h4 Kg2 Rc7 Qg4 b5 Re3 Rc4 Qf5 Qc5 Re6 hxg3 hxg3 fxe6
FIDE WCh KO,Moscow RUS,2001.11.30,2.4,"Khenkin,I","Kasimdzhanov,R",0-1,D37,d4 Nf6 c4 e6 Nf3 d5 Nc3 Be7 Qc2 O-O cxd5 exd5 Bg5 c5 dxc5 Qa5 Nd4 Qxc5 Nb3 Qd6 e3 Be6 Be2 Nc6 Rd1 h6 Bf4 Qd8 O-O Rc8 a3 a6 Bf3 Qb6 Nd4 Nxd4 exd4 Rfd8 Rfe1 Qa5 Qd2 Bxa3 Bxh6 gxh6 Ra1 Bxb2 Rxa5 Bxc3 Qxh6 Bxe1 Ra3 Bb4 Rb3 Bf8 Qg5+ Bg7 h3 b5 Be2 Ne4 Qe3 Rc6 f3 Nd6 Bd3 Rdc8 Kh2 Kf8 Qf4 Ke7 Ra3 Bf6 g4 b4 Rxa6 Rxa6 Bxa6 Rc2+ Kg3 Rc3 h4 b3 g5 Bxd4
FIDE WCh KO,Moscow RUS,2001.11.30,2.4,"Leko,P","Anastasian,A",1/2-1/2,B12,e4 c6 d4 d5 e5 c5 dxc5 e6 Nf3 Bxc5 Bd3 b6 c3 a5 Na3 Bxa3 Qa4+ Nd7 Qxa3 Nc5 Bb5+ Bd7 Be2 Ne7 O-O O-O Nd4 Nc6 Nxc6 Bxc6 Be3 Qe7 b3 Bb7 Rfd1 Ba6 Bf3 Rac8 Bd4 Rfd8 Qc1 a4 b4 Nd7 Qe3 Rb8 a3 Bc4 Rd2 h6 Bd1 b5 Bc2 Bb3 Bxb3 axb3 Rb2 Ra8 Rxb3 Ra4 Qd3 Rb8 f4 g6 Rb2 Qh4 Qf3 Nb6 Bf2 Qe7 Qh3 Qf8 Bc5 Qg7 Bxb6 Rxb6 Qd3 Qf8 Kf2 Qe7 Ke2 Qb7 Kd1 Rc6 g3 Rc4 Kc1 Qa7 Rba2 d4 Kd1 dxc3 Kc2 Rcxb4 Rd1 Rd4 Qxb5 Rxd1 Kxd1 Rxa3 Rxa3 Qxa3 Kc2 Qa2+ Kxc3 Qxh2 Qd3 h5 Qe3 Qg2 Kc4 Qd5+ Kb4 Kg7 Qf2 Qe4+ Kc5 g5 Kd6 Qb4+ Kc6 Qc4+ Kd7 Qb5+ Kc7 Qc4+ Kb7 Qb5+ Kc8 Qc6+ Kd8 Qd5+ Ke7 Qb7+ Kd6 Qb4+ Kc6 Qc4+ Kb6 Qb4+ Ka7 Qa5+ Kb7 Qb5+ Ka8 Qc6+ Ka7 Qa4+
FIDE WCh KO,Moscow RUS,2001.11.30,2.4,"Macieja,B","Ivanchuk,V",0-1,C11,e4 e6 d4 d5 Nc3 Nf6 e5 Nfd7 Nce2 c5 f4 Nc6 c3 Be7 Nf3 O-O a3 a5 h4 f6 Neg1 cxd4 cxd4 Qb6 Bd3 fxe5 fxe5 Ndxe5 dxe5 Nxe5 Bc2 Bd7 Qe2 Rac8 Bxh7+ Kxh7 Qxe5 Bd6 Be3 Qb3 Nd2 Rf1+ Kxf1 Qd3+ Kf2 Bxe5 Ngf3 Bxb2 Rab1 Rc2 Rhd1 e5 g3 Bg4
FIDE WCh KO,Moscow RUS,2001.11.30,2.4,Ye Jiangchuan,"Psakhis,L",1/2-1/2,C07,e4 e6 d4 d5 Nd2 c5 Ngf3 Nf6 Bb5+ Bd7 Bxd7+ Nbxd7 e5 Ne4 Nxe4 dxe4 Ng5 cxd4 Qxd4 Qa5+ Bd2 Qxe5 Qxe5 Nxe5 Nxe4 Nc6 O-O-O Rd8 Bc3 Be7 Rxd8+ Kxd8 Re1 f6 Ng3 Kd7 Nh5 Rg8 f4 Nb4 Rd1+ Kc6 Kb1 Nd5 Bd2 b5 Re1 Kd7 Ng3 f5 Ne2 Bf6 Nc1 g5 fxg5 Bxg5 Bxg5 Rxg5 g3 Kd6 Nd3 Rg4 Ne5 Rg7 Nf3
FIDE WCh KO,Moscow RUS,2001.11.30,2.2,"Shabalov,A","Khalifman,A",1/2-1/2,D37,d4 Nf6 Nf3 e6 c4 d5 Nc3 Be7 Qc2 O-O cxd5 Nxd5 a3 Nxc3 bxc3 c5 e3 Nd7 Bd3 h6 O-O b6 e4 Qc7 Qe2 Bb7 a4 a6 Be3 b5 Rfb1 Bc6 Nd2 bxa4 e5 cxd4 cxd4 Bb5 Nc4 Rfc8 Rc1 Nb6 Nd6 Bxd6 Rxc7 Bxc7 Bxb5 axb5 Qxb5 Rcb8 Qc6 Nd5 Bc1 Rc8 Qd7
FIDE WCh KO,Moscow RUS,2001.11.30,2.2,"Anand,V","Nielsen,PH",1/2-1/2,B52,e4 c5 Nf3 d6 Bb5+ Bd7 Bxd7+ Qxd7 O-O Nc6 c4 g6 d4 cxd4 Nxd4 Bg7 Be3 Nf6 f3 O-O Nc3 Rfc8 b3 Qd8 Qd2 Nd7 Rac1 Nxd4 Bxd4 Bxd4+ Qxd4 Qb6 Qxb6 Nxb6 Rfd1 f6 Nd5 Kf7 Nxb6 axb6 a4 g5 Kf2 Rc5 Rd5 Ke6 Ke3 Rg8 g3 h5 Rcd1 Kd7 R1d2 Ke6 Rd1 Kd7 R1d2 Ke6 Rd1
FIDE WCh KO,Moscow RUS,2001.11.30,2.2,"Kobalija,M","Adams,Mi",1/2-1/2,A07,Nf3 Nf6 g3 d5 Bg2 c6 O-O Bg4 b3 Nbd7 Bb2 e6 h3 Bh5 d3 a5 Nbd2 Be7 e4 O-O Qe2 a4 e5 Ne8 g4 Bg6 Nh2 a3 Bc3 Nc7 Rac1 f6 Ndf3 f5 Bd2 c5 d4 fxg4 hxg4 Nb8 Rfd1 Nc6 dxc5 Bxc5 Bg5 Qe8 Be3 Bxe3 Qxe3 Qe7 c3 Na6 b4 Nab8 Ng5 Kh8 f4 h6 Nxe6 Qxe6 Bxd5 Qe7 f5 Be8 Nf3 Nd7 Be6 Nd8 Bb3 Nc6 Be6 Nd8 Bb3 Nc6 Be6
FIDE WCh KO,Moscow RUS,2001.11.30,2.2,"Morozevich,A","Sasikiran,K",1-0,B12,e4 c6 d4 d5 e5 Bf5 c4 dxc4 Bxc4 e6 Nc3 Nd7 Nge2 Nb6 Bb3 Ne7 O-O Qd7 Nf4 h6 Be3 Bh7 Rc1 Ned5 Ncxd5 Nxd5 Nxd5 exd5 Bd2 Be7 Rc3 Bf5 Bc2 h5 Bxf5 Qxf5 Qb3 Qd7 f4 f5 Rg3 Kf7 Bb4 Bxb4 Qxb4 Rae8 Rff3 Re6 Rg5 g6 Ra3 b6 h3 h4 Kh2 Qe7 Qa4 a5 Rb3 Qc7 Rc3 Rc8 Qc2 Qe7 g4 hxg3+ Rcxg3 Rh8 Rxg6 Rxg6 Qxf5+ Rf6 exf6 Qxf6 Qd7+ Kf8 Qc8+ Kf7 Qc7+ Kf8 Rg5 Rh4 Qc8+ Ke7 Rf5 Qxd4 Qc7+ Ke6 Re5+
FIDE WCh KO,Moscow RUS,2001.11.30,2.2,"Macieja,B","Ivanchuk,V",1-0,C45,e4 e5 Nf3 Nc6 d4 exd4 Nxd4 Bc5 Nxc6 Qf6 Qd2 dxc6 Nc3 a6 Qf4 Be6 Qg3 O-O-O Be3 Bxe3 Qxe3 Qh6 f4 Nf6 Bd3 Rhe8 O-O Qxh2+ Kxh2 Ng4+ Kg3 Nxe3 Rf3 Nc4 f5 Ne5 fxe6 Rxe6 Rf5 Nxd3 cxd3 Rxd3+ Kh2 f6 Kg1 Kd7 Re1 Rd2 Rf2 Rxf2 Kxf2 Re5 Kf3 Ke7 Rd1 Rh5 Ne2 Ra5 Nd4 g6 a3 Rh5 Rd3 Rh1 Ne2 a5 Rb3 b6 Rc3 Kd7 Rc1 Rxc1 Nxc1 h5 e5 Ke6 Nd3 g5 exf6 Kxf6 Ke4 c5 a4 Ke6 Ne5 Kf6 Nc4 Ke6 Ne3 c6 Nc4 b5 Nxa5 bxa4 Nb7 h4 Nxc5+ Kd6 Nd3 g4 Nf2 g3 Nh3 Kc5 Kd3 Kb4 Kc2 Kc4 Ng5 Kd5 Kd3 c5 Kc3 Kc6 Kc4 Kd6 Nf3 h3 gxh3 g2 h4 Ke6 Kxc5 Kf5 Kd4 Kf4 Ng1 Kg4 Ke3 Kxh4 Kf2 Kg4 Ne2
FIDE WCh KO,Moscow RUS,2001.11.30,2.2,"Leko,P","Anastasian,A",1/2-1/2,B19,e4 c6 d4 d5 Nc3 dxe4 Nxe4 Bf5 Ng3 Bg6 h4 h6 Nf3 Nd7 h5 Bh7 Bd3 Bxd3 Qxd3 e6 Bf4 Bb4+ c3 Be7 O-O-O Ngf6 Kb1 O-O Ne5 Qa5 Ne4 Rad8 Nxf6+ Bxf6 Nc4 Qb5 Bd6 Rfe8 Bc7 Ra8 g4 Be7 Rhe1 Rac8 Bd6 Nb6 Nxb6 Qxd3+ Rxd3 axb6 Bxe7 Rxe7 Kc2 b5 d5 cxd5 Rxd5 b4 Rd3 Rec7 Ree3 Rc4 f3 f5 gxf5 exf5 Re5 Rf4 Rb5 Rc7 Kb3 bxc3 bxc3 g6 hxg6 Kg7 Rb4 Rxb4+ cxb4 h5 f4 Kxg6 Rh3 Rc1 a4 Rg1 a5 Rg4 Kc4 h4 Kc5 Rxf4 Ra3 Re4 b5 Kg5 Kb6 Re7 a6 bxa6 bxa6 Re6+ Kb7 Rxa6 Rxa6 h3 Ra8 f4 Rg8+ Kf5 Rh8 Kg4 Rg8+
FIDE WCh KO,Moscow RUS,2001.11.30,2.2,"Baklan,V","Bareev,E",0-1,B12,e4 c6 d4 d5 e5 Bf5 Nf3 e6 Be2 Ne7 O-O h6 b3 Nd7 c4 g5 Nc3 Bg7 cxd5 exd5 Bd3 Nf8 Ba3 Bg4 h3 Bh5 Be2 Bg6 Na4 b6 Rc1 Qd7 Bd3 Bh5 Rc3 Ne6 Bxe7 Kxe7 Bf5 Rac8 Qc2 Rc7 Rc1 Rhc8 b4 Qe8 Bxe6 fxe6 b5 Bg6 Qb3 Kd8 bxc6 Rxc6 Nb2 Rxc3 Rxc3 Rxc3 Qxc3 Bf8 Nd1 Qb5 Ne3 Kd7 Kh2 Qb4 Nxd5 exd5 Qe3 Kc7 e6 Bd6+ g3 Qa3 Qe2 Qd3
FIDE WCh KO,Moscow RUS,2001.11.30,2.2,"Gelfand,B","Dominguez,L",1-0,E92,c4 Nf6 Nc3 g6 e4 d6 d4 Bg7 Nf3 O-O Be2 e5 Be3 Ng4 Bg5 f6 Bh4 Nc6 d5 Ne7 Nd2 Nh6 f3 c5 Rb1 g5 Bf2 f5 b4 b6 bxc5 bxc5 h3 Ng6 g4 fxg4 hxg4 Nh4 Rh2 Qf6 Be3 Nf7 Qa4 Nd8 Rf2 h5 Nf1 Ng6 Ng3 h4 Nf5 Nf4 Bf1 Nf7 Nxg7 Kxg7 Qc6 Bxg4 fxg4 Nh6 Kd2 Rac8 Qd7+ Kg8 Rb7 Qg6 Bxf4 gxf4 g5 Nf7 Qe6 Kg7 Rxf7+ Qxf7 Qh6+ Kg8 Bh3
FIDE WCh KO,Moscow RUS,2001.11.30,2.2,"Vescovi,G","Topalov,V",1/2-1/2,C42,e4 e5 Nf3 Nf6 Nxe5 d6 Nf3 Nxe4 Bd3 Nf6 h3 Nbd7 O-O Nc5 Be2 d5 d4 Nce4 c4 Be7 Nc3 O-O cxd5 Nxc3 bxc3 Nxd5 Qb3 Bf6 c4 Ne7 Bb2 Ng6 Rfd1 b6 Bf1 Bf5 Ne5 Re8 a4 Qc8 Nc6 Ne7 d5 Nxc6 Bxf6 gxf6 dxc6 Qe6 Qg3+ Bg6 Qxc7 Rec8 Qf4 Rxc6 a5 Qe5 Qf3 Rac8 axb6 axb6 Qa3 Qc5 Qg3 Qg5 Qb3 Be4 Rd4 Qe5 Rad1 Kg7 Qb4 Re6 Qa3 Ra8 Qb3 Rae8 Qb4 Qc5 Qd2 Qg5 Qb2 h5 Qa3 Qc5 Qc3 Qa5 Qb2 Qe5 Re1 Qc5 Re3 Bg6 Rd5 Qc7 Rxe6 Rxe6 Qd2 Re5 Rd4 Qc5 Rd8 Qe7 Rd7 Qc5 Rd8 Qe7 Rb8 Re1 Rxb6 Qe5 Ra6 Qe4 Qc3 Qe5 Qxe5 fxe5 Ra3 Rc1 f4 exf4 Rf3 Be4
FIDE WCh KO,Moscow RUS,2001.11.30,2.2,"Shirov,A","Gyimesi,Z",1/2-1/2,B12,e4 c6 d4 d5 e5 Bf5 Nc3 e6 g4 Bg6 Nge2 c5 Be3 Nc6 dxc5 Nxe5 Nf4 Ne7 Bb5+ N7c6 Qe2 Be4 Nxe4 dxe4 Rd1 Qc7 Kf1 a6 Ba4 Be7 c3 Ng6 Nxg6 hxg6 Qc4 Qe5 Bc2 f5 Bb3 Nd8 Qd4 Qxd4 cxd4 Rc8 Ke2 Rh3 Rhg1 Kf8 gxf5 gxf5 d5 exd5 Rxd5 Rf3 Rg3 Ne6 Rxf3 exf3+ Kxf3 g6 Re5 Ng5+ Ke2 Ne4 Re6 Nxc5 Bh6+ Ke8 Rxg6 Nxb3 Rg8+ Kd7 Rxc8 Kxc8 axb3 Bf6 Bc1 Kd7 Kd3 Kc6 Kc2 Kd5 f3 Kd4 Bf4 b5 Bh6 a5 Bd2 Bd8 h3 Be7 Bf4 a4 bxa4 bxa4 Bc1 Bf6 Bh6 Be7 Kd2 Bb4+ Ke2 a3 Bg7+ Kc4 bxa3 Bxa3 h4 Kd5 h5 Ke6 Kd3 Bc1 Bd4 Kf7 Be3 Bb2 Kc4 Be5 Kd5 Bc7 Bg5 Bb8 Bd2 Kf6 Bh6 Bc7 Kc6 Be5 Bf8 Kg5 Kd5 Bc3 h6 Kg6 Ke6 Bd2 Bg7 Bc1 Ke7
FIDE WCh KO,Moscow RUS,2001.11.30,2.2,"Khenkin,I","Kasimdzhanov,R",1/2-1/2,D37,d4 Nf6 c4 e6 Nf3 d5 Nc3 Be7 Qc2 O-O cxd5 exd5 Bg5 c5 dxc5 Qa5 e3 Be6 Nd4
FIDE WCh KO,Moscow RUS,2001.11.30,2.2,"Smirin,I","Luther,T",1-0,C05,e4 e6 d4 d5 Nd2 Nf6 e5 Nfd7 Bd3 c5 c3 Nc6 Ngf3 a5 O-O g6 Re1 Bg7 h4 O-O h5 cxd4 cxd4 gxh5 Nb3 f6 exf6 Nxf6 Bg5 Qd6 Ne5 Ne4 Bxe4 dxe4 Rxe4 Nxe5 dxe5 Qxd1+ Rxd1 b6 Be7 Re8 Bd6 Bb7 Rh4 Bd5 Rxh5 Rec8 Nd4 Bxa2 f4 a4 Rd3 Rc1+ Kh2 Bb1 Rg3 Re8 f5
FIDE WCh KO,Moscow RUS,2001.11.30,2.2,"Milov,V","Polgar,Ju",1-0,E29,d4 Nf6 c4 e6 Nc3 Bb4 e3 O-O a3 Bxc3+ bxc3 c5 Bd3 Nc6 Ne2 b6 e4 Ne8 O-O Ba6 f4 f5 d5 Na5 e5 Bxc4 Bxc4 Nxc4 d6 b5 a4 a6 Qd3 g6 axb5 axb5 Be3 Rxa1 Rxa1 Qb6 Nc1 Ng7 Nb3 Rc8 Bf2 Nb2 Qc2 Na4 c4 Qb8 Nd2 Nb6 cxb5 c4 Nf3 Nh5 g3 Qb7 Ra3 Kg7 Nd4 Kf7 Qa2 Qe4 Ra7 g5 Qe2 Qb1+ Qf1 Qe4 Qe2 Qb1+ Kg2 Kg6 fxg5 c3 Qc2 Qb4 Rb7 Rc4 Nxe6 dxe6 Rxb6 Qb2 Qd3 Rf4 Qe3 c2 d7 c1=Q d8=Q Rxf2+ Qxf2 Qxe5 Qe8+ Kxg5 Qxe6 Qxe6 Rxe6 f4 Re5+ Kg6 Rc5 f3+ Kxf3 Qh1+ Ke3
FIDE WCh KO,Moscow RUS,2001.11.30,2.2,"Ponomariov,R","Tiviakov,S",1/2-1/2,B78,e4 c5 Nf3 Nc6 d4 cxd4 Nxd4 g6 Nc3 Bg7 Be3 Nf6 Bc4 O-O Bb3 d6 f3 Bd7 h4 h5 Qd2 Rc8 O-O-O Ne5 Bg5 Rc5 Kb1 Re8 Bh6 Nc4 Bxc4 Rxc4 Bxg7 Kxg7 Nd5 e5 Nxf6 Qxf6 Nb3 Re6 Qa5 Ra4 Qc3 Qd8 Rd2 Qb6 Nc1 Bb5 b3 Ra6 Rhd1 Qd8 g3 Rc6 Qe3 Qb6 Qxb6 Rxb6 Ka1 f5 Ne2 fxe4 fxe4 Bxe2 Rxe2 Rf6 Kb2 Rc6 Rd3 Kf7 Rg2
FIDE WCh KO,Moscow RUS,2001.11.30,2.2,Xu Jun,"Zvjaginsev,V",1/2-1/2,C10,e4 e6 d4 d5 Nc3 Nf6 Bg5 dxe4 Nxe4 Nbd7 Nf3 h6 Nxf6+ Nxf6 Be3 Nd5 Bd2 Bd6 c4 Nf6 Bd3 c5 dxc5 Bxc5 Qe2 Qe7 O-O-O b6 Bc2 a6 Kb1 Bb7 Bc3 O-O g4 Bb4 Be5 Rfd8 Rdg1 Nd7 Bd4 Bc5 Bc3 Bb4 Bd4 Bc5 Bxc5 Qxc5 g5 Bxf3 Qxf3 hxg5 h4 Ne5 Qh5 g4 Qh7+ Kf8 h5 Ke7 Qxg7 Rg8 Qh6 Nxc4 Bb3 Rac8 Bxc4 Qf5+ Ka1 Rxc4 Qe3 Qc5 Qe2 Rc8 a3 Rc2 Qxg4 Rxb2
FIDE WCh KO,Moscow RUS,2001.11.30,2.2,"Gurevich,M","Vaganian,R",1/2-1/2,D53,d4 d5 c4 e6 Nc3 Be7 Nf3 Nf6 Bg5 h6 Bh4 O-O Qc2 dxc4 e3 c5 dxc5 Qa5 Bxc4 Qxc5 Bd3 Nc6 a3 Ne5 Nxe5 Qxe5 Bg3 Qa5 O-O Bd7 b4 Qb6 Na4 Bxa4 Qxa4 Nh5 Be4 Nxg3 hxg3 a5 Qd7 Bf6 Rab1 axb4 Rxb4 Qc5 Qd3 Rfd8 Qb3 Bc3 Rc4 Rxa3 Rd1 Rf8 Rxc5 Rxb3 Bxb7
FIDE WCh KO,Moscow RUS,2001.11.30,2.2,Nguyen Anh Dung,"Tkachiev,V",1/2-1/2,C48,e4 e5 Nf3 Nc6 Nc3 Nf6 Bb5 Nd4 Ba4 Bc5 Nxe5 O-O Nd3 Bb6 e5 Ne8 O-O d6 exd6 Nxd6 Nf4 Qg5 d3 Bg4 Nfd5 Qh5 Qd2 c6 Qf4 cxd5 Qxd6 Rac8 Qxd5 Bf5 Qxb7 Rxc3 bxc3 Ne2+ Kh1 Bxf2 g4 Qxg4 Qg2 Ng3+ hxg3 Qh5+ Qh2 Qf3+ Qg2
FIDE WCh KO,Moscow RUS,2001.11.30,2.2,"Sutovsky,E","Vallejo Pons,F",1-0,B30,e4 c5 Nf3 Nc6 Bb5 Qa5 Bxc6 bxc6 e5 c4 Qe2 Ba6 Nc3 Rb8 O-O Nh6 d4 cxd3 cxd3 Nf5 g4 Nh6 h3 e6 Bxh6 gxh6 Ne4 Be7 Qe3 Rxb2 Nd6+ Bxd6 exd6 Qd5 Qxh6 Rb5 Qf6 O-O Rfe1 h6 Ne5 Qd4 Rad1 Qxd6 g5 h5 g6 fxg6 Qxg6+ Kh8 Qxh5+ Kg7 Qg5+
FIDE WCh KO,Moscow RUS,2001.11.30,2.2,"Dautov,R","Nikolic,Pr",1/2-1/2,E15,d4 Nf6 c4 e6 Nf3 b6 g3 Ba6 b3 Bb7 Bg2 Bb4+ Bd2 c5 Bxb4 cxb4 O-O O-O Qd3 d6 Nbd2 Re8 Rad1 Nbd7 Nh4 Bxg2 Nxg2 e5 e4 Nf8 Ne3 Ne6 dxe5 dxe5 Nd5 Nc5 Qb1 a5 Rfe1 Rc8 Nf1 Nfd7 Nfe3 Rc6 f3 h5 Kg2 g6 Qb2 Qc8 Rd2 Nf8 Nc2 Nh7 h4 Kg7 Nde3 Nf6 a3 bxa3 Nxa3 Rd8 Nd5 Qb8 Nb5 Rd7 Red1 Re6 Kg1 Nxd5 cxd5 Re8 Kg2 Kh7 Qb1 Qd8 b4 axb4 Qxb4 f5 Nc3 Rg8 Rh1
FIDE WCh KO,Moscow RUS,2001.11.30,2.2,"Nataf,IA","Sakaev,K",1/2-1/2,C42,e4 e5 Nf3 Nf6 Nxe5 d6 Nf3 Nxe4 d4 d5 Bd3 Be7 O-O Nc6 c4 Nb4 Be2 O-O a3 Nc6 cxd5 Qxd5 Nc3 Nxc3 bxc3 Bf5 Re1 Bf6 Bf4 Qd7 Bd3 Bg6 Rb1 b6 Rb2 Bxd3 Qxd3 Rfe8 Rbe2 Rxe2 Qxe2 h6 h3 Be7 Qe4 Rd8 c4 Bd6 d5 Na5 Bd2 Nb3 Bc3 Nc5 Qd4 f6 Qe3 Kf7 Nd4 Re8 Qf3 Rxe1+ Bxe1 Qe7 Bc3 Qe4 Qxe4 Nxe4
FIDE WCh KO,Moscow RUS,2001.11.30,2.2,"Delchev,A","Beliavsky,A",1/2-1/2,D39,Nf3 d5 d4 Nf6 c4 e6 Nc3 dxc4 e4 Bb4 Bg5 c5 Bxc4 cxd4 Nxd4 Bxc3+ bxc3 Qa5 Bb5+ Bd7 Bxf6 gxf6 Qb3 O-O O-O Qb6 Rab1 Bxb5 Nxb5 a6 Nd4 Qxb3 Rxb3 b5 c4 Rd8 Nf3 Nd7 cxb5 Nc5 Rb4 Nd3 Rbb1 axb5 Rxb5 Rxa2 g3 Rda8 Rb3 Nc5 Re3 R8a3 Rfe1 Nxe4 Rxa3 Rxa3 Rxe4 Rxf3 Rg4+ Kh8 Kg2 Ra3 Rb4 f5 Rf4 Kg7 Rb4 e5 Rb5 f6 f4 Ra2+ Kf1 e4 Rb7+ Kg6 h3 Ra8 Kf2 Rg8 Rb5 Rc8 Rb7 Rf8 Rb5 Rf7 g4 fxg4 hxg4 f5 Ke3 fxg4 Rg5+
FIDE WCh KO,Moscow RUS,2001.11.30,2.2,Zhang Zhong,"Lastin,A",1-0,C17,e4 e6 d4 d5 Nc3 Bb4 e5 c5 a3 Ba5 b4 cxd4 Nb5 Bc7 f4 Ne7 Nf3 Bd7 Nxc7+ Qxc7 Bd3 a6 Bb2 Nbc6 O-O Rc8 Qe1 Nf5 Qf2 Nce7 a4 O-O Nxd4 Nc6 Nxc6 Bxc6 b5 Bd7 g4 Nh6 h3 Qd8 Bd4 axb5 axb5 Rc4 Bxc4 dxc4 Rfd1 Qc8 Rab1 Re8 Bb6
FIDE WCh KO,Moscow RUS,2001.11.30,2.2,"Motylev,A","Grischuk,A",1-0,C48,e4 e5 Nf3 Nc6 Nc3 Nf6 Bb5 Nd4 Ba4 c6 Nxe5 d6 Nf3 Bg4 d3 d5 O-O dxe4 Nxe4 Nxe4 Re1 Be7 Rxe4 Nxf3+ gxf3 Bf5 Re5 Be6 Bb3 Bxb3 axb3 O-O Qe2 Bd6 Re4 Qc7 Kg2 f5 Re6 Bxh2 Re7 Qd6 Ra4 Rf6 Bg5 Rg6 Re8+ Kf7 Qe7+ Qxe7 Rxe7+ Kg8 Kxh2 Rxg5 Rxb7 a5 Re7 c5 f4 Rg4 f3 Rh4+ Kg3 Rh1 Re5 Ra6 Rxf5 Rah6 Rxc5 R1h2 Raxa5 R6h3+ Kg4 Rh4+ Kf5 h6 Ke4
FIDE WCh KO,Moscow RUS,2001.11.30,2.2,"Azmaiparashvili,Z","Movsesian,S",1/2-1/2,D11,d4 Nf6 c4 c6 Nf3 d5 e3 Bg4 Nc3 e6 h3 Bh5 Qb3 Qb6 Ne5 Nbd7 Nd3 Bg6 Qxb6 axb6 Nf4 Bd6 Nxg6 hxg6 Bd2 O-O Be2 dxc4 Bxc4 b5 Bb3 e5 O-O exd4 exd4 Bb4 Ne4 Nxe4 Bxb4 Rfe8 Rfe1 Nb6 Re3 Nf6 Rxe8+
FIDE WCh KO,Moscow RUS,2001.11.30,2.2,"Ehlvest,J","Campora,D",1-0,C66,e4 e5 Nf3 Nc6 Bb5 Nf6 O-O d6 d4 Bd7 Nc3 Be7 b3 O-O Bb2 Re8 Re1 Bf8 h3 exd4 Nxd4 d5 Bxc6 Bxc6 e5 Nd7 e6 Nf6 Nxc6 bxc6 exf7+ Kxf7 Qd3 Kg8 Ne2 Ne4 Ng3 Nc5 Rxe8 Qxe8 Qc3 Rd8 Re1 Qg6 Ba3 d4 Qc4+ Qf7 Qxf7+ Kxf7 Bxc5 Bxc5 Kf1 Rd5 Ne4 Bb4 Rd1 Ke6 Ke2 Kf5 Kd3 h5 h4 Be7 f3 Kf4 Rh1 Ra5 a4 Rd5 Rh3 Rd7 Rg3 Bxh4 Rh3 Be1 Rxh5 Rd5 Rh8 Kf5 Kc4 Kg6 Rf8 Rh5 Rf4 a5 Rg4+ Kf7 Kxd4 Rd5+ Ke3 Rd1 Nc5 Bc3 Rc4 Bb4 Ne4 c5 Nxc5 Rd5 Ne4 c5 Nf2 Ba3 Nd3 g5 Re4 Rd8 Kd2 Rh8 Kc3 Rh2 Re2 Rh4 Ne5+ Kg7 Ng4 Rh1 Kc4 Rc1 Ne5
FIDE WCh KO,Moscow RUS,2001.11.30,2.2,"Lautier,J","Shipov,S",1/2-1/2,D85,d4 Nf6 c4 g6 Nc3 d5 cxd5 Nxd5 e4 Nxc3 bxc3 Bg7 Nf3 c5 Rb1 O-O Be2 cxd4 cxd4 Qa5+ Bd2 Qxa2 O-O Bg4 Be3 Nc6 d5 Na5 Bg5 Qa3 Re1 Bxf3 Bxf3 Qd6 Qe2 Be5 g3 b6 Bg4 Nb7 Rbd1 a5 Qc2 a4 f4 Bg7 e5 Qb4 Qc7 f6 exf6 exf6 Qxb7 fxg5 Re7 Qc3 Rde1 Rab8 Qd7 Rbd8 Qxa4 gxf4 gxf4 Qc5+ Kg2 Qxd5+ Bf3 Qd2+ R1e2 Qxf4 Qxf4 Rxf4 Rb7 Rf6 Bg4 Bf8 Be6+ Kh8 Rxb6 Re8 Rc6 Kg7 Re4 Rd8 Rc7+ Kh8 Bc4 Rd2+ Re2 Rd4 h3 h5 Rf2 Rxf2+ Kxf2 Rd6 Be2 Bg7 Bf3 Rd2+ Kf1 Rd4 Rc6 Kh7 Re6 Rf4 Kg2 Rf8 Be4 Bf6 Ra6 Kg7 Ra7+ Kh6 Ra6 Rf7 Rb6 Re7 Kf3 Rf7 Kg2 Rf8 Ra6 h4 Rb6 Re8 Kf3 Kg5 Ra6 Rb8 Ra5+ Kh6 Rd5 Rb6 Bd3 Bg5 Ra5 Rf6+ Kg2 Rd6 Be4 Rd2+ Kf1 Rd1+ Kf2 Be7 Ra6 Bc5+ Ke2 Rg1 Rxg6+
FIDE WCh KO,Moscow RUS,2001.11.30,2.2,"Psakhis,L",Ye Jiangchuan,1/2-1/2,B40,e4 c5 Nf3 e6 d3 d5 Qe2 Nf6 g3 Be7 Bg2 O-O O-O b5
FIDE WCh KO,Moscow RUS,2001.11.30,2.2,"Bruzon,L","Georgiev,Ki",1/2-1/2,B90,e4 c5 Nf3 d6 d4 cxd4 Nxd4 Nf6 Nc3 a6 Be3 Ng4 Bc1 Nf6 Be3 Ng4 Bg5 Nc6 h3 Qa5 Bh4 Nf6 Bxf6 gxf6 Nb3 Qe5 Bd3 Rg8 g3 Rxg3 Nd5 Bh6 Qe2 Rxd3 cxd3 Kf8 Rd1 Be6 d4 Qg5 Ne3 Bd7 h4 Qg6 Qf3 Nb4 h5 Qg5 a3 Ba4 axb4 Bxb3 Rd3 Be6 d5 Bd7 Rc3 Rc8 Rxc8+ Bxc8 Ke2 Qe5 Rc1 Bd7 Rc7 Qxb2+ Kf1 Qxb4 Nf5 Bg5 Qg4 Qb6 Rxd7 Qb5+ Ke1 Qxd7 f4 e6 dxe6 fxe6 Nd4 Bh6 Nxe6+ Kf7 Qf5 Qxe6 Qxh7+ Bg7 h6 Qg4 hxg7 Qxg7 Qh3 Ke7 Kf2 Kd8 Qe6 Qe7 Qc4 Kd7 Qd5 Kc7 Kf3 Qd7 Kg3 Qg7+ Kf3 Qd7 Kg3 Qe8 Kf3 Qd8 Kg4 Qd7+
FIDE WCh KO,Moscow RUS,2001.11.30,2.2,"Van Wely,L","Lputian,S",1-0,A40,d4 e6 c4 b6 a3 Bb7 Nc3 f5 d5 Nf6 g3 b5 Nxb5 exd5 Bf4 Na6 Bg2 c6 Nd6+ Bxd6 Bxd6 Qb6 cxd5 Ne4 Bxe4 fxe4 Nh3 c5 Be5 O-O Nf4 Rf5 Bc3 Nc7 Qa4 e3 fxe3 Nxd5 Qxd7 Nxc3 Qxf5 Bxh1 bxc3 Re8 Rd1 Bc6 Rd6 c4 Ne6 Be4 Qg4 Qb1+ Rd1 Qb7 Nc5 Qa8 Rd7 Bg6 Qxc4+
FIDE WCh KO,Moscow RUS,2001.11.30,2.2,"Pigusov,E",Zhang Pengxiang,1-0,A07,Nf3 d5 g3 Bg4 Bg2 Nd7 c4 e6 d3 c6 O-O Bxf3 Bxf3 d4 e3 Ne5 Be2 h5 exd4 Qxd4 Nc3 Nf6 Be3 Qd7 d4 Neg4 Bg5 O-O-O d5 exd5 cxd5 Qf5 Bxf6 Nxf6 Bd3 Qh3 Qf3 Ng4 Qh1 Ne5 Be4 h4 dxc6 Bc5 Qg2 Qg4 h3 Qxg3 cxb7+ Kb8 Na4 Bd4 Rac1 Qf4 Nc5 Rd6 Nd3 Nxd3 Bxd3 f5 Rc2 Bxb2 Rxb2 Rxd3 Rc2 Qd4 Rc8+ Rxc8 bxc8=Q+ Kxc8 Rc1+ Kd8 Qg5+ Kd7 Qxf5+ Kd6 Qg6+ Ke7 Re1+ Kd8 Re8+ Kc7 Re7+
FIDE WCh KO,Moscow RUS,2001.11.30,2.2,"Svidler,P","Sulskis,S",1-0,C42,e4 e5 Nf3 Nf6 Nxe5 d6 Nf3 Nxe4 d4 d5 Bd3 Nc6 O-O Be7 c4 Nb4 Be2 O-O Nc3 Be6 Nxe4 dxe4 Ne1 Bf5 Be3 Bf6 Qd2 a5 a3 Nc6 d5 Ne5 f4 exf3 Nxf3 Nxf3+ Bxf3 Re8 Bd4 Bxd4+ Qxd4 Qe7 c5 Rad8 Rae1 Qd7 Rc1 Qe7 Rfe1 Qxe1+ Rxe1 Rxe1+ Kf2 Rc1 Qe5 Rc2+ Ke3 g6 g4 Bc8 Qxc7 Re8+ Kf4 Rxb2 d6 Rd2 Qxa5 Rd4+ Kg3 Rd3 Kf2 h6 Qb4 g5 Qb2 Re6 a4 Bd7 a5 Bc6 Bxc6 bxc6 a6 Rh3 Kg2 Rhe3 d7
FIDE WCh KO,Moscow RUS,2001.11.30,2.2,"Dreev,A","Milos,G",1-0,E12,d4 Nf6 c4 e6 Nf3 b6 a3 Ba6 Qc2 Bb7 Nc3 c5 e4 cxd4 Nxd4 Bc5 Nb3 Nc6 Bg5 h6 Bh4 Nd4 Nxd4 Bxd4 Bd3 Be5 O-O-O Qc7 Bg3 O-O Kb1 Rfc8 Rhe1 a6 Qe2 d6 Bxe5 dxe5 Qe3 Rd8 Rd2 Rd4 Red1 Rad8 f3 Ne8 Ne2 R4d7 Nc1 Kf8 Nb3 Bc6 c5 b5 Bc2 Nf6 Qc3 Ba8 Na5 Rxd2 Rxd2 Rxd2 Qxd2 Ke7 Qb4 Qd7 a4 Qd4 Qxd4 exd4 Bd3 Nd7 b4 Ne5 Bf1 Bc6 Nxc6+ Nxc6 axb5 axb5 Bxb5 Nxb4 Kb2 d3 Kc3 Nc2 Bxd3 Ne3 g3 Nd1+ Kd2
FIDE WCh KO,Moscow RUS,2001.12.01,3.1,"Azmaiparashvili,Z","Kasimdzhanov,R",1/2-1/2,D54,d4 Nf6 c4 e6 Nc3 d5 Bg5 Be7 e3 h6 Bh4 O-O Rc1 b6 cxd5 Nxd5 Bxe7 Qxe7 Qc2 Nxc3 Qxc3 c5 Nf3 Bb7 Be2 Nd7 O-O Rfc8 Rfd1 cxd4
FIDE WCh KO,Moscow RUS,2001.12.01,3.1,"Svidler,P","Milov,V",1-0,C45,e4 e5 Nf3 Nc6 d4 exd4 Nxd4 Bc5 Nxc6 Qf6 Qd2 bxc6 Bd3 Ne7 Nc3 d6 O-O Bb6 Kh1 Qh4 f4 f5 b3 fxe4 Nxe4 O-O Bb2 Bg4 Ng5 Nf5 Bxf5 Rxf5 Qc3 Qh6 Rae1 Raf8 h3 Be2 Rxe2 Rxg5 Re7 d5 Rfe1 Rg6 R1e6 Rgf6 Rxf6 Rxf6 Qe5 d4 Ba3 Qh4 Re8+ Kf7 Rf8+ Kg6 f5+
FIDE WCh KO,Moscow RUS,2001.12.01,3.1,"Anastasian,A","Nikolic,Pr",1/2-1/2,A27,c4 e5 Nc3 Nc6 Nf3 f5 e4 Bc5 exf5 d6 Bd3 Nh6 Be4 Nxf5 O-O O-O d3 Ncd4 Nxd4 Bxd4 Ne2 Bb6 Ng3 c6 Bxf5 Bxf5 Be3 Bg6 d4 Qh4 dxe5 Bxe3 fxe3 dxe5 Qb3 Qe7 c5+ Kh8 Qc3 Qg5 Rxf8+ Rxf8 Rf1 Rd8 e4 h6 h3 Kh7 Rf2 Rd4 Kh2 Bxe4 Nxe4 Rxe4 Qc2 Qg6 Rf8 h5 Qd3 h4 Rb8 Qf5 Rf8 Qg6 Rb8 Qf5
FIDE WCh KO,Moscow RUS,2001.12.01,3.1,"Anand,V","Tkachiev,V",1/2-1/2,C78,e4 e5 Nf3 Nc6 Bb5 a6 Ba4 Nf6 O-O b5 Bb3 Bc5 a4 Rb8 c3 d6 d4 Bb6 Na3 O-O axb5 axb5 Nxb5 exd4 cxd4 Bg4 Ra3 Re8 Re1 d5 e5 Ne4 Be3 Ba5 Na7 Bxf3 gxf3 Bxe1 fxe4 Nxa7 Rxa7 dxe4 Ba4 Bxf2+ Bxf2 Qg5+ Bg3 Red8 Rxc7 Qe3+ Kh1 Rxd4 Qb3 Qf3+ Kg1 Rdd8 Qxf3 exf3 b3 g5 Bd7 Rxd7 Rxd7 Rxb3 Rd5 h6 Kf2 g4 Rd6 Kg7 Bf4 h5 Bh6+ Kh7 Bd2 Kg7 Kg3 Rb1 Bh6+ Kg8 Rf6 Rb2 Bf4 Rb1 Bg5 Rg1+ Kf2 Rg2+ Kf1 Rxh2 Bf4 Rh1+ Kf2 Kg7 Rf5
FIDE WCh KO,Moscow RUS,2001.12.01,3.1,"Zvjaginsev,V","Adams,Mi",1/2-1/2,A17,Nf3 Nf6 c4 e6 Nc3 Bb4 g4 h6 Rg1 b6 Qb3 c5 a3 Bxc3 Qxc3 d5 cxd5 exd5 b4 d4 Qc2 Nbd7 e4 dxe3 dxe3 Bb7 Be2 Rc8 Bb2 cxb4 Qa4 a5 axb4 O-O g5 hxg5 Rxg5 Bc6 Qa3 Bxf3 Bxf3 axb4 Qxb4 Rc5 h4 Qc7 Rd1 Re8 Kf1 Ne5 Qf4 Re6 Bg2 Nh7 Rg3 Rb5 Qd4 Nf6 Kg1 Qc2 Bc3 Rb1 Rxb1 Re7
FIDE WCh KO,Moscow RUS,2001.12.01,3.1,"Morozevich,A","Gurevich,M",1-0,C11,e4 e6 d4 d5 Nc3 Nf6 e5 Nfd7 Nce2 c5 c3 cxd4 cxd4 f6 f4 fxe5 fxe5 Qh4+ Ng3 Bb4+ Kf2 O-O+ Nf3 Nc6 Be3 Ndxe5 dxe5 Nxe5 Kg1 Qf6 Qd4 Bd6 Be2 Bd7 Rc1 b6 a3 Nxf3+ gxf3 Be5 Qd2 Bxb2 Rc7 Rf7 Kg2 Bxa3 Rf1 Bd6 Bg5 Bb4 Qxb4 Qxg5 Qd6 Rd8 Rxa7 Bc8 Qxb6 Rxa7 Qxa7 e5 Qc7 Be6 Rb1 h5 Rb7 Re8 h4 Qg6 Bd3 e4 fxe4 dxe4 Bxe4 Qh6 Qc3 Bg4 Bf3 Bxf3+ Qxf3 Qg6 Qd5+ Kf8 Rb2 Re6 Qd8+ Re8 Rf2+ Kg8 Qd5+ Kh8 Rf5 Re2+ Kf1 Re6 Ne4 Qe8 Qxe6
FIDE WCh KO,Moscow RUS,2001.12.01,3.1,"Sutovsky,E","Ivanchuk,V",1/2-1/2,C85,e4 e5 Nf3 Nc6 Bb5 a6 Ba4 Nf6 O-O Be7 Bxc6 dxc6 d3 Qd6 h3 Be6 Ng5 Nd7 Nxe6 Qxe6 Nd2 Bg5 Nc4 Bxc1 Qxc1 O-O f4 f5 exf5 Rxf5 Qe3 Qh6 fxe5 Qxe3+ Nxe3 Rxe5 Nc4 Re2 Rf2 Rae8 Raf1 b6 g4 Nf6 Rxe2 Rxe2 Rf2 Re1+ Rf1 Re2 Rf2 Re1+ Rf1 Re2
FIDE WCh KO,Moscow RUS,2001.12.01,3.1,"Ponomariov,R","Georgiev,Ki",1-0,B90,e4 c5 Nf3 d6 d4 cxd4 Nxd4 Nf6 Nc3 a6 f3 Qb6 g4 Nc6 Nb3 e6 Qe2 Be7 Bg2 Qc7 f4 b5 a3 Rb8 Be3 b4 axb4 Rxb4 g5 Nd7 O-O h6 gxh6 Rxh6 f5 Rh7 fxe6 fxe6 Rf3 Nde5 Rh3 Rxh3 Bxh3 Bf6 Rd1 Nc4 Bc1 N6e5 Kh1 Nf7 Rd3 Nce5 Rd1 Nc4 Rd3 Nce5 Rd1 Qc4 Qg2 Nc6 Rf1 Ne7 Nd2 Qc5 Nf3 Bd7 Ne1 Qc6 Nd3 Rc4 Qf3 Kd8 Qh5 Ne5 Nxe5 dxe5 Bg5 Be8 Qg4 Nf5 Bxf6+ gxf6 Qf3 Bd7 Bg2 Kc8 exf5 Qxf3 Bxf3 exf5 Kg1 a5 Be2 Rc5 h4 f4 h5 f5 Rf2 Rc6 Rg2 Rh6 Rg6 Rh8 h6 e4 Bc4 Kc7 Nd5+ Kb7 Nxf4 Be8 Rf6
FIDE WCh KO,Moscow RUS,2001.12.01,3.1,"Sakaev,K","Bareev,E",1-0,B12,e4 c6 d4 d5 e5 Bf5 Nc3 e6 g4 Bg6 Nge2 Ne7 Nf4 c5 dxc5 Nec6 h4 Qc7 Bg2 Qxe5+ Kf1 Bxc5 h5 Be4 Nxe4 dxe4 Qe2 Nd7 Qxe4 Qxe4 Bxe4 Nf6 Bxc6+ bxc6 Nd3 Bd6 g5 Nd7 Rh4 Ke7 Bd2 Rab8 Ra4 Rb7 Re1 Rc8 b3 c5 c4 Rc6 f4 f6 Ke2 Kf7 Rg1 e5 gxf6 gxf6 f5 Nb6 Ra6 e4 Nf2 e3 Bxe3 Re7 h6 Kf8 Rg7 Rcc7 Rxe7 Bxe7 Ne4 Kf7 Nc3
FIDE WCh KO,Moscow RUS,2001.12.01,3.1,"Gelfand,B","Delchev,A",1-0,D41,Nf3 Nf6 c4 e6 Nc3 d5 d4 c5 cxd5 Nxd5 g3 Nc6 Bg2 cxd4 Nxd4 Ndb4 Nxc6 Qxd1+ Kxd1 Nxc6 Be3 Bd7 Rc1 Be7 Kc2 O-O Rhd1 Rfd8 Kb1 Na5 Bf3 Bc6 Rxd8+ Bxd8 Ne4 Be7 Bc5 Bxc5 Rxc5 f5 Nd6 Bxf3 exf3 Rd8 Rxa5 Rxd6 Rxa7 Rd1+ Kc2 Rf1 Rxb7 Rxf2+ Kd3 Rxh2 a4 Rh1 Rb3 Kf7 a5 Ra1 Ra3 Rd1+ Kc4
FIDE WCh KO,Moscow RUS,2001.12.01,3.1,Zhang Zhong,"Topalov,V",1/2-1/2,B51,e4 c5 Nf3 Nc6 Bb5 d6 O-O Bd7 Re1 Nf6 c3 a6 Bf1 Bg4 d3 Nd7 Nbd2 e6 h3 Bh5 g4 Bg6 d4 cxd4 cxd4 e5 d5 Ncb8 b3 h5 g5 Be7 Ba3 b5 Qe2 O-O Qe3 h4 Bd3 Bh5 Kh1 g6 Rg1 Qa5 Bb2 Bd8 Nxh4 Bb6 Qe1 Bc5 a4 Qb6 Rf1 Bb4 axb5 Nc5 Bc4 Nbd7 bxa6 Nxa6 Qc1 Nac5 Bc3 Rfc8 Rxa8 Rxa8 Qc2 Qa5 Ra1 Qxa1+ Bxa1 Rxa1+ Kg2 f6 gxf6 Nxf6 f3 Kh7 Bf1 g5 Nf5 Bxd2 Qxd2 Bxf3+ Kg1 Ncxe4 Qd3 g4 hxg4 Ng5 Ng3+ Nfe4 Qc2 Kg6 Kh2 Bd1 Qb2 Nf3+ Kg2 Ne1+ Kh2 Nf3+ Kh3 Nfg5+ Kg2 Bf3+ Kg1 Rd1 Nxe4 Nxe4 Qh2 Kg5 Qh5+ Kf4 Qh6+ Kxg4 Qh3+ Kf4 Qh6+ Kf5 Qh7+ Kg5 Qg7+ Kf4 Qh6+ Ng5 Kf2 Rd2+ Ke1 Rd1+ Kf2 Rd2+ Ke1 Rd1+
FIDE WCh KO,Moscow RUS,2001.12.01,3.1,"Shirov,A","Motylev,A",1/2-1/2,D27,d4 d5 c4 dxc4 Nf3 Nf6 e3 e6 Bxc4 c5 O-O a6 dxc5 Bxc5 Qxd8+ Kxd8 Nbd2 Ke7 Be2 Bd7 Nb3 Ba7 Bd2 Nc6 Na5 Rhc8 Nxc6+ Bxc6 Ne5 Bb5 Bxb5 axb5 Rfc1 Ne4 Be1 Bc5 Nd3 Bd6 Rd1 Rc2 a3 g5 Rac1 Rac8 f3 Rxc1 Nxc1 Bc5 Rd3 Nf6 Nb3 Bb6 Bb4+ Ke8 Bc3 Nd5 Kf2 Ke7 Ke2 Nxc3+ Rxc3 Rxc3 bxc3 Bc7 h3 Bd6 Nd4 Bxa3 Nxb5 Bc5 Kd3 Kd7 g4 Kc6 c4 f5 e4 fxg4 fxg4 Bf2 e5 Bg3 Nd4+ Kd7 Ke4 Bf2 Nb5 Bc5 Kd3 Kc6 Nc3 h6 Ne4 b5 cxb5+ Kxb5 Nf6 Kc6 Ke4
FIDE WCh KO,Moscow RUS,2001.12.01,3.1,"Smirin,I","Ehlvest,J",1/2-1/2,B92,e4 c5 Nf3 d6 d4 cxd4 Nxd4 Nf6 Nc3 a6 Be2 g6 g4 h6 Be3 Bg7 f3 Nbd7 Qd2 b5 O-O-O Bb7 a3 Nb6 h4 h5 gxh5 Nxh5 Qe1 Rc8 Kb1 Qc7 Qf2 Nc4 Bxc4 Qxc4 Rhg1 Nf6 Nb3 Qc7 Bd4 Qb8 Rg5 e5 Ba7 Qc7 Bb6 Qe7 Ba5 Nd7 Bb4 Nc5 Nd5 Bxd5 Rxd5 Bf6 Nxc5 Bxg5 Nxa6 Bxh4 Qe2 Qb7 Rxb5 Qc6 Nb8 Qc7 Rxe5+ Be7 Qb5+ Kf8 Nd7+ Kg7 Rxe7 Qxc2+ Ka2 Rh1 Qd5
FIDE WCh KO,Moscow RUS,2001.12.01,3.1,"Dreev,A","Pigusov,E",1-0,D37,d4 Nf6 c4 e6 Nf3 d5 Nc3 Be7 Bf4 c5 dxc5 Bxc5 e3 O-O cxd5 Nxd5 Nxd5 exd5 a3 Nc6 Bd3 Bb6 O-O d4 Qc2 h6 e4 Bg4 Nd2 Rc8 Qa4 Be6 Bg3 Na5 Rac1 Bd7 Qb4 Re8 f4 Nc6 Qb3 Na5 Qb4 Nc6 Qd6 Re6 Qd5 Ne7 Rxc8 Qxc8 Qb3 Rc6 Qd1 Bg4 Nf3 Bxf3 Qxf3 Rc1 Rd1 Qc6 Qf1 Rxd1 Qxd1 Bc7 Qd2 g5 fxg5 Bxg3 hxg3 Qg6 gxh6 Qxg3 Bc4 Nc6 Kf1 Ne5 Qxd4 Qf4+ Kg1 Kh7 Be2 b6 Qf2 Qc1+ Bf1 Qg5 g3 Kxh6 Kg2 Kg7 Qf4 Qe7 Be2 Qc5 Qg5+ Kf8 Qd8+ Kg7 Qd5 Qe7 b4 Kf6 Kf2 Qc7 Qd2 Kg6 Qd4 Kf6 Qb2 Qd6 Ke3 Ke7 Qd4 Qc7 Kd2 Nc6 Qd5 Ne5 Qd4 Nc6 Qc3 Qd6+ Kc1 Nd4 Bc4 Qe5 Qd3 Nc6 Kb1 Qd4 Qxd4 Nxd4 Kb2 Nf3 Kc3 f6 Be2 Ne5 Kd4 Kd6 Ke3 Ng6 Bh5 Ne5 Kf4 Nc4 Kf5 Ke7 Be2 Nd6+ Kf4 Nf7 g4 a5 b5 Ne5 Kf5 Nf7 e5 Nxe5 g5 Nd7 g6 Kf8 Ke6 Nc5+ Kxf6 Ne4+ Ke5 Nc3 Bd3 Ke7 Bc4 Kf8 Kd6 Nb1 a4
FIDE WCh KO,Moscow RUS,2001.12.01,3.1,"Lautier,J","Khalifman,A",1/2-1/2,D37,d4 Nf6 c4 e6 Nf3 d5 Nc3 Be7 Bf4 O-O e3 c5 dxc5 Bxc5 Qc2 Nc6 a3 Qa5 Nd2 Be7 Bg3 Bd7 Be2 Qb6 O-O d4 Na4 Qd8 b4 dxe3 fxe3 Ne5 Bxe5 Bxa4 Qb2 Ne8 Bf3 Bc6 Bxc6 bxc6 c5 Qd3 Qd4 Qxd4 Bxd4 Nf6 Nc4 Ne4 Rad1 Rfc8 Be5 f6 Rd7 Kf8 Rb7 Rd8 Bc7 Rd5 Na5 Rd7 Nxc6 Rc8 Nd4 Bxc5 bxc5 Nxc5 Bd6+ Rxd6 Rxa7 e5 Nf5
FIDE WCh KO,Moscow RUS,2001.12.01,3.1,"Van Wely,L",Ye Jiangchuan,0-1,E97,d4 Nf6 c4 g6 Nc3 Bg7 e4 d6 Nf3 O-O Be2 e5 O-O Nc6 d5 Ne7 b4 a5 Ba3 b6 bxa5 Rxa5 Bb4 Ra8 a4 Re8 Re1 Bf8 h3 Bb7 Bf1 c5 Ba3 Bg7 Rb1 Bc8 Bc1 Bd7 Nb5 Nc8 g3 Rf8 Bg5 Kh8 Kh2 Ne7 Bd3 Ne8 Bc2 f6 Bd2 f5 Kg2 Qc8 Rh1 Ng8 Bc3 Ngf6 Nd2 fxe4 Nxe4 Nxe4 Bxe4 Bf5 Bc2 Qd7 f3 Nf6 g4 Bxc2 Qxc2 Bh6 Be1 e4 Rf1 Rae8 Bg3 Nh5 fxe4 Nxg3 Kxg3 Qe7 Kg2 Bf4 Nc3 Be5 Ne2 h5 Qd2 Kh7 Rxf8 Rxf8 Qe3 Qh4 g5 Bd4 Nxd4 cxd4 Qe1 Qxg5+ Qg3 Qd2+ Kh1 Qe2 Re1 d3 Kg1 Rf3 Qh4 Qb2 e5 d2 Rd1 Qc2
FIDE WCh KO,Moscow RUS,2001.12.02,3.2,"Ehlvest,J","Smirin,I",1/2-1/2,B60,e4 c5 Nf3 d6 d4 cxd4 Nxd4 Nf6 Nc3 Nc6 Bg5 a6 Qd2 Qb6 O-O-O Qxd4 Qxd4 Nxd4 Rxd4 e6 f4 Be7 Be2 Bd7 Bxf6 gxf6
FIDE WCh KO,Moscow RUS,2001.12.02,3.2,"Khalifman,A","Lautier,J",1/2-1/2,B96,e4 c5 Nf3 d6 d4 cxd4 Nxd4 Nf6 Nc3 a6 Bg5 e6 f4 Qc7 Bxf6 gxf6 Qd2 b5 Bd3 Bb7 O-O-O Nd7 Rhe1 O-O-O f5 Nc5 a3 Kb8 Kb1 h5 Qe3 Bh6 Qh3 Qe7 Qf3
FIDE WCh KO,Moscow RUS,2001.12.02,3.2,Ye Jiangchuan,"Van Wely,L",1/2-1/2,B43,e4 c5 Nf3 e6 Nc3 a6 d4 cxd4 Nxd4 b5 Bd3 Qb6 Be3 Bc5 Be2 Nc6 Nxc6 dxc6 Bxc5 Qxc5 Qd3 Nf6 O-O-O O-O f4 e5 f5 Ra7 g4 Rd7 Qf3 Rfd8 g5 Rxd1+ Rxd1 Rxd1+ Nxd1 Nd7 Qe3 h6 gxh6 Qxe3+ Nxe3 gxh6 Ng4 Kg7 b4 c5 a3 Bb7 Bf3 h5 Nf2 h4 Ng4 f6 Nf2 Kh6 Kd2 Nb6 Be2 Bc6 Ke3 Be8 bxc5 Na4 c4 Nxc5 cxb5 axb5 Nd1 Nb3 Nc3 Nd4 Bd3 Kg5 h3 Bc6 Ne2 Nb3 Nc3 Nd4 Ne2 Bb7 Nc3 Ba6 Nd5 Bc8 Nc3 Bd7 Ne2 Nb3 Nc3 Nd4 Ne2 Nxe2 Bxe2 Be8 Bf1 Kh6 Kd2 Bd7 Bd3 Bc6 Ke3 Be8 Bf1 Kg7 Kf3 Bh5+ Ke3 Be8 Kf3 Bh5+ Ke3 Be8 Kf3 Bh5+
FIDE WCh KO,Moscow RUS,2001.12.02,3.2,"Motylev,A","Shirov,A",1/2-1/2,C45,e4 e5 Nf3 Nc6 d4 exd4 Nxd4 Nf6 Nxc6 bxc6 e5 Qe7 Qe2 Nd5 c4 Ba6 b3 g5 Ba3 d6 exd6 Qxe2+ Bxe2 Bg7 cxd5 Bxe2 Kxe2 Bxa1 Rc1 O-O-O Rxc6 Rd7 Nd2 Re8+ Kd3 Re5 Nc4 Rxd5+ Ke4 Rd4+ Ke3 f5 Bc5 Re4+ Kd3 Kb7 Rxc7+ Rxc7 dxc7 Kxc7 Bxa7 Re1 a4 Rb1 Kc2 Rh1 Bc5 Kc6 b4 Rxh2 a5 Rh4 Kd3 Rh1 a6 Bf6 Na5+ Kb5 a7 Rd1+ Kc2 Rd8 Nb7 Ra8 Nd6+ Kc6 Nxf5 Bd8 Nd4+ Kb7 Ne6 Bb6 Nxg5
FIDE WCh KO,Moscow RUS,2001.12.02,3.2,"Kasimdzhanov,R","Azmaiparashvili,Z",1/2-1/2,D15,d4 d5 c4 c6 Nc3 Nf6 Nf3 a6 cxd5 cxd5 Bg5 Ne4 Bh4 Qa5 Qb3 e6 e3 Bb4 Rc1 Bd7 a3 Bxc3+
FIDE WCh KO,Moscow RUS,2001.12.02,3.2,"Topalov,V",Zhang Zhong,1-0,B90,e4 c5 Nf3 d6 d4 Nf6 Nc3 cxd4 Nxd4 a6 Be3 e5 Nb3 Be6 f3 Be7 Qd2 h5 Be2 Nbd7 Nd5 Nxd5 exd5 Bf5 O-O Qc7 c4 b6 f4 g6 Rad1 a5 fxe5 Nxe5 Rxf5 gxf5 Nd4 Ng4 Nc6 Rg8 Rf1 Ne5 Rxf5 Nxc6 dxc6 O-O-O Qd5 Rde8 Rxf7 Kb8 Bf4 Ka7 c5 bxc5 Bxd6 Bxd6 Rxc7+ Bxc7 Qb3
FIDE WCh KO,Moscow RUS,2001.12.02,3.2,"Delchev,A","Gelfand,B",0-1,E14,d4 Nf6 Nf3 e6 e3 b6 Bd3 Bb7 O-O c5 c4 g6 Nc3 Bg7 e4 cxd4 Nxd4 d6 Bc2 a6 Nf3 O-O Bf4 Ne8 e5 Qc7 exd6 Qxc4 Bg5 Nf6 Ne5 Qc5 Re1 Nfd7 Nf3 Bxf3 Qxf3 Nc6 Ne4 Qxc2 Rac1 Qa4 Rxc6 Ne5 Nf6+ Bxf6 Qxf6 Nxc6
FIDE WCh KO,Moscow RUS,2001.12.02,3.2,"Bareev,E","Sakaev,K",1-0,E34,d4 Nf6 c4 e6 Nc3 Bb4 Qc2 d5 cxd5 Qxd5 e3 c5 Bd2 Bxc3 Bxc3 cxd4 Bxd4 Nc6 Bc3 O-O Nf3 Rd8 Be2 Qc5 Qa4 Nd5 Bd2 Bd7 Qh4 Qc2 O-O Ne5 Nxe5 Qxd2 Bd3 g6 Nxf7 Kxf7 Qxh7+ Kf6 Qxg6+ Ke7 Qg7+ Kd6 Rfd1 Qb4 e4 Ba4 Rac1
FIDE WCh KO,Moscow RUS,2001.12.02,3.2,"Nikolic,Pr","Anastasian,A",1-0,E15,d4 Nf6 c4 e6 Nf3 b6 g3 Ba6 Qa4 c5 Bg2 Bb7 dxc5 bxc5 O-O Be7 Nc3 O-O Bf4 d6 Rfd1 Qb6 Rab1 Na6 a3 Bc6 Qc2 Rfd8 e4 Qb7 Ne1 Rab8 Qe2 e5 Bg5 h6 Bxf6 Bxf6 Nc2 Qb3 Ne3 Nc7 Rd3 Bg5 Nf5 Qxc4 f4 exf4 gxf4 Bf6 e5 Bxg2 exf6 Ne6 Nxh6+ Kh7 Nf5 g6 Qg4 Re8 Nd5 Kg8 Qh4 Qxd5 Rxd5 Bxd5 Ne7+ Rxe7 fxe7 Nd4 Qf6 Nf5 Re1 Re8 Kf2 Be6 Rxe6 fxe6 Qxg6+ Ng7 Qf6 d5 Kf3 d4 h4 Kh7 Qf8 c4 h5
FIDE WCh KO,Moscow RUS,2001.12.02,3.2,"Ivanchuk,V","Sutovsky,E",1-0,A20,c4 e5 g3 Nf6 Bg2 c6 d4 Bb4+ Bd2 Bxd2+ Qxd2 d6 Nc3 O-O e3 Be6 b3 exd4 Qxd4 d5 cxd5 Nxd5 Nge2 Qa5 Qa4 Qxa4 Nxa4 Na6 Nd4 Rad8 O-O Bc8 Rfc1 Ndc7 Bf1 Rd5 h4 g6 a3 c5 Nf3 b6 b4 Ne6 Nc3 Rf5 Nd2 cxb4 axb4 Nxb4 Rxa7 Nc6 Raa1 Rd8 Nce4 Ra5 Rab1 Ne7 Rxb6 Kg7 Bc4 Nc5 Nb3 Nxe4 Nxa5 Rd2 Bf1 Nxf2 Nc4 Ra2 Rb2 Rxb2 Nxb2 Ne4 Rc7 Kf6 Kh2 Be6 Bg2 Nf2 Kg1 Ng4 e4 Ne5 Nd1 N7c6 Ne3 Nd4 Bf1 Nef3+ Kf2 g5 Nd5+ Ke5 Bg2 g4 Ke3 Ne1 Bh1 f5 Nf4 Nec2+ Kd2 fxe4 Rc5+ Kd6 Rxc2 e3+ Kc3 Nxc2 Kxc2 Bf5+ Kc3 Ke5 Nd3+
FIDE WCh KO,Moscow RUS,2001.12.02,3.2,"Gurevich,M","Morozevich,A",1/2-1/2,D45,d4 d5 c4 c6 Nc3 Nf6 e3 a6 Qc2 e6 Nf3 c5 cxd5 exd5 Be2 Nc6 O-O Be6 dxc5 Bxc5 b3 Rc8 Bb2 O-O Rac1 Ba7 Rfd1 Qe7 Qb1 Rfd8 Ng5 d4 Nxe6 Qxe6 Bc4 Qg4 exd4
FIDE WCh KO,Moscow RUS,2001.12.02,3.2,"Adams,Mi","Zvjaginsev,V",1/2-1/2,B48,e4 c5 Nf3 e6 d4 cxd4 Nxd4 Nc6 Nc3 Qc7 Be3 Nf6 Bd3 a6 O-O b5 Nxc6 Qxc6 f3 Bb7 Qe1 Bd6 Bd4 e5 Bf2 O-O Nd1 Bc5 Ne3 Rfe8 Rd1 Qe6 b3 Bxe3 Qxe3 d5 Bh4 h6 Bxf6 Qxf6
FIDE WCh KO,Moscow RUS,2001.12.02,3.2,"Georgiev,Ki","Ponomariov,R",0-1,C95,e4 e5 Nf3 Nc6 Bb5 a6 Ba4 Nf6 O-O Be7 Re1 b5 Bb3 d6 c3 O-O h3 Nb8 d4 Nbd7 Nbd2 Bb7 Bc2 Re8 Nf1 Bf8 Ng3 g6 a4 c5 d5 c4 Bg5 h6 Be3 Nc5 Qd2 h5 Bg5 Be7 Ra3 Nfd7 Be3 Bf6 Rea1 Nb6 axb5 axb5 Rxa8 Bxa8 Ra5 h4 Nf1 Nxd5 Rxa8 Qxa8 Bxc5 dxc5 exd5 e4 N3h2 Bg7 d6 Qc6 Qf4 f5 f3 e3 Nxe3 Be5 Qh6 Qxd6 Nhf1 Bf4 Nxf5 gxf5 Qh5 Re1 g3 Be3+
FIDE WCh KO,Moscow RUS,2001.12.02,3.2,"Tkachiev,V","Anand,V",1/2-1/2,A29,c4 e5 Nc3 Nf6 Nf3 Nc6 g3 Bb4 Bg2 O-O O-O Bxc3 bxc3 Re8 d3 e4 Nd4 exd3 exd3 h6 Bf4 Nxd4 cxd4 d5 Rb1
FIDE WCh KO,Moscow RUS,2001.12.02,3.2,"Pigusov,E","Dreev,A",1/2-1/2,D43,c4 c6 Nf3 d5 d4 Nf6 Nc3 e6 Bg5 h6 Bh4 dxc4 e4 g5 Bg3 b5 Be2 Bb7 Qc2 Nbd7 Ne5 Bg7 Rd1 Qb6 O-O Rd8 Kh1 c5 Bxc4 a6 Nxd7 Rxd7 e5 Nh5 Be2
FIDE WCh KO,Moscow RUS,2001.12.02,3.3,"Tkachiev,V","Anand,V",0-1,E15,d4 Nf6 c4 e6 Nf3 b6 g3 Ba6 b3 Bb4+ Bd2 Be7 Nc3 c6 e4 d5 e5 Ne4 Bd3 Nxc3 Bxc3 c5 dxc5 bxc5 Qe2 Bb7 O-O Nd7 Rfe1 O-O h4 Qc7 cxd5 Bxd5 Be4 Bxe4 Qxe4 Nb6 Ba5 Rad8 Rad1 Qc8 Bd2 Nd5 Rc1 Qa6 Rc2 h6 Rec1 Rb8 Kg2 Rfd8 Qc4 Qxc4 Rxc4 Nb6 R4c2 Rd5 Re1 Kf8 Re4 Ke8 h5 Rb7 Be3 Nd7 Kf1 a5 Bd2 Ra7 Bc3 Nb6 a4 Rd8 Nd2 Rb8 Ke2 Nd5 Bb2 Nb4 Rc1 Nc6 Bc3 Rd7 Rb1 Rd5 Nc4 Bd8 f4 Bc7 Ne3 Rd7 Nc4 Rbd8 g4 Kf8 Rf1 Rd3 Re3 R3d5 f5 Kg8 Re4 Rb8 Rb1 Bd8 fxe6 fxe6 Ne3 Bg5 Rb2 Rf8 Rb1 Rfd8 Nc4 Rd3 Ba1 Rh3 Nd6 Rf8 Rc4 Rh2+ Kd3 Rf3+
FIDE WCh KO,Moscow RUS,2001.12.02,3.3,"Zvjaginsev,V","Adams,Mi",0-1,A17,Nf3 Nf6 c4 e6 Nc3 Bb4 g4 h6 Rg1 b6 Qc2 Bb7 a3 Be7 g5 hxg5 Nxg5 Bf8 d4 Nc6 d5 Nd4 Qd1 c5 e3 Nf5 e4 Nd4 e5 exd5 exf6 Qxf6 Nxd5 Bxd5 cxd5 O-O-O Be3 Re8 Qd3 Nf5 O-O-O Nxe3 fxe3 Rxh2 Rd2 Bd6 Nh3 Kb8 Rxh2 Bxh2 Rh1 Be5 Bg2 Bxb2+ Kc2 c4 Qd2 Bxa3 Rf1 Qb2+ Kd1 Qb3+ Ke2 c3 Qd3 Qb2+ Kf3 c2
FIDE WCh KO,Moscow RUS,2001.12.02,3.3,"Bareev,E","Sakaev,K",1-0,E38,d4 Nf6 c4 e6 Nc3 Bb4 Qc2 c5 dxc5 Bxc5 Nf3 Qb6 e3 Qc7 b3 a6 g4 h6 Bb2 b6 Rg1 Bb7 Be2 d5 cxd5 Nxd5 Nxd5 Bxd5 Rc1 Bb4+ Kf1 Qxc2 Rxc2 O-O g5 h5 Ne5 g6 e4 Bb7 Rc7 Ra7 Nxg6 Re8 Nf4 Re7 Rxe7 Bxe7 g6 f6 Bc4
FIDE WCh KO,Moscow RUS,2001.12.02,3.3,"Shirov,A","Motylev,A",1-0,D20,d4 d5 c4 dxc4 e4 c5 d5 Nf6 Nc3 b5 Bf4 Ba6 Nf3 b4 Bxb8 bxc3 Qa4+ Qd7 Qxa6 cxb2 Rb1 Rxb8 Ne5 Qb7 Rxb2
FIDE WCh KO,Moscow RUS,2001.12.02,3.3,"Kasimdzhanov,R","Azmaiparashvili,Z",1/2-1/2,D94,d4 d5 c4 c6 Nc3 Nf6 e3 g6 Nf3 Bg7 Be2 O-O O-O Bg4 cxd5 Nxd5 h3 Bxf3 Bxf3 e6 Bd2 Nd7 Rc1 N5b6 Qe2 Qe7 Rfd1 e5 d5 e4 d6 Qxd6 Nxe4 Qe7 Qe1 Nd5 Rb1 Ne5 Be2 Rfd8 b4 Nd7 Ng3 N7b6 e4 Nc7 Be3 Na4 Rdc1 Nb5 Bxb5 cxb5 f4 Nb2 Qe2 Nc4 e5 f6 Rb3 fxe5 f5 e4 fxg6 hxg6 Kh1 Qh4 Bg1 Rd2 Qxe4 Qxe4 Nxe4 Rxa2 Rg3 Re8 Nc3 Bxc3 Rgxc3 Rd2 Rg3 Re6 Rf1 b6 Rgf3 Rd7 Rf8+ Kg7 Rb8 Ne5 Rf4 Nc6 Rc8 Ne7 Re8 Rd1 Kh2 Nd5 Rxe6 Nxf4 Re7+ Kf6 Rxa7 g5
FIDE WCh KO,Moscow RUS,2001.12.02,3.3,"Smirin,I","Ehlvest,J",1/2-1/2,C88,e4 e5 Nf3 Nc6 Bb5 a6 Ba4 Nf6 O-O Be7 Re1 b5 Bb3 O-O a4 Bb7 d3 d6 Nbd2 Nd7 c3 Nc5 Bc2 Ne6 Nf1 Ng5 Nxg5 Bxg5 d4 exd4 cxd4 Nb4 Ng3 c5 d5 Re8 Bb1 g6 Ra3 bxa4 Rxa4 Bf6 Ra3 a5 Rf3 Bg7 h3 Ba6 b3 Bb5 Bf4 Rc8 Qd2 c4 bxc4 Rxc4 Bg5 Qc7 Bf6 Bxf6 Rxf6 Re5 Rf3 Qe7 Rfe3 Qd8 Kh2 Re8 e5 dxe5 Rxe5 Rxe5 Rxe5 Qf6 Qe3 Bd7 d6 Qxd6 Rxa5 Be6 Be4 Rc8 f4 Nc2 Bxc2 Rxc2 Ne4 Qd8 Re5 Qa8 Qg3 Kh8 Qd3 Qa2 Rg5 h6 Qd4+ Kg8 Nf6+ Kf8 Rg3 Qb2 Qd8+ Kg7 Ne8+ Kh7 Qe7 Qd4 f5 Rxg2+ Rxg2 Qe5+ Rg3 Qe2+ Rg2 Qe5+
FIDE WCh KO,Moscow RUS,2001.12.02,3.3,"Khalifman,A","Lautier,J",0-1,B90,e4 c5 Nf3 d6 d4 cxd4 Nxd4 Nf6 Nc3 a6 Be3 e5 Nb3 Be6 f3 Be7 Qd2 O-O g4 d5 g5 d4 gxf6 Bxf6 Bf2 Bg5 Qd3 dxc3 Qxd8 Rxd8 bxc3 Bxb3 axb3 Bd2+ Ke2 Bxc3 Rd1 Rxd1 Kxd1 Nc6 Bd3 Nb4 Ke2 Rc8 Rd1 b5 Be3 g6 f4 exf4 Bxf4 Bb2 c4 Nxd3 Kxd3 Rd8+ Kc2 Rxd1 Kxd1 Ba3 Kc2 Kf8 Kd3 Ke7 cxb5 axb5 h3 Bc5 Ke2 Ke6 Kf3 Bd4 Kg4 f6 Bg3 Kd7 Kf3 Kc6 Ke2 Kd7 Kf3 Ke6 Bf4 Bc5 Kg4 Be7 Bg3 h5+ Kf3 g5 Be1 f5 exf5+ Kxf5 Bg3 Bc5 Bc7 Bd4 Bd6 g4+ hxg4+ hxg4+ Kg2 Be5 Be7 Ke4 Bf8 Kd3 Be7 Kc2 b4 Kd3 Bf8 Kc4 Be7 Kd5
FIDE WCh KO,Moscow RUS,2001.12.02,3.4,"Anand,V","Tkachiev,V",1/2-1/2,B07,e4 d6 d4 g6 Nf3 Bg7 Bd3 Nf6 h3 O-O O-O Nc6 c3 e5 Re1 h6 Na3 Bd7 dxe5 dxe5 Nc4 Nh5 Bf1 a5 b3 Re8 Ne3 Qc8 Nd5 Ne7 c4 Nc6 Be3 Kh7 a3 Be6 b4 Qd8 b5 Nd4 g4 Bxd5 cxd5 Nxf3+ Qxf3 Nf4 Rac1 Qd6 Rc3 Bf6 Rec1 Bd8 a4 Kg7 Rc4 Rh8 Bxf4 exf4 e5 Qxe5 Rxf4 Rf8 Re4 Qd6 Qg3 Qxd5 Qe5+ Qxe5 Rxe5 Bg5 Rc4 b6 Re2 Rad8 Rxc7 Rd4 Ra2 Re8 Kg2 Ree4 Rb7 Bd8 Rb8 Be7 Rxb6 Rxa4 Rxa4 Rxa4 Rc6 Rb4 Rc7 Bd6 Rc6 Be5 Rc5 Kf6 b6 Bd4 Rxa5 Rb2 b7 Rxb7 Ra3 Kg5 Ra2 h5 gxh5 Kxh5 Be2+ Kg5 Bf3 Rb4 Re2 f5 Bd5 Kf4 Rc2 Rb1 Bc6 Rb8 Bd5 Rh8 Rc4 Ke5 Bf3 g5 Rc2 Rb8 Ra2 Rb4 Rc2 Bb6 Be2 Kd4 Rd2+ Ke4 Rc2 Bd4 Bf3+ Kf4 Be2 Ke5
FIDE WCh KO,Moscow RUS,2001.12.02,3.4,"Adams,Mi","Zvjaginsev,V",1-0,B51,e4 c5 Nf3 d6 Bb5+ Nd7 d4 Nf6 Nc3 a6 Bxd7+ Nxd7 O-O e6 dxc5 Nxc5 Bg5 Qc7 a4 b6 Re1 f6 Be3 Be7 Nd4 O-O Qh5 Bd7 f4 Qb7 b4 Nxe4 Nxe4 Qxe4 Bf2 Qb7 Nxe6 Rf7 c3 Rc8 Bd4 g6 Qh3 Qd5 f5 Qxf5 Qxf5 gxf5 Nf4 Bc6 Bxb6 Be4 Bd4 d5 Nh5 Bd8 Ra2 Kf8 Rd1 Ke7 Bc5+ Kd7 Nf4 Kc6 Rad2 Rd7 c4
FIDE WCh KO,Moscow RUS,2001.12.02,3.4,"Sakaev,K","Bareev,E",0-1,B12,e4 c6 d4 d5 e5 Bf5 Nc3 e6 g4 Bg6 Nge2 Ne7 Nf4 c5 dxc5 Nec6 h4 Qc7 Bg2 Qxe5+ Kf1 Bxc5 h5 Be4 f3 f5 fxe4 fxe4 Ke1 Nd4 Nce2 Nf3+ Kf1 O-O c3 Nc6 b4 Bb6 a4 Ng5 a5 e3 axb6 Rxf4+ Kg1 Rxg4 Nd4 Qg3 Ra2 Nxd4 cxd4 Nf3+ Kf1 Nd2+ Rxd2 Rf8+ Kg1 exd2 Qxd2 Re4
FIDE WCh KO,Moscow RUS,2001.12.02,3.4,"Motylev,A","Shirov,A",1-0,C48,e4 e5 Nf3 Nc6 Nc3 Nf6 Bb5 Nd4 Ba4 Bc5 Nxe5 O-O Nd3 Bb6 e5 Ne8 Nd5 d6 Ne3 dxe5 Nxe5 Qg5 N5c4 f5 h4 Qg6 Ne5 Qf6 f4 Nc6 d4 Nxd4 Nd5 Qd6 Be3 Nf6 Nxf6+ gxf6 Nc4 Qb4+ c3 Qxc4 Bxd4 Be6 Bb3 Qc6 O-O Rad8 Qf3 Bxb3 Qxc6 bxc6 axb3 c5 Bf2 Rd2 Rad1 Rfd8 Rxd2 Rxd2 Rb1 c4 Bxb6 axb6 bxc4 Kg7 b4 Rc2 Rb3 Kg6 Kh2 Kh5 Kh3 Ra2 Rb1 Rc2 Rb3 Ra2 Kg3 Rd2 Ra3 Rd3+ Kf2 Kg4 Ra7 c5 Rg7+ Kxh4 g3+ Kh5 Rxh7+ Kg6 Rc7 Rxc3 bxc5 bxc5 Rxc5 Rc2+ Kf3 Rc3+ Kf2 Rc2+ Kf3 Rc3+ Kg2 Rc2+ Kh3 Rc1 Rc8 Kh5 c5 Rc2 Rc6 Kg6 Rc7 Kh5 Rc8 Kg6 c6 Kf7 g4 fxg4+ Kxg4 Rc5 Kf3 Ke6 Kg4 Kd6 Rf8 Ke7 Rc8 Kd6 c7 Kd7 Rf8 Kxc7 Rxf6 Kd7 Rf5 Rc6 Re5 Rg6+ Kf5 Rg8 Re6 Rf8+ Rf6 Rg8 Rf7+ Ke8 Kf6 Rh8 Ra7 Rh6+ Kg7 Rh5 Ra4 Rh4 Re4+ Kd7 Kg6 Rg4+ Kf5 Rg8 Kf6 Rg4 Re7+ Kd8 f5 Rf4 Re5 Ra4 Kf7 Ra7+ Kf8 Ra6 Rd5+
FIDE WCh KO,Moscow RUS,2001.12.02,3.4,"Azmaiparashvili,Z","Kasimdzhanov,R",1-0,C45,e4 e5 Nf3 Nc6 d4 exd4 Nxd4 Bc5 Be3 Qf6 c3 Nge7 g3 d5 Bg2 Nxd4 cxd4 Bb4+ Nc3 Bxc3+ bxc3 dxe4 Bxe4 c6 O-O Bf5 Bg2 O-O c4 Be6 d5 cxd5 cxd5 Bxd5 Bxd5 Rad8 Bd4 Qd6 Bxg7 Kxg7 Bxb7 Qb6 Qf3 Ng6 Qc3+ Qd4 Rfc1 Rfe8 Qxd4+ Rxd4 Rc2 Re5 Rb1 Ra5 Bf3 Ne5 Be2 Rd6 Kg2 Nc6 Rb7 Nd4 Rd2 Nf5 Rdb2 Rd4 Rc7 Nd6 Rc6 Ra3 h4 h6 Bf1 Ne4 Ra6 Rxa6 Bxa6 Nc3 Rc2 Nd5 Bc4 Nb4 Rc3 Nd5 Bxd5 Rxd5 Ra3 a5 Ra4 Kf6 Kf3 Kf5 Ke3 Rb5 Kd3 Ke6 Re4+ Kd6 Kc3 Rb1 Rd4+ Ke6 Rd2 Ke5 Re2+ Kd6 Re4 f5 Ra4 Rf1 Rf4 Ke5 Kb3 Rb1+ Kc3 Rc1+ Kd2 Rf1 Ke2 Rc1 Ra4 Rc5 Kd3 Kd5 Rd4+ Ke5 Rd8 Rb5 Ra8 h5 Ke3 Rc5 a4 Rc3+ Ke2 Rc5 Kf3 Rc3+ Kg2 Rc5 Kh3 Kf6 Ra6+ Ke5 Kg2 f4 Rh6 Kd4
FIDE WCh KO,Moscow RUS,2001.12.02,3.4,"Ehlvest,J","Smirin,I",1/2-1/2,D73,Nf3 Nf6 c4 g6 g3 Bg7 Bg2 c6 d4 d5 cxd5 cxd5 Ne5 O-O Nc3 Ng4 Nxg4 Bxg4 Nxd5 Nc6 Ne3 Bd7 d5 Nd4 O-O Qb6 Re1 Rac8 Rb1 Qa6 Bd2 Ba4 b3 Bb5 Nc4 Bxc4 bxc4 Rxc4 e3 Nc2 Bf1 Nxe1 Bxe1 b5 Bxc4 bxc4 Bb4 Bf6 Qd2 Rc8 Rc1 Qb7 Bc3 Bxc3 Rxc3 Qb1+ Kg2 Qe4+ f3 Qb1 Rc1 Qb5 e4 Qc5 Qc3 Rb8 Rd1 a5 e5 Rd8 d6 exd6 exd6 Rxd6 Rxd6 Qxd6 Qxc4 Qd2+ Kg1 h5 h4 Kg7 a4 Qb4 Qc2 Qd4+
FIDE WCh KO,Moscow RUS,2001.12.02,3.5,"Shirov,A","Motylev,A",1-0,D17,d4 d5 c4 c6 Nf3 Nf6 Nc3 dxc4 a4 Bf5 Ne5 e6 f3 Bb4 e4 Bxe4 fxe4 Nxe4 Bd2 Qxd4 Nxe4 Qxe4+ Qe2 Bxd2+ Kxd2 Qd5+ Kc2 O-O Qe3 Na6 Bxc4 Qc5 Qxc5 Nxc5 b4 Ne4 Rhe1 Nd6 a5 a6 Bb3 Rfd8 Rad1 Kf8 Nd3 b6 axb6 Rab8 Nc5 Rxb6 Bxe6 Rxb4 Nd7+
FIDE WCh KO,Moscow RUS,2001.12.02,3.5,"Smirin,I","Ehlvest,J",1-0,B83,e4 c5 Nf3 e6 d4 cxd4 Nxd4 Nf6 Nc3 d6 Be2 Be7 O-O Nc6 Be3 Bd7 Ndb5 Qb8 a4 O-O Qd2 a6 Na3 Ne5 f4 Neg4 Bb6 Bc6 Kh1 Nd7 Nc4 Ngf6 Bf3 Nxb6 Nxb6 Ra7 a5 Nd7 f5 Ne5 fxe6 fxe6 Be2 Rxf1+ Rxf1 Bd8 Nc4 Nxc4 Bxc4 Bxa5 Bxe6+ Kh8 Qf4 Ra8 Nd5 Qd8 Qf7 Qe8 Qf5 Rb8 Rf3 Bxd5 exd5 Qe7 Rh3 h6 Rf3 Bd2 g3 Qg5 Qf7 Ba5 h4 Qe5 h5 Bd2 Qf8+ Rxf8 Rxf8+ Kh7 Bg8+ Kh8 Bf7+
FIDE WCh KO,Moscow RUS,2001.12.02,3.6,"Motylev,A","Shirov,A",1/2-1/2,C48,e4 e5 Nf3 Nc6 Nc3 Nf6 Bb5 Nd4 Ba4 Bc5 Nxe5 O-O Nd3 Bb6 e5 Ne8 Nd5 d6 Ne3 dxe5 Nxe5 Qg5 N5c4 f5 h4 Qf6 f4 Nd6 c3 Nxc4 Nxc4 Qg6 Kf1 Be6 Ne5 Qg3 cxd4 Bd5 Qe2 Qxf4+ Nf3 c6 d3 Qd6 Be3 Rae8 Qd2 Ba5 Bf4 Qg6 Qf2 Qg4 Be5 f4 Bd1 Qf5 Qe2 c5 Bb3 Rd8 Qe4 Qd7 Ng5 g6 Bxd5+ Qxd5 Qxd5+ Rxd5 Ne6 Re8 Nxf4 Rd7 Ne2 Rf7+ Bf4 cxd4 g3 h6 Nxd4 g5 hxg5 hxg5 Rh5 Bd8 Ne2 gxf4 Nxf4 Bc7 Rg5+ Kf8 Rg4 Re3 Rd1 Bxf4 gxf4 Rd7 Rh4 Kg7 Kf2 Rexd3 Rxd3 Rxd3 Ke2 Rg3 Kd2 b6 a4 Rb3 Kc2 Rb4 b3 a5 Kc3 Re4 Kd3 Rb4 Kc2 Rd4 Kc3 Re4 Rg4+ Kf7 Rh4
FIDE WCh KO,Moscow RUS,2001.12.02,3.6,"Ehlvest,J","Smirin,I",1-0,B60,e4 c5 Nf3 d6 d4 cxd4 Nxd4 Nf6 Nc3 Nc6 Bg5 a6 Qd2 Qb6 Nxc6 bxc6 Na4 Qc7 Bd3 d5 Bxf6 gxf6 O-O e6 c4 dxe4 Bxe4 f5 Bf3 Bg7 c5 O-O Rad1 Be5 Nb6 Rb8 g3 Kh8 b4 Bb7 Qe3 f4 Qe4 f5 Qe2 Bc8 a3 fxg3 hxg3 Rg8 Rfe1 Bc3 Rf1 e5 Qc4 Bd4 Kg2 Qg7 Rh1 f4 Be4 h6 Nxc8 Bxf2 Kxf2 Qxg3+ Kf1
FIDE WCh KO,Moscow RUS,2001.12.02,3.7,"Ehlvest,J","Smirin,I",1-0,B66,e4 c5 Nf3 d6 d4 cxd4 Nxd4 Nf6 Nc3 Nc6 Bg5 a6 Qd2 e6 O-O-O Qb6 Nxc6 bxc6 Bc4 Be7 Bb3 e5 Bxf6 gxf6 f4 a5 Rhf1 Bg4 Rde1 Be6 Qd3 Qd4 Bxe6 fxe6 Qh3 Kd7 Rd1 Qc5 f5 exf5 Qxf5+ Kc7 Rd3 Qb6 Na4 Qb4 b3 Rab8 Nb2 Qa3 Kb1 a4 Qe6 Rhe8 Nc4 Qc5 Rfd1 axb3 cxb3 Rbd8 Ne3 Kb7 Rc1 Qb5 Rc4 d5 exd5 cxd5 Rxd5 Rxd5 Nxd5 Ba3 Qf7+ Kb8 Nc7 Qa5 Qxe8+
FIDE WCh KO,Moscow RUS,2001.12.02,3.2,"Milov,V","Svidler,P",0-1,D85,d4 Nf6 c4 g6 Nc3 d5 cxd5 Nxd5 e4 Nxc3 bxc3 Bg7 Ba3 Nd7 Nf3 c5 Bc4 cxd4 Qb3 O-O cxd4 Nb6 Be2 Be6 Qb4 Rc8 O-O Bc4 Rfe1 Bxe2 Rxe2 Nc4 Rd1 Qd6 Qxd6 exd6 Bc1 Rfe8 Bf4 b5 Rb1 a6 g4 Na3 Rb3 Rc2 Re1 Rxa2 Bxd6 Nc2 Rd1 Rxe4 d5 Nd4 Nxd4 Rxd4 Rxd4 Bxd4 Rd3 Bxf2+ Kh1 Ra4 Be5 Rxg4 h3 Re4 Bf6 Bb6 Rd1 Kf8 Rc1 Rc4 Re1 Bc5
FIDE WCh KO,Moscow RUS,2001.12.02,3.4,"Lautier,J","Khalifman,A",1-0,E94,d4 g6 c4 Bg7 e4 d6 Nf3 Nf6 Nc3 O-O Be2 Nbd7 O-O e5 Be3 c6 Qc2 Qe7 d5 c5 Nh4 Ne8 g3 Ndf6 Bg5 Bh3 Rfe1 Qd7 f3 Nh5 Nd1 f6 Bd2 Qe7 Bd3 Bc8 a3 Qf7 Ne3 Kh8 b4 b6 a4 a5 bxa5 bxa5 Rab1 Bh6 Bc3 Bg5 Nhg2 Kg8 Rf1 Bh3 f4 exf4 gxf4 Bh6 Rf3 Bc8 Rb5 Qc7 Qd2 Neg7 Bc2 f5 e5 g5 e6 gxf4 Nd1 Ba6 Bxa5 Qe7 Rb6 Bxc4 Bc3 Nf6 Bxf6 Qxf6 Rxd6 Rfd8 Qc3 Qd4+ Qxd4 cxd4 Rxd8+ Rxd8 Bb3 Bxd5 e7 Rd7 Bxd5+ Rxd5 Ra3 Ra5 Nh4 Bg5 Nf3 Bxe7 Ra2 Ne6 Re2 Ng5 Rg2 Kf7 Nxg5+ Bxg5 Rxg5 Kf6 Rg2 Rxa4 Rd2 Ke5 Kf2 Ra3 Nb2 Ke4 Re2+ Re3 Nc4 h5 Nd6+ Ke5 Nc4+ Ke4 Nd6+ Kd3 Ra2 Re5 Nf7 Rd5 Ng5 Kc3 Nf3 d3 Nd2 h4 Nb1+ Kb3 Rd2 Kc4 Ra2 Rb5 Ra4+ Kb3 Rxf4 Kb2 Nd2 Kc3 Nf3 h3 Kg3 d2 Rd4
FIDE WCh KO,Moscow RUS,2001.12.05,4.3,"Adams,Mi","Svidler,P",1/2-1/2,B90,e4 c5 Nf3 d6 d4 cxd4 Nxd4 Nf6 Nc3 a6 Be3 e5 Nb3 Be6 f3 Nbd7 g4 b5 g5 b4 Nd5 Nxd5 exd5 Bf5 Bd3 Bxd3 Qxd3 Be7 Rg1 O-O O-O-O a5 Nd2 f5 gxf6 Nxf6 f4 Nd7 Rg4 Rf7 Rdg1 exf4 Bxf4 Nc5 Qg3 Bf8 Be3 Rc8 Kb1 Qd7 Bd4 Qc7 Rc1 Rf5 b3 Rxd5 Nc4 Ne6 Bb2 Rf5 Ne3 Rb5 Qf2 Qf7 Qe2 Rg5 Rxg5 Nxg5 Qg4 Ne6 Nf5 h5 Qh3 Rc5 Rf1 Qg6 Qf3 Kh7 h3 Ng5 Qd3 d5 Bd4 Rc7 Ne3 Qxd3 cxd3 Be7 Nxd5 Rd7 Nxe7 Rxd4 Rf5 Kh6 Ng8+ Kg6 Ne7+ Kh6 Ng8+
FIDE WCh KO,Moscow RUS,2001.12.05,4.2,"Nikolic,Pr","Lautier,J",1/2-1/2,E15,d4 Nf6 Nf3 e6 c4 b6 g3 Ba6 Qa4 c5 Bg2 Bb7 dxc5 Bxc5 O-O O-O Nc3 Be7 Rd1 d6 Qc2 a6 b3 Qc7 Bb2 Nbd7 Rac1
FIDE WCh KO,Moscow RUS,2001.12.05,4.2,"Morozevich,A","Ponomariov,R",1-0,C96,e4 e5 Nf3 Nc6 Bb5 a6 Ba4 Nf6 O-O Be7 Re1 b5 Bb3 d6 c3 O-O h3 Na5 Bc2 c5 d4 cxd4 cxd4 Bb7 d5 Rc8 b3 Qc7 Bd3 Nxe4 Bxe4 f5 Bd3 e4 Bg5 Bf6 Bxf6 Rxf6 Be2 exf3 Bxf3 b4 Nd2 Rff8 a3 Qb6 axb4 Qxb4 Ra4 Qc3 Re3 Qb2 Nf1 Rc5 Qe1 Rc1 Qxa5 Qb1 Be2 f4 Rf3 g5 Bd3 Qb2 Rc4
FIDE WCh KO,Moscow RUS,2001.12.05,4.2,"Svidler,P","Adams,Mi",1/2-1/2,C88,e4 e5 Nf3 Nc6 Bb5 a6 Ba4 Nf6 O-O Be7 Re1 b5 Bb3 O-O a4 Bb7 d3 d6 Nbd2 Qd7 Nf1 Nd8 axb5 axb5 Rxa8 Bxa8 Ng3 Ne6 c3 c5 d4 exd4 cxd4 d5 e5 Ne4 dxc5 N4xc5 Ba2 d4 Nf5 d3 b4 Na6 Re3 Rd8 Bxe6 fxe6 Nxe7+ Qxe7 Rxd3 Rxd3 Qxd3 Nxb4 Qxb5
FIDE WCh KO,Moscow RUS,2001.12.05,4.3,"Morozevich,A","Ponomariov,R",1/2-1/2,C92,e4 e5 Nf3 Nc6 Bb5 a6 Ba4 Nf6 O-O Be7 Re1 b5 Bb3 d6 c3 O-O h3 Nd7 d4 Bf6 Be3 Na5 Bc2 Nc4 Bc1 Bb7 a4 exd4 cxd4 c5 axb5 cxd4 bxa6 Rxa6 Rxa6 Bxa6 b3 Nce5 Nxd4 Nc5 Be3 Ned3 Bxd3 Nxd3 Re2 d5 e5 Bxe5 Nc6 Bh2+ Kxh2 Qd6+ Kg1 Qxc6 Rd2 Qg6 Nc3 Bb7 Qg4 Qxg4 hxg4 Ne5 f3 Rd8 g5 f6 gxf6 gxf6 Ne4 Kf7 Nc5 Bc6 Rd4 Ng6 Rb4 Ne7 Bf2 Ra8 Rb6 Ra1+ Kh2 Ra2 Bd4 Rd2 Be3
FIDE WCh KO,Moscow RUS,2001.12.05,4.3,"Lautier,J","Nikolic,Pr",1-0,D94,d4 d5 c4 c6 Nc3 Nf6 e3 g6 Nf3 Bg7 Be2 O-O O-O b6 Bd2 Bb7 b4 Ne4 Rc1 Nxd2 Qxd2 Nd7 Rfd1 e6 cxd5 exd5 b5 c5 dxc5 Nxc5 Nxd5 Ne4 Qd3 Bxd5 Qxd5 Nc3 Qxd8 Raxd8 Re1 Rd5 Bf1 Rfd8 a3 Rc5 Rc2 Kf8 h3 Rdd5 Rec1 Na4 Rxc5 Nxc5 Be2 Ke7 Kf1 Bb2 Rc2 Na4 Rc7+ Rd7 Rc4 Nc5 a4 f5 a5 Kf6 Rc2 Ba1 axb6 axb6 Nd2 Ra7 Nc4 Be5 g4 Bc7 Rd2 Ra4 Nxb6 Ra1+ Kg2 Bxb6 Rd6+ Ke7 Rxb6 Ra2 Bf3 Nd3 gxf5 gxf5 Rh6 Rxf2+ Kg3 Rb2 b6 Ne5 Bd5 Nd7 Rxh7+ Kd6 b7 Kxd5 Rxd7+ Ke6 Rc7 Rb4 h4 Kf6 Kf3 Kg6 Ke2 Kh5 Kd3 Rb1 Kd4 Kg4 Rh7 f4 exf4 Kxf4 Kd5
FIDE WCh KO,Moscow RUS,2001.12.05,4.2,Ye Jiangchuan,"Ivanchuk,V",1/2-1/2,C02,e4 e6 d4 d5 e5 b6 c3 Qd7 a4 Ba6 Bxa6 Nxa6 Qd3 Qc8 b4 Ne7 b5 Nb8 Nd2 a6 Rb1 axb5 axb5 c6 Ne2 cxb5 Rxb5 Nd7 O-O Qa6 Nf4 Nc6 Bb2 Be7 c4 dxc4 Qxc4 Rc8 Ra1 Nxd4 Rxa6 Rxc4 Nxc4 Nxb5 Nxb6
FIDE WCh KO,Moscow RUS,2001.12.05,4.4,"Ponomariov,R","Morozevich,A",1-0,C78,e4 e5 Nf3 Nc6 Bb5 a6 Ba4 Nf6 O-O Bc5 c3 b5 Bb3 d6 a4 Bg4 h3 Bxf3 Qxf3 O-O a5 Rb8 d3 Nd7 Nd2 Kh8 Kh1 Ne7 Qe2 h6 f4 Ng6 f5 Nf4 Qf3 Nf6 Bc2 g5 fxg6 fxg6 Nb3 Nd7 Bxf4 Rxf4 Qe2 Ba7 Rxf4 exf4 Qg4 g5 d4 Nf6 Qe6 Qf8 e5 Nh5 exd6 Qxd6 Qxd6 cxd6 Re1 Rf8 Re7 Bb8 Nd2 Ng7 Nf3 Re8 Rb7 d5 Rb6 h5 Bg6 Rc8 Nxg5 f3 gxf3 Bf4 h4 Bc1 Rxa6 Bxb2 Bf7 Ne8 Rg6 Nc7 Rc6 Ra8
FIDE WCh KO,Moscow RUS,2001.12.05,4.2,"Ehlvest,J","Bareev,E",0-1,B12,e4 c6 d4 d5 e5 Bf5 Nc3 e6 g4 Bg6 Nge2 c5 h4 h5 Nf4 Bh7 Bb5+ Nc6 Nxh5 cxd4 Qxd4 Ne7 Bg5 a6 Bxc6+ Nxc6 Qa4 b5 Qf4 Qc7 O-O-O b4 Nxd5 exd5 Rd2 Nd8 Bxd8 Rxd8 Re1 Bg6 Qf3 Bxh5 e6 Bd6 Rde2 Qc4 exf7+ Kd7 Re7+ Bxe7 Qf5+ Kc6
FIDE WCh KO,Moscow RUS,2001.12.05,4.4,"Shirov,A","Topalov,V",1/2-1/2,B77,e4 c5 Nf3 Nc6 d4 cxd4 Nxd4 g6 Nc3 Bg7 Be3 Nf6 Bc4 O-O Bb3 d6 f3 Bd7 Qd2 Nxd4 Bxd4 b5 h4 a5 a4 bxa4 Nxa4 Be6 Nb6 Ra6 Nd5 Bxd5 exd5 Qc7 Ra4 Rb8 Kf2 h5 Re1 Ne8 Bxg7 Nxg7 g4 Qd8 Kg2 Ra7 Qe3 Rab7 Re4 Rb4 Qg5 Rxe4 Rxe4 Rb4 Rxb4 axb4 Qe3 Qc7 Qd4 Qa5 Qe3 Qc7 Qd4 Qa5 Qe3
FIDE WCh KO,Moscow RUS,2001.12.05,4.5,"Svidler,P","Adams,Mi",1/2-1/2,C88,e4 e5 Nf3 Nc6 Bb5 a6 Ba4 Nf6 O-O Be7 Re1 b5 Bb3 O-O a4 Bb7 d3 d6 Nbd2 Na5 Ba2 c5 Nf1 b4 Ne3 Rb8 Nd2 Bc8 Bc4 Nxc4 dxc4 Be6 b3 Rb7 Rf1 Nd7 Qe2 Nb8 Nd5 Nc6 Bb2 Bg5 Rad1 a5 f4 exf4 Nxf4 Bxf4 Rxf4 f6 Nf1 Re8 Ne3 Rbe7 Qd2 Rd7 Qf2 Ne5 Qg3 Bf7 h3 Bg6 Nd5 Rf7 c3 bxc3 Nxc3 Rd7 Nb5 Nf7 h4 Ne5 Bc3 Re6 Qh3 Bf7 h5 h6 Rf5 Kh8 Qe3 Qe7 Bxa5 Ng4 Qg3 Rxe4 Rf4 Rxf4 Qxf4 Ne5 Qf5 d5 Re1 dxc4 bxc4 Bxc4 Bc3 Rd5 Qc8+ Rd8 Qf5 Re8 Bxe5 fxe5 Nc3 Qh4 Re4 Bd3 Qd7 Bxe4 Qxe8+ Kh7 Nxe4 Qe1+ Kh2 Qh4+ Kg1
FIDE WCh KO,Moscow RUS,2001.12.05,4.5,"Gelfand,B","Azmaiparashvili,Z",1-0,D56,d4 d5 c4 e6 Nc3 Nf6 Nf3 Be7 Bg5 h6 Bh4 O-O e3 Ne4 Bxe7 Qxe7 Rc1 c6 Bd3 Nxc3 Rxc3 dxc4 Bxc4 b6 Bd3 Bb7 Be4 Na6 Bxc6 Bxc6 Rxc6 Nb4 Rc4 b5 Rc5 Rac8 Rxb5 Rc1 Qxc1 Nd3+ Ke2 Nxc1+ Rxc1 Qd6 a4 Rb8 Rc4 Rxb5 axb5 Qb8 Rc5 a6 Kd3 axb5 Kc3 Qb6 Kb4 Qa6 Rxb5 Qa1 Kc5 Qf1 b4 Qxg2 Ne5 f6 Rb8+ Kh7 Nc6 Qxh2 b5 Qh5+ Kd6 Qd5+ Kc7 e5 b6 Qf7+ Kd6 exd4 exd4 h5 b7 h4 Rh8+ Kxh8 b8=Q+ Kh7 Qb1+ f5 Qh1 g5 d5 Qf6+ Kc7 Qg7+ Kd6 Qf6+ Kd7 g4 d6 f4 Qe4+ Kh6 Qe6 Qxe6+ Kxe6 g3 fxg3 f3 Ne5
FIDE WCh KO,Moscow RUS,2001.12.05,4.5,"Shirov,A","Topalov,V",1-0,B77,e4 c5 Nf3 Nc6 d4 cxd4 Nxd4 g6 Nc3 Bg7 Be3 Nf6 Bc4 O-O Bb3 d6 f3 Bd7 Qd2 Rc8 O-O-O Nxd4 Bxd4 b5 Nd5 Nxd5 exd5 Bxd4 Qxd4 a5 a3 b4 a4 Qe8 h4 Bxa4 Kb1 Bxb3 cxb3 a4 h5 f6 hxg6 Qxg6+ Qd3 axb3 Rh4 Qxd3+ Rxd3 Rb8 Rxb3 Rb5 Rd4 Rfb8 Kc2 Kf7 g4 f5 gxf5 Kf6 Re3 b3+ Kd3 R8b7 Re6+ Kxf5 Rh6 Rb4 Re4 R4b5 Ke3 Kg5 Reh4
FIDE WCh KO,Moscow RUS,2001.12.05,4.2,"Shirov,A","Topalov,V",1/2-1/2,C42,e4 e5 Nf3 Nf6 Nxe5 d6 Nf3 Nxe4 d4 d5 Bd3 Nc6 O-O Be7 c4 Nb4 Be2 Be6 Nc3 O-O Be3 Bf5 Qb3 c6 cxd5 cxd5 Rac1 a5 Na4 Rb8 Nc5 Bd6 Rfd1 b6 Nxe4 dxe4 Ne5 Qe8 Nc4 Bc7 Na3 Rb7 Nb5 Bb8 d5 Bd7 a4 Be5 d6 Qb8 Rc7 Rd8 Qc4 Na6 Rc1 Nxc7 dxc7 Rxc7 Nxc7 Rc8 Qd5 Rxc7 Rd1 Qe8 Bxb6 Bxa4 Qxe5 Qxe5 Rd8+ Be8 Bxc7 Qe7 Bxa5 h6 Bb5
FIDE WCh KO,Moscow RUS,2001.12.05,4.6,"Azmaiparashvili,Z","Gelfand,B",1/2-1/2,D10,d4 Nf6 c4 c6 Nc3 d5 cxd5 cxd5 Bf4 Nc6 e3 a6 Bd3 Bg4 Nge2 e6 Qb3 Na5 Qa4+ Nc6 Ng3 Be7 Be5 b5 Qb3 Nxe5 dxe5 Nd7 h3 Nxe5 Bb1 Bh4 hxg4 Bxg3 fxg3 Nxg4 Nd1 Qc7 e4 d4 O-O O-O Qf3 h5 Bd3 Ne5 Qe2 Qe7 Qd2 Rac8 Nf2 Rfd8 Rac1 Nc4 Bxc4 bxc4 Qe2 Qc5 e5 d3 Qxh5 d2 Rcd1 Rd5 Qg5 Rcd8 Kh2 f6 Qf4 fxe5 Qg4 Qe3 Ne4 Qh6+ Kg1 Qe3+ Rf2 Rd4 Nf6+ Kf7 Ne4+ Kg8 Qxe6+ Kh8 Nc3 Rf8 Qh3+ Kg8 Qe6+ Kh8 Rf1 Rxf2 Rxf2 d1=Q+ Nxd1 Rxd1+ Kh2 Qxf2 Qe8+ Kh7 Qh5+ Kg8 Qxd1 Qxb2 Qd5+ Kf8 Qxc4 Qb5 Qc8+ Kf7 Qf5+ Kg8 Qe6+ Kf8 g4 Qb4 Qf5+ Kg8 Qe6+ Kh7 Kh3 Qc3+ g3 Qe1 Kh4 Qd2 Qxa6 e4 g5 e3 Qc4 e2 Qe4+ g6 Qe7+ Kg8 Qe6+ Kf8 Qf6+ Ke8 Qxg6+ Kd7 Qf5+ Kc6 Qc8+ Kb6 Qb8+ Ka6 Qa8+ Kb6 Qb8+ Ka6 Kh5
FIDE WCh KO,Moscow RUS,2001.12.05,4.6,"Topalov,V","Shirov,A",1-0,C42,e4 e5 Nf3 Nf6 Nxe5 d6 Nf3 Nxe4 d4 d5 Bd3 Nc6 O-O Be7 c4 Nb4 Be2 O-O Nc3 Be6 Be3 Bf5 Qb3 c6 g4 Bxg4 c5 a5 a3 Na6 Qxb7 Nc7 Ne5 Bxe2 Nxc6 Qd7 Nxe2 Ra6 Ne5 Qd8 Ng3 Bf6 Nxe4 dxe4 Qxe4 Re6 c6 Bxe5 dxe5 f5 Qc4 f4 Bb6 Qd5 Qxd5 Nxd5 Bxa5 f3 c7 Nf4 Rac1 Ne2+ Kh1 Nxc1 Rxc1 Rc8 Rd1 Kf7 Rd8 Rc6 h3 R8xc7 Bxc7 Rxc7 Rd3 Rc2 Rxf3+ Ke6 b4 Kxe5 Kg2 Rb2 Rf7 Kd5
FIDE WCh KO,Moscow RUS,2001.12.05,4.7,"Topalov,V","Shirov,A",0-1,C42,e4 e5 Nf3 Nf6 Nxe5 d6 Nf3 Nxe4 d4 d5 Bd3 Nc6 O-O Be7 c4 Nb4 Be2 O-O Nc3 Be6 Be3 Bf5 Qb3 c6 g4 Bxg4 c5 a5 a3 Na6 Qxb7 Nxc3 bxc3 Nc7 Rab1 Nb5 Ne5 Bxe2 Nxc6 Qe8 Nxe7+ Kh8 Rfe1 Rb8 Qxd5 Qxe7 Bd2 Nc7 Qd6 Qxd6 cxd6 Rxb1 Rxb1 Nb5 d7 Nxa3 Rb7 h6 Bf4 Bg4 Bd6 Rd8 Bxa3 Rxd7 Rb8+ Kh7 Ra8 Rd5 Kg2 Be2 f3 Rf5 f4 Bc4 Kg3 Rb5 Bc5 Rb3 Rxa5 Rxc3+ Kf2 Rc2+ Ke3 Re2+ Kf3 Rxh2 Bd6 Rd2 Ke3 Rd3+ Ke4 Rd1 Rc5 Re1+ Kf3 Bd3 d5 Be4+ Kf2 Rd1 Ke3 Bxd5 Ke2 Bf3+ Kxf3 Rxd6
FIDE WCh KO,Moscow RUS,2001.12.05,4.2,"Gelfand,B","Azmaiparashvili,Z",1/2-1/2,D15,d4 d5 c4 c6 Nc3 Nf6 Nf3 a6 a4 e6 g3 dxc4 Bg2 c5 dxc5 Qxd1+ Nxd1 Nc6 Ne3 Bxc5 Nxc4 Bd7 O-O Ke7 b3 b5 Nce5 Rac8 Nxd7 Nxd7 axb5 axb5 Bb2 f6 Rfc1 Rc7 Ne1 Rhc8 Nd3 Nd4 Bxd4 Bxd4 Rxc7 Rxc7 Ra5 Nc5 Nxc5 Rxc5 e3 Bc3 Ra7+ Kf8 Bf1 Bb4 Rb7 Rc2 Bxb5 Be1 f4 Bf2+ Kh1 Bxe3 Bc4 g5 Bxe6 h5 fxg5 fxg5 h3 Bf2 Rf7+
FIDE WCh KO,Moscow RUS,2001.12.05,4.3,"Azmaiparashvili,Z","Gelfand,B",0-1,D12,d4 Nf6 Nf3 d5 c4 c6 e3 Bf5 Nc3 e6 Nh4 Bg6 Nxg6 hxg6 Qb3 Qc7 Bd2 Nbd7 g3 Be7 Rc1 Nb6 cxd5 exd5 Bg2 Nc4 Qc2 Qd7 Na4 O-O O-O Rfe8 Bc3 Qf5 b3 Nd6 Nc5 Nfe4 Bb4 a5 Ba3 Nxc5 Bxc5 Qxc2 Rxc2 Nb5 a4 Nc7 Bh3 f5 Rd1 Na6 Bxe7 Rxe7 Bf1 Nb4 Rc5 g5 Rc3 f4 exf4 gxf4 Bh3 Rf8 Bg4 Rf6 Kg2 Kf7 Bf3 fxg3 hxg3 Ke6 Re3+ Kd6 Rde1 Rxe3 fxe3 Re6 Re2 c5 dxc5+ Kxc5 Bg4 Re4 Bf5 Re5 g4 Nc6 Bc8 Re7 Rc2+ Kb4 Rc1 Kxb3 Bxb7 Nb4 Bc8 Kxa4 Rc5 Ra7 Be6 Ka3 Kf3 a4 e4 dxe4+ Kxe4 Ra6 Kf5 g6+ Kf6 Kb2 Rb5 Kc3 Rc5+ Kd2 Kf7 a3 Bc4 Rc6 Rxc6 Nxc6 Ba2 Ne5+ Kf6 Nxg4+ Kxg6 Kc3 Kf5 Kb2 Be6 Nf2 Ke5 Nd3+ Kd4 Nc1
FIDE WCh KO,Moscow RUS,2001.12.05,4.3,"Topalov,V","Shirov,A",1/2-1/2,C42,e4 e5 Nf3 Nf6 Nxe5 d6 Nf3 Nxe4 d4 d5 Bd3 Nc6 O-O Be7 c4 Nb4 Be2 O-O Nc3 Be6 Be3 Bf5 Qb3 c6 Ne5 a5 g4 Be6 Nxe4 dxe4 a3 f6 axb4 fxe5 d5 cxd5 cxd5 Bxd5 Bc4 Bxc4 Qxc4+ Kh8 bxa5 Rxa5 Qxe4 Rb5 Rfd1 Qe8 h3 Rxb2 Qxe5 Rb5 Qe6 Bg5 Qxe8 Rxe8 Bxg5 Rxg5 Ra7 h5 Rxb7
FIDE WCh KO,Moscow RUS,2001.12.05,4.4,"Gelfand,B","Azmaiparashvili,Z",0-1,B07,d4 d6 e4 Nf6 f3 c5 d5 e6 c4 b5 dxe6 fxe6 cxb5 d5 e5 Nfd7 f4 c4 Be3 Bc5 Bxc5 Nxc5 Qd4 Qa5+ Nd2 Qxb5 b3 Qa5 Rc1 Nc6 Qc3 Qxc3 Rxc3 Nb4 a3 Nbd3+ Bxd3 Nxd3+ Rxd3 cxd3 Ngf3 Bd7 Kf2 a5 a4 Ke7 Ke3 Rac8 Nd4 g5 fxg5 Rcg8 h4 h6 g4 hxg5 h5 Rf8 N2f3 Rf4 Rg1 Re4+ Kxd3 Bc8 Rc1 Rxg4 Rc7+ Bd7 Nc6+ Ke8 Nb8 Rh7 Nd4 Rxh5 Nxd7 Rh3+ Ke2 Re4+ Kf2 Rxd4 Nf6+ Kd8
FIDE WCh KO,Moscow RUS,2001.12.05,4.4,"Nikolic,Pr","Lautier,J",0-1,E12,d4 Nf6 Nf3 e6 c4 b6 Bf4 Bb7 e3 Be7 h3 c5 d5 exd5 Nc3 dxc4 Nb5 O-O Nc7 d5 Nxa8 Bxa8 Be2 Nc6 O-O b5 a4 b4 Qb1 Ne4 Rd1 Na5 Ne5 Nb3 Bxc4 Ned2 Qc2 dxc4
FIDE WCh KO,Moscow RUS,2001.12.05,4.6,"Adams,Mi","Svidler,P",0-1,B50,e4 c5 Nf3 d6 c3 Nf6 Be2 Nbd7 d3 b6 Nbd2 Bb7 O-O g6 Re1 Bg7 Bf1 O-O d4 cxd4 cxd4 e5 d5 a5 Rb1 Nc5 b3 Ne8 Nc4 b5 Na3 b4 Nc4 f5 exf5 gxf5 Be3 Ne4 Rc1 Nc3 Rxc3 bxc3 Bb6 Qc8 Ng5 c2 Qd2 a4 Ne6 Rf6 Nxg7 Nxg7 f4 axb3 axb3 Qf8 Qxc2 Bxd5 Qd2 Bxc4 Bxc4+ Kh8 Qb2 d5 Bxd5 Rxb6 Bxa8 Qxa8 Rxe5 Qf8 Qc3 h6 h3 Qb4 Qc8+ Kh7 Qc4 Qxb3 Qe2 Qg3 Qf1 Rb4 Re7 Qxf4 Qe1 Re4 Rxe4 fxe4 Qc3 Nf5 Qf6 Qe3+ Kh2 Qg5 Qe6 Qf4+ Kg1 Ng7 Qc4 h5 Qd4 h4 Qc4 Kg6 Qc6+ Kg5 Qd7 Qe5 Qg4+ Kf6 Qxh4+ Ke6 Qg4+ Kd6 Qd1+ Ke7 Qe1 Qd4+ Kh2 e3 Qb1 Ne6 Qb7+ Kf6 Qf3+ Qf4+ Qxf4+ Nxf4 Kg3 Ke5 Kf3 e2 Kf2
FIDE WCh KO,Moscow RUS,2001.12.05,4.4,"Svidler,P","Adams,Mi",1/2-1/2,C88,e4 e5 Nf3 Nc6 Bb5 a6 Ba4 Nf6 O-O Be7 Re1 b5 Bb3 O-O h3 Bb7 d3 d6 a3 Nb8 Nbd2 Nbd7 Nf1 Re8 Ng3 Nc5 Ba2 Ne6 c3 c5 Nf5 Bf8 Nh2 Rc8 Ng4 Nxg4 Qxg4 Kh8 Qf3 Qd7 Ne3 Nf4 Nf1 Ne6 Ne3 Nf4 Nf1 Ne6 Ne3 Nf4
FIDE WCh KO,Moscow RUS,2001.12.05,4.2,"Anand,V","Dreev,A",1-0,B19,e4 c6 d4 d5 Nc3 dxe4 Nxe4 Bf5 Ng3 Bg6 h4 h6 Nf3 Nd7 h5 Bh7 Bd3 Bxd3 Qxd3 e6 Bf4 Bb4+ c3 Be7 O-O-O Ngf6 Kb1 O-O Ne5 Qa5 Nxd7 Nxd7 Ne4 Rad8 Qg3 Kh8 Bc7 Qf5 f3 Rc8 Ka1 Nf6 Nd6 Bxd6 Bxd6 Rfd8 Be5 c5 dxc5 Nxh5 Rxd8+ Rxd8 Bxg7+ Kh7 Qh4 Rd2 Bxh6 Kxh6 g4 Qg5 Qxh5+ Qxh5 Rxh5+ Kg7 a4 Rd3 c6 bxc6 Ra5 Rxf3 Rxa7 e5 a5 Kf6 a6 e4 Ra8 Rd3 Re8 Rd5 b4 Rd7 c4
FIDE WCh KO,Moscow RUS,2001.12.06,5.1,"Anand,V","Shirov,A",1-0,C42,e4 e5 Nf3 Nf6 Nxe5 d6 Nf3 Nxe4 d4 d5 Bd3 Nc6 O-O Be7 c4 Nb4 Be2 O-O Nc3 Be6 Ne5 c5 Nxe4 dxe4 d5 Bc8 a3 Na6 Qc2 f6 Ng4 Qd6 f3 f5 Nf2 Bf6 fxe4 Be5 h3 Bd4 e5 Qxe5 Kh1 Bd7 Nd3 Ba4 Qxa4 Qxe2 Rf3 Rae8 Bf4 h6 Bd6 Rf6 Nf4 Qe4 Ne6 Rexe6 dxe6 Qxe6 Bg3 Bxb2 Re1 Qf7 Bh4 Re6 Rxe6 Qxe6 Qc2 Bd4 Qxf5 Qxc4 Kh2 Qe2 Bg3 Qd1 Rf1 Qb3 Qe4 Qb5 Qe6+ Kh7 Qf5+ Kg8 Qc8+ Kh7 Rf8
FIDE WCh KO,Moscow RUS,2001.12.06,5.1,"Ponomariov,R","Bareev,E",1/2-1/2,C10,e4 e6 d4 d5 Nc3 Nf6 Bg5 dxe4 Nxe4 Nbd7 Nf3 h6 Nxf6+ Nxf6 Bh4 c5 Bc4 cxd4 O-O Be7 Nxd4 O-O Re1 Qb6 Bb3 a5 a4 Rd8 c3 Nd5 Bg3 Bf6 Re2 Ne7 Rd2 Bd7 Bc4 Rac8 Nb5 Bxb5 Bxb5 Nf5 Qe2 Rxd2 Qxd2 Rd8 Qe2 Nxg3 hxg3 Qd6 Re1 b6 g4 Qd2 g3 Qxe2
FIDE WCh KO,Moscow RUS,2001.12.06,5.1,"Lautier,J","Ivanchuk,V",1/2-1/2,E15,d4 Nf6 c4 e6 Nf3 b6 g3 Ba6 Qa4 Be7 Nc3 Bb7 Bg2 Ne4 Nxe4 Bxe4 O-O O-O Ne1 Bxg2 Nxg2 c5 d5 exd5 cxd5 d6 Ne3 Qd7 Qc2 Na6 Bd2 Nc7 Nf5 Bf6 e4 Nb5 a4 Nd4 Nxd4 Bxd4 Bc3
FIDE WCh KO,Moscow RUS,2001.12.06,5.1,"Gelfand,B","Svidler,P",1/2-1/2,E05,Nf3 Nf6 c4 e6 d4 d5 g3 Be7 Bg2 O-O O-O dxc4 Qc2 a6 Qxc4 b5 Qc2 Bb7 Bd2 Be4 Qc1 Bb7 Bf4 Bd6 Nbd2 Nbd7 Nb3 Rc8 Nc5 Nxc5 dxc5 Bxf4 Qxf4 Qe7 Rac1 Bd5 Ne5 Bxg2 Kxg2 c6 Rfd1 Nd5 Qd2 Qc7 Nd3
FIDE WCh KO,Moscow RUS,2001.12.07,5.2,"Bareev,E","Ponomariov,R",1/2-1/2,D27,d4 d5 Nf3 Nf6 c4 dxc4 e3 e6 Bxc4 a6 O-O c5 dxc5 Bxc5 Bd3 Nc6 a3 Bd6 Qe2 O-O Nbd2 b5 b4 Ne5 Nxe5 Bxe5 Ra2 Bb7 e4 Bd6 Nf3 e5 Rd1 Qe7 Nh4 g6 Bg5 Qe6 Rad2 Be7 Bb1 Rfd8 Rxd8+ Rxd8 Rxd8+ Bxd8 Nf3 Bb6 Ba2 Qd6 Bxf6 Qxf6 g3 Bc8 Kg2 Bg4 h3
FIDE WCh KO,Moscow RUS,2001.12.07,5.6,"Gelfand,B","Svidler,P",1/2-1/2,E05,Nf3 Nf6 c4 e6 d4 d5 g3 Be7 Bg2 O-O O-O dxc4 Qc2 a6 a4 Bd7 Qxc4 Bc6 Bg5 a5 Nc3 Na6 Bxf6 Bxf6 e4 Nb4 Rfd1 g6 Rac1 Bg7 d5 exd5 exd5 Bd7 Nd4 Qc8 b3 c6 d6 Bg4 Rd2 Qd7 Ne4 Nd5 Nc5 Qxd6 Nxb7 Qb4 Qxb4 Nxb4 Nxc6 Nxc6 Bxc6 Rfc8 Nd6 Rc7 Nb5 Rcc8 Rc4 Rab8 Bd5 Rxc4 bxc4 Bf8 Kg2 h5 Rd4 Kg7 Rf4 f6 Rd4 Bc5 Rd2 Bb4 Rd3 Re8 Nd4 Be2 Re3 Rxe3 fxe3 Bd1 c5 Bxa4 c6 Bd6 c7 Bxc7 Ne6+ Kf7 Nxc7+ Ke7 Ba2 Kd6 Ne6 Be8 Nd4 a4 Kf3 Ke5 Ke2 Bd7 Nf3+ Kd6 Nd4 g5 Kd3 Ke5 h4 gxh4 gxh4 a3 Ke2 f5 Nf3+ Kf6 Nd2 Be6 Nc4 Bf7 Kf3 Bd5+ Kf4 Bf7 Kf3 Bd5+ Ke2 Bf7 Bb3 Be6 Ba2 Bf7 Kf2 Be6 Kg3 Bf7 Kf4 Be6 Nxa3 Bxa2 Nb5 Be6 Nd6 Bd7 Nb7 Be6 Nd6 Bd7 Nc4 Bb5 Ne5 Ke6 Nf3 Kf6 Nd4 Bd7 Ne2 Be8 Nd4 Bd7 Nf3 Bc6 Ne5 Bb5 Nf3 Bc6 e4 Bd7 Nd4 Bc6 Nb5 Bd5 Nd4 Kf7 Ne6 Kf6 Kf3 Bb3 Kf2 Bxe6 Kg3 Bf7 Kf4 Be6
FIDE WCh KO,Moscow RUS,2001.12.07,5.6,"Lautier,J","Ivanchuk,V",1/2-1/2,E15,d4 Nf6 c4 e6 Nf3 b6 g3 Ba6 Qb3 Nc6 Nbd2 Be7 e4 O-O e5 Ne8 d5 exd5 cxd5 Bxf1 Kxf1 Na5 Qd3 d6 b4 Nb7 Qa6 Qc8 a3 c6 dxc6 Qxc6 Bb2 Nc7 Qe2 Ne6 Rc1 Qd5 Rd1 Rfd8 Ne4 Qc6 Kg2 d5 Ned2 a5 Rc1 Qa4 Nd4 axb4 Nxe6 fxe6 Qg4 Qd7 axb4 Ra4 Bc3 d4 Bb2 Rxb4 Ba3 Rb5 Bxe7 Qxe7 Nf3 Nc5 Rc4 d3 Rd1 Rb2 Kg1 Rf8 Rd2 Rxd2 Nxd2 Qa7 Qd4 Qa2 Qc3 h6 Rb4 Qc2 Qxc2 dxc2 Rc4 Rxf2 Kxf2
FIDE WCh KO,Moscow RUS,2001.12.07,5.5,"Ivanchuk,V","Lautier,J",1-0,E15,d4 Nf6 c4 e6 Nf3 b6 g3 Ba6 b3 Bb4+ Bd2 Be7 Nc3 O-O Qc2 d5 cxd5 exd5 Bh3 c5 O-O Nc6 Be3 Re8 Rfd1 h6 Rac1 c4 Ne5 Na5 bxc4 Nxc4 Qa4 Nxe3 fxe3 Bb7 Nb5 Bd6 Nd7 Qe7 Rd3 Nxd7 Nxd6 Qxd6 Qxd7 Qxd7 Bxd7 Re7 Bb5 Rd8 Rdc3 Rd6 Rc7 Rde6 Bd7 Rd6 Bf5 Rxc7 Rxc7 g6 Bd3 Bc6 Rxa7 Bd7 Kf2 Kg7 Ke1 Bh3 Kd2 Rf6 Rb7 h5 a4 g5 e4 dxe4 Bxe4 h4 gxh4 gxh4 Bf3 Kg6 Ke3 Bf5 Rc7 Re6+ Kd2 Be4 Bxe4+ Rxe4 Kd3 Rg4 Rc6+ Kg5 Rxb6 Rg2 a5 Rxh2 a6 Rh3+ e3 Rh2 Rb5+
FIDE WCh KO,Moscow RUS,2001.12.07,5.4,"Ponomariov,R","Bareev,E",1-0,B06,e4 g6 d4 Bg7 Nc3 d6 f4 a6 Nf3 b5 Bd3 Nd7 e5 e6 O-O Ne7 Qe1 Bb7 a4 b4 Ne4 d5 Nc5 Nxc5 dxc5 a5 Be3 O-O Nd4 Qd7 Qh4 f6 Qh3 Nf5 Nxf5 exf5 Bd4 fxe5 fxe5 Rae8 Qg3 Re6 Rfe1 Qe7 c3 bxc3 bxc3 f4 Qg4 Bxe5 Qxe6+ Qxe6 Rxe5 Qg4 Re7 Rf7 Re8+ Rf8 Re7 Rb8 Rf1 Bc6 g3 g5 Rg7+ Kf8 Rxf4+
FIDE WCh KO,Moscow RUS,2001.12.07,5.2,"Svidler,P","Gelfand,B",1/2-1/2,C10,e4 e6 d4 d5 Nc3 dxe4 Nxe4 Nd7 g3 Ngf6 Nxf6+ Nxf6 Nf3 b6 Bg2 Bb7 O-O Be7 Qe2 O-O Rd1 Qc8 c4 Re8 b3 c5 Bb2 cxd4 Rxd4 Qc7 Qe5 Rac8 Rad1 Bc6 Qxc7 Rxc7 Ne5 Bxg2 Kxg2 Rec8
FIDE WCh KO,Moscow RUS,2001.12.07,5.5,"Svidler,P","Gelfand,B",1-0,C02,e4 e6 d4 d5 e5 c5 c3 Qb6 Nf3 Bd7 a3 Bb5 c4 dxc4 Nc3 cxd4 Nxb5 Qxb5 Qxd4 Nc6 Qf4 Qa5+ Bd2 Bb4 Bxc4 Bxd2+ Qxd2 Qc5 Qc3 Nge7 b4 Qb6 O-O O-O Rad1 Rad8 Bd3 h6 h4 Rd5 Be4 Rxd1 Rxd1 Rd8 Rd6 Rc8 Qd3 a6 h5 Rd8 Nh2 Nc8 Rd7 N8e7 Ng4 Rxd7 Qxd7 Qd8 Qxb7 Nxe5 Ne3 f5 Bc2 Qd6 Bb3 f4 Nc4 Nxc4 Bxc4 Qd1+ Bf1 Nf5 Qxa6 Nd4 Qd3 Qa1 b5 e5 b6 f3 gxf3 Qb2 Qc4+ Kf8 Qc5+ Kf7 Bc4+ Kf6 Qf8+ Kg5 Qxg7+ Kf5 Bd3+ Ke6 Bc4+ Kf5 Qg6+
FIDE WCh KO,Moscow RUS,2001.12.07,5.4,"Ivanchuk,V","Lautier,J",1/2-1/2,E15,d4 Nf6 c4 e6 Nf3 b6 g3 Ba6 Qa4 Bb7 Bg2 c5 dxc5 Bxc5 O-O O-O Nc3 Ne4 Nxe4 Bxe4 Bg5 Be7 Bxe7 Qxe7 Rfd1 Rc8 Rac1 Nc6 Rd2 a6 Qd1 d5 cxd5 Bxd5 Ne1 Bxg2 Nxg2 Ne5 Ne3 h6 Rxc8+ Rxc8 Rd6 Qc7 h4 Qc5 a3 a5 Qd2 Kh7 Rd4 b5 Nd1 Nc4 Qd3+ Kg8 Rd8+
FIDE WCh KO,Moscow RUS,2001.12.07,5.2,"Shirov,A","Anand,V",1/2-1/2,C10,e4 e6 d4 d5 Nc3 dxe4 Nxe4 Nd7 Nf3 Ngf6 Bd3 c5 O-O cxd4 Nxd4 Nxe4 Bxe4 Nf6 Bf3 Be7 Nb5 O-O Bf4 Bd7 c4 Bc6 Qe2 Bxf3 Qxf3 Qb6 Rad1 a6 Bc7 Qc5 Bd6 Bxd6 Nxd6 b5 Qe3 Qxe3 fxe3 bxc4 Nxc4 h6 Rd4 Rfb8 Rfd1 a5 Kf2 Kh7 R1d2 a4 Kf3 Ra7 e4 Rb4 Nd6 Rb8 Nc4 Rb4 Nd6 Rb8 Rc4
FIDE WCh KO,Moscow RUS,2001.12.07,5.4,"Svidler,P","Gelfand,B",1/2-1/2,C02,e4 e6 d4 d5 e5 c5 c3 Qb6 Nf3 Bd7 a3 Bb5 c4 dxc4 Nc3 cxd4 Nxb5 Qxb5 Qxd4 Nc6 Qxc4 Qxc4 Bxc4 Bc5 b4 Bb6 Bb2 Nge7 O-O O-O Rfd1 Rfd8 Bd3 h6 Be4 Nd5 g3 Rd7 Rd3 Rad8 Rad1 Nce7 h4 Rc8 h5 Rdc7 R3d2 a5 bxa5 Bxa5 Re2 Bc3 Kg2 b6 Nd4 Bxb2 Rxb2 Nc3 Re1 Rc4 Rd2 Ra4 Bf3 Rxa3 Rb2 Ncd5 Nb5 Ra5 Nd6 Rc3 Ne4 Rc7 Nd6 Rc3 Ne4
FIDE WCh KO,Moscow RUS,2001.12.07,5.2,"Ivanchuk,V","Lautier,J",1/2-1/2,E15,d4 Nf6 c4 e6 Nf3 b6 g3 Ba6 Qa4 Bb7 Bg2 c5 dxc5 Bxc5 O-O O-O Nc3 Be7 Rd1 a6 Bf4 d6 Rac1 Qc7 Qb4 Ne8 Bg5 Nf6 Bxf6 gxf6 Nd5 exd5 cxd5 Qd8 Nd4 Kh8 Nc6 Qc7 Nd4 Qd8 Nc6 Qc7 Nd4
FIDE WCh KO,Moscow RUS,2001.12.07,5.3,"Lautier,J","Ivanchuk,V",1/2-1/2,E16,d4 Nf6 c4 e6 Nf3 Bb4+ Bd2 c5 Bxb4 cxb4 g3 b6 Bg2 Bb7 O-O O-O Qd3 d6 Nbd2 Re8 Rfd1 Nbd7 Qb3 a5 a3 bxa3 bxa3 Qc7 Rab1 Rac8 e3 Ne4 Rb2 h6 Nxe4 Bxe4 Nd2 Bxg2 Kxg2 e5 Qd3 Qc6+ Kg1 d5 cxd5 Qxd5 Qb5 Qxb5 Rxb5 exd4 Nf3 Rc3 Rxd4 Nc5 Rxb6
FIDE WCh KO,Moscow RUS,2001.12.07,5.3,"Bareev,E","Ponomariov,R",0-1,D27,d4 d5 Nf3 Nf6 c4 dxc4 e3 e6 Bxc4 a6 O-O c5 dxc5 Bxc5 Qxd8+ Kxd8 Be2 Ke7 Nbd2 Rd8 Ne5 b5 a4 Bd6 Nef3 bxa4 Nc4 Bc7 Nfe5 Bb7 Rxa4 Nc6 Nd3 Nd7 b3 Nb6 Ba3+ Ke8 Nc5 Nxa4 Nxb7 Nc3 Bf3 Rd5 Ncd6+ Bxd6 Nxd6+ Kd7 Bxd5 exd5 Nxf7 Rb8 Ra1 Rxb3 Bf8 Ke8 Ne5 Nxe5 Bxg7 Nc4 Kf1 a5 g4 Kf7 Bh8 Ne4 Ke2 Ke6 Bd4 Nc3+ Ke1 Nb5 Bh8 d4 exd4 Kd5 Ke2 a4
FIDE WCh KO,Moscow RUS,2001.12.07,5.3,"Gelfand,B","Svidler,P",1/2-1/2,E05,Nf3 Nf6 c4 e6 d4 d5 g3 Be7 Bg2 O-O O-O dxc4 Qc2 a6 a4 Bd7 Qxc4 Bc6 Bg5 Bd5 Qd3 Be4 Qe3 Nbd7 Nc3 Bc6 Qd3 h6 Bxf6 Nxf6 e4 b6 Rfd1 Bb7 d5 Bc5 Ne5 exd5 Nxd5 Nxd5 exd5 Qf6 Nd7 Qxf2+ Kh1 Rfd8 Rf1 Qe3 Qf5 Qe7 Nxc5 bxc5 Rae1 Qd7 Qxd7 Rxd7 Rc1 Bxd5 Rxc5 Bxg2+ Kxg2 Rd2+ Rf2 Rxf2+ Kxf2 Rb8 Rc2 Rb4 Ke3 Rxa4 Rxc7 Rb4 Rc2 a5 Kd2 a4 Rc8+ Kh7 Kc3 Rb3+ Kc2 Rf3 Ra8 Rf2+ Kc3 Rxh2 Rxa4 Rh3 b4 Rxg3+ Kc4 h5 Ra1 h4 b5 Re3 b6 Re8 b7 Rb8 Rb1 g5 Kd5 h3 Ke4 h2 Kf5 Rxb7 Rh1 Rb2 Kxg5 Kg7 Kg4 Kg6 Kg3 Kg5 Rf1 f5 Kh3 Rf2 Ra1 Re2 Rh1 Kf4 Rf1+ Ke4 Kg3 Ke5 Ra1 f4+ Kf3 Ra2 Rh1 Rb2 Kg4 Rf2 Kh3 Ke4 Re1+ Kd3 Ra1 Rd2 Ra3+ Kc2 Ra2+ Kb1 Rxd2 h1=Q+ Kg4 Kc1 Rd3 Qe4 Rf3 Kd2 Rxf4 Qg6+ Kf3 Kd3 Kf2 Qg5 Kf3 Qg1 Rf5 Qe3+ Kg4 Ke4 Rf8 Qg1+ Kh5 Qg7 Rf1 Qe5+ Kg4 Qe6+ Kg5 Qg8+ Kh4 Qg6 Kh3 Ke3 Kh4 Qh7+ Kg3 Qg8+ Kh3 Qg5 Kh2 Ke2 Rg1 Qf4+ Kh3 Qh6+ Kg3 Qe3+ Kh2 Kf2 Rg2+ Kf1 Rg4 Qe5+ Kh3 Kf2 Kh4 Kf3 Rg6 Qe7+ Kh5 Kf4 Kh6 Qh4+ Kg7 Kf5 Rh6 Qe7+ Kg8 Kg5 Rh7 Qe8+ Kg7 Qe5+ Kf7 Qd5+ Kg7 Qd6 Kg8 Kg6 Rg7+ Kf6 Rf7+ Ke6 Kg7 Qg3+ Kf8 Qh4 Kg8 Qg5+ Rg7 Qd8+ Kh7 Qh4+ Kg8 Qh5 Ra7 Qg6+ Kh8 Qf6+ Rg7 Qh6+ Kg8 Qh2 Rg6+ Ke7 Rg7+ Ke8 Rg6 Qh5 Kg7 Ke7
FIDE WCh KO,Moscow RUS,2001.12.08,6.1,"Svidler,P","Ponomariov,R",1/2-1/2,C42,e4 e5 Nf3 Nf6 Nxe5 d6 Nf3 Nxe4 d4 d5 Bd3 Nc6 O-O Be7 c4 Nb4 Be2 O-O Nc3 Bf5 a3 Nxc3 bxc3 Nc6 Re1 Be6 cxd5 Bxd5 Be3 Na5 Ne5 Bd6 c4 Be6 Qc2 c5 Bd3 h6 Rad1 Qc7 Qc3 Rfd8 h3 Bxe5 dxe5 Rd7 Bf1 b6 Bf4 Rad8 Rd6 Nb7 Qg3 Kf8 Qd3 Kg8 Qg3 Kh8 Rxd7 Rxd7 Qe3 Qd8 Bxh6 Rd1 Bf4 Na5 Rxd1 Qxd1 Qd2
FIDE WCh KO,Moscow RUS,2001.12.08,6.1,"Ivanchuk,V","Anand,V",1/2-1/2,C10,e4 e6 d4 d5 Nd2 dxe4 Nxe4 Nd7 Nf3 Ngf6 Nxf6+ Nxf6 Bc4 a6 Bg5 h6 Bh4 c5 Bb3 b5 c3 Bb7 O-O Be7 dxc5 Qxd1 Rfxd1 Bxc5 Ne5 g5 Bg3 O-O Nd3 Be7 Be5 Rfc8 Bd4 Nd7 f3 Bf6 Bxf6 Nxf6 a4 Bd5 Bc2 Bc4 a5 Nd5 Ne5 Ne3 Be4 Nxd1 Bxa8 Nxb2 Bb7 Rc7 Bxa6 Ra7 Bc8 Bd5 a6 Kf8 Ra5 Nc4 Nxc4 Bxc4 Kf2 Ke7 Ke3 Bd5 Rxb5 Rc7 Bb7 Rxc3+ Kd4 Rc4+ Kd3 Ra4 Kc3 Kd6 Bxd5 exd5 Rb6+ Ke5 Kb3 Ra1
FIDE WCh KO,Moscow RUS,2001.12.10,6.2,"Ponomariov,R","Svidler,P",1/2-1/2,B80,e4 c5 Nf3 d6 d4 cxd4 Nxd4 Nf6 Nc3 a6 f3 e6 Be3 b5 g4 Nfd7 Qd2 Nb6 O-O-O N8d7 Bg5 Qc7 Ndxb5 axb5 Nxb5 Qc6 Nxd6+ Bxd6 Qxd6 Qxd6 Rxd6 Ba6 Bxa6 Rxa6 a3 h5 gxh5 Ra5 h4 Nc4 Rc6 Rc5 Rxc5 Nxc5 b3 Nxa3 h6 gxh6 Be3 Nb7 Kb2 Nb5 e5 Rg8 Bxh6 Nd4 h5 Rg2 Kc3 Nxf3 Bf4 Kf8 Rf1 Ng5 Kb4 Ne4 c4 Nbc5 Rf3 Ra2 h6 Kg8 Bc1 Ra7 Kb5 Nxb3 Kb6 Ra8 Be3 Rb8+ Kc7 Rb4 Kd8 Rxc4 Rf4 Na5 Rg4+ Kh8 Ke7 Nc6+ Kf8
FIDE WCh KO,Moscow RUS,2001.12.10,6.2,"Anand,V","Ivanchuk,V",1/2-1/2,B30,e4 c5 Nf3 Nc6 Nc3 Nf6 Bb5 Qc7 O-O Nd4 d3 a6 Bc4 e6 Nxd4 cxd4 Ne2 Nxe4 dxe4 Qxc4 Nxd4 e5 Nf5 Qxe4 Nd6+ Bxd6 Qxd6 f6 f4 b5 Bd2 Bb7 Rf2 Qc6 Qxc6
FIDE WCh KO,Moscow RUS,2001.12.11,6.3,"Svidler,P","Ponomariov,R",0-1,C43,e4 e5 Nf3 Nf6 d4 Nxe4 Bd3 d5 Nxe5 Nd7 Nxd7 Bxd7 O-O Bd6 c4 c6 cxd5 cxd5 Nc3 Nxc3 bxc3 O-O Qh5 f5 Re1 Qc7 Bd2 Rae8 Bc2 g6 Qf3 Re4 g3 Bb5 Bf4 Bxf4 gxf4 Qd6 Bxe4 fxe4 Qg3 Rxf4 Rab1 Bd7 f3 b6 Re3 Qf6 Rf1 Bg4 Qxg4 Rxg4+ fxg4 Qg5 Rg3 b5 Rf2 Kg7 Kg2 a5 Rb2 b4 cxb4 axb4 h3 Qc1 Rgb3 Kh6 Rxb4 Qd1 Kf2 Kg5 Re2 Kf4 Rb3 Qxd4+ Kg2 Qc4 Rf2+ Kg5 Rf7 d4 h4+ Kxh4 Rxh7+ Kxg4 Rg3+ Kf5
FIDE WCh KO,Moscow RUS,2001.12.11,6.3,"Ivanchuk,V","Anand,V",1/2-1/2,C10,e4 e6 d4 d5 Nd2 dxe4 Nxe4 Nd7 Nf3 Ngf6 Nxf6+ Nxf6 Bd3 c5 dxc5 Bxc5 Qe2 O-O Bd2 e5 O-O-O e4 Bxe4 Qe7 Rhe1 Qe6 a3 Nxe4 Qxe4 Bxf2 Re2 Qxe4 Rxe4 Be6 Be3 Bf5 Re7 Bxe3+ Rxe3 Rfe8 Rde1 Rxe3 Rxe3 Kf8 Nd4 Bd7 Kd2 f6 c4 Rc8 Kd3 Kf7 g3
FIDE WCh KO,Moscow RUS,2001.12.13,6.4,"Anand,V","Ivanchuk,V",0-1,B30,e4 c5 Nf3 Nc6 Nc3 e5 Bc4 d6 d3 Be7 Nd2 Nf6 Nf1 Nd7 Nd5 Nb6 Nxb6 axb6 c3 O-O Ne3 Bg5 O-O Kh8 Bd2 Bxe3 fxe3 Qe7 Bd5 Be6 Qb3 Na5 Qc2 Qc7 h3 h6 c4 Nc6 Qd1 Bxd5 exd5 Ne7 a4 f5 Bc3 Rf7 Qb3 Ng6 Rf2 Raf8 Raf1 f4 Bd2 f3 Rxf3 Rxf3 gxf3 Qc8 Kh2 Rf5 f4 Rh5 f5 Rxf5 Qd1 Qf8 Rxf5 Qxf5 Qe2 e4 Qg4 Qxg4 hxg4 Ne5 Kg3 exd3 b3 g6 e4 h5 gxh5 gxh5 Kf2 h4
FIDE WCh KO,Moscow RUS,2001.12.13,6.4,"Ponomariov,R","Svidler,P",1/2-1/2,B22,e4 c5 Nf3 e6 c3 Nf6 e5 Nd5 Bc4 d6 d4 cxd4 cxd4 Nc6 O-O Be7 Qe2 O-O Qe4 Qa5 Nbd2 Bd7 Bb3 Qa6 Qg4 Rfd8 Ne4 Nxd4 Nxd4 dxe5 Bh6 Bf8 Nc5 Qb6 Nxd7 Qxd4
FIDE WCh KO Final,Moscow RUS,2002.01.16,7.1,"Ponomariov,R","Ivanchuk,V",1-0,C11,e4 e6 d4 d5 Nc3 Nf6 Bg5 dxe4 Nxe4 Be7 Bxf6 Bxf6 Nf3 O-O Qd2 Be7 O-O-O Qd5 Nc3 Qa5 a3 Nd7 Kb1 Qb6 Qe3 Nf6 Ne5 Rd8 Bc4 Bd7 Bb3 Be8 Rhe1 Bf8 g4 Nd5 Qf3 c6 Ne4 Qc7 c4 Ne7 Ng5 Nc8 c5
FIDE WCh KO Final,Moscow RUS,2002.01.17,7.2,"Ivanchuk,V","Ponomariov,R",1/2-1/2,D20,d4 d5 c4 dxc4 e4 Nf6 e5 Nd5 Bxc4 Nb6 Bd3 Nc6 Ne2 Bg4 f3 Be6 Nbc3 Bc4 Bxc4 Nxc4 O-O e6 a3 Qd7 Kh1 Be7 Qb3 Nb6 Be3 O-O Rac1 a5 Rfd1 a4 Qc2 Rfd8 Nf4 Ra5 Qe4 g6 Qc2 Qe8 Qe2 Rd7 Rc2 Nd5 Ncxd5 exd5 Rdc1 f6 Nd3 fxe5 dxe5 d4 Bh6 g5 Rxc6 bxc6 Rxc6 Bd6 f4 Rf7 Rc1 Rxf4 Nxf4 Rxe5 Qc4+ Qf7 Nd3 Rf5 Qxf7+ Kxf7 h4 gxh4 Kg1 Ke6 Rc4 h3 gxh3 Kd5 Rxa4 Ke4 Nf2+ Kf3 Rxd4 Bc5 Rd2 Rf6 Bg5 Rg6 Kf1 Rxg5 Rd3+ Kf4 Rc3 Bb6 b4 Rd5 Rd3 Rf5 Nd1 c5 Nc3 cxb4 axb4 Ke5+ Ke1 Rf4 Rd5+ Ke6 Rb5 Bc7 Nd5 Re4+ Kf2 Bd6
FIDE WCh KO Final,Moscow RUS,2002.01.18,7.3,"Ponomariov,R","Ivanchuk,V",1/2-1/2,B47,e4 c5 Nf3 e6 d4 cxd4 Nxd4 Nc6 Nc3 Qc7 g3 a6 Bg2 d6 O-O Bd7 Nxc6 Bxc6 Re1 Be7 Qg4 h5 Qe2 h4 a4 hxg3 hxg3 Rc8 a5 Kf8 Be3 Nf6 Bb6 Qb8 Bf3 Nd7 Bd4 Bf6 Bxf6 gxf6 Bg2 Ne5 f4 Qa7+ Kf1 Ng6 Qf2 Qxf2+ Kxf2 Rh5 Rh1 Rc5 Rh7 Ke7 Bf1 Nf8 Rh8 Bb5 Bd3 Bxd3 cxd3 Nd7 Rxc8 Rxc8 d4 Rc4 Ra4 Rxa4 Nxa4 f5 exf5 exf5 Nc3 Nf6 d5 Nd7 b4 Nf6 Ke3 Kd7 Kd4 Nh5 Ne2 Nf6 Kc4 Ne4 b5 axb5+ Kxb5 Kc7 Kc4 Kb8 Kb4
FIDE WCh KO Final,Moscow RUS,2002.01.19,7.4,"Ivanchuk,V","Ponomariov,R",1/2-1/2,D20,d4 d5 c4 dxc4 e4 Nf6 e5 Nd5 Bxc4 Nb6 Bb3 Nc6 Ne2 Bf5 Nbc3 e6 O-O Qd7 Be3 O-O-O Qc1 Nb4 Rd1 Kb8 Nf4 c6 Qd2 h5 Qe2 h4 Rac1 Be7 a3 N4d5 Nd3 f6 Bd2 Bxd3 Qxd3 f5 Ne2 g5 Bc2 g4 b4 Rdf8 Rf1 Qd8 f4 gxf3 gxf3 Rfg8+ Kh1 h3 f4 Rg2 Rf3 Qg8 Rg3 Rxg3 hxg3 h2 Rf1 Qg4 Rf2 Qh5 Bb3 Nc7 Qf3 Qh3 Rg2 Nbd5 Qf2 Nb5 Bxd5 cxd5 a4 Na3 Rxh2 Qxh2+ Qxh2 Rxh2+ Kxh2 Nc4 Bc3 Kc7 Kh3 b5 axb5 Kb6 Be1 Ne3 Bd2 Nc4 Be1 Ne3 Bd2 Nc4 Be1 Ne3
FIDE WCh KO Final,Moscow RUS,2002.01.21,7.5,"Ponomariov,R","Ivanchuk,V",1-0,C88,e4 e5 Nf3 Nc6 Bb5 a6 Ba4 Nf6 O-O Be7 Re1 b5 Bb3 O-O h3 Bb7 d3 d6 a3 Nb8 Nbd2 Nbd7 Nf1 Re8 Ng3 c6 Nh2 d5 Qf3 g6 Ba2 Bf8 Bg5 h6 Bd2 Bg7 Ng4 Nxg4 hxg4 Nc5 Rad1 Rc8 Nf1 Ne6 Qg3 Kh7 Nh2 f6 Nf3 c5 Qh2 Nd4 Nxd4 cxd4 c3 dxc3 bxc3 dxe4 dxe4 Qe7 a4 bxa4 Qh3 Red8 Qf3 Rc7 Bc1 Rcd7 Bb1 Qe6 Rxd7 Rxd7 Bc2 Bc6 Rd1 Qa2 Rxd7 Bxd7 Qd1 Bb5 Be3 Qc4 Kh2 Bc6 Qa1 Bf8 Bb1 a3 f3 Qb3 Qa2 Ba4 Kg3 Kg7 Qd2 g5 Ba2 Qb7 Qd3 Be8 Qd5 Qxd5 exd5 a5 c4 Bb4 c5 Kf8 Kf2 Bb5 c6 Ke7 Ba7 Kd8 Bb6+ Kc8 Ke3 a4 Ke4 Be2 Kf5 e4 Ke6 exf3 d6 Bxd6 Kxd6
FIDE WCh KO Final,Moscow RUS,2002.01.22,7.6,"Ivanchuk,V","Ponomariov,R",1/2-1/2,C42,e4 e5 Nf3 Nf6 Nxe5 d6 Nf3 Nxe4 d4 d5 Bd3 Nc6 O-O Be7 c4 Nb4 Be2 O-O Nc3 Be6 Ne5 f6 Nf3 Kh8 h3 f5 a3 Nc6 Nxd5 Bxd5 cxd5 Qxd5 Qa4 Bf6 Rd1 Rad8 Be3 f4 Bxf4 Nxd4 Nxd4 Bxd4 Be3 c5 Bxd4 cxd4 f3 d3 Qxe4 Qxe4 fxe4 dxe2 Rd5
FIDE WCh KO Final,Moscow RUS,2002.01.23,7.7,"Ponomariov,R","Ivanchuk,V",1/2-1/2,B04,e4 Nf6 e5 Nd5 d4 d6 Nf3 Nc6 c4 Nb6 e6 fxe6 Nc3 g6 Be3 Bg7 h4 O-O h5 e5 d5 Nd4 Nxd4 exd4 Bxd4 g5 Bxg7 Kxg7 h6+ Kg8 Qd2 e5 Rh5 g4 Qg5+ Qxg5 Rxg5+ Kh8 Rg7 Rf6 Rxc7 Rxh6 b4
